2026-02-16 15:02:57,351 - root - ERROR - Chunk 0: No Data! Returning LmfitResult with None.
2026-02-16 15:02:57,352 - root - ERROR - Chunk 1: No Data! Returning LmfitResult with None.
2026-02-16 15:02:57,353 - root - ERROR - Chunk 2: No Data! Returning LmfitResult with None.
2026-02-16 15:02:57,354 - root - ERROR - Chunk 3: No Data! Returning LmfitResult with None.
2026-02-16 15:02:57,356 - root - ERROR - Chunk 4: No Data! Returning LmfitResult with None.
2026-02-16 15:02:57,357 - root - ERROR - Chunk 5: No Data! Returning LmfitResult with None.
2026-02-16 15:02:57,358 - root - ERROR - Chunk 6: No Data! Returning LmfitResult with None.
2026-02-16 15:02:57,359 - root - ERROR - Chunk 7: No Data! Returning LmfitResult with None.
2026-02-16 15:02:57,360 - root - ERROR - Chunk 8: No Data! Returning LmfitResult with None.
2026-02-16 15:02:57,361 - root - ERROR - Chunk 9: No Data! Returning LmfitResult with None.
2026-02-16 15:02:57,362 - root - ERROR - Chunk 10: No Data! Returning LmfitResult with None.
2026-02-16 15:02:57,364 - root - ERROR - Chunk 11: No Data! Returning LmfitResult with None.
2026-02-16 15:02:57,365 - root - ERROR - Chunk 12: No Data! Returning LmfitResult with None.
2026-02-16 15:02:57,366 - root - ERROR - Chunk 13: No Data! Returning LmfitResult with None.
2026-02-16 15:02:57,367 - root - ERROR - Chunk 14: No Data! Returning LmfitResult with None.
2026-02-16 15:02:57,368 - root - ERROR - Chunk 15: No Data! Returning LmfitResult with None.
2026-02-16 15:02:57,370 - root - ERROR - Chunk 16: No Data! Returning LmfitResult with None.
2026-02-16 15:02:57,371 - root - ERROR - Chunk 17: No Data! Returning LmfitResult with None.
2026-02-16 15:02:57,395 - root - ERROR - Chunk 18: No Data! Returning LmfitResult with None.
2026-02-16 15:02:57,409 - root - ERROR - Chunk 19: No Data! Returning LmfitResult with None.
2026-02-16 15:02:57,415 - root - ERROR - Chunk 20: No Data! Returning LmfitResult with None.
2026-02-16 15:02:57,417 - root - ERROR - Chunk 21: No Data! Returning LmfitResult with None.
2026-02-16 15:02:57,419 - root - ERROR - Chunk 22: No Data! Returning LmfitResult with None.
2026-02-16 15:02:57,421 - root - ERROR - Chunk 23: No Data! Returning LmfitResult with None.
2026-02-16 15:02:57,422 - root - ERROR - Chunk 24: No Data! Returning LmfitResult with None.
2026-02-16 15:02:57,423 - root - ERROR - Chunk 25: No Data! Returning LmfitResult with None.
2026-02-16 15:02:57,425 - root - ERROR - Chunk 26: No Data! Returning LmfitResult with None.
2026-02-16 15:02:57,426 - root - ERROR - Chunk 27: No Data! Returning LmfitResult with None.
2026-02-16 15:02:57,427 - root - ERROR - Chunk 28: No Data! Returning LmfitResult with None.
2026-02-16 15:02:57,428 - root - ERROR - Chunk 29: No Data! Returning LmfitResult with None.
2026-02-16 15:02:57,429 - root - ERROR - Chunk 30: No Data! Returning LmfitResult with None.
2026-02-16 15:02:57,441 - root - ERROR - Chunk 31: No Data! Returning LmfitResult with None.
2026-02-16 15:02:57,446 - root - ERROR - Chunk 32: No Data! Returning LmfitResult with None.
2026-02-16 15:02:57,447 - root - ERROR - Chunk 33: No Data! Returning LmfitResult with None.
2026-02-16 15:02:57,448 - root - ERROR - Chunk 34: No Data! Returning LmfitResult with None.
2026-02-16 15:02:57,450 - root - ERROR - Chunk 35: No Data! Returning LmfitResult with None.
2026-02-16 15:02:57,451 - root - ERROR - Chunk 36: No Data! Returning LmfitResult with None.
2026-02-16 15:02:57,452 - root - ERROR - Chunk 37: No Data! Returning LmfitResult with None.
2026-02-16 15:02:57,454 - root - ERROR - Chunk 38: No Data! Returning LmfitResult with None.
2026-02-16 15:02:57,455 - root - ERROR - Chunk 39: No Data! Returning LmfitResult with None.
2026-02-16 15:02:57,456 - root - ERROR - Chunk 40: No Data! Returning LmfitResult with None.
2026-02-16 15:02:57,457 - root - ERROR - Chunk 41: No Data! Returning LmfitResult with None.
2026-02-16 15:02:57,459 - root - ERROR - Chunk 42: No Data! Returning LmfitResult with None.
2026-02-16 15:02:57,460 - root - ERROR - Chunk 43: No Data! Returning LmfitResult with None.
2026-02-16 15:02:57,461 - root - ERROR - Chunk 44: No Data! Returning LmfitResult with None.
2026-02-16 15:02:57,462 - root - ERROR - Chunk 45: No Data! Returning LmfitResult with None.
2026-02-16 15:02:57,463 - root - ERROR - Chunk 46: No Data! Returning LmfitResult with None.
2026-02-16 15:02:57,465 - root - ERROR - Chunk 47: No Data! Returning LmfitResult with None.
2026-02-16 15:02:57,466 - root - ERROR - Chunk 48: No Data! Returning LmfitResult with None.
2026-02-16 15:02:57,467 - root - ERROR - Chunk 49: No Data! Returning LmfitResult with None.
2026-02-16 15:02:57,468 - root - ERROR - Chunk 50: No Data! Returning LmfitResult with None.
2026-02-16 15:02:57,469 - root - ERROR - Chunk 51: No Data! Returning LmfitResult with None.
2026-02-16 15:02:57,471 - root - ERROR - Chunk 52: No Data! Returning LmfitResult with None.
2026-02-16 15:02:57,472 - root - ERROR - Chunk 53: No Data! Returning LmfitResult with None.
2026-02-16 15:02:57,473 - root - ERROR - Chunk 54: No Data! Returning LmfitResult with None.
2026-02-16 15:02:57,474 - root - ERROR - Chunk 55: No Data! Returning LmfitResult with None.
2026-02-16 15:02:57,476 - root - ERROR - Chunk 56: No Data! Returning LmfitResult with None.
2026-02-16 15:02:57,477 - root - ERROR - Chunk 57: No Data! Returning LmfitResult with None.
2026-02-16 15:02:57,478 - root - ERROR - Chunk 58: No Data! Returning LmfitResult with None.
2026-02-16 15:02:57,479 - root - ERROR - Chunk 59: No Data! Returning LmfitResult with None.
2026-02-16 15:02:57,480 - root - ERROR - Chunk 60: No Data! Returning LmfitResult with None.
2026-02-16 15:02:57,482 - root - ERROR - Chunk 61: No Data! Returning LmfitResult with None.
2026-02-16 15:02:57,483 - root - ERROR - Chunk 62: No Data! Returning LmfitResult with None.
2026-02-16 15:02:57,484 - root - ERROR - Chunk 63: No Data! Returning LmfitResult with None.
2026-02-16 15:02:57,486 - root - ERROR - Chunk 64: No Data! Returning LmfitResult with None.
2026-02-16 15:02:57,487 - root - ERROR - Chunk 65: No Data! Returning LmfitResult with None.
2026-02-16 15:02:57,490 - root - ERROR - Chunk 66: No Data! Returning LmfitResult with None.
2026-02-16 15:02:57,491 - root - ERROR - Chunk 67: No Data! Returning LmfitResult with None.
2026-02-16 15:02:57,493 - root - ERROR - Chunk 68: No Data! Returning LmfitResult with None.
2026-02-16 15:02:57,494 - root - ERROR - Chunk 69: No Data! Returning LmfitResult with None.
2026-02-16 15:02:57,495 - root - ERROR - Chunk 70: No Data! Returning LmfitResult with None.
2026-02-16 15:02:57,497 - root - ERROR - Chunk 71: No Data! Returning LmfitResult with None.
2026-02-16 15:02:57,499 - root - ERROR - Chunk 72: No Data! Returning LmfitResult with None.
2026-02-16 15:02:57,501 - root - ERROR - Chunk 73: No Data! Returning LmfitResult with None.
2026-02-16 15:02:57,502 - root - ERROR - Chunk 74: No Data! Returning LmfitResult with None.
2026-02-16 15:02:57,504 - root - ERROR - Chunk 75: No Data! Returning LmfitResult with None.
2026-02-16 15:02:57,505 - root - ERROR - Chunk 76: No Data! Returning LmfitResult with None.
2026-02-16 15:02:57,506 - root - ERROR - Chunk 77: No Data! Returning LmfitResult with None.
2026-02-16 15:02:57,507 - root - ERROR - Chunk 78: No Data! Returning LmfitResult with None.
2026-02-16 15:02:57,509 - root - ERROR - Chunk 79: No Data! Returning LmfitResult with None.
2026-02-16 15:02:57,512 - root - ERROR - Chunk 80: No Data! Returning LmfitResult with None.
2026-02-16 15:02:57,514 - root - ERROR - Chunk 81: No Data! Returning LmfitResult with None.
2026-02-16 15:02:57,515 - root - ERROR - Chunk 82: No Data! Returning LmfitResult with None.
2026-02-16 15:02:57,517 - root - ERROR - Chunk 83: No Data! Returning LmfitResult with None.
2026-02-16 15:02:57,518 - root - ERROR - Chunk 84: No Data! Returning LmfitResult with None.
2026-02-16 15:02:57,520 - root - ERROR - Chunk 85: No Data! Returning LmfitResult with None.
2026-02-16 15:02:57,521 - root - ERROR - Chunk 86: No Data! Returning LmfitResult with None.
2026-02-16 15:02:57,522 - root - ERROR - Chunk 87: No Data! Returning LmfitResult with None.
2026-02-16 15:02:57,524 - root - ERROR - Chunk 88: No Data! Returning LmfitResult with None.
2026-02-16 15:02:57,525 - root - ERROR - Chunk 89: No Data! Returning LmfitResult with None.
2026-02-16 15:02:57,526 - root - ERROR - Chunk 90: No Data! Returning LmfitResult with None.
2026-02-16 15:02:57,527 - root - ERROR - Chunk 91: No Data! Returning LmfitResult with None.
2026-02-16 15:02:57,529 - root - ERROR - Chunk 92: No Data! Returning LmfitResult with None.
2026-02-16 15:02:57,531 - root - ERROR - Chunk 93: No Data! Returning LmfitResult with None.
2026-02-16 15:02:57,533 - root - ERROR - Chunk 94: No Data! Returning LmfitResult with None.
2026-02-16 15:02:57,535 - root - ERROR - Chunk 95: No Data! Returning LmfitResult with None.
2026-02-16 15:02:57,536 - root - ERROR - Chunk 96: No Data! Returning LmfitResult with None.
2026-02-16 15:02:57,580 - root - ERROR - Chunk 97: No Data! Returning LmfitResult with None.
2026-02-16 15:02:57,583 - root - ERROR - Chunk 98: No Data! Returning LmfitResult with None.
2026-02-16 15:02:57,585 - root - ERROR - Chunk 99: No Data! Returning LmfitResult with None.
2026-02-16 15:02:57,586 - root - ERROR - Chunk 100: No Data! Returning LmfitResult with None.
2026-02-16 15:02:57,587 - root - ERROR - Chunk 101: No Data! Returning LmfitResult with None.
2026-02-16 15:02:57,589 - root - ERROR - Chunk 102: No Data! Returning LmfitResult with None.
2026-02-16 15:02:57,600 - root - ERROR - Chunk 103: No Data! Returning LmfitResult with None.
2026-02-16 15:02:57,603 - root - ERROR - Chunk 104: No Data! Returning LmfitResult with None.
2026-02-16 15:02:57,605 - root - ERROR - Chunk 105: No Data! Returning LmfitResult with None.
2026-02-16 15:02:57,607 - root - ERROR - Chunk 106: No Data! Returning LmfitResult with None.
2026-02-16 15:02:57,608 - root - ERROR - Chunk 107: No Data! Returning LmfitResult with None.
2026-02-16 15:02:57,610 - root - ERROR - Chunk 108: No Data! Returning LmfitResult with None.
2026-02-16 15:02:57,613 - root - ERROR - Chunk 109: No Data! Returning LmfitResult with None.
2026-02-16 15:02:57,615 - root - ERROR - Chunk 110: No Data! Returning LmfitResult with None.
2026-02-16 15:02:57,617 - root - ERROR - Chunk 111: No Data! Returning LmfitResult with None.
2026-02-16 15:02:57,618 - root - ERROR - Chunk 112: No Data! Returning LmfitResult with None.
2026-02-16 15:02:57,620 - root - ERROR - Chunk 113: No Data! Returning LmfitResult with None.
2026-02-16 15:02:57,621 - root - ERROR - Chunk 114: No Data! Returning LmfitResult with None.
2026-02-16 15:02:57,623 - root - ERROR - Chunk 115: No Data! Returning LmfitResult with None.
2026-02-16 15:02:57,624 - root - ERROR - Chunk 116: No Data! Returning LmfitResult with None.
2026-02-16 15:02:57,626 - root - ERROR - Chunk 117: No Data! Returning LmfitResult with None.
2026-02-16 15:02:57,627 - root - ERROR - Chunk 118: No Data! Returning LmfitResult with None.
2026-02-16 15:02:57,629 - root - ERROR - Chunk 119: No Data! Returning LmfitResult with None.
2026-02-16 15:02:57,630 - root - ERROR - Chunk 120: No Data! Returning LmfitResult with None.
2026-02-16 15:02:57,632 - root - ERROR - Chunk 121: No Data! Returning LmfitResult with None.
2026-02-16 15:02:57,634 - root - ERROR - Chunk 122: No Data! Returning LmfitResult with None.
2026-02-16 15:02:57,635 - root - ERROR - Chunk 123: No Data! Returning LmfitResult with None.
2026-02-16 15:02:57,637 - root - ERROR - Chunk 124: No Data! Returning LmfitResult with None.
2026-02-16 15:02:57,638 - root - ERROR - Chunk 125: No Data! Returning LmfitResult with None.
2026-02-16 15:02:57,640 - root - ERROR - Chunk 126: No Data! Returning LmfitResult with None.
2026-02-16 15:02:57,642 - root - ERROR - Chunk 127: No Data! Returning LmfitResult with None.
2026-02-16 15:02:57,643 - root - ERROR - Chunk 128: No Data! Returning LmfitResult with None.
2026-02-16 15:02:57,644 - root - ERROR - Chunk 129: No Data! Returning LmfitResult with None.
2026-02-16 15:02:57,646 - root - ERROR - Chunk 130: No Data! Returning LmfitResult with None.
2026-02-16 15:02:57,647 - root - ERROR - Chunk 131: No Data! Returning LmfitResult with None.
2026-02-16 15:02:57,649 - root - ERROR - Chunk 132: No Data! Returning LmfitResult with None.
2026-02-16 15:02:57,650 - root - ERROR - Chunk 133: No Data! Returning LmfitResult with None.
2026-02-16 15:02:57,652 - root - ERROR - Chunk 134: No Data! Returning LmfitResult with None.
2026-02-16 15:02:57,653 - root - ERROR - Chunk 135: No Data! Returning LmfitResult with None.
2026-02-16 15:02:57,654 - root - ERROR - Chunk 136: No Data! Returning LmfitResult with None.
2026-02-16 15:02:57,656 - root - ERROR - Chunk 137: No Data! Returning LmfitResult with None.
2026-02-16 15:02:57,657 - root - ERROR - Chunk 138: No Data! Returning LmfitResult with None.
2026-02-16 15:02:57,659 - root - ERROR - Chunk 139: No Data! Returning LmfitResult with None.
2026-02-16 15:02:57,660 - root - ERROR - Chunk 140: No Data! Returning LmfitResult with None.
2026-02-16 15:02:57,661 - root - ERROR - Chunk 141: No Data! Returning LmfitResult with None.
2026-02-16 15:02:57,662 - root - ERROR - Chunk 142: No Data! Returning LmfitResult with None.
2026-02-16 15:02:57,667 - root - ERROR - Chunk 143: No Data! Returning LmfitResult with None.
2026-02-16 15:02:57,669 - root - ERROR - Chunk 144: No Data! Returning LmfitResult with None.
2026-02-16 15:02:57,670 - root - ERROR - Chunk 145: No Data! Returning LmfitResult with None.
2026-02-16 15:02:57,671 - root - ERROR - Chunk 146: No Data! Returning LmfitResult with None.
2026-02-16 15:02:57,672 - root - ERROR - Chunk 147: No Data! Returning LmfitResult with None.
2026-02-16 15:02:57,673 - root - ERROR - Chunk 148: No Data! Returning LmfitResult with None.
2026-02-16 15:02:57,675 - root - ERROR - Chunk 149: No Data! Returning LmfitResult with None.
2026-02-16 15:02:57,676 - root - ERROR - Chunk 150: No Data! Returning LmfitResult with None.
2026-02-16 15:02:57,677 - root - ERROR - Chunk 151: No Data! Returning LmfitResult with None.
2026-02-16 15:02:57,679 - root - ERROR - Chunk 152: No Data! Returning LmfitResult with None.
2026-02-16 15:02:57,680 - root - ERROR - Chunk 153: No Data! Returning LmfitResult with None.
2026-02-16 15:02:57,681 - root - ERROR - Chunk 154: No Data! Returning LmfitResult with None.
2026-02-16 15:02:57,683 - root - ERROR - Chunk 155: No Data! Returning LmfitResult with None.
2026-02-16 15:02:57,685 - root - ERROR - Chunk 156: No Data! Returning LmfitResult with None.
2026-02-16 15:02:57,687 - root - ERROR - Chunk 157: No Data! Returning LmfitResult with None.
2026-02-16 15:02:57,688 - root - ERROR - Chunk 158: No Data! Returning LmfitResult with None.
2026-02-16 15:02:57,689 - root - ERROR - Chunk 159: No Data! Returning LmfitResult with None.
2026-02-16 15:02:57,691 - root - ERROR - Chunk 160: No Data! Returning LmfitResult with None.
2026-02-16 15:02:57,692 - root - ERROR - Chunk 161: No Data! Returning LmfitResult with None.
2026-02-16 15:02:57,693 - root - ERROR - Chunk 162: No Data! Returning LmfitResult with None.
2026-02-16 15:02:57,695 - root - ERROR - Chunk 163: No Data! Returning LmfitResult with None.
2026-02-16 15:02:57,696 - root - ERROR - Chunk 164: No Data! Returning LmfitResult with None.
2026-02-16 15:02:57,697 - root - ERROR - Chunk 165: No Data! Returning LmfitResult with None.
2026-02-16 15:02:57,699 - root - ERROR - Chunk 166: No Data! Returning LmfitResult with None.
2026-02-16 15:02:57,701 - root - ERROR - Chunk 167: No Data! Returning LmfitResult with None.
2026-02-16 15:02:57,702 - root - ERROR - Chunk 168: No Data! Returning LmfitResult with None.
2026-02-16 15:02:57,704 - root - ERROR - Chunk 169: No Data! Returning LmfitResult with None.
2026-02-16 15:02:57,705 - root - ERROR - Chunk 170: No Data! Returning LmfitResult with None.
2026-02-16 15:02:57,707 - root - ERROR - Chunk 171: No Data! Returning LmfitResult with None.
2026-02-16 15:02:57,708 - root - ERROR - Chunk 172: No Data! Returning LmfitResult with None.
2026-02-16 15:02:57,710 - root - ERROR - Chunk 173: No Data! Returning LmfitResult with None.
2026-02-16 15:02:57,711 - root - ERROR - Chunk 174: No Data! Returning LmfitResult with None.
2026-02-16 15:02:57,712 - root - ERROR - Chunk 175: No Data! Returning LmfitResult with None.
2026-02-16 15:02:57,714 - root - ERROR - Chunk 176: No Data! Returning LmfitResult with None.
2026-02-16 15:02:57,715 - root - ERROR - Chunk 177: No Data! Returning LmfitResult with None.
2026-02-16 15:02:57,716 - root - ERROR - Chunk 178: No Data! Returning LmfitResult with None.
2026-02-16 15:02:57,717 - root - ERROR - Chunk 179: No Data! Returning LmfitResult with None.
2026-02-16 15:02:57,718 - root - ERROR - Chunk 180: No Data! Returning LmfitResult with None.
2026-02-16 15:02:57,719 - root - ERROR - Chunk 181: No Data! Returning LmfitResult with None.
2026-02-16 15:02:57,720 - root - ERROR - Chunk 182: No Data! Returning LmfitResult with None.
2026-02-16 15:02:57,722 - root - ERROR - Chunk 183: No Data! Returning LmfitResult with None.
2026-02-16 15:02:57,723 - root - ERROR - Chunk 184: No Data! Returning LmfitResult with None.
2026-02-16 15:02:57,724 - root - ERROR - Chunk 185: No Data! Returning LmfitResult with None.
2026-02-16 15:02:57,725 - root - ERROR - Chunk 186: No Data! Returning LmfitResult with None.
2026-02-16 15:02:57,726 - root - ERROR - Chunk 187: No Data! Returning LmfitResult with None.
2026-02-16 15:02:57,727 - root - ERROR - Chunk 188: No Data! Returning LmfitResult with None.
2026-02-16 15:02:57,728 - root - ERROR - Chunk 189: No Data! Returning LmfitResult with None.
2026-02-16 15:02:57,729 - root - ERROR - Chunk 190: No Data! Returning LmfitResult with None.
2026-02-16 15:02:57,733 - root - ERROR - Chunk 191: No Data! Returning LmfitResult with None.
2026-02-16 15:02:57,734 - root - ERROR - Chunk 192: No Data! Returning LmfitResult with None.
2026-02-16 15:02:57,735 - root - ERROR - Chunk 193: No Data! Returning LmfitResult with None.
2026-02-16 15:02:57,737 - root - ERROR - Chunk 194: No Data! Returning LmfitResult with None.
2026-02-16 15:02:57,738 - root - ERROR - Chunk 195: No Data! Returning LmfitResult with None.
2026-02-16 15:02:57,739 - root - ERROR - Chunk 196: No Data! Returning LmfitResult with None.
2026-02-16 15:02:57,740 - root - ERROR - Chunk 197: No Data! Returning LmfitResult with None.
2026-02-16 15:02:57,742 - root - ERROR - Chunk 198: No Data! Returning LmfitResult with None.
2026-02-16 15:02:57,743 - root - ERROR - Chunk 199: No Data! Returning LmfitResult with None.
2026-02-16 15:02:57,744 - root - ERROR - Chunk 200: No Data! Returning LmfitResult with None.
2026-02-16 15:02:57,746 - root - ERROR - Chunk 201: No Data! Returning LmfitResult with None.
2026-02-16 15:02:57,748 - root - ERROR - Chunk 202: No Data! Returning LmfitResult with None.
2026-02-16 15:02:57,749 - root - ERROR - Chunk 203: No Data! Returning LmfitResult with None.
2026-02-16 15:02:57,751 - root - ERROR - Chunk 204: No Data! Returning LmfitResult with None.
2026-02-16 15:02:57,752 - root - ERROR - Chunk 205: No Data! Returning LmfitResult with None.
2026-02-16 15:02:57,753 - root - ERROR - Chunk 206: No Data! Returning LmfitResult with None.
2026-02-16 15:02:57,754 - root - ERROR - Chunk 207: No Data! Returning LmfitResult with None.
2026-02-16 15:02:57,756 - root - ERROR - Chunk 208: No Data! Returning LmfitResult with None.
2026-02-16 15:02:57,757 - root - ERROR - Chunk 209: No Data! Returning LmfitResult with None.
2026-02-16 15:02:57,758 - root - ERROR - Chunk 210: No Data! Returning LmfitResult with None.
2026-02-16 15:02:57,760 - root - ERROR - Chunk 211: No Data! Returning LmfitResult with None.
2026-02-16 15:02:57,761 - root - ERROR - Chunk 212: No Data! Returning LmfitResult with None.
2026-02-16 15:02:57,762 - root - ERROR - Chunk 213: No Data! Returning LmfitResult with None.
2026-02-16 15:02:57,763 - root - ERROR - Chunk 214: No Data! Returning LmfitResult with None.
2026-02-16 15:02:57,764 - root - ERROR - Chunk 215: No Data! Returning LmfitResult with None.
2026-02-16 15:02:57,765 - root - ERROR - Chunk 216: No Data! Returning LmfitResult with None.
2026-02-16 15:02:57,766 - root - ERROR - Chunk 217: No Data! Returning LmfitResult with None.
2026-02-16 15:02:57,767 - root - ERROR - Chunk 218: No Data! Returning LmfitResult with None.
2026-02-16 15:02:57,769 - root - ERROR - Chunk 219: No Data! Returning LmfitResult with None.
2026-02-16 15:02:57,770 - root - ERROR - Chunk 220: No Data! Returning LmfitResult with None.
2026-02-16 15:02:57,771 - root - ERROR - Chunk 221: No Data! Returning LmfitResult with None.
2026-02-16 15:02:57,772 - root - ERROR - Chunk 222: No Data! Returning LmfitResult with None.
2026-02-16 15:02:57,773 - root - ERROR - Chunk 223: No Data! Returning LmfitResult with None.
2026-02-16 15:02:57,775 - root - ERROR - Chunk 224: No Data! Returning LmfitResult with None.
2026-02-16 15:02:57,776 - root - ERROR - Chunk 225: No Data! Returning LmfitResult with None.
2026-02-16 15:02:57,777 - root - ERROR - Chunk 226: No Data! Returning LmfitResult with None.
2026-02-16 15:02:57,778 - root - ERROR - Chunk 227: No Data! Returning LmfitResult with None.
2026-02-16 15:02:57,780 - root - ERROR - Chunk 228: No Data! Returning LmfitResult with None.
2026-02-16 15:02:57,781 - root - ERROR - Chunk 229: No Data! Returning LmfitResult with None.
2026-02-16 15:02:57,782 - root - ERROR - Chunk 230: No Data! Returning LmfitResult with None.
2026-02-16 15:02:57,783 - root - ERROR - Chunk 231: No Data! Returning LmfitResult with None.
2026-02-16 15:02:57,784 - root - ERROR - Chunk 232: No Data! Returning LmfitResult with None.
2026-02-16 15:02:57,785 - root - ERROR - Chunk 233: No Data! Returning LmfitResult with None.
2026-02-16 15:02:57,787 - root - ERROR - Chunk 234: No Data! Returning LmfitResult with None.
2026-02-16 15:02:57,788 - root - ERROR - Chunk 235: No Data! Returning LmfitResult with None.
2026-02-16 15:02:57,789 - root - ERROR - Chunk 236: No Data! Returning LmfitResult with None.
2026-02-16 15:02:57,790 - root - ERROR - Chunk 237: No Data! Returning LmfitResult with None.
2026-02-16 15:02:57,792 - root - ERROR - Chunk 238: No Data! Returning LmfitResult with None.
2026-02-16 15:02:57,799 - root - ERROR - Chunk 239: No Data! Returning LmfitResult with None.
2026-02-16 15:02:57,801 - root - ERROR - Chunk 240: No Data! Returning LmfitResult with None.
2026-02-16 15:02:57,803 - root - ERROR - Chunk 241: No Data! Returning LmfitResult with None.
2026-02-16 15:02:57,804 - root - ERROR - Chunk 242: No Data! Returning LmfitResult with None.
2026-02-16 15:02:57,805 - root - ERROR - Chunk 243: No Data! Returning LmfitResult with None.
2026-02-16 15:02:57,807 - root - ERROR - Chunk 244: No Data! Returning LmfitResult with None.
2026-02-16 15:02:57,808 - root - ERROR - Chunk 245: No Data! Returning LmfitResult with None.
2026-02-16 15:02:57,810 - root - ERROR - Chunk 246: No Data! Returning LmfitResult with None.
2026-02-16 15:02:57,811 - root - ERROR - Chunk 247: No Data! Returning LmfitResult with None.
2026-02-16 15:02:57,813 - root - ERROR - Chunk 248: No Data! Returning LmfitResult with None.
2026-02-16 15:02:57,815 - root - ERROR - Chunk 249: No Data! Returning LmfitResult with None.
2026-02-16 15:02:57,816 - root - ERROR - Chunk 250: No Data! Returning LmfitResult with None.
2026-02-16 15:02:57,818 - root - ERROR - Chunk 251: No Data! Returning LmfitResult with None.
2026-02-16 15:02:57,819 - root - ERROR - Chunk 252: No Data! Returning LmfitResult with None.
2026-02-16 15:02:57,820 - root - ERROR - Chunk 253: No Data! Returning LmfitResult with None.
2026-02-16 15:02:57,822 - root - ERROR - Chunk 254: No Data! Returning LmfitResult with None.
2026-02-16 15:02:57,825 - root - ERROR - Chunk 255: No Data! Returning LmfitResult with None.
2026-02-16 15:02:57,860 - root - ERROR - Chunk 256: No Data! Returning LmfitResult with None.
2026-02-16 15:02:57,873 - root - ERROR - Chunk 257: No Data! Returning LmfitResult with None.
2026-02-16 15:02:57,875 - root - ERROR - Chunk 258: No Data! Returning LmfitResult with None.
2026-02-16 15:02:57,877 - root - ERROR - Chunk 259: No Data! Returning LmfitResult with None.
2026-02-16 15:02:57,879 - root - ERROR - Chunk 260: No Data! Returning LmfitResult with None.
2026-02-16 15:02:57,880 - root - ERROR - Chunk 261: No Data! Returning LmfitResult with None.
2026-02-16 15:02:57,891 - root - ERROR - Chunk 262: No Data! Returning LmfitResult with None.
2026-02-16 15:02:57,894 - root - ERROR - Chunk 263: No Data! Returning LmfitResult with None.
2026-02-16 15:02:57,899 - root - ERROR - Chunk 264: No Data! Returning LmfitResult with None.
2026-02-16 15:02:57,901 - root - ERROR - Chunk 265: No Data! Returning LmfitResult with None.
2026-02-16 15:02:57,902 - root - ERROR - Chunk 266: No Data! Returning LmfitResult with None.
2026-02-16 15:02:57,903 - root - ERROR - Chunk 267: No Data! Returning LmfitResult with None.
2026-02-16 15:02:57,905 - root - ERROR - Chunk 268: No Data! Returning LmfitResult with None.
2026-02-16 15:02:57,906 - root - ERROR - Chunk 269: No Data! Returning LmfitResult with None.
2026-02-16 15:02:57,908 - root - ERROR - Chunk 270: No Data! Returning LmfitResult with None.
2026-02-16 15:02:57,910 - root - ERROR - Chunk 271: No Data! Returning LmfitResult with None.
2026-02-16 15:02:57,911 - root - ERROR - Chunk 272: No Data! Returning LmfitResult with None.
2026-02-16 15:02:57,912 - root - ERROR - Chunk 273: No Data! Returning LmfitResult with None.
2026-02-16 15:02:57,914 - root - ERROR - Chunk 274: No Data! Returning LmfitResult with None.
2026-02-16 15:02:57,917 - root - ERROR - Chunk 275: No Data! Returning LmfitResult with None.
2026-02-16 15:02:57,919 - root - ERROR - Chunk 276: No Data! Returning LmfitResult with None.
2026-02-16 15:02:57,921 - root - ERROR - Chunk 277: No Data! Returning LmfitResult with None.
2026-02-16 15:02:57,922 - root - ERROR - Chunk 278: No Data! Returning LmfitResult with None.
2026-02-16 15:02:57,923 - root - ERROR - Chunk 279: No Data! Returning LmfitResult with None.
2026-02-16 15:02:57,924 - root - ERROR - Chunk 280: No Data! Returning LmfitResult with None.
2026-02-16 15:03:24,186 - root - ERROR - Polynomial fitting failed. Falling back to input values
Traceback (most recent call last):
  File "/Users/jaklusmeyer/SONG/pyodine/pyodine/lib/misc.py", line 529, in fit_polynomial
    pfit, stats = np.polynomial.Polynomial.fit(
  File "/Users/jaklusmeyer/miniconda/envs/pyodine_env/lib/python3.9/site-packages/numpy/polynomial/_polybase.py", line 1036, in fit
    xnew = pu.mapdomain(x, domain, window)
  File "/Users/jaklusmeyer/miniconda/envs/pyodine_env/lib/python3.9/site-packages/numpy/polynomial/polyutils.py", line 371, in mapdomain
    off, scl = mapparms(old, new)
  File "/Users/jaklusmeyer/miniconda/envs/pyodine_env/lib/python3.9/site-packages/numpy/polynomial/polyutils.py", line 303, in mapparms
    off = (old[1]*new[0] - old[0]*new[1])/oldlen
ZeroDivisionError: division by zero
2026-02-16 15:03:24,188 - root - ERROR - Polynomial fitting failed. Falling back to input values
Traceback (most recent call last):
  File "/Users/jaklusmeyer/SONG/pyodine/pyodine/lib/misc.py", line 529, in fit_polynomial
    pfit, stats = np.polynomial.Polynomial.fit(
  File "/Users/jaklusmeyer/miniconda/envs/pyodine_env/lib/python3.9/site-packages/numpy/polynomial/_polybase.py", line 1036, in fit
    xnew = pu.mapdomain(x, domain, window)
  File "/Users/jaklusmeyer/miniconda/envs/pyodine_env/lib/python3.9/site-packages/numpy/polynomial/polyutils.py", line 371, in mapdomain
    off, scl = mapparms(old, new)
  File "/Users/jaklusmeyer/miniconda/envs/pyodine_env/lib/python3.9/site-packages/numpy/polynomial/polyutils.py", line 303, in mapparms
    off = (old[1]*new[0] - old[0]*new[1])/oldlen
ZeroDivisionError: division by zero
2026-02-16 15:03:24,190 - root - ERROR - Polynomial fitting failed. Falling back to input values
Traceback (most recent call last):
  File "/Users/jaklusmeyer/SONG/pyodine/pyodine/lib/misc.py", line 529, in fit_polynomial
    pfit, stats = np.polynomial.Polynomial.fit(
  File "/Users/jaklusmeyer/miniconda/envs/pyodine_env/lib/python3.9/site-packages/numpy/polynomial/_polybase.py", line 1036, in fit
    xnew = pu.mapdomain(x, domain, window)
  File "/Users/jaklusmeyer/miniconda/envs/pyodine_env/lib/python3.9/site-packages/numpy/polynomial/polyutils.py", line 371, in mapdomain
    off, scl = mapparms(old, new)
  File "/Users/jaklusmeyer/miniconda/envs/pyodine_env/lib/python3.9/site-packages/numpy/polynomial/polyutils.py", line 303, in mapparms
    off = (old[1]*new[0] - old[0]*new[1])/oldlen
ZeroDivisionError: division by zero
2026-02-16 15:03:24,191 - root - ERROR - Polynomial fitting failed. Falling back to input values
Traceback (most recent call last):
  File "/Users/jaklusmeyer/SONG/pyodine/pyodine/lib/misc.py", line 529, in fit_polynomial
    pfit, stats = np.polynomial.Polynomial.fit(
  File "/Users/jaklusmeyer/miniconda/envs/pyodine_env/lib/python3.9/site-packages/numpy/polynomial/_polybase.py", line 1036, in fit
    xnew = pu.mapdomain(x, domain, window)
  File "/Users/jaklusmeyer/miniconda/envs/pyodine_env/lib/python3.9/site-packages/numpy/polynomial/polyutils.py", line 371, in mapdomain
    off, scl = mapparms(old, new)
  File "/Users/jaklusmeyer/miniconda/envs/pyodine_env/lib/python3.9/site-packages/numpy/polynomial/polyutils.py", line 303, in mapparms
    off = (old[1]*new[0] - old[0]*new[1])/oldlen
ZeroDivisionError: division by zero
2026-02-16 15:03:24,193 - root - ERROR - Polynomial fitting failed. Falling back to input values
Traceback (most recent call last):
  File "/Users/jaklusmeyer/SONG/pyodine/pyodine/lib/misc.py", line 529, in fit_polynomial
    pfit, stats = np.polynomial.Polynomial.fit(
  File "/Users/jaklusmeyer/miniconda/envs/pyodine_env/lib/python3.9/site-packages/numpy/polynomial/_polybase.py", line 1036, in fit
    xnew = pu.mapdomain(x, domain, window)
  File "/Users/jaklusmeyer/miniconda/envs/pyodine_env/lib/python3.9/site-packages/numpy/polynomial/polyutils.py", line 371, in mapdomain
    off, scl = mapparms(old, new)
  File "/Users/jaklusmeyer/miniconda/envs/pyodine_env/lib/python3.9/site-packages/numpy/polynomial/polyutils.py", line 303, in mapparms
    off = (old[1]*new[0] - old[0]*new[1])/oldlen
ZeroDivisionError: division by zero
2026-02-16 15:03:24,194 - root - ERROR - Polynomial fitting failed. Falling back to input values
Traceback (most recent call last):
  File "/Users/jaklusmeyer/SONG/pyodine/pyodine/lib/misc.py", line 529, in fit_polynomial
    pfit, stats = np.polynomial.Polynomial.fit(
  File "/Users/jaklusmeyer/miniconda/envs/pyodine_env/lib/python3.9/site-packages/numpy/polynomial/_polybase.py", line 1036, in fit
    xnew = pu.mapdomain(x, domain, window)
  File "/Users/jaklusmeyer/miniconda/envs/pyodine_env/lib/python3.9/site-packages/numpy/polynomial/polyutils.py", line 371, in mapdomain
    off, scl = mapparms(old, new)
  File "/Users/jaklusmeyer/miniconda/envs/pyodine_env/lib/python3.9/site-packages/numpy/polynomial/polyutils.py", line 303, in mapparms
    off = (old[1]*new[0] - old[0]*new[1])/oldlen
ZeroDivisionError: division by zero
2026-02-16 15:03:24,195 - root - ERROR - Polynomial fitting failed. Falling back to input values
Traceback (most recent call last):
  File "/Users/jaklusmeyer/SONG/pyodine/pyodine/lib/misc.py", line 529, in fit_polynomial
    pfit, stats = np.polynomial.Polynomial.fit(
  File "/Users/jaklusmeyer/miniconda/envs/pyodine_env/lib/python3.9/site-packages/numpy/polynomial/_polybase.py", line 1036, in fit
    xnew = pu.mapdomain(x, domain, window)
  File "/Users/jaklusmeyer/miniconda/envs/pyodine_env/lib/python3.9/site-packages/numpy/polynomial/polyutils.py", line 371, in mapdomain
    off, scl = mapparms(old, new)
  File "/Users/jaklusmeyer/miniconda/envs/pyodine_env/lib/python3.9/site-packages/numpy/polynomial/polyutils.py", line 303, in mapparms
    off = (old[1]*new[0] - old[0]*new[1])/oldlen
ZeroDivisionError: division by zero
2026-02-16 15:03:24,203 - root - ERROR - Polynomial fitting failed. Falling back to input values
Traceback (most recent call last):
  File "/Users/jaklusmeyer/SONG/pyodine/pyodine/lib/misc.py", line 529, in fit_polynomial
    pfit, stats = np.polynomial.Polynomial.fit(
  File "/Users/jaklusmeyer/miniconda/envs/pyodine_env/lib/python3.9/site-packages/numpy/polynomial/_polybase.py", line 1036, in fit
    xnew = pu.mapdomain(x, domain, window)
  File "/Users/jaklusmeyer/miniconda/envs/pyodine_env/lib/python3.9/site-packages/numpy/polynomial/polyutils.py", line 371, in mapdomain
    off, scl = mapparms(old, new)
  File "/Users/jaklusmeyer/miniconda/envs/pyodine_env/lib/python3.9/site-packages/numpy/polynomial/polyutils.py", line 303, in mapparms
    off = (old[1]*new[0] - old[0]*new[1])/oldlen
ZeroDivisionError: division by zero
2026-02-16 15:03:24,205 - root - ERROR - Polynomial fitting failed. Falling back to input values
Traceback (most recent call last):
  File "/Users/jaklusmeyer/SONG/pyodine/pyodine/lib/misc.py", line 529, in fit_polynomial
    pfit, stats = np.polynomial.Polynomial.fit(
  File "/Users/jaklusmeyer/miniconda/envs/pyodine_env/lib/python3.9/site-packages/numpy/polynomial/_polybase.py", line 1036, in fit
    xnew = pu.mapdomain(x, domain, window)
  File "/Users/jaklusmeyer/miniconda/envs/pyodine_env/lib/python3.9/site-packages/numpy/polynomial/polyutils.py", line 371, in mapdomain
    off, scl = mapparms(old, new)
  File "/Users/jaklusmeyer/miniconda/envs/pyodine_env/lib/python3.9/site-packages/numpy/polynomial/polyutils.py", line 303, in mapparms
    off = (old[1]*new[0] - old[0]*new[1])/oldlen
ZeroDivisionError: division by zero
2026-02-16 15:03:24,207 - root - ERROR - Polynomial fitting failed. Falling back to input values
Traceback (most recent call last):
  File "/Users/jaklusmeyer/SONG/pyodine/pyodine/lib/misc.py", line 529, in fit_polynomial
    pfit, stats = np.polynomial.Polynomial.fit(
  File "/Users/jaklusmeyer/miniconda/envs/pyodine_env/lib/python3.9/site-packages/numpy/polynomial/_polybase.py", line 1036, in fit
    xnew = pu.mapdomain(x, domain, window)
  File "/Users/jaklusmeyer/miniconda/envs/pyodine_env/lib/python3.9/site-packages/numpy/polynomial/polyutils.py", line 371, in mapdomain
    off, scl = mapparms(old, new)
  File "/Users/jaklusmeyer/miniconda/envs/pyodine_env/lib/python3.9/site-packages/numpy/polynomial/polyutils.py", line 303, in mapparms
    off = (old[1]*new[0] - old[0]*new[1])/oldlen
ZeroDivisionError: division by zero
2026-02-16 15:03:24,208 - root - ERROR - Polynomial fitting failed. Falling back to input values
Traceback (most recent call last):
  File "/Users/jaklusmeyer/SONG/pyodine/pyodine/lib/misc.py", line 529, in fit_polynomial
    pfit, stats = np.polynomial.Polynomial.fit(
  File "/Users/jaklusmeyer/miniconda/envs/pyodine_env/lib/python3.9/site-packages/numpy/polynomial/_polybase.py", line 1036, in fit
    xnew = pu.mapdomain(x, domain, window)
  File "/Users/jaklusmeyer/miniconda/envs/pyodine_env/lib/python3.9/site-packages/numpy/polynomial/polyutils.py", line 371, in mapdomain
    off, scl = mapparms(old, new)
  File "/Users/jaklusmeyer/miniconda/envs/pyodine_env/lib/python3.9/site-packages/numpy/polynomial/polyutils.py", line 303, in mapparms
    off = (old[1]*new[0] - old[0]*new[1])/oldlen
ZeroDivisionError: division by zero
2026-02-16 15:03:24,210 - root - ERROR - Polynomial fitting failed. Falling back to input values
Traceback (most recent call last):
  File "/Users/jaklusmeyer/SONG/pyodine/pyodine/lib/misc.py", line 529, in fit_polynomial
    pfit, stats = np.polynomial.Polynomial.fit(
  File "/Users/jaklusmeyer/miniconda/envs/pyodine_env/lib/python3.9/site-packages/numpy/polynomial/_polybase.py", line 1036, in fit
    xnew = pu.mapdomain(x, domain, window)
  File "/Users/jaklusmeyer/miniconda/envs/pyodine_env/lib/python3.9/site-packages/numpy/polynomial/polyutils.py", line 371, in mapdomain
    off, scl = mapparms(old, new)
  File "/Users/jaklusmeyer/miniconda/envs/pyodine_env/lib/python3.9/site-packages/numpy/polynomial/polyutils.py", line 303, in mapparms
    off = (old[1]*new[0] - old[0]*new[1])/oldlen
ZeroDivisionError: division by zero
2026-02-16 15:03:24,211 - root - ERROR - Polynomial fitting failed. Falling back to input values
Traceback (most recent call last):
  File "/Users/jaklusmeyer/SONG/pyodine/pyodine/lib/misc.py", line 529, in fit_polynomial
    pfit, stats = np.polynomial.Polynomial.fit(
  File "/Users/jaklusmeyer/miniconda/envs/pyodine_env/lib/python3.9/site-packages/numpy/polynomial/_polybase.py", line 1036, in fit
    xnew = pu.mapdomain(x, domain, window)
  File "/Users/jaklusmeyer/miniconda/envs/pyodine_env/lib/python3.9/site-packages/numpy/polynomial/polyutils.py", line 371, in mapdomain
    off, scl = mapparms(old, new)
  File "/Users/jaklusmeyer/miniconda/envs/pyodine_env/lib/python3.9/site-packages/numpy/polynomial/polyutils.py", line 303, in mapparms
    off = (old[1]*new[0] - old[0]*new[1])/oldlen
ZeroDivisionError: division by zero
2026-02-16 15:03:24,213 - root - ERROR - Polynomial fitting failed. Falling back to input values
Traceback (most recent call last):
  File "/Users/jaklusmeyer/SONG/pyodine/pyodine/lib/misc.py", line 529, in fit_polynomial
    pfit, stats = np.polynomial.Polynomial.fit(
  File "/Users/jaklusmeyer/miniconda/envs/pyodine_env/lib/python3.9/site-packages/numpy/polynomial/_polybase.py", line 1036, in fit
    xnew = pu.mapdomain(x, domain, window)
  File "/Users/jaklusmeyer/miniconda/envs/pyodine_env/lib/python3.9/site-packages/numpy/polynomial/polyutils.py", line 371, in mapdomain
    off, scl = mapparms(old, new)
  File "/Users/jaklusmeyer/miniconda/envs/pyodine_env/lib/python3.9/site-packages/numpy/polynomial/polyutils.py", line 303, in mapparms
    off = (old[1]*new[0] - old[0]*new[1])/oldlen
ZeroDivisionError: division by zero
2026-02-16 15:03:27,021 - root - ERROR - NaN value detected in iodine function.
2026-02-16 15:03:27,023 - root - ERROR - Chunk could not be plotted
Traceback (most recent call last):
  File "/Users/jaklusmeyer/SONG/pyodine/pyodine/plot_lib.py", line 62, in plot_chunkmodel
    sp = fit_results[chunk_nr].fitted_spectrum
  File "/Users/jaklusmeyer/SONG/pyodine/pyodine/fitters/base.py", line 45, in fitted_spectrum
    return self.model.eval_spectrum(self.chunk, self.params, chunk_ind=self.chunk_ind)
  File "/Users/jaklusmeyer/SONG/pyodine/pyodine/models/base.py", line 79, in eval_spectrum
    flux = self.eval(chunk, params, chunk_ind=chunk_ind, **kwargs)
  File "/Users/jaklusmeyer/SONG/pyodine/pyodine/models/spectrum.py", line 138, in eval
    tck = splrep(tem.wave * doppler, flux_tem, s=0)
  File "/Users/jaklusmeyer/miniconda/envs/pyodine_env/lib/python3.9/site-packages/scipy/interpolate/_fitpack_py.py", line 295, in splrep
    res = _impl.splrep(x, y, w, xb, xe, k, task, s, t, full_output, per, quiet)
  File "/Users/jaklusmeyer/miniconda/envs/pyodine_env/lib/python3.9/site-packages/scipy/interpolate/_fitpack_impl.py", line 276, in splrep
    n, c, fp, ier = dfitpack.curfit(task, x, y, w, t, wrk, iwrk,
dfitpack.error: (xb<=x[0]) failed for 1st keyword xb: curfit:xb=nan
2026-02-16 15:03:27,318 - root - ERROR - NaN value detected in iodine function.
2026-02-16 15:03:27,319 - root - ERROR - Chunk could not be plotted
Traceback (most recent call last):
  File "/Users/jaklusmeyer/SONG/pyodine/pyodine/plot_lib.py", line 62, in plot_chunkmodel
    sp = fit_results[chunk_nr].fitted_spectrum
  File "/Users/jaklusmeyer/SONG/pyodine/pyodine/fitters/base.py", line 45, in fitted_spectrum
    return self.model.eval_spectrum(self.chunk, self.params, chunk_ind=self.chunk_ind)
  File "/Users/jaklusmeyer/SONG/pyodine/pyodine/models/base.py", line 79, in eval_spectrum
    flux = self.eval(chunk, params, chunk_ind=chunk_ind, **kwargs)
  File "/Users/jaklusmeyer/SONG/pyodine/pyodine/models/spectrum.py", line 138, in eval
    tck = splrep(tem.wave * doppler, flux_tem, s=0)
  File "/Users/jaklusmeyer/miniconda/envs/pyodine_env/lib/python3.9/site-packages/scipy/interpolate/_fitpack_py.py", line 295, in splrep
    res = _impl.splrep(x, y, w, xb, xe, k, task, s, t, full_output, per, quiet)
  File "/Users/jaklusmeyer/miniconda/envs/pyodine_env/lib/python3.9/site-packages/scipy/interpolate/_fitpack_impl.py", line 276, in splrep
    n, c, fp, ier = dfitpack.curfit(task, x, y, w, t, wrk, iwrk,
dfitpack.error: (xb<=x[0]) failed for 1st keyword xb: curfit:xb=nan
2026-02-16 15:03:30,415 - root - ERROR - Chunk 0: No Data! Returning LmfitResult with None.
2026-02-16 15:03:30,417 - root - ERROR - Chunk 1: No Data! Returning LmfitResult with None.
2026-02-16 15:03:30,418 - root - ERROR - Chunk 2: No Data! Returning LmfitResult with None.
2026-02-16 15:03:30,419 - root - ERROR - Chunk 3: No Data! Returning LmfitResult with None.
2026-02-16 15:03:30,420 - root - ERROR - Chunk 4: No Data! Returning LmfitResult with None.
2026-02-16 15:03:30,421 - root - ERROR - Chunk 5: No Data! Returning LmfitResult with None.
2026-02-16 15:03:30,422 - root - ERROR - Chunk 6: No Data! Returning LmfitResult with None.
2026-02-16 15:03:30,424 - root - ERROR - Chunk 7: No Data! Returning LmfitResult with None.
2026-02-16 15:03:30,425 - root - ERROR - Chunk 8: No Data! Returning LmfitResult with None.
2026-02-16 15:03:30,426 - root - ERROR - Chunk 9: No Data! Returning LmfitResult with None.
2026-02-16 15:03:30,428 - root - ERROR - Chunk 10: No Data! Returning LmfitResult with None.
2026-02-16 15:03:30,429 - root - ERROR - Chunk 11: No Data! Returning LmfitResult with None.
2026-02-16 15:03:30,430 - root - ERROR - Chunk 12: No Data! Returning LmfitResult with None.
2026-02-16 15:03:30,431 - root - ERROR - Chunk 13: No Data! Returning LmfitResult with None.
2026-02-16 15:03:30,433 - root - ERROR - Chunk 14: No Data! Returning LmfitResult with None.
2026-02-16 15:03:30,471 - root - ERROR - Chunk 15: No Data! Returning LmfitResult with None.
2026-02-16 15:03:30,479 - root - ERROR - Chunk 16: No Data! Returning LmfitResult with None.
2026-02-16 15:03:30,481 - root - ERROR - Chunk 17: No Data! Returning LmfitResult with None.
2026-02-16 15:03:30,482 - root - ERROR - Chunk 18: No Data! Returning LmfitResult with None.
2026-02-16 15:03:30,483 - root - ERROR - Chunk 19: No Data! Returning LmfitResult with None.
2026-02-16 15:03:30,484 - root - ERROR - Chunk 20: No Data! Returning LmfitResult with None.
2026-02-16 15:03:30,485 - root - ERROR - Chunk 21: No Data! Returning LmfitResult with None.
2026-02-16 15:03:30,486 - root - ERROR - Chunk 22: No Data! Returning LmfitResult with None.
2026-02-16 15:03:30,490 - root - ERROR - Chunk 23: No Data! Returning LmfitResult with None.
2026-02-16 15:03:30,492 - root - ERROR - Chunk 24: No Data! Returning LmfitResult with None.
2026-02-16 15:03:30,494 - root - ERROR - Chunk 25: No Data! Returning LmfitResult with None.
2026-02-16 15:03:30,497 - root - ERROR - Chunk 26: No Data! Returning LmfitResult with None.
2026-02-16 15:03:30,499 - root - ERROR - Chunk 27: No Data! Returning LmfitResult with None.
2026-02-16 15:03:30,501 - root - ERROR - Chunk 28: No Data! Returning LmfitResult with None.
2026-02-16 15:03:30,502 - root - ERROR - Chunk 29: No Data! Returning LmfitResult with None.
2026-02-16 15:03:30,503 - root - ERROR - Chunk 30: No Data! Returning LmfitResult with None.
2026-02-16 15:03:30,504 - root - ERROR - Chunk 31: No Data! Returning LmfitResult with None.
2026-02-16 15:03:30,506 - root - ERROR - Chunk 32: No Data! Returning LmfitResult with None.
2026-02-16 15:03:30,507 - root - ERROR - Chunk 33: No Data! Returning LmfitResult with None.
2026-02-16 15:03:30,508 - root - ERROR - Chunk 34: No Data! Returning LmfitResult with None.
2026-02-16 15:03:30,509 - root - ERROR - Chunk 35: No Data! Returning LmfitResult with None.
2026-02-16 15:03:30,510 - root - ERROR - Chunk 36: No Data! Returning LmfitResult with None.
2026-02-16 15:03:30,511 - root - ERROR - Chunk 37: No Data! Returning LmfitResult with None.
2026-02-16 15:03:30,513 - root - ERROR - Chunk 38: No Data! Returning LmfitResult with None.
2026-02-16 15:03:30,514 - root - ERROR - Chunk 39: No Data! Returning LmfitResult with None.
2026-02-16 15:03:30,515 - root - ERROR - Chunk 40: No Data! Returning LmfitResult with None.
2026-02-16 15:03:30,516 - root - ERROR - Chunk 41: No Data! Returning LmfitResult with None.
2026-02-16 15:03:30,517 - root - ERROR - Chunk 42: No Data! Returning LmfitResult with None.
2026-02-16 15:03:30,519 - root - ERROR - Chunk 43: No Data! Returning LmfitResult with None.
2026-02-16 15:03:30,550 - root - ERROR - Chunk 44: No Data! Returning LmfitResult with None.
2026-02-16 15:03:30,566 - root - ERROR - Chunk 45: No Data! Returning LmfitResult with None.
2026-02-16 15:03:30,568 - root - ERROR - Chunk 46: No Data! Returning LmfitResult with None.
2026-02-16 15:03:30,569 - root - ERROR - Chunk 47: No Data! Returning LmfitResult with None.
2026-02-16 15:03:30,573 - root - ERROR - Chunk 48: No Data! Returning LmfitResult with None.
2026-02-16 15:03:30,574 - root - ERROR - Chunk 49: No Data! Returning LmfitResult with None.
2026-02-16 15:03:30,576 - root - ERROR - Chunk 50: No Data! Returning LmfitResult with None.
2026-02-16 15:03:30,582 - root - ERROR - Chunk 51: No Data! Returning LmfitResult with None.
2026-02-16 15:03:30,585 - root - ERROR - Chunk 52: No Data! Returning LmfitResult with None.
2026-02-16 15:03:30,587 - root - ERROR - Chunk 53: No Data! Returning LmfitResult with None.
2026-02-16 15:03:30,588 - root - ERROR - Chunk 54: No Data! Returning LmfitResult with None.
2026-02-16 15:03:30,590 - root - ERROR - Chunk 55: No Data! Returning LmfitResult with None.
2026-02-16 15:03:30,591 - root - ERROR - Chunk 56: No Data! Returning LmfitResult with None.
2026-02-16 15:03:30,592 - root - ERROR - Chunk 57: No Data! Returning LmfitResult with None.
2026-02-16 15:03:30,593 - root - ERROR - Chunk 58: No Data! Returning LmfitResult with None.
2026-02-16 15:03:30,595 - root - ERROR - Chunk 59: No Data! Returning LmfitResult with None.
2026-02-16 15:03:30,596 - root - ERROR - Chunk 60: No Data! Returning LmfitResult with None.
2026-02-16 15:03:30,597 - root - ERROR - Chunk 61: No Data! Returning LmfitResult with None.
2026-02-16 15:03:30,598 - root - ERROR - Chunk 62: No Data! Returning LmfitResult with None.
2026-02-16 15:03:30,599 - root - ERROR - Chunk 63: No Data! Returning LmfitResult with None.
2026-02-16 15:03:30,601 - root - ERROR - Chunk 64: No Data! Returning LmfitResult with None.
2026-02-16 15:03:30,602 - root - ERROR - Chunk 65: No Data! Returning LmfitResult with None.
2026-02-16 15:03:30,603 - root - ERROR - Chunk 66: No Data! Returning LmfitResult with None.
2026-02-16 15:03:30,605 - root - ERROR - Chunk 67: No Data! Returning LmfitResult with None.
2026-02-16 15:03:30,606 - root - ERROR - Chunk 68: No Data! Returning LmfitResult with None.
2026-02-16 15:03:30,607 - root - ERROR - Chunk 69: No Data! Returning LmfitResult with None.
2026-02-16 15:03:30,608 - root - ERROR - Chunk 70: No Data! Returning LmfitResult with None.
2026-02-16 15:03:30,610 - root - ERROR - Chunk 71: No Data! Returning LmfitResult with None.
2026-02-16 15:03:30,611 - root - ERROR - Chunk 72: No Data! Returning LmfitResult with None.
2026-02-16 15:03:30,612 - root - ERROR - Chunk 73: No Data! Returning LmfitResult with None.
2026-02-16 15:03:30,613 - root - ERROR - Chunk 74: No Data! Returning LmfitResult with None.
2026-02-16 15:03:30,615 - root - ERROR - Chunk 75: No Data! Returning LmfitResult with None.
2026-02-16 15:03:30,616 - root - ERROR - Chunk 76: No Data! Returning LmfitResult with None.
2026-02-16 15:03:30,617 - root - ERROR - Chunk 77: No Data! Returning LmfitResult with None.
2026-02-16 15:03:30,618 - root - ERROR - Chunk 78: No Data! Returning LmfitResult with None.
2026-02-16 15:03:30,619 - root - ERROR - Chunk 79: No Data! Returning LmfitResult with None.
2026-02-16 15:03:30,620 - root - ERROR - Chunk 80: No Data! Returning LmfitResult with None.
2026-02-16 15:03:30,622 - root - ERROR - Chunk 81: No Data! Returning LmfitResult with None.
2026-02-16 15:03:30,623 - root - ERROR - Chunk 82: No Data! Returning LmfitResult with None.
2026-02-16 15:03:30,624 - root - ERROR - Chunk 83: No Data! Returning LmfitResult with None.
2026-02-16 15:03:30,625 - root - ERROR - Chunk 84: No Data! Returning LmfitResult with None.
2026-02-16 15:03:30,626 - root - ERROR - Chunk 85: No Data! Returning LmfitResult with None.
2026-02-16 15:03:30,627 - root - ERROR - Chunk 86: No Data! Returning LmfitResult with None.
2026-02-16 15:03:30,629 - root - ERROR - Chunk 87: No Data! Returning LmfitResult with None.
2026-02-16 15:03:30,630 - root - ERROR - Chunk 88: No Data! Returning LmfitResult with None.
2026-02-16 15:03:30,632 - root - ERROR - Chunk 89: No Data! Returning LmfitResult with None.
2026-02-16 15:03:30,633 - root - ERROR - Chunk 90: No Data! Returning LmfitResult with None.
2026-02-16 15:03:30,634 - root - ERROR - Chunk 91: No Data! Returning LmfitResult with None.
2026-02-16 15:03:30,635 - root - ERROR - Chunk 92: No Data! Returning LmfitResult with None.
2026-02-16 15:03:30,637 - root - ERROR - Chunk 93: No Data! Returning LmfitResult with None.
2026-02-16 15:03:30,638 - root - ERROR - Chunk 94: No Data! Returning LmfitResult with None.
2026-02-16 15:03:30,639 - root - ERROR - Chunk 95: No Data! Returning LmfitResult with None.
2026-02-16 15:03:30,642 - root - ERROR - Chunk 96: No Data! Returning LmfitResult with None.
2026-02-16 15:03:30,643 - root - ERROR - Chunk 97: No Data! Returning LmfitResult with None.
2026-02-16 15:03:30,645 - root - ERROR - Chunk 98: No Data! Returning LmfitResult with None.
2026-02-16 15:03:30,652 - root - ERROR - Chunk 99: No Data! Returning LmfitResult with None.
2026-02-16 15:03:30,665 - root - ERROR - Chunk 100: No Data! Returning LmfitResult with None.
2026-02-16 15:03:30,690 - root - ERROR - Chunk 101: No Data! Returning LmfitResult with None.
2026-02-16 15:03:30,692 - root - ERROR - Chunk 102: No Data! Returning LmfitResult with None.
2026-02-16 15:03:30,693 - root - ERROR - Chunk 103: No Data! Returning LmfitResult with None.
2026-02-16 15:03:30,695 - root - ERROR - Chunk 104: No Data! Returning LmfitResult with None.
2026-02-16 15:03:30,697 - root - ERROR - Chunk 105: No Data! Returning LmfitResult with None.
2026-02-16 15:03:30,698 - root - ERROR - Chunk 106: No Data! Returning LmfitResult with None.
2026-02-16 15:03:30,705 - root - ERROR - Chunk 107: No Data! Returning LmfitResult with None.
2026-02-16 15:03:30,710 - root - ERROR - Chunk 108: No Data! Returning LmfitResult with None.
2026-02-16 15:03:30,711 - root - ERROR - Chunk 109: No Data! Returning LmfitResult with None.
2026-02-16 15:03:30,713 - root - ERROR - Chunk 110: No Data! Returning LmfitResult with None.
2026-02-16 15:03:30,714 - root - ERROR - Chunk 111: No Data! Returning LmfitResult with None.
2026-02-16 15:03:30,718 - root - ERROR - Chunk 112: No Data! Returning LmfitResult with None.
2026-02-16 15:03:30,720 - root - ERROR - Chunk 113: No Data! Returning LmfitResult with None.
2026-02-16 15:03:30,721 - root - ERROR - Chunk 114: No Data! Returning LmfitResult with None.
2026-02-16 15:03:30,722 - root - ERROR - Chunk 115: No Data! Returning LmfitResult with None.
2026-02-16 15:03:30,724 - root - ERROR - Chunk 116: No Data! Returning LmfitResult with None.
2026-02-16 15:03:30,725 - root - ERROR - Chunk 117: No Data! Returning LmfitResult with None.
2026-02-16 15:03:30,726 - root - ERROR - Chunk 118: No Data! Returning LmfitResult with None.
2026-02-16 15:03:30,727 - root - ERROR - Chunk 119: No Data! Returning LmfitResult with None.
2026-02-16 15:03:30,728 - root - ERROR - Chunk 120: No Data! Returning LmfitResult with None.
2026-02-16 15:03:30,729 - root - ERROR - Chunk 121: No Data! Returning LmfitResult with None.
2026-02-16 15:03:30,730 - root - ERROR - Chunk 122: No Data! Returning LmfitResult with None.
2026-02-16 15:03:30,731 - root - ERROR - Chunk 123: No Data! Returning LmfitResult with None.
2026-02-16 15:03:30,733 - root - ERROR - Chunk 124: No Data! Returning LmfitResult with None.
2026-02-16 15:03:30,734 - root - ERROR - Chunk 125: No Data! Returning LmfitResult with None.
2026-02-16 15:03:30,735 - root - ERROR - Chunk 126: No Data! Returning LmfitResult with None.
2026-02-16 15:03:30,736 - root - ERROR - Chunk 127: No Data! Returning LmfitResult with None.
2026-02-16 15:03:30,737 - root - ERROR - Chunk 128: No Data! Returning LmfitResult with None.
2026-02-16 15:03:30,738 - root - ERROR - Chunk 129: No Data! Returning LmfitResult with None.
2026-02-16 15:03:30,740 - root - ERROR - Chunk 130: No Data! Returning LmfitResult with None.
2026-02-16 15:03:30,741 - root - ERROR - Chunk 131: No Data! Returning LmfitResult with None.
2026-02-16 15:03:30,742 - root - ERROR - Chunk 132: No Data! Returning LmfitResult with None.
2026-02-16 15:03:30,744 - root - ERROR - Chunk 133: No Data! Returning LmfitResult with None.
2026-02-16 15:03:30,745 - root - ERROR - Chunk 134: No Data! Returning LmfitResult with None.
2026-02-16 15:03:30,746 - root - ERROR - Chunk 135: No Data! Returning LmfitResult with None.
2026-02-16 15:03:30,747 - root - ERROR - Chunk 136: No Data! Returning LmfitResult with None.
2026-02-16 15:03:30,748 - root - ERROR - Chunk 137: No Data! Returning LmfitResult with None.
2026-02-16 15:03:30,749 - root - ERROR - Chunk 138: No Data! Returning LmfitResult with None.
2026-02-16 15:03:30,794 - root - ERROR - Chunk 139: No Data! Returning LmfitResult with None.
2026-02-16 15:03:30,796 - root - ERROR - Chunk 140: No Data! Returning LmfitResult with None.
2026-02-16 15:03:30,798 - root - ERROR - Chunk 141: No Data! Returning LmfitResult with None.
2026-02-16 15:03:30,799 - root - ERROR - Chunk 142: No Data! Returning LmfitResult with None.
2026-02-16 15:03:30,803 - root - ERROR - Chunk 143: No Data! Returning LmfitResult with None.
2026-02-16 15:03:30,805 - root - ERROR - Chunk 144: No Data! Returning LmfitResult with None.
2026-02-16 15:03:30,811 - root - ERROR - Chunk 145: No Data! Returning LmfitResult with None.
2026-02-16 15:03:30,814 - root - ERROR - Chunk 146: No Data! Returning LmfitResult with None.
2026-02-16 15:03:30,816 - root - ERROR - Chunk 147: No Data! Returning LmfitResult with None.
2026-02-16 15:03:30,817 - root - ERROR - Chunk 148: No Data! Returning LmfitResult with None.
2026-02-16 15:03:30,819 - root - ERROR - Chunk 149: No Data! Returning LmfitResult with None.
2026-02-16 15:03:30,820 - root - ERROR - Chunk 150: No Data! Returning LmfitResult with None.
2026-02-16 15:03:30,821 - root - ERROR - Chunk 151: No Data! Returning LmfitResult with None.
2026-02-16 15:03:30,822 - root - ERROR - Chunk 152: No Data! Returning LmfitResult with None.
2026-02-16 15:03:30,823 - root - ERROR - Chunk 153: No Data! Returning LmfitResult with None.
2026-02-16 15:03:30,825 - root - ERROR - Chunk 154: No Data! Returning LmfitResult with None.
2026-02-16 15:03:30,826 - root - ERROR - Chunk 155: No Data! Returning LmfitResult with None.
2026-02-16 15:03:30,827 - root - ERROR - Chunk 156: No Data! Returning LmfitResult with None.
2026-02-16 15:03:30,828 - root - ERROR - Chunk 157: No Data! Returning LmfitResult with None.
2026-02-16 15:03:30,829 - root - ERROR - Chunk 158: No Data! Returning LmfitResult with None.
2026-02-16 15:03:30,831 - root - ERROR - Chunk 159: No Data! Returning LmfitResult with None.
2026-02-16 15:03:30,832 - root - ERROR - Chunk 160: No Data! Returning LmfitResult with None.
2026-02-16 15:03:30,833 - root - ERROR - Chunk 161: No Data! Returning LmfitResult with None.
2026-02-16 15:03:30,834 - root - ERROR - Chunk 162: No Data! Returning LmfitResult with None.
2026-02-16 15:03:30,835 - root - ERROR - Chunk 163: No Data! Returning LmfitResult with None.
2026-02-16 15:03:30,836 - root - ERROR - Chunk 164: No Data! Returning LmfitResult with None.
2026-02-16 15:03:30,837 - root - ERROR - Chunk 165: No Data! Returning LmfitResult with None.
2026-02-16 15:03:30,838 - root - ERROR - Chunk 166: No Data! Returning LmfitResult with None.
2026-02-16 15:03:30,840 - root - ERROR - Chunk 167: No Data! Returning LmfitResult with None.
2026-02-16 15:03:30,841 - root - ERROR - Chunk 168: No Data! Returning LmfitResult with None.
2026-02-16 15:03:30,842 - root - ERROR - Chunk 169: No Data! Returning LmfitResult with None.
2026-02-16 15:03:30,843 - root - ERROR - Chunk 170: No Data! Returning LmfitResult with None.
2026-02-16 15:03:30,844 - root - ERROR - Chunk 171: No Data! Returning LmfitResult with None.
2026-02-16 15:03:30,845 - root - ERROR - Chunk 172: No Data! Returning LmfitResult with None.
2026-02-16 15:03:30,847 - root - ERROR - Chunk 173: No Data! Returning LmfitResult with None.
2026-02-16 15:03:30,848 - root - ERROR - Chunk 174: No Data! Returning LmfitResult with None.
2026-02-16 15:03:30,849 - root - ERROR - Chunk 175: No Data! Returning LmfitResult with None.
2026-02-16 15:03:30,850 - root - ERROR - Chunk 176: No Data! Returning LmfitResult with None.
2026-02-16 15:03:30,851 - root - ERROR - Chunk 177: No Data! Returning LmfitResult with None.
2026-02-16 15:03:30,852 - root - ERROR - Chunk 178: No Data! Returning LmfitResult with None.
2026-02-16 15:03:30,854 - root - ERROR - Chunk 179: No Data! Returning LmfitResult with None.
2026-02-16 15:03:30,855 - root - ERROR - Chunk 180: No Data! Returning LmfitResult with None.
2026-02-16 15:03:30,856 - root - ERROR - Chunk 181: No Data! Returning LmfitResult with None.
2026-02-16 15:03:30,857 - root - ERROR - Chunk 182: No Data! Returning LmfitResult with None.
2026-02-16 15:03:30,858 - root - ERROR - Chunk 183: No Data! Returning LmfitResult with None.
2026-02-16 15:03:30,859 - root - ERROR - Chunk 184: No Data! Returning LmfitResult with None.
2026-02-16 15:03:30,860 - root - ERROR - Chunk 185: No Data! Returning LmfitResult with None.
2026-02-16 15:03:30,861 - root - ERROR - Chunk 186: No Data! Returning LmfitResult with None.
2026-02-16 15:03:30,863 - root - ERROR - Chunk 187: No Data! Returning LmfitResult with None.
2026-02-16 15:03:30,864 - root - ERROR - Chunk 188: No Data! Returning LmfitResult with None.
2026-02-16 15:03:30,865 - root - ERROR - Chunk 189: No Data! Returning LmfitResult with None.
2026-02-16 15:03:30,866 - root - ERROR - Chunk 190: No Data! Returning LmfitResult with None.
2026-02-16 15:03:30,870 - root - ERROR - Chunk 191: No Data! Returning LmfitResult with None.
2026-02-16 15:03:30,871 - root - ERROR - Chunk 192: No Data! Returning LmfitResult with None.
2026-02-16 15:03:30,872 - root - ERROR - Chunk 193: No Data! Returning LmfitResult with None.
2026-02-16 15:03:30,873 - root - ERROR - Chunk 194: No Data! Returning LmfitResult with None.
2026-02-16 15:03:30,874 - root - ERROR - Chunk 195: No Data! Returning LmfitResult with None.
2026-02-16 15:03:30,875 - root - ERROR - Chunk 196: No Data! Returning LmfitResult with None.
2026-02-16 15:03:30,876 - root - ERROR - Chunk 197: No Data! Returning LmfitResult with None.
2026-02-16 15:03:30,878 - root - ERROR - Chunk 198: No Data! Returning LmfitResult with None.
2026-02-16 15:03:30,879 - root - ERROR - Chunk 199: No Data! Returning LmfitResult with None.
2026-02-16 15:03:30,880 - root - ERROR - Chunk 200: No Data! Returning LmfitResult with None.
2026-02-16 15:03:30,881 - root - ERROR - Chunk 201: No Data! Returning LmfitResult with None.
2026-02-16 15:03:30,883 - root - ERROR - Chunk 202: No Data! Returning LmfitResult with None.
2026-02-16 15:03:30,884 - root - ERROR - Chunk 203: No Data! Returning LmfitResult with None.
2026-02-16 15:03:30,885 - root - ERROR - Chunk 204: No Data! Returning LmfitResult with None.
2026-02-16 15:03:30,886 - root - ERROR - Chunk 205: No Data! Returning LmfitResult with None.
2026-02-16 15:03:30,887 - root - ERROR - Chunk 206: No Data! Returning LmfitResult with None.
2026-02-16 15:03:30,888 - root - ERROR - Chunk 207: No Data! Returning LmfitResult with None.
2026-02-16 15:03:30,889 - root - ERROR - Chunk 208: No Data! Returning LmfitResult with None.
2026-02-16 15:03:30,890 - root - ERROR - Chunk 209: No Data! Returning LmfitResult with None.
2026-02-16 15:03:30,891 - root - ERROR - Chunk 210: No Data! Returning LmfitResult with None.
2026-02-16 15:03:30,892 - root - ERROR - Chunk 211: No Data! Returning LmfitResult with None.
2026-02-16 15:03:30,894 - root - ERROR - Chunk 212: No Data! Returning LmfitResult with None.
2026-02-16 15:03:30,895 - root - ERROR - Chunk 213: No Data! Returning LmfitResult with None.
2026-02-16 15:03:30,896 - root - ERROR - Chunk 214: No Data! Returning LmfitResult with None.
2026-02-16 15:03:30,897 - root - ERROR - Chunk 215: No Data! Returning LmfitResult with None.
2026-02-16 15:03:30,898 - root - ERROR - Chunk 216: No Data! Returning LmfitResult with None.
2026-02-16 15:03:30,899 - root - ERROR - Chunk 217: No Data! Returning LmfitResult with None.
2026-02-16 15:03:30,900 - root - ERROR - Chunk 218: No Data! Returning LmfitResult with None.
2026-02-16 15:03:30,901 - root - ERROR - Chunk 219: No Data! Returning LmfitResult with None.
2026-02-16 15:03:30,902 - root - ERROR - Chunk 220: No Data! Returning LmfitResult with None.
2026-02-16 15:03:30,903 - root - ERROR - Chunk 221: No Data! Returning LmfitResult with None.
2026-02-16 15:03:30,904 - root - ERROR - Chunk 222: No Data! Returning LmfitResult with None.
2026-02-16 15:03:30,905 - root - ERROR - Chunk 223: No Data! Returning LmfitResult with None.
2026-02-16 15:03:30,906 - root - ERROR - Chunk 224: No Data! Returning LmfitResult with None.
2026-02-16 15:03:30,907 - root - ERROR - Chunk 225: No Data! Returning LmfitResult with None.
2026-02-16 15:03:30,909 - root - ERROR - Chunk 226: No Data! Returning LmfitResult with None.
2026-02-16 15:03:30,910 - root - ERROR - Chunk 227: No Data! Returning LmfitResult with None.
2026-02-16 15:03:30,910 - root - ERROR - Chunk 228: No Data! Returning LmfitResult with None.
2026-02-16 15:03:30,911 - root - ERROR - Chunk 229: No Data! Returning LmfitResult with None.
2026-02-16 15:03:30,913 - root - ERROR - Chunk 230: No Data! Returning LmfitResult with None.
2026-02-16 15:03:30,914 - root - ERROR - Chunk 231: No Data! Returning LmfitResult with None.
2026-02-16 15:03:30,915 - root - ERROR - Chunk 232: No Data! Returning LmfitResult with None.
2026-02-16 15:03:30,916 - root - ERROR - Chunk 233: No Data! Returning LmfitResult with None.
2026-02-16 15:03:30,917 - root - ERROR - Chunk 234: No Data! Returning LmfitResult with None.
2026-02-16 15:03:30,918 - root - ERROR - Chunk 235: No Data! Returning LmfitResult with None.
2026-02-16 15:03:30,919 - root - ERROR - Chunk 236: No Data! Returning LmfitResult with None.
2026-02-16 15:03:30,920 - root - ERROR - Chunk 237: No Data! Returning LmfitResult with None.
2026-02-16 15:03:30,921 - root - ERROR - Chunk 238: No Data! Returning LmfitResult with None.
2026-02-16 15:03:30,924 - root - ERROR - Chunk 239: No Data! Returning LmfitResult with None.
2026-02-16 15:03:30,925 - root - ERROR - Chunk 240: No Data! Returning LmfitResult with None.
2026-02-16 15:03:30,926 - root - ERROR - Chunk 241: No Data! Returning LmfitResult with None.
2026-02-16 15:03:30,927 - root - ERROR - Chunk 242: No Data! Returning LmfitResult with None.
2026-02-16 15:03:30,928 - root - ERROR - Chunk 243: No Data! Returning LmfitResult with None.
2026-02-16 15:03:30,929 - root - ERROR - Chunk 244: No Data! Returning LmfitResult with None.
2026-02-16 15:03:30,930 - root - ERROR - Chunk 245: No Data! Returning LmfitResult with None.
2026-02-16 15:03:30,931 - root - ERROR - Chunk 246: No Data! Returning LmfitResult with None.
2026-02-16 15:03:30,932 - root - ERROR - Chunk 247: No Data! Returning LmfitResult with None.
2026-02-16 15:03:30,941 - root - ERROR - Chunk 248: No Data! Returning LmfitResult with None.
2026-02-16 15:03:30,952 - root - ERROR - Chunk 249: No Data! Returning LmfitResult with None.
2026-02-16 15:03:30,955 - root - ERROR - Chunk 250: No Data! Returning LmfitResult with None.
2026-02-16 15:03:30,963 - root - ERROR - Chunk 251: No Data! Returning LmfitResult with None.
2026-02-16 15:03:30,980 - root - ERROR - Chunk 252: No Data! Returning LmfitResult with None.
2026-02-16 15:03:30,989 - root - ERROR - Chunk 253: No Data! Returning LmfitResult with None.
2026-02-16 15:03:30,995 - root - ERROR - Chunk 254: No Data! Returning LmfitResult with None.
2026-02-16 15:03:31,004 - root - ERROR - Chunk 255: No Data! Returning LmfitResult with None.
2026-02-16 15:03:31,006 - root - ERROR - Chunk 256: No Data! Returning LmfitResult with None.
2026-02-16 15:03:31,008 - root - ERROR - Chunk 257: No Data! Returning LmfitResult with None.
2026-02-16 15:03:31,009 - root - ERROR - Chunk 258: No Data! Returning LmfitResult with None.
2026-02-16 15:03:31,011 - root - ERROR - Chunk 259: No Data! Returning LmfitResult with None.
2026-02-16 15:03:31,012 - root - ERROR - Chunk 260: No Data! Returning LmfitResult with None.
2026-02-16 15:03:31,013 - root - ERROR - Chunk 261: No Data! Returning LmfitResult with None.
2026-02-16 15:03:31,015 - root - ERROR - Chunk 262: No Data! Returning LmfitResult with None.
2026-02-16 15:03:31,016 - root - ERROR - Chunk 263: No Data! Returning LmfitResult with None.
2026-02-16 15:03:31,018 - root - ERROR - Chunk 264: No Data! Returning LmfitResult with None.
2026-02-16 15:03:31,019 - root - ERROR - Chunk 265: No Data! Returning LmfitResult with None.
2026-02-16 15:03:31,020 - root - ERROR - Chunk 266: No Data! Returning LmfitResult with None.
2026-02-16 15:03:31,022 - root - ERROR - Chunk 267: No Data! Returning LmfitResult with None.
2026-02-16 15:03:31,023 - root - ERROR - Chunk 268: No Data! Returning LmfitResult with None.
2026-02-16 15:03:31,024 - root - ERROR - Chunk 269: No Data! Returning LmfitResult with None.
2026-02-16 15:03:31,026 - root - ERROR - Chunk 270: No Data! Returning LmfitResult with None.
2026-02-16 15:03:31,027 - root - ERROR - Chunk 271: No Data! Returning LmfitResult with None.
2026-02-16 15:03:31,028 - root - ERROR - Chunk 272: No Data! Returning LmfitResult with None.
2026-02-16 15:03:31,030 - root - ERROR - Chunk 273: No Data! Returning LmfitResult with None.
2026-02-16 15:03:31,031 - root - ERROR - Chunk 274: No Data! Returning LmfitResult with None.
2026-02-16 15:03:31,032 - root - ERROR - Chunk 275: No Data! Returning LmfitResult with None.
2026-02-16 15:03:31,034 - root - ERROR - Chunk 276: No Data! Returning LmfitResult with None.
2026-02-16 15:03:31,035 - root - ERROR - Chunk 277: No Data! Returning LmfitResult with None.
2026-02-16 15:03:31,037 - root - ERROR - Chunk 278: No Data! Returning LmfitResult with None.
2026-02-16 15:03:31,038 - root - ERROR - Chunk 279: No Data! Returning LmfitResult with None.
2026-02-16 15:03:31,040 - root - ERROR - Chunk 280: No Data! Returning LmfitResult with None.
2026-02-16 15:03:34,897 - root - ERROR - NaN value detected in oversampled model function.
2026-02-16 15:03:34,899 - root - ERROR - <ParameterSet (values: 17)>
    cont_intercept  =  56214.06638932193
    cont_slope      =  -16.639569214116054
    iod_depth       =  1.0896095408039508
    lsf_left_1      =  4.4259529773243695
    lsf_left_2      =  -15.852024972928543
    lsf_left_3      =  1.3021671136105308
    lsf_left_4      =  -2.0124784052841362
    lsf_left_5      =  0.8696942468985629
    lsf_right1      =  3.508493024001549
    lsf_right2      =  -14.451620791038946
    lsf_right3      =  1.7229195131819757
    lsf_right4      =  -3.9565245412690517
    lsf_right5      =  1.1787297910392716
    tem_depth       =  0.9817745916518781
    velocity        =  -27152.11656924902
    wave_intercept  =  5032.422588179272
    wave_slope      =  0.012734263968053423
2026-02-16 15:03:34,900 - root - ERROR - Evaluated LSF:
2026-02-16 15:03:34,901 - root - ERROR - [nan nan nan nan nan nan nan nan nan nan nan nan nan nan nan nan nan nan
 nan nan nan nan nan nan nan nan nan nan nan nan nan nan nan nan nan nan
 nan nan nan nan nan nan nan nan nan nan nan nan nan nan nan nan nan nan
 nan nan nan nan nan nan nan nan nan nan nan nan nan nan nan nan nan nan
 nan]
2026-02-16 15:03:41,530 - root - ERROR - NaN value detected in oversampled model function.
2026-02-16 15:03:41,531 - root - ERROR - <ParameterSet (values: 17)>
    cont_intercept  =  63960.628509077345
    cont_slope      =  64.11894192914727
    iod_depth       =  1.1223176408518654
    lsf_left_1      =  2.342788973908689
    lsf_left_2      =  -12.219640276076468
    lsf_left_3      =  1.9607381471244971
    lsf_left_4      =  -3.4262003225395343
    lsf_left_5      =  0.5674024319612276
    lsf_right1      =  5.129590681353352
    lsf_right2      =  -11.986608027371942
    lsf_right3      =  4.44355374818452
    lsf_right4      =  -3.0534224964724426
    lsf_right5      =  1.2359805369037389
    tem_depth       =  1.0683176274035344
    velocity        =  -26823.471664258737
    wave_intercept  =  5093.076986201406
    wave_slope      =  0.014764008285798953
2026-02-16 15:03:41,533 - root - ERROR - Evaluated LSF:
2026-02-16 15:03:41,534 - root - ERROR - [nan nan nan nan nan nan nan nan nan nan nan nan nan nan nan nan nan nan
 nan nan nan nan nan nan nan nan nan nan nan nan nan nan nan nan nan nan
 nan nan nan nan nan nan nan nan nan nan nan nan nan nan nan nan nan nan
 nan nan nan nan nan nan nan nan nan nan nan nan nan nan nan nan nan nan
 nan]
2026-02-16 15:03:52,488 - root - ERROR - NaN value detected in oversampled model function.
2026-02-16 15:03:52,490 - root - ERROR - <ParameterSet (values: 17)>
    cont_intercept  =  41299.20085413098
    cont_slope      =  -13.738359174587448
    iod_depth       =  0.9281965193636225
    lsf_left_1      =  3.2260003856062744
    lsf_left_2      =  -18.51684360294302
    lsf_left_3      =  8.600978957230339
    lsf_left_4      =  -2.1914175599993486
    lsf_left_5      =  0.5189825301347899
    lsf_right1      =  2.4330396502300147
    lsf_right2      =  -6.778455288158
    lsf_right3      =  4.374042259285588
    lsf_right4      =  -3.75883522931459
    lsf_right5      =  0.7811011874661841
    tem_depth       =  0.9821760221547686
    velocity        =  -27054.182506683952
    wave_intercept  =  5207.658218893323
    wave_slope      =  0.012766237120733189
2026-02-16 15:03:52,491 - root - ERROR - Evaluated LSF:
2026-02-16 15:03:52,493 - root - ERROR - [nan nan nan nan nan nan nan nan nan nan nan nan nan nan nan nan nan nan
 nan nan nan nan nan nan nan nan nan nan nan nan nan nan nan nan nan nan
 nan nan nan nan nan nan nan nan nan nan nan nan nan nan nan nan nan nan
 nan nan nan nan nan nan nan nan nan nan nan nan nan nan nan nan nan nan
 nan]
2026-02-16 15:03:55,491 - root - ERROR - NaN value detected in oversampled model function.
2026-02-16 15:03:55,493 - root - ERROR - <ParameterSet (values: 17)>
    cont_intercept  =  91032.01586211089
    cont_slope      =  -25.53844929209412
    iod_depth       =  1.0902348680873435
    lsf_left_1      =  7.940611233525319
    lsf_left_2      =  -18.105283632840436
    lsf_left_3      =  2.880086632122227
    lsf_left_4      =  -3.3828313837135964
    lsf_left_5      =  0.9219347819901321
    lsf_right1      =  2.469207820286821
    lsf_right2      =  -18.355134184024113
    lsf_right3      =  11.212628017288731
    lsf_right4      =  -3.9488584470101866
    lsf_right5      =  0.2795303313913178
    tem_depth       =  1.013575203937088
    velocity        =  -27238.06692962518
    wave_intercept  =  5239.314125968636
    wave_slope      =  0.013944832211361767
2026-02-16 15:03:55,494 - root - ERROR - Evaluated LSF:
2026-02-16 15:03:55,496 - root - ERROR - [nan nan nan nan nan nan nan nan nan nan nan nan nan nan nan nan nan nan
 nan nan nan nan nan nan nan nan nan nan nan nan nan nan nan nan nan nan
 nan nan nan nan nan nan nan nan nan nan nan nan nan nan nan nan nan nan
 nan nan nan nan nan nan nan nan nan nan nan nan nan nan nan nan nan nan
 nan]
2026-02-16 15:04:17,901 - root - ERROR - NaN value detected in oversampled model function.
2026-02-16 15:04:17,905 - root - ERROR - <ParameterSet (values: 17)>
    cont_intercept  =  74408.39588250333
    cont_slope      =  -65.53067000077942
    iod_depth       =  1.006358401341735
    lsf_left_1      =  8.494477865599716
    lsf_left_2      =  -17.150440410507766
    lsf_left_3      =  1.8751556089451795
    lsf_left_4      =  -3.9364385105187334
    lsf_left_5      =  0.4498254896924954
    lsf_right1      =  2.497727469392411
    lsf_right2      =  -9.248115876163371
    lsf_right3      =  4.270027148843607
    lsf_right4      =  -3.624671859813044
    lsf_right5      =  0.6652191672698479
    tem_depth       =  1.0168028449271678
    velocity        =  -27057.700364137014
    wave_intercept  =  5488.217263565058
    wave_slope      =  0.01334466971476722
2026-02-16 15:04:17,906 - root - ERROR - Evaluated LSF:
2026-02-16 15:04:17,907 - root - ERROR - [nan nan nan nan nan nan nan nan nan nan nan nan nan nan nan nan nan nan
 nan nan nan nan nan nan nan nan nan nan nan nan nan nan nan nan nan nan
 nan nan nan nan nan nan nan nan nan nan nan nan nan nan nan nan nan nan
 nan nan nan nan nan nan nan nan nan nan nan nan nan nan nan nan nan nan
 nan]
2026-02-16 15:04:17,960 - root - ERROR - NaN value detected in oversampled model function.
2026-02-16 15:04:17,961 - root - ERROR - <ParameterSet (values: 17)>
    cont_intercept  =  68240.22296952117
    cont_slope      =  -53.006152038689805
    iod_depth       =  1.037157863352987
    lsf_left_1      =  3.1448023573281776
    lsf_left_2      =  -16.732102533963783
    lsf_left_3      =  2.9841644759376402
    lsf_left_4      =  -3.8780779735425606
    lsf_left_5      =  0.4393060811937903
    lsf_right1      =  2.3429137687557215
    lsf_right2      =  -16.810393695967605
    lsf_right3      =  7.9274570770725505
    lsf_right4      =  -3.729181006466376
    lsf_right5      =  1.0582412632444984
    tem_depth       =  1.2405431036461207
    velocity        =  -27502.17165089986
    wave_intercept  =  5491.384724705451
    wave_slope      =  0.013111057493844802
2026-02-16 15:04:17,963 - root - ERROR - Evaluated LSF:
2026-02-16 15:04:17,964 - root - ERROR - [nan nan nan nan nan nan nan nan nan nan nan nan nan nan nan nan nan nan
 nan nan nan nan nan nan nan nan nan nan nan nan nan nan nan nan nan nan
 nan nan nan nan nan nan nan nan nan nan nan nan nan nan nan nan nan nan
 nan nan nan nan nan nan nan nan nan nan nan nan nan nan nan nan nan nan
 nan]
2026-02-16 15:04:25,251 - root - ERROR - NaN value detected in oversampled model function.
2026-02-16 15:04:25,253 - root - ERROR - <ParameterSet (values: 17)>
    cont_intercept  =  127175.36879602826
    cont_slope      =  56.38745277228656
    iod_depth       =  1.2030018387849675
    lsf_left_1      =  4.075509493723486
    lsf_left_2      =  -5.793340225700856
    lsf_left_3      =  1.6460980482718321
    lsf_left_4      =  -3.8366001223371047
    lsf_left_5      =  1.2939537968231476
    lsf_right1      =  2.5120595566858497
    lsf_right2      =  -15.160373424820934
    lsf_right3      =  1.4289828320766989
    lsf_right4      =  -1.9903592592150716
    lsf_right5      =  0.6403518346441449
    tem_depth       =  1.0747155336966994
    velocity        =  -27230.883476327992
    wave_intercept  =  5561.78257654139
    wave_slope      =  0.015648516893477543
2026-02-16 15:04:25,254 - root - ERROR - Evaluated LSF:
2026-02-16 15:04:25,256 - root - ERROR - [nan nan nan nan nan nan nan nan nan nan nan nan nan nan nan nan nan nan
 nan nan nan nan nan nan nan nan nan nan nan nan nan nan nan nan nan nan
 nan nan nan nan nan nan nan nan nan nan nan nan nan nan nan nan nan nan
 nan nan nan nan nan nan nan nan nan nan nan nan nan nan nan nan nan nan
 nan]
2026-02-16 15:04:36,436 - root - ERROR - NaN value detected in oversampled model function.
2026-02-16 15:04:36,437 - root - ERROR - <ParameterSet (values: 17)>
    cont_intercept  =  31575.74934255612
    cont_slope      =  -37.00565087791013
    iod_depth       =  0.9617087992386458
    lsf_left_1      =  5.378877038486468
    lsf_left_2      =  -16.270055633498934
    lsf_left_3      =  8.116501135034188
    lsf_left_4      =  -2.5247911117030846
    lsf_left_5      =  0.5117492541868678
    lsf_right1      =  3.5471601110499105
    lsf_right2      =  -16.948699495212754
    lsf_right3      =  2.030734321057106
    lsf_right4      =  -1.9705987951637485
    lsf_right5      =  0.17258142053882655
    tem_depth       =  0.9841952626973126
    velocity        =  -27111.04860976616
    wave_intercept  =  5707.239063521823
    wave_slope      =  0.012510142872372546
2026-02-16 15:04:36,439 - root - ERROR - Evaluated LSF:
2026-02-16 15:04:36,446 - root - ERROR - [nan nan nan nan nan nan nan nan nan nan nan nan nan nan nan nan nan nan
 nan nan nan nan nan nan nan nan nan nan nan nan nan nan nan nan nan nan
 nan nan nan nan nan nan nan nan nan nan nan nan nan nan nan nan nan nan
 nan nan nan nan nan nan nan nan nan nan nan nan nan nan nan nan nan nan
 nan]
2026-02-16 15:04:42,014 - root - ERROR - NaN value detected in oversampled model function.
2026-02-16 15:04:42,015 - root - ERROR - <ParameterSet (values: 17)>
    cont_intercept  =  125833.22367468112
    cont_slope      =  52.64521560625691
    iod_depth       =  1.0028104336552626
    lsf_left_1      =  9.352478014963648
    lsf_left_2      =  -18.665326764265508
    lsf_left_3      =  2.74646960973973
    lsf_left_4      =  -3.511113772869365
    lsf_left_5      =  0.3640506666090486
    lsf_right1      =  2.3716756564088413
    lsf_right2      =  -18.568738200180235
    lsf_right3      =  2.587453219310759
    lsf_right4      =  -3.7199023261404984
    lsf_right5      =  0.4051150011603148
    tem_depth       =  1.0016222230209404
    velocity        =  -26662.13704092553
    wave_intercept  =  5761.699219612327
    wave_slope      =  0.01708427802530516
2026-02-16 15:04:42,017 - root - ERROR - Evaluated LSF:
2026-02-16 15:04:42,018 - root - ERROR - [nan nan nan nan nan nan nan nan nan nan nan nan nan nan nan nan nan nan
 nan nan nan nan nan nan nan nan nan nan nan nan nan nan nan nan nan nan
 nan nan nan nan nan nan nan nan nan nan nan nan nan nan nan nan nan nan
 nan nan nan nan nan nan nan nan nan nan nan nan nan nan nan nan nan nan
 nan]
2026-02-16 15:04:47,196 - root - ERROR - NaN value detected in oversampled model function.
2026-02-16 15:04:47,197 - root - ERROR - <ParameterSet (values: 17)>
    cont_intercept  =  158389.37991254503
    cont_slope      =  71.13730993382187
    iod_depth       =  1.032792030197595
    lsf_left_1      =  11.113184972015697
    lsf_left_2      =  -18.628106748391588
    lsf_left_3      =  1.5711723807171512
    lsf_left_4      =  -2.5983574095906543
    lsf_left_5      =  1.3763826288318755
    lsf_right1      =  2.4277056552813443
    lsf_right2      =  -10.82288874445512
    lsf_right3      =  1.2863989692525266
    lsf_right4      =  -3.6268364383181546
    lsf_right5      =  0.3342220247883544
    tem_depth       =  1.0610299812897506
    velocity        =  -28184.86625769232
    wave_intercept  =  5820.641670141156
    wave_slope      =  0.016840057836750355
2026-02-16 15:04:47,199 - root - ERROR - Evaluated LSF:
2026-02-16 15:04:47,200 - root - ERROR - [nan nan nan nan nan nan nan nan nan nan nan nan nan nan nan nan nan nan
 nan nan nan nan nan nan nan nan nan nan nan nan nan nan nan nan nan nan
 nan nan nan nan nan nan nan nan nan nan nan nan nan nan nan nan nan nan
 nan nan nan nan nan nan nan nan nan nan nan nan nan nan nan nan nan nan
 nan]
2026-02-16 15:04:47,217 - root - ERROR - NaN value detected in oversampled model function.
2026-02-16 15:04:47,219 - root - ERROR - <ParameterSet (values: 17)>
    cont_intercept  =  162299.5603218512
    cont_slope      =  24.205592098613593
    iod_depth       =  1.0390768066144271
    lsf_left_1      =  2.67494206287057
    lsf_left_2      =  -18.694649833056793
    lsf_left_3      =  2.8678770509743323
    lsf_left_4      =  -2.589387400817755
    lsf_left_5      =  0.7831267430771225
    lsf_right1      =  9.185604827204338
    lsf_right2      =  -18.564516858909982
    lsf_right3      =  11.570462355207926
    lsf_right4      =  -3.3246441678883505
    lsf_right5      =  0.155995225460104
    tem_depth       =  0.9084885849121679
    velocity        =  -27701.697740490614
    wave_intercept  =  5822.650786219409
    wave_slope      =  0.0167263243824839
2026-02-16 15:04:47,220 - root - ERROR - Evaluated LSF:
2026-02-16 15:04:47,221 - root - ERROR - [nan nan nan nan nan nan nan nan nan nan nan nan nan nan nan nan nan nan
 nan nan nan nan nan nan nan nan nan nan nan nan nan nan nan nan nan nan
 nan nan nan nan nan nan nan nan nan nan nan nan nan nan nan nan nan nan
 nan nan nan nan nan nan nan nan nan nan nan nan nan nan nan nan nan nan
 nan]
2026-02-16 15:05:01,781 - root - ERROR - NaN value detected in oversampled model function.
2026-02-16 15:05:01,783 - root - ERROR - <ParameterSet (values: 17)>
    cont_intercept  =  89557.66200574553
    cont_slope      =  122.33479916525731
    iod_depth       =  0.3091264601179063
    lsf_left_1      =  7.180997851731269
    lsf_left_2      =  -17.750442196343855
    lsf_left_3      =  1.3597188638692634
    lsf_left_4      =  -3.2870352322171903
    lsf_left_5      =  0.17416309413998535
    lsf_right1      =  4.2680547676347835
    lsf_right2      =  -14.998235282699746
    lsf_right3      =  11.322278442387256
    lsf_right4      =  -3.917111577965618
    lsf_right5      =  0.3575723007455853
    tem_depth       =  0.8734713385265223
    velocity        =  -27006.442291643427
    wave_intercept  =  6029.241370402109
    wave_slope      =  0.019505295793884072
2026-02-16 15:05:01,784 - root - ERROR - Evaluated LSF:
2026-02-16 15:05:01,785 - root - ERROR - [nan nan nan nan nan nan nan nan nan nan nan nan nan nan nan nan nan nan
 nan nan nan nan nan nan nan nan nan nan nan nan nan nan nan nan nan nan
 nan nan nan nan nan nan nan nan nan nan nan nan nan nan nan nan nan nan
 nan nan nan nan nan nan nan nan nan nan nan nan nan nan nan nan nan nan
 nan]
2026-02-16 15:05:02,675 - root - ERROR - NaN value detected in oversampled model function.
2026-02-16 15:05:02,677 - root - ERROR - <ParameterSet (values: 17)>
    cont_intercept  =  195718.07683035196
    cont_slope      =  36.06903970090573
    iod_depth       =  1.0303180833587433
    lsf_left_1      =  2.4192074594549933
    lsf_left_2      =  -18.835759424383664
    lsf_left_3      =  2.9933923480729048
    lsf_left_4      =  -3.873774819142533
    lsf_left_5      =  0.17121344547287656
    lsf_right1      =  7.935581474390191
    lsf_right2      =  -17.634431064898333
    lsf_right3      =  11.560733381959674
    lsf_right4      =  -3.94982768571687
    lsf_right5      =  0.340720933643476
    tem_depth       =  0.851399359939905
    velocity        =  -27332.368703898715
    wave_intercept  =  6051.165045515118
    wave_slope      =  0.017500140333277535
2026-02-16 15:05:02,678 - root - ERROR - Evaluated LSF:
2026-02-16 15:05:02,679 - root - ERROR - [nan nan nan nan nan nan nan nan nan nan nan nan nan nan nan nan nan nan
 nan nan nan nan nan nan nan nan nan nan nan nan nan nan nan nan nan nan
 nan nan nan nan nan nan nan nan nan nan nan nan nan nan nan nan nan nan
 nan nan nan nan nan nan nan nan nan nan nan nan nan nan nan nan nan nan
 nan]
2026-02-16 15:05:08,973 - root - ERROR - NaN value detected in oversampled model function.
2026-02-16 15:05:08,975 - root - ERROR - <ParameterSet (values: 17)>
    cont_intercept  =  86946.39891556342
    cont_slope      =  108.23589937229035
    iod_depth       =  0.16401449924402112
    lsf_left_1      =  2.3382395076355116
    lsf_left_2      =  -18.839828318689257
    lsf_left_3      =  1.290692515593793
    lsf_left_4      =  -3.6220621545013576
    lsf_left_5      =  1.2953368399263598
    lsf_right1      =  2.436254170170849
    lsf_right2      =  -5.1978272889256925
    lsf_right3      =  1.2866457406668361
    lsf_right4      =  -3.956544286625154
    lsf_right5      =  0.1541115500672244
    tem_depth       =  0.9466799941052045
    velocity        =  -26517.931863148868
    wave_intercept  =  6151.069255822945
    wave_slope      =  0.019342221161173224
2026-02-16 15:05:08,976 - root - ERROR - Evaluated LSF:
2026-02-16 15:05:08,977 - root - ERROR - [nan nan nan nan nan nan nan nan nan nan nan nan nan nan nan nan nan nan
 nan nan nan nan nan nan nan nan nan nan nan nan nan nan nan nan nan nan
 nan nan nan nan nan nan nan nan nan nan nan nan nan nan nan nan nan nan
 nan nan nan nan nan nan nan nan nan nan nan nan nan nan nan nan nan nan
 nan]
2026-02-16 15:05:11,828 - root - ERROR - NaN value detected in oversampled model function.
2026-02-16 15:05:11,830 - root - ERROR - <ParameterSet (values: 17)>
    cont_intercept  =  69001.53376252396
    cont_slope      =  -58.322966087958314
    iod_depth       =  0.692044910092639
    lsf_left_1      =  4.221300093488547
    lsf_left_2      =  -8.468244139348238
    lsf_left_3      =  1.5880975620096605
    lsf_left_4      =  -3.5745832187563273
    lsf_left_5      =  0.5284775649413458
    lsf_right1      =  3.3216751459998313
    lsf_right2      =  -11.520626837046153
    lsf_right3      =  3.767904472387859
    lsf_right4      =  -3.7022146361324286
    lsf_right5      =  0.5630148280896361
    tem_depth       =  0.9796366627016985
    velocity        =  -27000.947633285614
    wave_intercept  =  6219.385694394718
    wave_slope      =  0.014209575720288779
2026-02-16 15:05:11,831 - root - ERROR - Evaluated LSF:
2026-02-16 15:05:11,832 - root - ERROR - [nan nan nan nan nan nan nan nan nan nan nan nan nan nan nan nan nan nan
 nan nan nan nan nan nan nan nan nan nan nan nan nan nan nan nan nan nan
 nan nan nan nan nan nan nan nan nan nan nan nan nan nan nan nan nan nan
 nan nan nan nan nan nan nan nan nan nan nan nan nan nan nan nan nan nan
 nan]
2026-02-16 15:05:15,024 - root - ERROR - Polynomial fitting failed. Falling back to input values
Traceback (most recent call last):
  File "/Users/jaklusmeyer/SONG/pyodine/pyodine/lib/misc.py", line 529, in fit_polynomial
    pfit, stats = np.polynomial.Polynomial.fit(
  File "/Users/jaklusmeyer/miniconda/envs/pyodine_env/lib/python3.9/site-packages/numpy/polynomial/_polybase.py", line 1036, in fit
    xnew = pu.mapdomain(x, domain, window)
  File "/Users/jaklusmeyer/miniconda/envs/pyodine_env/lib/python3.9/site-packages/numpy/polynomial/polyutils.py", line 371, in mapdomain
    off, scl = mapparms(old, new)
  File "/Users/jaklusmeyer/miniconda/envs/pyodine_env/lib/python3.9/site-packages/numpy/polynomial/polyutils.py", line 303, in mapparms
    off = (old[1]*new[0] - old[0]*new[1])/oldlen
ZeroDivisionError: division by zero
2026-02-16 15:05:15,026 - root - ERROR - Polynomial fitting failed. Falling back to input values
Traceback (most recent call last):
  File "/Users/jaklusmeyer/SONG/pyodine/pyodine/lib/misc.py", line 529, in fit_polynomial
    pfit, stats = np.polynomial.Polynomial.fit(
  File "/Users/jaklusmeyer/miniconda/envs/pyodine_env/lib/python3.9/site-packages/numpy/polynomial/_polybase.py", line 1036, in fit
    xnew = pu.mapdomain(x, domain, window)
  File "/Users/jaklusmeyer/miniconda/envs/pyodine_env/lib/python3.9/site-packages/numpy/polynomial/polyutils.py", line 371, in mapdomain
    off, scl = mapparms(old, new)
  File "/Users/jaklusmeyer/miniconda/envs/pyodine_env/lib/python3.9/site-packages/numpy/polynomial/polyutils.py", line 303, in mapparms
    off = (old[1]*new[0] - old[0]*new[1])/oldlen
ZeroDivisionError: division by zero
2026-02-16 15:05:15,028 - root - ERROR - Polynomial fitting failed. Falling back to input values
Traceback (most recent call last):
  File "/Users/jaklusmeyer/SONG/pyodine/pyodine/lib/misc.py", line 529, in fit_polynomial
    pfit, stats = np.polynomial.Polynomial.fit(
  File "/Users/jaklusmeyer/miniconda/envs/pyodine_env/lib/python3.9/site-packages/numpy/polynomial/_polybase.py", line 1036, in fit
    xnew = pu.mapdomain(x, domain, window)
  File "/Users/jaklusmeyer/miniconda/envs/pyodine_env/lib/python3.9/site-packages/numpy/polynomial/polyutils.py", line 371, in mapdomain
    off, scl = mapparms(old, new)
  File "/Users/jaklusmeyer/miniconda/envs/pyodine_env/lib/python3.9/site-packages/numpy/polynomial/polyutils.py", line 303, in mapparms
    off = (old[1]*new[0] - old[0]*new[1])/oldlen
ZeroDivisionError: division by zero
2026-02-16 15:05:15,029 - root - ERROR - Polynomial fitting failed. Falling back to input values
Traceback (most recent call last):
  File "/Users/jaklusmeyer/SONG/pyodine/pyodine/lib/misc.py", line 529, in fit_polynomial
    pfit, stats = np.polynomial.Polynomial.fit(
  File "/Users/jaklusmeyer/miniconda/envs/pyodine_env/lib/python3.9/site-packages/numpy/polynomial/_polybase.py", line 1036, in fit
    xnew = pu.mapdomain(x, domain, window)
  File "/Users/jaklusmeyer/miniconda/envs/pyodine_env/lib/python3.9/site-packages/numpy/polynomial/polyutils.py", line 371, in mapdomain
    off, scl = mapparms(old, new)
  File "/Users/jaklusmeyer/miniconda/envs/pyodine_env/lib/python3.9/site-packages/numpy/polynomial/polyutils.py", line 303, in mapparms
    off = (old[1]*new[0] - old[0]*new[1])/oldlen
ZeroDivisionError: division by zero
2026-02-16 15:05:15,031 - root - ERROR - Polynomial fitting failed. Falling back to input values
Traceback (most recent call last):
  File "/Users/jaklusmeyer/SONG/pyodine/pyodine/lib/misc.py", line 529, in fit_polynomial
    pfit, stats = np.polynomial.Polynomial.fit(
  File "/Users/jaklusmeyer/miniconda/envs/pyodine_env/lib/python3.9/site-packages/numpy/polynomial/_polybase.py", line 1036, in fit
    xnew = pu.mapdomain(x, domain, window)
  File "/Users/jaklusmeyer/miniconda/envs/pyodine_env/lib/python3.9/site-packages/numpy/polynomial/polyutils.py", line 371, in mapdomain
    off, scl = mapparms(old, new)
  File "/Users/jaklusmeyer/miniconda/envs/pyodine_env/lib/python3.9/site-packages/numpy/polynomial/polyutils.py", line 303, in mapparms
    off = (old[1]*new[0] - old[0]*new[1])/oldlen
ZeroDivisionError: division by zero
2026-02-16 15:05:15,032 - root - ERROR - Polynomial fitting failed. Falling back to input values
Traceback (most recent call last):
  File "/Users/jaklusmeyer/SONG/pyodine/pyodine/lib/misc.py", line 529, in fit_polynomial
    pfit, stats = np.polynomial.Polynomial.fit(
  File "/Users/jaklusmeyer/miniconda/envs/pyodine_env/lib/python3.9/site-packages/numpy/polynomial/_polybase.py", line 1036, in fit
    xnew = pu.mapdomain(x, domain, window)
  File "/Users/jaklusmeyer/miniconda/envs/pyodine_env/lib/python3.9/site-packages/numpy/polynomial/polyutils.py", line 371, in mapdomain
    off, scl = mapparms(old, new)
  File "/Users/jaklusmeyer/miniconda/envs/pyodine_env/lib/python3.9/site-packages/numpy/polynomial/polyutils.py", line 303, in mapparms
    off = (old[1]*new[0] - old[0]*new[1])/oldlen
ZeroDivisionError: division by zero
2026-02-16 15:05:15,034 - root - ERROR - Polynomial fitting failed. Falling back to input values
Traceback (most recent call last):
  File "/Users/jaklusmeyer/SONG/pyodine/pyodine/lib/misc.py", line 529, in fit_polynomial
    pfit, stats = np.polynomial.Polynomial.fit(
  File "/Users/jaklusmeyer/miniconda/envs/pyodine_env/lib/python3.9/site-packages/numpy/polynomial/_polybase.py", line 1036, in fit
    xnew = pu.mapdomain(x, domain, window)
  File "/Users/jaklusmeyer/miniconda/envs/pyodine_env/lib/python3.9/site-packages/numpy/polynomial/polyutils.py", line 371, in mapdomain
    off, scl = mapparms(old, new)
  File "/Users/jaklusmeyer/miniconda/envs/pyodine_env/lib/python3.9/site-packages/numpy/polynomial/polyutils.py", line 303, in mapparms
    off = (old[1]*new[0] - old[0]*new[1])/oldlen
ZeroDivisionError: division by zero
2026-02-16 15:05:15,044 - root - ERROR - Polynomial fitting failed. Falling back to input values
Traceback (most recent call last):
  File "/Users/jaklusmeyer/SONG/pyodine/pyodine/lib/misc.py", line 529, in fit_polynomial
    pfit, stats = np.polynomial.Polynomial.fit(
  File "/Users/jaklusmeyer/miniconda/envs/pyodine_env/lib/python3.9/site-packages/numpy/polynomial/_polybase.py", line 1036, in fit
    xnew = pu.mapdomain(x, domain, window)
  File "/Users/jaklusmeyer/miniconda/envs/pyodine_env/lib/python3.9/site-packages/numpy/polynomial/polyutils.py", line 371, in mapdomain
    off, scl = mapparms(old, new)
  File "/Users/jaklusmeyer/miniconda/envs/pyodine_env/lib/python3.9/site-packages/numpy/polynomial/polyutils.py", line 303, in mapparms
    off = (old[1]*new[0] - old[0]*new[1])/oldlen
ZeroDivisionError: division by zero
2026-02-16 15:05:15,046 - root - ERROR - Polynomial fitting failed. Falling back to input values
Traceback (most recent call last):
  File "/Users/jaklusmeyer/SONG/pyodine/pyodine/lib/misc.py", line 529, in fit_polynomial
    pfit, stats = np.polynomial.Polynomial.fit(
  File "/Users/jaklusmeyer/miniconda/envs/pyodine_env/lib/python3.9/site-packages/numpy/polynomial/_polybase.py", line 1036, in fit
    xnew = pu.mapdomain(x, domain, window)
  File "/Users/jaklusmeyer/miniconda/envs/pyodine_env/lib/python3.9/site-packages/numpy/polynomial/polyutils.py", line 371, in mapdomain
    off, scl = mapparms(old, new)
  File "/Users/jaklusmeyer/miniconda/envs/pyodine_env/lib/python3.9/site-packages/numpy/polynomial/polyutils.py", line 303, in mapparms
    off = (old[1]*new[0] - old[0]*new[1])/oldlen
ZeroDivisionError: division by zero
2026-02-16 15:05:15,047 - root - ERROR - Polynomial fitting failed. Falling back to input values
Traceback (most recent call last):
  File "/Users/jaklusmeyer/SONG/pyodine/pyodine/lib/misc.py", line 529, in fit_polynomial
    pfit, stats = np.polynomial.Polynomial.fit(
  File "/Users/jaklusmeyer/miniconda/envs/pyodine_env/lib/python3.9/site-packages/numpy/polynomial/_polybase.py", line 1036, in fit
    xnew = pu.mapdomain(x, domain, window)
  File "/Users/jaklusmeyer/miniconda/envs/pyodine_env/lib/python3.9/site-packages/numpy/polynomial/polyutils.py", line 371, in mapdomain
    off, scl = mapparms(old, new)
  File "/Users/jaklusmeyer/miniconda/envs/pyodine_env/lib/python3.9/site-packages/numpy/polynomial/polyutils.py", line 303, in mapparms
    off = (old[1]*new[0] - old[0]*new[1])/oldlen
ZeroDivisionError: division by zero
2026-02-16 15:05:15,049 - root - ERROR - Polynomial fitting failed. Falling back to input values
Traceback (most recent call last):
  File "/Users/jaklusmeyer/SONG/pyodine/pyodine/lib/misc.py", line 529, in fit_polynomial
    pfit, stats = np.polynomial.Polynomial.fit(
  File "/Users/jaklusmeyer/miniconda/envs/pyodine_env/lib/python3.9/site-packages/numpy/polynomial/_polybase.py", line 1036, in fit
    xnew = pu.mapdomain(x, domain, window)
  File "/Users/jaklusmeyer/miniconda/envs/pyodine_env/lib/python3.9/site-packages/numpy/polynomial/polyutils.py", line 371, in mapdomain
    off, scl = mapparms(old, new)
  File "/Users/jaklusmeyer/miniconda/envs/pyodine_env/lib/python3.9/site-packages/numpy/polynomial/polyutils.py", line 303, in mapparms
    off = (old[1]*new[0] - old[0]*new[1])/oldlen
ZeroDivisionError: division by zero
2026-02-16 15:05:15,050 - root - ERROR - Polynomial fitting failed. Falling back to input values
Traceback (most recent call last):
  File "/Users/jaklusmeyer/SONG/pyodine/pyodine/lib/misc.py", line 529, in fit_polynomial
    pfit, stats = np.polynomial.Polynomial.fit(
  File "/Users/jaklusmeyer/miniconda/envs/pyodine_env/lib/python3.9/site-packages/numpy/polynomial/_polybase.py", line 1036, in fit
    xnew = pu.mapdomain(x, domain, window)
  File "/Users/jaklusmeyer/miniconda/envs/pyodine_env/lib/python3.9/site-packages/numpy/polynomial/polyutils.py", line 371, in mapdomain
    off, scl = mapparms(old, new)
  File "/Users/jaklusmeyer/miniconda/envs/pyodine_env/lib/python3.9/site-packages/numpy/polynomial/polyutils.py", line 303, in mapparms
    off = (old[1]*new[0] - old[0]*new[1])/oldlen
ZeroDivisionError: division by zero
2026-02-16 15:05:15,052 - root - ERROR - Polynomial fitting failed. Falling back to input values
Traceback (most recent call last):
  File "/Users/jaklusmeyer/SONG/pyodine/pyodine/lib/misc.py", line 529, in fit_polynomial
    pfit, stats = np.polynomial.Polynomial.fit(
  File "/Users/jaklusmeyer/miniconda/envs/pyodine_env/lib/python3.9/site-packages/numpy/polynomial/_polybase.py", line 1036, in fit
    xnew = pu.mapdomain(x, domain, window)
  File "/Users/jaklusmeyer/miniconda/envs/pyodine_env/lib/python3.9/site-packages/numpy/polynomial/polyutils.py", line 371, in mapdomain
    off, scl = mapparms(old, new)
  File "/Users/jaklusmeyer/miniconda/envs/pyodine_env/lib/python3.9/site-packages/numpy/polynomial/polyutils.py", line 303, in mapparms
    off = (old[1]*new[0] - old[0]*new[1])/oldlen
ZeroDivisionError: division by zero
2026-02-16 15:05:15,053 - root - ERROR - Polynomial fitting failed. Falling back to input values
Traceback (most recent call last):
  File "/Users/jaklusmeyer/SONG/pyodine/pyodine/lib/misc.py", line 529, in fit_polynomial
    pfit, stats = np.polynomial.Polynomial.fit(
  File "/Users/jaklusmeyer/miniconda/envs/pyodine_env/lib/python3.9/site-packages/numpy/polynomial/_polybase.py", line 1036, in fit
    xnew = pu.mapdomain(x, domain, window)
  File "/Users/jaklusmeyer/miniconda/envs/pyodine_env/lib/python3.9/site-packages/numpy/polynomial/polyutils.py", line 371, in mapdomain
    off, scl = mapparms(old, new)
  File "/Users/jaklusmeyer/miniconda/envs/pyodine_env/lib/python3.9/site-packages/numpy/polynomial/polyutils.py", line 303, in mapparms
    off = (old[1]*new[0] - old[0]*new[1])/oldlen
ZeroDivisionError: division by zero
2026-02-16 15:05:17,705 - root - ERROR - NaN value detected in iodine function.
2026-02-16 15:05:17,707 - root - ERROR - Chunk could not be plotted
Traceback (most recent call last):
  File "/Users/jaklusmeyer/SONG/pyodine/pyodine/plot_lib.py", line 62, in plot_chunkmodel
    sp = fit_results[chunk_nr].fitted_spectrum
  File "/Users/jaklusmeyer/SONG/pyodine/pyodine/fitters/base.py", line 45, in fitted_spectrum
    return self.model.eval_spectrum(self.chunk, self.params, chunk_ind=self.chunk_ind)
  File "/Users/jaklusmeyer/SONG/pyodine/pyodine/models/base.py", line 79, in eval_spectrum
    flux = self.eval(chunk, params, chunk_ind=chunk_ind, **kwargs)
  File "/Users/jaklusmeyer/SONG/pyodine/pyodine/models/spectrum.py", line 138, in eval
    tck = splrep(tem.wave * doppler, flux_tem, s=0)
  File "/Users/jaklusmeyer/miniconda/envs/pyodine_env/lib/python3.9/site-packages/scipy/interpolate/_fitpack_py.py", line 295, in splrep
    res = _impl.splrep(x, y, w, xb, xe, k, task, s, t, full_output, per, quiet)
  File "/Users/jaklusmeyer/miniconda/envs/pyodine_env/lib/python3.9/site-packages/scipy/interpolate/_fitpack_impl.py", line 276, in splrep
    n, c, fp, ier = dfitpack.curfit(task, x, y, w, t, wrk, iwrk,
dfitpack.error: (xb<=x[0]) failed for 1st keyword xb: curfit:xb=nan
2026-02-16 15:05:17,969 - root - ERROR - NaN value detected in iodine function.
2026-02-16 15:05:17,970 - root - ERROR - Chunk could not be plotted
Traceback (most recent call last):
  File "/Users/jaklusmeyer/SONG/pyodine/pyodine/plot_lib.py", line 62, in plot_chunkmodel
    sp = fit_results[chunk_nr].fitted_spectrum
  File "/Users/jaklusmeyer/SONG/pyodine/pyodine/fitters/base.py", line 45, in fitted_spectrum
    return self.model.eval_spectrum(self.chunk, self.params, chunk_ind=self.chunk_ind)
  File "/Users/jaklusmeyer/SONG/pyodine/pyodine/models/base.py", line 79, in eval_spectrum
    flux = self.eval(chunk, params, chunk_ind=chunk_ind, **kwargs)
  File "/Users/jaklusmeyer/SONG/pyodine/pyodine/models/spectrum.py", line 138, in eval
    tck = splrep(tem.wave * doppler, flux_tem, s=0)
  File "/Users/jaklusmeyer/miniconda/envs/pyodine_env/lib/python3.9/site-packages/scipy/interpolate/_fitpack_py.py", line 295, in splrep
    res = _impl.splrep(x, y, w, xb, xe, k, task, s, t, full_output, per, quiet)
  File "/Users/jaklusmeyer/miniconda/envs/pyodine_env/lib/python3.9/site-packages/scipy/interpolate/_fitpack_impl.py", line 276, in splrep
    n, c, fp, ier = dfitpack.curfit(task, x, y, w, t, wrk, iwrk,
dfitpack.error: (xb<=x[0]) failed for 1st keyword xb: curfit:xb=nan
