2026-03-10 09:31:43,529 - root - ERROR - Chunk 0: No Data! Returning LmfitResult with None.
2026-03-10 09:31:43,531 - root - ERROR - Chunk 1: No Data! Returning LmfitResult with None.
2026-03-10 09:31:43,532 - root - ERROR - Chunk 2: No Data! Returning LmfitResult with None.
2026-03-10 09:31:43,533 - root - ERROR - Chunk 3: No Data! Returning LmfitResult with None.
2026-03-10 09:31:43,534 - root - ERROR - Chunk 4: No Data! Returning LmfitResult with None.
2026-03-10 09:31:43,535 - root - ERROR - Chunk 5: No Data! Returning LmfitResult with None.
2026-03-10 09:31:43,536 - root - ERROR - Chunk 6: No Data! Returning LmfitResult with None.
2026-03-10 09:31:43,537 - root - ERROR - Chunk 7: No Data! Returning LmfitResult with None.
2026-03-10 09:31:43,538 - root - ERROR - Chunk 8: No Data! Returning LmfitResult with None.
2026-03-10 09:31:43,540 - root - ERROR - Chunk 9: No Data! Returning LmfitResult with None.
2026-03-10 09:31:43,541 - root - ERROR - Chunk 10: No Data! Returning LmfitResult with None.
2026-03-10 09:31:43,542 - root - ERROR - Chunk 11: No Data! Returning LmfitResult with None.
2026-03-10 09:31:43,543 - root - ERROR - Chunk 12: No Data! Returning LmfitResult with None.
2026-03-10 09:31:43,544 - root - ERROR - Chunk 13: No Data! Returning LmfitResult with None.
2026-03-10 09:31:43,545 - root - ERROR - Chunk 14: No Data! Returning LmfitResult with None.
2026-03-10 09:31:43,546 - root - ERROR - Chunk 15: No Data! Returning LmfitResult with None.
2026-03-10 09:31:43,561 - root - ERROR - Chunk 16: No Data! Returning LmfitResult with None.
2026-03-10 09:31:43,562 - root - ERROR - Chunk 17: No Data! Returning LmfitResult with None.
2026-03-10 09:31:43,563 - root - ERROR - Chunk 18: No Data! Returning LmfitResult with None.
2026-03-10 09:31:43,565 - root - ERROR - Chunk 19: No Data! Returning LmfitResult with None.
2026-03-10 09:31:43,567 - root - ERROR - Chunk 20: No Data! Returning LmfitResult with None.
2026-03-10 09:31:43,568 - root - ERROR - Chunk 21: No Data! Returning LmfitResult with None.
2026-03-10 09:31:43,573 - root - ERROR - Chunk 22: No Data! Returning LmfitResult with None.
2026-03-10 09:31:43,578 - root - ERROR - Chunk 23: No Data! Returning LmfitResult with None.
2026-03-10 09:31:43,580 - root - ERROR - Chunk 24: No Data! Returning LmfitResult with None.
2026-03-10 09:31:43,582 - root - ERROR - Chunk 25: No Data! Returning LmfitResult with None.
2026-03-10 09:31:43,584 - root - ERROR - Chunk 26: No Data! Returning LmfitResult with None.
2026-03-10 09:31:43,585 - root - ERROR - Chunk 27: No Data! Returning LmfitResult with None.
2026-03-10 09:31:43,586 - root - ERROR - Chunk 28: No Data! Returning LmfitResult with None.
2026-03-10 09:31:43,587 - root - ERROR - Chunk 29: No Data! Returning LmfitResult with None.
2026-03-10 09:31:43,588 - root - ERROR - Chunk 30: No Data! Returning LmfitResult with None.
2026-03-10 09:31:43,590 - root - ERROR - Chunk 31: No Data! Returning LmfitResult with None.
2026-03-10 09:31:43,593 - root - ERROR - Chunk 32: No Data! Returning LmfitResult with None.
2026-03-10 09:31:43,595 - root - ERROR - Chunk 33: No Data! Returning LmfitResult with None.
2026-03-10 09:31:43,596 - root - ERROR - Chunk 34: No Data! Returning LmfitResult with None.
2026-03-10 09:31:43,598 - root - ERROR - Chunk 35: No Data! Returning LmfitResult with None.
2026-03-10 09:31:43,599 - root - ERROR - Chunk 36: No Data! Returning LmfitResult with None.
2026-03-10 09:31:43,600 - root - ERROR - Chunk 37: No Data! Returning LmfitResult with None.
2026-03-10 09:31:43,601 - root - ERROR - Chunk 38: No Data! Returning LmfitResult with None.
2026-03-10 09:31:43,602 - root - ERROR - Chunk 39: No Data! Returning LmfitResult with None.
2026-03-10 09:31:43,603 - root - ERROR - Chunk 40: No Data! Returning LmfitResult with None.
2026-03-10 09:31:43,605 - root - ERROR - Chunk 41: No Data! Returning LmfitResult with None.
2026-03-10 09:31:43,606 - root - ERROR - Chunk 42: No Data! Returning LmfitResult with None.
2026-03-10 09:31:43,607 - root - ERROR - Chunk 43: No Data! Returning LmfitResult with None.
2026-03-10 09:31:43,609 - root - ERROR - Chunk 44: No Data! Returning LmfitResult with None.
2026-03-10 09:31:43,610 - root - ERROR - Chunk 45: No Data! Returning LmfitResult with None.
2026-03-10 09:31:43,611 - root - ERROR - Chunk 46: No Data! Returning LmfitResult with None.
2026-03-10 09:31:43,612 - root - ERROR - Chunk 47: No Data! Returning LmfitResult with None.
2026-03-10 09:31:43,613 - root - ERROR - Chunk 48: No Data! Returning LmfitResult with None.
2026-03-10 09:31:43,614 - root - ERROR - Chunk 49: No Data! Returning LmfitResult with None.
2026-03-10 09:31:43,615 - root - ERROR - Chunk 50: No Data! Returning LmfitResult with None.
2026-03-10 09:31:43,616 - root - ERROR - Chunk 51: No Data! Returning LmfitResult with None.
2026-03-10 09:31:43,617 - root - ERROR - Chunk 52: No Data! Returning LmfitResult with None.
2026-03-10 09:31:43,619 - root - ERROR - Chunk 53: No Data! Returning LmfitResult with None.
2026-03-10 09:31:43,620 - root - ERROR - Chunk 54: No Data! Returning LmfitResult with None.
2026-03-10 09:31:43,621 - root - ERROR - Chunk 55: No Data! Returning LmfitResult with None.
2026-03-10 09:31:43,622 - root - ERROR - Chunk 56: No Data! Returning LmfitResult with None.
2026-03-10 09:31:43,624 - root - ERROR - Chunk 57: No Data! Returning LmfitResult with None.
2026-03-10 09:31:43,642 - root - ERROR - Chunk 58: No Data! Returning LmfitResult with None.
2026-03-10 09:31:43,646 - root - ERROR - Chunk 59: No Data! Returning LmfitResult with None.
2026-03-10 09:31:43,672 - root - ERROR - Chunk 60: No Data! Returning LmfitResult with None.
2026-03-10 09:31:43,674 - root - ERROR - Chunk 61: No Data! Returning LmfitResult with None.
2026-03-10 09:31:43,676 - root - ERROR - Chunk 62: No Data! Returning LmfitResult with None.
2026-03-10 09:31:43,678 - root - ERROR - Chunk 63: No Data! Returning LmfitResult with None.
2026-03-10 09:31:43,693 - root - ERROR - Chunk 64: No Data! Returning LmfitResult with None.
2026-03-10 09:31:43,694 - root - ERROR - Chunk 65: No Data! Returning LmfitResult with None.
2026-03-10 09:31:43,697 - root - ERROR - Chunk 66: No Data! Returning LmfitResult with None.
2026-03-10 09:31:43,698 - root - ERROR - Chunk 67: No Data! Returning LmfitResult with None.
2026-03-10 09:31:43,707 - root - ERROR - Chunk 68: No Data! Returning LmfitResult with None.
2026-03-10 09:31:43,713 - root - ERROR - Chunk 69: No Data! Returning LmfitResult with None.
2026-03-10 09:31:43,721 - root - ERROR - Chunk 70: No Data! Returning LmfitResult with None.
2026-03-10 09:31:43,724 - root - ERROR - Chunk 71: No Data! Returning LmfitResult with None.
2026-03-10 09:31:43,726 - root - ERROR - Chunk 72: No Data! Returning LmfitResult with None.
2026-03-10 09:31:43,732 - root - ERROR - Chunk 73: No Data! Returning LmfitResult with None.
2026-03-10 09:31:43,736 - root - ERROR - Chunk 74: No Data! Returning LmfitResult with None.
2026-03-10 09:31:43,737 - root - ERROR - Chunk 75: No Data! Returning LmfitResult with None.
2026-03-10 09:31:43,739 - root - ERROR - Chunk 76: No Data! Returning LmfitResult with None.
2026-03-10 09:31:43,740 - root - ERROR - Chunk 77: No Data! Returning LmfitResult with None.
2026-03-10 09:31:43,741 - root - ERROR - Chunk 78: No Data! Returning LmfitResult with None.
2026-03-10 09:31:43,742 - root - ERROR - Chunk 79: No Data! Returning LmfitResult with None.
2026-03-10 09:31:43,749 - root - ERROR - Chunk 80: No Data! Returning LmfitResult with None.
2026-03-10 09:31:43,756 - root - ERROR - Chunk 81: No Data! Returning LmfitResult with None.
2026-03-10 09:31:43,757 - root - ERROR - Chunk 82: No Data! Returning LmfitResult with None.
2026-03-10 09:31:43,759 - root - ERROR - Chunk 83: No Data! Returning LmfitResult with None.
2026-03-10 09:31:43,762 - root - ERROR - Chunk 84: No Data! Returning LmfitResult with None.
2026-03-10 09:31:43,767 - root - ERROR - Chunk 85: No Data! Returning LmfitResult with None.
2026-03-10 09:31:43,770 - root - ERROR - Chunk 86: No Data! Returning LmfitResult with None.
2026-03-10 09:31:43,772 - root - ERROR - Chunk 87: No Data! Returning LmfitResult with None.
2026-03-10 09:31:43,775 - root - ERROR - Chunk 88: No Data! Returning LmfitResult with None.
2026-03-10 09:31:43,782 - root - ERROR - Chunk 89: No Data! Returning LmfitResult with None.
2026-03-10 09:31:43,800 - root - ERROR - Chunk 90: No Data! Returning LmfitResult with None.
2026-03-10 09:31:43,816 - root - ERROR - Chunk 91: No Data! Returning LmfitResult with None.
2026-03-10 09:31:43,824 - root - ERROR - Chunk 92: No Data! Returning LmfitResult with None.
2026-03-10 09:31:43,831 - root - ERROR - Chunk 93: No Data! Returning LmfitResult with None.
2026-03-10 09:31:43,832 - root - ERROR - Chunk 94: No Data! Returning LmfitResult with None.
2026-03-10 09:31:43,834 - root - ERROR - Chunk 95: No Data! Returning LmfitResult with None.
2026-03-10 09:31:43,838 - root - ERROR - Chunk 96: No Data! Returning LmfitResult with None.
2026-03-10 09:31:43,855 - root - ERROR - Chunk 97: No Data! Returning LmfitResult with None.
2026-03-10 09:31:43,857 - root - ERROR - Chunk 98: No Data! Returning LmfitResult with None.
2026-03-10 09:31:43,858 - root - ERROR - Chunk 99: No Data! Returning LmfitResult with None.
2026-03-10 09:31:43,859 - root - ERROR - Chunk 100: No Data! Returning LmfitResult with None.
2026-03-10 09:31:43,860 - root - ERROR - Chunk 101: No Data! Returning LmfitResult with None.
2026-03-10 09:31:43,861 - root - ERROR - Chunk 102: No Data! Returning LmfitResult with None.
2026-03-10 09:31:43,862 - root - ERROR - Chunk 103: No Data! Returning LmfitResult with None.
2026-03-10 09:31:43,864 - root - ERROR - Chunk 104: No Data! Returning LmfitResult with None.
2026-03-10 09:31:43,865 - root - ERROR - Chunk 105: No Data! Returning LmfitResult with None.
2026-03-10 09:31:43,866 - root - ERROR - Chunk 106: No Data! Returning LmfitResult with None.
2026-03-10 09:31:43,867 - root - ERROR - Chunk 107: No Data! Returning LmfitResult with None.
2026-03-10 09:31:43,868 - root - ERROR - Chunk 108: No Data! Returning LmfitResult with None.
2026-03-10 09:31:43,869 - root - ERROR - Chunk 109: No Data! Returning LmfitResult with None.
2026-03-10 09:31:43,877 - root - ERROR - Chunk 110: No Data! Returning LmfitResult with None.
2026-03-10 09:31:43,896 - root - ERROR - Chunk 111: No Data! Returning LmfitResult with None.
2026-03-10 09:31:43,911 - root - ERROR - Chunk 112: No Data! Returning LmfitResult with None.
2026-03-10 09:31:43,912 - root - ERROR - Chunk 113: No Data! Returning LmfitResult with None.
2026-03-10 09:31:43,913 - root - ERROR - Chunk 114: No Data! Returning LmfitResult with None.
2026-03-10 09:31:43,915 - root - ERROR - Chunk 115: No Data! Returning LmfitResult with None.
2026-03-10 09:31:43,917 - root - ERROR - Chunk 116: No Data! Returning LmfitResult with None.
2026-03-10 09:31:43,920 - root - ERROR - Chunk 117: No Data! Returning LmfitResult with None.
2026-03-10 09:31:43,936 - root - ERROR - Chunk 118: No Data! Returning LmfitResult with None.
2026-03-10 09:31:43,940 - root - ERROR - Chunk 119: No Data! Returning LmfitResult with None.
2026-03-10 09:31:43,950 - root - ERROR - Chunk 120: No Data! Returning LmfitResult with None.
2026-03-10 09:31:43,954 - root - ERROR - Chunk 121: No Data! Returning LmfitResult with None.
2026-03-10 09:31:43,959 - root - ERROR - Chunk 122: No Data! Returning LmfitResult with None.
2026-03-10 09:31:43,964 - root - ERROR - Chunk 123: No Data! Returning LmfitResult with None.
2026-03-10 09:31:43,987 - root - ERROR - Chunk 124: No Data! Returning LmfitResult with None.
2026-03-10 09:31:44,009 - root - ERROR - Chunk 125: No Data! Returning LmfitResult with None.
2026-03-10 09:31:44,013 - root - ERROR - Chunk 126: No Data! Returning LmfitResult with None.
2026-03-10 09:31:44,014 - root - ERROR - Chunk 127: No Data! Returning LmfitResult with None.
2026-03-10 09:31:44,016 - root - ERROR - Chunk 128: No Data! Returning LmfitResult with None.
2026-03-10 09:31:44,027 - root - ERROR - Chunk 129: No Data! Returning LmfitResult with None.
2026-03-10 09:31:44,028 - root - ERROR - Chunk 130: No Data! Returning LmfitResult with None.
2026-03-10 09:31:44,032 - root - ERROR - Chunk 131: No Data! Returning LmfitResult with None.
2026-03-10 09:31:44,043 - root - ERROR - Chunk 132: No Data! Returning LmfitResult with None.
2026-03-10 09:31:44,054 - root - ERROR - Chunk 133: No Data! Returning LmfitResult with None.
2026-03-10 09:31:44,055 - root - ERROR - Chunk 134: No Data! Returning LmfitResult with None.
2026-03-10 09:31:44,056 - root - ERROR - Chunk 135: No Data! Returning LmfitResult with None.
2026-03-10 09:31:44,058 - root - ERROR - Chunk 136: No Data! Returning LmfitResult with None.
2026-03-10 09:31:44,059 - root - ERROR - Chunk 137: No Data! Returning LmfitResult with None.
2026-03-10 09:31:44,060 - root - ERROR - Chunk 138: No Data! Returning LmfitResult with None.
2026-03-10 09:31:44,061 - root - ERROR - Chunk 139: No Data! Returning LmfitResult with None.
2026-03-10 09:31:44,062 - root - ERROR - Chunk 140: No Data! Returning LmfitResult with None.
2026-03-10 09:31:44,063 - root - ERROR - Chunk 141: No Data! Returning LmfitResult with None.
2026-03-10 09:31:44,064 - root - ERROR - Chunk 142: No Data! Returning LmfitResult with None.
2026-03-10 09:31:44,067 - root - ERROR - Chunk 143: No Data! Returning LmfitResult with None.
2026-03-10 09:31:44,067 - root - ERROR - Chunk 144: No Data! Returning LmfitResult with None.
2026-03-10 09:31:44,068 - root - ERROR - Chunk 145: No Data! Returning LmfitResult with None.
2026-03-10 09:31:44,069 - root - ERROR - Chunk 146: No Data! Returning LmfitResult with None.
2026-03-10 09:31:44,071 - root - ERROR - Chunk 147: No Data! Returning LmfitResult with None.
2026-03-10 09:31:44,072 - root - ERROR - Chunk 148: No Data! Returning LmfitResult with None.
2026-03-10 09:31:44,073 - root - ERROR - Chunk 149: No Data! Returning LmfitResult with None.
2026-03-10 09:31:44,074 - root - ERROR - Chunk 150: No Data! Returning LmfitResult with None.
2026-03-10 09:31:44,076 - root - ERROR - Chunk 151: No Data! Returning LmfitResult with None.
2026-03-10 09:31:44,077 - root - ERROR - Chunk 152: No Data! Returning LmfitResult with None.
2026-03-10 09:31:44,078 - root - ERROR - Chunk 153: No Data! Returning LmfitResult with None.
2026-03-10 09:31:44,081 - root - ERROR - Chunk 154: No Data! Returning LmfitResult with None.
2026-03-10 09:31:44,083 - root - ERROR - Chunk 155: No Data! Returning LmfitResult with None.
2026-03-10 09:31:44,084 - root - ERROR - Chunk 156: No Data! Returning LmfitResult with None.
2026-03-10 09:31:44,085 - root - ERROR - Chunk 157: No Data! Returning LmfitResult with None.
2026-03-10 09:31:44,086 - root - ERROR - Chunk 158: No Data! Returning LmfitResult with None.
2026-03-10 09:31:44,087 - root - ERROR - Chunk 159: No Data! Returning LmfitResult with None.
2026-03-10 09:31:44,093 - root - ERROR - Chunk 160: No Data! Returning LmfitResult with None.
2026-03-10 09:31:44,094 - root - ERROR - Chunk 161: No Data! Returning LmfitResult with None.
2026-03-10 09:31:44,095 - root - ERROR - Chunk 162: No Data! Returning LmfitResult with None.
2026-03-10 09:31:44,097 - root - ERROR - Chunk 163: No Data! Returning LmfitResult with None.
2026-03-10 09:31:44,100 - root - ERROR - Chunk 164: No Data! Returning LmfitResult with None.
2026-03-10 09:31:44,103 - root - ERROR - Chunk 165: No Data! Returning LmfitResult with None.
2026-03-10 09:31:44,105 - root - ERROR - Chunk 166: No Data! Returning LmfitResult with None.
2026-03-10 09:31:44,106 - root - ERROR - Chunk 167: No Data! Returning LmfitResult with None.
2026-03-10 09:31:44,107 - root - ERROR - Chunk 168: No Data! Returning LmfitResult with None.
2026-03-10 09:31:44,108 - root - ERROR - Chunk 169: No Data! Returning LmfitResult with None.
2026-03-10 09:31:44,109 - root - ERROR - Chunk 170: No Data! Returning LmfitResult with None.
2026-03-10 09:31:44,110 - root - ERROR - Chunk 171: No Data! Returning LmfitResult with None.
2026-03-10 09:31:44,111 - root - ERROR - Chunk 172: No Data! Returning LmfitResult with None.
2026-03-10 09:31:44,112 - root - ERROR - Chunk 173: No Data! Returning LmfitResult with None.
2026-03-10 09:31:44,113 - root - ERROR - Chunk 174: No Data! Returning LmfitResult with None.
2026-03-10 09:31:44,115 - root - ERROR - Chunk 175: No Data! Returning LmfitResult with None.
2026-03-10 09:31:44,117 - root - ERROR - Chunk 176: No Data! Returning LmfitResult with None.
2026-03-10 09:31:44,123 - root - ERROR - Chunk 177: No Data! Returning LmfitResult with None.
2026-03-10 09:31:44,187 - root - ERROR - Chunk 178: No Data! Returning LmfitResult with None.
2026-03-10 09:31:44,188 - root - ERROR - Chunk 179: No Data! Returning LmfitResult with None.
2026-03-10 09:31:44,195 - root - ERROR - Chunk 180: No Data! Returning LmfitResult with None.
2026-03-10 09:31:44,214 - root - ERROR - Chunk 181: No Data! Returning LmfitResult with None.
2026-03-10 09:31:44,219 - root - ERROR - Chunk 182: No Data! Returning LmfitResult with None.
2026-03-10 09:31:44,230 - root - ERROR - Chunk 183: No Data! Returning LmfitResult with None.
2026-03-10 09:31:44,243 - root - ERROR - Chunk 184: No Data! Returning LmfitResult with None.
2026-03-10 09:31:44,254 - root - ERROR - Chunk 185: No Data! Returning LmfitResult with None.
2026-03-10 09:31:44,263 - root - ERROR - Chunk 186: No Data! Returning LmfitResult with None.
2026-03-10 09:31:44,267 - root - ERROR - Chunk 187: No Data! Returning LmfitResult with None.
2026-03-10 09:31:44,281 - root - ERROR - Chunk 188: No Data! Returning LmfitResult with None.
2026-03-10 09:31:44,307 - root - ERROR - Chunk 189: No Data! Returning LmfitResult with None.
2026-03-10 09:31:44,350 - root - ERROR - Chunk 190: No Data! Returning LmfitResult with None.
2026-03-10 09:31:44,372 - root - ERROR - Chunk 191: No Data! Returning LmfitResult with None.
2026-03-10 09:31:44,391 - root - ERROR - Chunk 192: No Data! Returning LmfitResult with None.
2026-03-10 09:31:44,399 - root - ERROR - Chunk 193: No Data! Returning LmfitResult with None.
2026-03-10 09:31:44,407 - root - ERROR - Chunk 194: No Data! Returning LmfitResult with None.
2026-03-10 09:31:44,429 - root - ERROR - Chunk 195: No Data! Returning LmfitResult with None.
2026-03-10 09:31:44,431 - root - ERROR - Chunk 196: No Data! Returning LmfitResult with None.
2026-03-10 09:31:44,432 - root - ERROR - Chunk 197: No Data! Returning LmfitResult with None.
2026-03-10 09:31:44,439 - root - ERROR - Chunk 198: No Data! Returning LmfitResult with None.
2026-03-10 09:31:44,442 - root - ERROR - Chunk 199: No Data! Returning LmfitResult with None.
2026-03-10 09:31:44,448 - root - ERROR - Chunk 200: No Data! Returning LmfitResult with None.
2026-03-10 09:31:44,454 - root - ERROR - Chunk 201: No Data! Returning LmfitResult with None.
2026-03-10 09:31:44,460 - root - ERROR - Chunk 202: No Data! Returning LmfitResult with None.
2026-03-10 09:31:44,463 - root - ERROR - Chunk 203: No Data! Returning LmfitResult with None.
2026-03-10 09:31:44,465 - root - ERROR - Chunk 204: No Data! Returning LmfitResult with None.
2026-03-10 09:31:44,470 - root - ERROR - Chunk 205: No Data! Returning LmfitResult with None.
2026-03-10 09:31:44,479 - root - ERROR - Chunk 206: No Data! Returning LmfitResult with None.
2026-03-10 09:31:44,481 - root - ERROR - Chunk 207: No Data! Returning LmfitResult with None.
2026-03-10 09:31:44,482 - root - ERROR - Chunk 208: No Data! Returning LmfitResult with None.
2026-03-10 09:31:44,484 - root - ERROR - Chunk 209: No Data! Returning LmfitResult with None.
2026-03-10 09:31:44,485 - root - ERROR - Chunk 210: No Data! Returning LmfitResult with None.
2026-03-10 09:31:44,487 - root - ERROR - Chunk 211: No Data! Returning LmfitResult with None.
2026-03-10 09:31:44,488 - root - ERROR - Chunk 212: No Data! Returning LmfitResult with None.
2026-03-10 09:31:44,489 - root - ERROR - Chunk 213: No Data! Returning LmfitResult with None.
2026-03-10 09:31:44,490 - root - ERROR - Chunk 214: No Data! Returning LmfitResult with None.
2026-03-10 09:31:44,491 - root - ERROR - Chunk 215: No Data! Returning LmfitResult with None.
2026-03-10 09:31:44,492 - root - ERROR - Chunk 216: No Data! Returning LmfitResult with None.
2026-03-10 09:31:44,493 - root - ERROR - Chunk 217: No Data! Returning LmfitResult with None.
2026-03-10 09:31:44,494 - root - ERROR - Chunk 218: No Data! Returning LmfitResult with None.
2026-03-10 09:31:44,495 - root - ERROR - Chunk 219: No Data! Returning LmfitResult with None.
2026-03-10 09:31:44,496 - root - ERROR - Chunk 220: No Data! Returning LmfitResult with None.
2026-03-10 09:31:44,497 - root - ERROR - Chunk 221: No Data! Returning LmfitResult with None.
2026-03-10 09:31:44,498 - root - ERROR - Chunk 222: No Data! Returning LmfitResult with None.
2026-03-10 09:31:44,500 - root - ERROR - Chunk 223: No Data! Returning LmfitResult with None.
2026-03-10 09:31:44,501 - root - ERROR - Chunk 224: No Data! Returning LmfitResult with None.
2026-03-10 09:31:44,502 - root - ERROR - Chunk 225: No Data! Returning LmfitResult with None.
2026-03-10 09:31:44,503 - root - ERROR - Chunk 226: No Data! Returning LmfitResult with None.
2026-03-10 09:31:44,504 - root - ERROR - Chunk 227: No Data! Returning LmfitResult with None.
2026-03-10 09:31:44,505 - root - ERROR - Chunk 228: No Data! Returning LmfitResult with None.
2026-03-10 09:31:44,506 - root - ERROR - Chunk 229: No Data! Returning LmfitResult with None.
2026-03-10 09:31:44,507 - root - ERROR - Chunk 230: No Data! Returning LmfitResult with None.
2026-03-10 09:31:44,508 - root - ERROR - Chunk 231: No Data! Returning LmfitResult with None.
2026-03-10 09:31:44,509 - root - ERROR - Chunk 232: No Data! Returning LmfitResult with None.
2026-03-10 09:31:44,510 - root - ERROR - Chunk 233: No Data! Returning LmfitResult with None.
2026-03-10 09:31:44,511 - root - ERROR - Chunk 234: No Data! Returning LmfitResult with None.
2026-03-10 09:31:44,511 - root - ERROR - Chunk 235: No Data! Returning LmfitResult with None.
2026-03-10 09:31:44,512 - root - ERROR - Chunk 236: No Data! Returning LmfitResult with None.
2026-03-10 09:31:44,513 - root - ERROR - Chunk 237: No Data! Returning LmfitResult with None.
2026-03-10 09:31:44,515 - root - ERROR - Chunk 238: No Data! Returning LmfitResult with None.
2026-03-10 09:31:44,516 - root - ERROR - Chunk 239: No Data! Returning LmfitResult with None.
2026-03-10 09:31:44,517 - root - ERROR - Chunk 240: No Data! Returning LmfitResult with None.
2026-03-10 09:31:44,518 - root - ERROR - Chunk 241: No Data! Returning LmfitResult with None.
2026-03-10 09:31:44,519 - root - ERROR - Chunk 242: No Data! Returning LmfitResult with None.
2026-03-10 09:31:44,519 - root - ERROR - Chunk 243: No Data! Returning LmfitResult with None.
2026-03-10 09:31:44,520 - root - ERROR - Chunk 244: No Data! Returning LmfitResult with None.
2026-03-10 09:31:44,521 - root - ERROR - Chunk 245: No Data! Returning LmfitResult with None.
2026-03-10 09:31:44,522 - root - ERROR - Chunk 246: No Data! Returning LmfitResult with None.
2026-03-10 09:31:44,523 - root - ERROR - Chunk 247: No Data! Returning LmfitResult with None.
2026-03-10 09:31:44,524 - root - ERROR - Chunk 248: No Data! Returning LmfitResult with None.
2026-03-10 09:31:44,525 - root - ERROR - Chunk 249: No Data! Returning LmfitResult with None.
2026-03-10 09:31:44,526 - root - ERROR - Chunk 250: No Data! Returning LmfitResult with None.
2026-03-10 09:31:44,527 - root - ERROR - Chunk 251: No Data! Returning LmfitResult with None.
2026-03-10 09:31:44,528 - root - ERROR - Chunk 252: No Data! Returning LmfitResult with None.
2026-03-10 09:31:44,529 - root - ERROR - Chunk 253: No Data! Returning LmfitResult with None.
2026-03-10 09:31:44,531 - root - ERROR - Chunk 254: No Data! Returning LmfitResult with None.
2026-03-10 09:31:44,532 - root - ERROR - Chunk 255: No Data! Returning LmfitResult with None.
2026-03-10 09:31:44,533 - root - ERROR - Chunk 256: No Data! Returning LmfitResult with None.
2026-03-10 09:31:44,534 - root - ERROR - Chunk 257: No Data! Returning LmfitResult with None.
2026-03-10 09:31:44,535 - root - ERROR - Chunk 258: No Data! Returning LmfitResult with None.
2026-03-10 09:31:44,536 - root - ERROR - Chunk 259: No Data! Returning LmfitResult with None.
2026-03-10 09:31:44,537 - root - ERROR - Chunk 260: No Data! Returning LmfitResult with None.
2026-03-10 09:31:44,538 - root - ERROR - Chunk 261: No Data! Returning LmfitResult with None.
2026-03-10 09:31:44,539 - root - ERROR - Chunk 262: No Data! Returning LmfitResult with None.
2026-03-10 09:31:44,540 - root - ERROR - Chunk 263: No Data! Returning LmfitResult with None.
2026-03-10 09:31:44,541 - root - ERROR - Chunk 264: No Data! Returning LmfitResult with None.
2026-03-10 09:31:44,542 - root - ERROR - Chunk 265: No Data! Returning LmfitResult with None.
2026-03-10 09:31:44,543 - root - ERROR - Chunk 266: No Data! Returning LmfitResult with None.
2026-03-10 09:31:44,544 - root - ERROR - Chunk 267: No Data! Returning LmfitResult with None.
2026-03-10 09:31:44,544 - root - ERROR - Chunk 268: No Data! Returning LmfitResult with None.
2026-03-10 09:31:44,545 - root - ERROR - Chunk 269: No Data! Returning LmfitResult with None.
2026-03-10 09:31:44,546 - root - ERROR - Chunk 270: No Data! Returning LmfitResult with None.
2026-03-10 09:31:44,547 - root - ERROR - Chunk 271: No Data! Returning LmfitResult with None.
2026-03-10 09:31:44,549 - root - ERROR - Chunk 272: No Data! Returning LmfitResult with None.
2026-03-10 09:31:44,550 - root - ERROR - Chunk 273: No Data! Returning LmfitResult with None.
2026-03-10 09:31:44,551 - root - ERROR - Chunk 274: No Data! Returning LmfitResult with None.
2026-03-10 09:31:44,552 - root - ERROR - Chunk 275: No Data! Returning LmfitResult with None.
2026-03-10 09:31:44,552 - root - ERROR - Chunk 276: No Data! Returning LmfitResult with None.
2026-03-10 09:31:44,554 - root - ERROR - Chunk 277: No Data! Returning LmfitResult with None.
2026-03-10 09:31:44,555 - root - ERROR - Chunk 278: No Data! Returning LmfitResult with None.
2026-03-10 09:31:44,556 - root - ERROR - Chunk 279: No Data! Returning LmfitResult with None.
2026-03-10 09:31:44,557 - root - ERROR - Chunk 280: No Data! Returning LmfitResult with None.
2026-03-10 09:32:09,313 - root - ERROR - Polynomial fitting failed. Falling back to input values
Traceback (most recent call last):
  File "/Users/jaklusmeyer/SONG/pyodine/pyodine/lib/misc.py", line 529, in fit_polynomial
    pfit, stats = np.polynomial.Polynomial.fit(
  File "/Users/jaklusmeyer/miniconda/envs/pyodine_env/lib/python3.9/site-packages/numpy/polynomial/_polybase.py", line 1036, in fit
    xnew = pu.mapdomain(x, domain, window)
  File "/Users/jaklusmeyer/miniconda/envs/pyodine_env/lib/python3.9/site-packages/numpy/polynomial/polyutils.py", line 371, in mapdomain
    off, scl = mapparms(old, new)
  File "/Users/jaklusmeyer/miniconda/envs/pyodine_env/lib/python3.9/site-packages/numpy/polynomial/polyutils.py", line 303, in mapparms
    off = (old[1]*new[0] - old[0]*new[1])/oldlen
ZeroDivisionError: division by zero
2026-03-10 09:32:09,315 - root - ERROR - Polynomial fitting failed. Falling back to input values
Traceback (most recent call last):
  File "/Users/jaklusmeyer/SONG/pyodine/pyodine/lib/misc.py", line 529, in fit_polynomial
    pfit, stats = np.polynomial.Polynomial.fit(
  File "/Users/jaklusmeyer/miniconda/envs/pyodine_env/lib/python3.9/site-packages/numpy/polynomial/_polybase.py", line 1036, in fit
    xnew = pu.mapdomain(x, domain, window)
  File "/Users/jaklusmeyer/miniconda/envs/pyodine_env/lib/python3.9/site-packages/numpy/polynomial/polyutils.py", line 371, in mapdomain
    off, scl = mapparms(old, new)
  File "/Users/jaklusmeyer/miniconda/envs/pyodine_env/lib/python3.9/site-packages/numpy/polynomial/polyutils.py", line 303, in mapparms
    off = (old[1]*new[0] - old[0]*new[1])/oldlen
ZeroDivisionError: division by zero
2026-03-10 09:32:09,317 - root - ERROR - Polynomial fitting failed. Falling back to input values
Traceback (most recent call last):
  File "/Users/jaklusmeyer/SONG/pyodine/pyodine/lib/misc.py", line 529, in fit_polynomial
    pfit, stats = np.polynomial.Polynomial.fit(
  File "/Users/jaklusmeyer/miniconda/envs/pyodine_env/lib/python3.9/site-packages/numpy/polynomial/_polybase.py", line 1036, in fit
    xnew = pu.mapdomain(x, domain, window)
  File "/Users/jaklusmeyer/miniconda/envs/pyodine_env/lib/python3.9/site-packages/numpy/polynomial/polyutils.py", line 371, in mapdomain
    off, scl = mapparms(old, new)
  File "/Users/jaklusmeyer/miniconda/envs/pyodine_env/lib/python3.9/site-packages/numpy/polynomial/polyutils.py", line 303, in mapparms
    off = (old[1]*new[0] - old[0]*new[1])/oldlen
ZeroDivisionError: division by zero
2026-03-10 09:32:09,318 - root - ERROR - Polynomial fitting failed. Falling back to input values
Traceback (most recent call last):
  File "/Users/jaklusmeyer/SONG/pyodine/pyodine/lib/misc.py", line 529, in fit_polynomial
    pfit, stats = np.polynomial.Polynomial.fit(
  File "/Users/jaklusmeyer/miniconda/envs/pyodine_env/lib/python3.9/site-packages/numpy/polynomial/_polybase.py", line 1036, in fit
    xnew = pu.mapdomain(x, domain, window)
  File "/Users/jaklusmeyer/miniconda/envs/pyodine_env/lib/python3.9/site-packages/numpy/polynomial/polyutils.py", line 371, in mapdomain
    off, scl = mapparms(old, new)
  File "/Users/jaklusmeyer/miniconda/envs/pyodine_env/lib/python3.9/site-packages/numpy/polynomial/polyutils.py", line 303, in mapparms
    off = (old[1]*new[0] - old[0]*new[1])/oldlen
ZeroDivisionError: division by zero
2026-03-10 09:32:09,319 - root - ERROR - Polynomial fitting failed. Falling back to input values
Traceback (most recent call last):
  File "/Users/jaklusmeyer/SONG/pyodine/pyodine/lib/misc.py", line 529, in fit_polynomial
    pfit, stats = np.polynomial.Polynomial.fit(
  File "/Users/jaklusmeyer/miniconda/envs/pyodine_env/lib/python3.9/site-packages/numpy/polynomial/_polybase.py", line 1036, in fit
    xnew = pu.mapdomain(x, domain, window)
  File "/Users/jaklusmeyer/miniconda/envs/pyodine_env/lib/python3.9/site-packages/numpy/polynomial/polyutils.py", line 371, in mapdomain
    off, scl = mapparms(old, new)
  File "/Users/jaklusmeyer/miniconda/envs/pyodine_env/lib/python3.9/site-packages/numpy/polynomial/polyutils.py", line 303, in mapparms
    off = (old[1]*new[0] - old[0]*new[1])/oldlen
ZeroDivisionError: division by zero
2026-03-10 09:32:09,321 - root - ERROR - Polynomial fitting failed. Falling back to input values
Traceback (most recent call last):
  File "/Users/jaklusmeyer/SONG/pyodine/pyodine/lib/misc.py", line 529, in fit_polynomial
    pfit, stats = np.polynomial.Polynomial.fit(
  File "/Users/jaklusmeyer/miniconda/envs/pyodine_env/lib/python3.9/site-packages/numpy/polynomial/_polybase.py", line 1036, in fit
    xnew = pu.mapdomain(x, domain, window)
  File "/Users/jaklusmeyer/miniconda/envs/pyodine_env/lib/python3.9/site-packages/numpy/polynomial/polyutils.py", line 371, in mapdomain
    off, scl = mapparms(old, new)
  File "/Users/jaklusmeyer/miniconda/envs/pyodine_env/lib/python3.9/site-packages/numpy/polynomial/polyutils.py", line 303, in mapparms
    off = (old[1]*new[0] - old[0]*new[1])/oldlen
ZeroDivisionError: division by zero
2026-03-10 09:32:09,322 - root - ERROR - Polynomial fitting failed. Falling back to input values
Traceback (most recent call last):
  File "/Users/jaklusmeyer/SONG/pyodine/pyodine/lib/misc.py", line 529, in fit_polynomial
    pfit, stats = np.polynomial.Polynomial.fit(
  File "/Users/jaklusmeyer/miniconda/envs/pyodine_env/lib/python3.9/site-packages/numpy/polynomial/_polybase.py", line 1036, in fit
    xnew = pu.mapdomain(x, domain, window)
  File "/Users/jaklusmeyer/miniconda/envs/pyodine_env/lib/python3.9/site-packages/numpy/polynomial/polyutils.py", line 371, in mapdomain
    off, scl = mapparms(old, new)
  File "/Users/jaklusmeyer/miniconda/envs/pyodine_env/lib/python3.9/site-packages/numpy/polynomial/polyutils.py", line 303, in mapparms
    off = (old[1]*new[0] - old[0]*new[1])/oldlen
ZeroDivisionError: division by zero
2026-03-10 09:32:09,331 - root - ERROR - Polynomial fitting failed. Falling back to input values
Traceback (most recent call last):
  File "/Users/jaklusmeyer/SONG/pyodine/pyodine/lib/misc.py", line 529, in fit_polynomial
    pfit, stats = np.polynomial.Polynomial.fit(
  File "/Users/jaklusmeyer/miniconda/envs/pyodine_env/lib/python3.9/site-packages/numpy/polynomial/_polybase.py", line 1036, in fit
    xnew = pu.mapdomain(x, domain, window)
  File "/Users/jaklusmeyer/miniconda/envs/pyodine_env/lib/python3.9/site-packages/numpy/polynomial/polyutils.py", line 371, in mapdomain
    off, scl = mapparms(old, new)
  File "/Users/jaklusmeyer/miniconda/envs/pyodine_env/lib/python3.9/site-packages/numpy/polynomial/polyutils.py", line 303, in mapparms
    off = (old[1]*new[0] - old[0]*new[1])/oldlen
ZeroDivisionError: division by zero
2026-03-10 09:32:09,333 - root - ERROR - Polynomial fitting failed. Falling back to input values
Traceback (most recent call last):
  File "/Users/jaklusmeyer/SONG/pyodine/pyodine/lib/misc.py", line 529, in fit_polynomial
    pfit, stats = np.polynomial.Polynomial.fit(
  File "/Users/jaklusmeyer/miniconda/envs/pyodine_env/lib/python3.9/site-packages/numpy/polynomial/_polybase.py", line 1036, in fit
    xnew = pu.mapdomain(x, domain, window)
  File "/Users/jaklusmeyer/miniconda/envs/pyodine_env/lib/python3.9/site-packages/numpy/polynomial/polyutils.py", line 371, in mapdomain
    off, scl = mapparms(old, new)
  File "/Users/jaklusmeyer/miniconda/envs/pyodine_env/lib/python3.9/site-packages/numpy/polynomial/polyutils.py", line 303, in mapparms
    off = (old[1]*new[0] - old[0]*new[1])/oldlen
ZeroDivisionError: division by zero
2026-03-10 09:32:09,334 - root - ERROR - Polynomial fitting failed. Falling back to input values
Traceback (most recent call last):
  File "/Users/jaklusmeyer/SONG/pyodine/pyodine/lib/misc.py", line 529, in fit_polynomial
    pfit, stats = np.polynomial.Polynomial.fit(
  File "/Users/jaklusmeyer/miniconda/envs/pyodine_env/lib/python3.9/site-packages/numpy/polynomial/_polybase.py", line 1036, in fit
    xnew = pu.mapdomain(x, domain, window)
  File "/Users/jaklusmeyer/miniconda/envs/pyodine_env/lib/python3.9/site-packages/numpy/polynomial/polyutils.py", line 371, in mapdomain
    off, scl = mapparms(old, new)
  File "/Users/jaklusmeyer/miniconda/envs/pyodine_env/lib/python3.9/site-packages/numpy/polynomial/polyutils.py", line 303, in mapparms
    off = (old[1]*new[0] - old[0]*new[1])/oldlen
ZeroDivisionError: division by zero
2026-03-10 09:32:09,335 - root - ERROR - Polynomial fitting failed. Falling back to input values
Traceback (most recent call last):
  File "/Users/jaklusmeyer/SONG/pyodine/pyodine/lib/misc.py", line 529, in fit_polynomial
    pfit, stats = np.polynomial.Polynomial.fit(
  File "/Users/jaklusmeyer/miniconda/envs/pyodine_env/lib/python3.9/site-packages/numpy/polynomial/_polybase.py", line 1036, in fit
    xnew = pu.mapdomain(x, domain, window)
  File "/Users/jaklusmeyer/miniconda/envs/pyodine_env/lib/python3.9/site-packages/numpy/polynomial/polyutils.py", line 371, in mapdomain
    off, scl = mapparms(old, new)
  File "/Users/jaklusmeyer/miniconda/envs/pyodine_env/lib/python3.9/site-packages/numpy/polynomial/polyutils.py", line 303, in mapparms
    off = (old[1]*new[0] - old[0]*new[1])/oldlen
ZeroDivisionError: division by zero
2026-03-10 09:32:09,337 - root - ERROR - Polynomial fitting failed. Falling back to input values
Traceback (most recent call last):
  File "/Users/jaklusmeyer/SONG/pyodine/pyodine/lib/misc.py", line 529, in fit_polynomial
    pfit, stats = np.polynomial.Polynomial.fit(
  File "/Users/jaklusmeyer/miniconda/envs/pyodine_env/lib/python3.9/site-packages/numpy/polynomial/_polybase.py", line 1036, in fit
    xnew = pu.mapdomain(x, domain, window)
  File "/Users/jaklusmeyer/miniconda/envs/pyodine_env/lib/python3.9/site-packages/numpy/polynomial/polyutils.py", line 371, in mapdomain
    off, scl = mapparms(old, new)
  File "/Users/jaklusmeyer/miniconda/envs/pyodine_env/lib/python3.9/site-packages/numpy/polynomial/polyutils.py", line 303, in mapparms
    off = (old[1]*new[0] - old[0]*new[1])/oldlen
ZeroDivisionError: division by zero
2026-03-10 09:32:09,338 - root - ERROR - Polynomial fitting failed. Falling back to input values
Traceback (most recent call last):
  File "/Users/jaklusmeyer/SONG/pyodine/pyodine/lib/misc.py", line 529, in fit_polynomial
    pfit, stats = np.polynomial.Polynomial.fit(
  File "/Users/jaklusmeyer/miniconda/envs/pyodine_env/lib/python3.9/site-packages/numpy/polynomial/_polybase.py", line 1036, in fit
    xnew = pu.mapdomain(x, domain, window)
  File "/Users/jaklusmeyer/miniconda/envs/pyodine_env/lib/python3.9/site-packages/numpy/polynomial/polyutils.py", line 371, in mapdomain
    off, scl = mapparms(old, new)
  File "/Users/jaklusmeyer/miniconda/envs/pyodine_env/lib/python3.9/site-packages/numpy/polynomial/polyutils.py", line 303, in mapparms
    off = (old[1]*new[0] - old[0]*new[1])/oldlen
ZeroDivisionError: division by zero
2026-03-10 09:32:09,339 - root - ERROR - Polynomial fitting failed. Falling back to input values
Traceback (most recent call last):
  File "/Users/jaklusmeyer/SONG/pyodine/pyodine/lib/misc.py", line 529, in fit_polynomial
    pfit, stats = np.polynomial.Polynomial.fit(
  File "/Users/jaklusmeyer/miniconda/envs/pyodine_env/lib/python3.9/site-packages/numpy/polynomial/_polybase.py", line 1036, in fit
    xnew = pu.mapdomain(x, domain, window)
  File "/Users/jaklusmeyer/miniconda/envs/pyodine_env/lib/python3.9/site-packages/numpy/polynomial/polyutils.py", line 371, in mapdomain
    off, scl = mapparms(old, new)
  File "/Users/jaklusmeyer/miniconda/envs/pyodine_env/lib/python3.9/site-packages/numpy/polynomial/polyutils.py", line 303, in mapparms
    off = (old[1]*new[0] - old[0]*new[1])/oldlen
ZeroDivisionError: division by zero
2026-03-10 09:32:11,876 - root - ERROR - NaN value detected in iodine function.
2026-03-10 09:32:11,877 - root - ERROR - Chunk could not be plotted
Traceback (most recent call last):
  File "/Users/jaklusmeyer/SONG/pyodine/pyodine/plot_lib.py", line 62, in plot_chunkmodel
    sp = fit_results[chunk_nr].fitted_spectrum
  File "/Users/jaklusmeyer/SONG/pyodine/pyodine/fitters/base.py", line 45, in fitted_spectrum
    return self.model.eval_spectrum(self.chunk, self.params, chunk_ind=self.chunk_ind)
  File "/Users/jaklusmeyer/SONG/pyodine/pyodine/models/base.py", line 79, in eval_spectrum
    flux = self.eval(chunk, params, chunk_ind=chunk_ind, **kwargs)
  File "/Users/jaklusmeyer/SONG/pyodine/pyodine/models/spectrum.py", line 138, in eval
    tck = splrep(tem.wave * doppler, flux_tem, s=0)
  File "/Users/jaklusmeyer/miniconda/envs/pyodine_env/lib/python3.9/site-packages/scipy/interpolate/_fitpack_py.py", line 295, in splrep
    res = _impl.splrep(x, y, w, xb, xe, k, task, s, t, full_output, per, quiet)
  File "/Users/jaklusmeyer/miniconda/envs/pyodine_env/lib/python3.9/site-packages/scipy/interpolate/_fitpack_impl.py", line 276, in splrep
    n, c, fp, ier = dfitpack.curfit(task, x, y, w, t, wrk, iwrk,
dfitpack.error: (xb<=x[0]) failed for 1st keyword xb: curfit:xb=nan
2026-03-10 09:32:12,142 - root - ERROR - NaN value detected in iodine function.
2026-03-10 09:32:12,144 - root - ERROR - Chunk could not be plotted
Traceback (most recent call last):
  File "/Users/jaklusmeyer/SONG/pyodine/pyodine/plot_lib.py", line 62, in plot_chunkmodel
    sp = fit_results[chunk_nr].fitted_spectrum
  File "/Users/jaklusmeyer/SONG/pyodine/pyodine/fitters/base.py", line 45, in fitted_spectrum
    return self.model.eval_spectrum(self.chunk, self.params, chunk_ind=self.chunk_ind)
  File "/Users/jaklusmeyer/SONG/pyodine/pyodine/models/base.py", line 79, in eval_spectrum
    flux = self.eval(chunk, params, chunk_ind=chunk_ind, **kwargs)
  File "/Users/jaklusmeyer/SONG/pyodine/pyodine/models/spectrum.py", line 138, in eval
    tck = splrep(tem.wave * doppler, flux_tem, s=0)
  File "/Users/jaklusmeyer/miniconda/envs/pyodine_env/lib/python3.9/site-packages/scipy/interpolate/_fitpack_py.py", line 295, in splrep
    res = _impl.splrep(x, y, w, xb, xe, k, task, s, t, full_output, per, quiet)
  File "/Users/jaklusmeyer/miniconda/envs/pyodine_env/lib/python3.9/site-packages/scipy/interpolate/_fitpack_impl.py", line 276, in splrep
    n, c, fp, ier = dfitpack.curfit(task, x, y, w, t, wrk, iwrk,
dfitpack.error: (xb<=x[0]) failed for 1st keyword xb: curfit:xb=nan
2026-03-10 09:32:14,985 - root - ERROR - Chunk 0: No Data! Returning LmfitResult with None.
2026-03-10 09:32:14,987 - root - ERROR - Chunk 1: No Data! Returning LmfitResult with None.
2026-03-10 09:32:14,988 - root - ERROR - Chunk 2: No Data! Returning LmfitResult with None.
2026-03-10 09:32:14,989 - root - ERROR - Chunk 3: No Data! Returning LmfitResult with None.
2026-03-10 09:32:14,990 - root - ERROR - Chunk 4: No Data! Returning LmfitResult with None.
2026-03-10 09:32:14,991 - root - ERROR - Chunk 5: No Data! Returning LmfitResult with None.
2026-03-10 09:32:14,992 - root - ERROR - Chunk 6: No Data! Returning LmfitResult with None.
2026-03-10 09:32:14,994 - root - ERROR - Chunk 7: No Data! Returning LmfitResult with None.
2026-03-10 09:32:14,995 - root - ERROR - Chunk 8: No Data! Returning LmfitResult with None.
2026-03-10 09:32:14,996 - root - ERROR - Chunk 9: No Data! Returning LmfitResult with None.
2026-03-10 09:32:14,997 - root - ERROR - Chunk 10: No Data! Returning LmfitResult with None.
2026-03-10 09:32:14,998 - root - ERROR - Chunk 11: No Data! Returning LmfitResult with None.
2026-03-10 09:32:14,999 - root - ERROR - Chunk 12: No Data! Returning LmfitResult with None.
2026-03-10 09:32:15,000 - root - ERROR - Chunk 13: No Data! Returning LmfitResult with None.
2026-03-10 09:32:15,001 - root - ERROR - Chunk 14: No Data! Returning LmfitResult with None.
2026-03-10 09:32:15,002 - root - ERROR - Chunk 15: No Data! Returning LmfitResult with None.
2026-03-10 09:32:15,002 - root - ERROR - Chunk 16: No Data! Returning LmfitResult with None.
2026-03-10 09:32:15,004 - root - ERROR - Chunk 17: No Data! Returning LmfitResult with None.
2026-03-10 09:32:15,005 - root - ERROR - Chunk 18: No Data! Returning LmfitResult with None.
2026-03-10 09:32:15,006 - root - ERROR - Chunk 19: No Data! Returning LmfitResult with None.
2026-03-10 09:32:15,007 - root - ERROR - Chunk 20: No Data! Returning LmfitResult with None.
2026-03-10 09:32:15,008 - root - ERROR - Chunk 21: No Data! Returning LmfitResult with None.
2026-03-10 09:32:15,010 - root - ERROR - Chunk 22: No Data! Returning LmfitResult with None.
2026-03-10 09:32:15,011 - root - ERROR - Chunk 23: No Data! Returning LmfitResult with None.
2026-03-10 09:32:15,012 - root - ERROR - Chunk 24: No Data! Returning LmfitResult with None.
2026-03-10 09:32:15,013 - root - ERROR - Chunk 25: No Data! Returning LmfitResult with None.
2026-03-10 09:32:15,014 - root - ERROR - Chunk 26: No Data! Returning LmfitResult with None.
2026-03-10 09:32:15,015 - root - ERROR - Chunk 27: No Data! Returning LmfitResult with None.
2026-03-10 09:32:15,016 - root - ERROR - Chunk 28: No Data! Returning LmfitResult with None.
2026-03-10 09:32:15,017 - root - ERROR - Chunk 29: No Data! Returning LmfitResult with None.
2026-03-10 09:32:15,018 - root - ERROR - Chunk 30: No Data! Returning LmfitResult with None.
2026-03-10 09:32:15,019 - root - ERROR - Chunk 31: No Data! Returning LmfitResult with None.
2026-03-10 09:32:15,020 - root - ERROR - Chunk 32: No Data! Returning LmfitResult with None.
2026-03-10 09:32:15,021 - root - ERROR - Chunk 33: No Data! Returning LmfitResult with None.
2026-03-10 09:32:15,023 - root - ERROR - Chunk 34: No Data! Returning LmfitResult with None.
2026-03-10 09:32:15,024 - root - ERROR - Chunk 35: No Data! Returning LmfitResult with None.
2026-03-10 09:32:15,025 - root - ERROR - Chunk 36: No Data! Returning LmfitResult with None.
2026-03-10 09:32:15,026 - root - ERROR - Chunk 37: No Data! Returning LmfitResult with None.
2026-03-10 09:32:15,027 - root - ERROR - Chunk 38: No Data! Returning LmfitResult with None.
2026-03-10 09:32:15,028 - root - ERROR - Chunk 39: No Data! Returning LmfitResult with None.
2026-03-10 09:32:15,029 - root - ERROR - Chunk 40: No Data! Returning LmfitResult with None.
2026-03-10 09:32:15,035 - root - ERROR - Chunk 41: No Data! Returning LmfitResult with None.
2026-03-10 09:32:15,041 - root - ERROR - Chunk 42: No Data! Returning LmfitResult with None.
2026-03-10 09:32:15,054 - root - ERROR - Chunk 43: No Data! Returning LmfitResult with None.
2026-03-10 09:32:15,066 - root - ERROR - Chunk 44: No Data! Returning LmfitResult with None.
2026-03-10 09:32:15,067 - root - ERROR - Chunk 45: No Data! Returning LmfitResult with None.
2026-03-10 09:32:15,069 - root - ERROR - Chunk 46: No Data! Returning LmfitResult with None.
2026-03-10 09:32:15,070 - root - ERROR - Chunk 47: No Data! Returning LmfitResult with None.
2026-03-10 09:32:15,073 - root - ERROR - Chunk 48: No Data! Returning LmfitResult with None.
2026-03-10 09:32:15,074 - root - ERROR - Chunk 49: No Data! Returning LmfitResult with None.
2026-03-10 09:32:15,077 - root - ERROR - Chunk 50: No Data! Returning LmfitResult with None.
2026-03-10 09:32:15,085 - root - ERROR - Chunk 51: No Data! Returning LmfitResult with None.
2026-03-10 09:32:15,086 - root - ERROR - Chunk 52: No Data! Returning LmfitResult with None.
2026-03-10 09:32:15,088 - root - ERROR - Chunk 53: No Data! Returning LmfitResult with None.
2026-03-10 09:32:15,089 - root - ERROR - Chunk 54: No Data! Returning LmfitResult with None.
2026-03-10 09:32:15,090 - root - ERROR - Chunk 55: No Data! Returning LmfitResult with None.
2026-03-10 09:32:15,091 - root - ERROR - Chunk 56: No Data! Returning LmfitResult with None.
2026-03-10 09:32:15,092 - root - ERROR - Chunk 57: No Data! Returning LmfitResult with None.
2026-03-10 09:32:15,094 - root - ERROR - Chunk 58: No Data! Returning LmfitResult with None.
2026-03-10 09:32:15,095 - root - ERROR - Chunk 59: No Data! Returning LmfitResult with None.
2026-03-10 09:32:15,096 - root - ERROR - Chunk 60: No Data! Returning LmfitResult with None.
2026-03-10 09:32:15,097 - root - ERROR - Chunk 61: No Data! Returning LmfitResult with None.
2026-03-10 09:32:15,098 - root - ERROR - Chunk 62: No Data! Returning LmfitResult with None.
2026-03-10 09:32:15,099 - root - ERROR - Chunk 63: No Data! Returning LmfitResult with None.
2026-03-10 09:32:15,100 - root - ERROR - Chunk 64: No Data! Returning LmfitResult with None.
2026-03-10 09:32:15,101 - root - ERROR - Chunk 65: No Data! Returning LmfitResult with None.
2026-03-10 09:32:15,102 - root - ERROR - Chunk 66: No Data! Returning LmfitResult with None.
2026-03-10 09:32:15,103 - root - ERROR - Chunk 67: No Data! Returning LmfitResult with None.
2026-03-10 09:32:15,104 - root - ERROR - Chunk 68: No Data! Returning LmfitResult with None.
2026-03-10 09:32:15,105 - root - ERROR - Chunk 69: No Data! Returning LmfitResult with None.
2026-03-10 09:32:15,106 - root - ERROR - Chunk 70: No Data! Returning LmfitResult with None.
2026-03-10 09:32:15,107 - root - ERROR - Chunk 71: No Data! Returning LmfitResult with None.
2026-03-10 09:32:15,108 - root - ERROR - Chunk 72: No Data! Returning LmfitResult with None.
2026-03-10 09:32:15,110 - root - ERROR - Chunk 73: No Data! Returning LmfitResult with None.
2026-03-10 09:32:15,111 - root - ERROR - Chunk 74: No Data! Returning LmfitResult with None.
2026-03-10 09:32:15,112 - root - ERROR - Chunk 75: No Data! Returning LmfitResult with None.
2026-03-10 09:32:15,113 - root - ERROR - Chunk 76: No Data! Returning LmfitResult with None.
2026-03-10 09:32:15,114 - root - ERROR - Chunk 77: No Data! Returning LmfitResult with None.
2026-03-10 09:32:15,115 - root - ERROR - Chunk 78: No Data! Returning LmfitResult with None.
2026-03-10 09:32:15,115 - root - ERROR - Chunk 79: No Data! Returning LmfitResult with None.
2026-03-10 09:32:15,116 - root - ERROR - Chunk 80: No Data! Returning LmfitResult with None.
2026-03-10 09:32:15,117 - root - ERROR - Chunk 81: No Data! Returning LmfitResult with None.
2026-03-10 09:32:15,118 - root - ERROR - Chunk 82: No Data! Returning LmfitResult with None.
2026-03-10 09:32:15,119 - root - ERROR - Chunk 83: No Data! Returning LmfitResult with None.
2026-03-10 09:32:15,120 - root - ERROR - Chunk 84: No Data! Returning LmfitResult with None.
2026-03-10 09:32:15,121 - root - ERROR - Chunk 85: No Data! Returning LmfitResult with None.
2026-03-10 09:32:15,122 - root - ERROR - Chunk 86: No Data! Returning LmfitResult with None.
2026-03-10 09:32:15,123 - root - ERROR - Chunk 87: No Data! Returning LmfitResult with None.
2026-03-10 09:32:15,125 - root - ERROR - Chunk 88: No Data! Returning LmfitResult with None.
2026-03-10 09:32:15,126 - root - ERROR - Chunk 89: No Data! Returning LmfitResult with None.
2026-03-10 09:32:15,127 - root - ERROR - Chunk 90: No Data! Returning LmfitResult with None.
2026-03-10 09:32:15,128 - root - ERROR - Chunk 91: No Data! Returning LmfitResult with None.
2026-03-10 09:32:15,129 - root - ERROR - Chunk 92: No Data! Returning LmfitResult with None.
2026-03-10 09:32:15,130 - root - ERROR - Chunk 93: No Data! Returning LmfitResult with None.
2026-03-10 09:32:15,131 - root - ERROR - Chunk 94: No Data! Returning LmfitResult with None.
2026-03-10 09:32:15,132 - root - ERROR - Chunk 95: No Data! Returning LmfitResult with None.
2026-03-10 09:32:15,135 - root - ERROR - Chunk 96: No Data! Returning LmfitResult with None.
2026-03-10 09:32:15,325 - root - ERROR - Chunk 97: No Data! Returning LmfitResult with None.
2026-03-10 09:32:15,345 - root - ERROR - Chunk 98: No Data! Returning LmfitResult with None.
2026-03-10 09:32:15,388 - root - ERROR - Chunk 99: No Data! Returning LmfitResult with None.
2026-03-10 09:32:15,403 - root - ERROR - Chunk 100: No Data! Returning LmfitResult with None.
2026-03-10 09:32:15,487 - root - ERROR - Chunk 101: No Data! Returning LmfitResult with None.
2026-03-10 09:32:15,490 - root - ERROR - Chunk 102: No Data! Returning LmfitResult with None.
2026-03-10 09:32:15,492 - root - ERROR - Chunk 103: No Data! Returning LmfitResult with None.
2026-03-10 09:32:15,493 - root - ERROR - Chunk 104: No Data! Returning LmfitResult with None.
2026-03-10 09:32:15,494 - root - ERROR - Chunk 105: No Data! Returning LmfitResult with None.
2026-03-10 09:32:15,496 - root - ERROR - Chunk 106: No Data! Returning LmfitResult with None.
2026-03-10 09:32:15,516 - root - ERROR - Chunk 107: No Data! Returning LmfitResult with None.
2026-03-10 09:32:15,525 - root - ERROR - Chunk 108: No Data! Returning LmfitResult with None.
2026-03-10 09:32:15,539 - root - ERROR - Chunk 109: No Data! Returning LmfitResult with None.
2026-03-10 09:32:15,576 - root - ERROR - Chunk 110: No Data! Returning LmfitResult with None.
2026-03-10 09:32:15,577 - root - ERROR - Chunk 111: No Data! Returning LmfitResult with None.
2026-03-10 09:32:15,602 - root - ERROR - Chunk 112: No Data! Returning LmfitResult with None.
2026-03-10 09:32:15,603 - root - ERROR - Chunk 113: No Data! Returning LmfitResult with None.
2026-03-10 09:32:15,604 - root - ERROR - Chunk 114: No Data! Returning LmfitResult with None.
2026-03-10 09:32:15,605 - root - ERROR - Chunk 115: No Data! Returning LmfitResult with None.
2026-03-10 09:32:15,606 - root - ERROR - Chunk 116: No Data! Returning LmfitResult with None.
2026-03-10 09:32:15,607 - root - ERROR - Chunk 117: No Data! Returning LmfitResult with None.
2026-03-10 09:32:15,608 - root - ERROR - Chunk 118: No Data! Returning LmfitResult with None.
2026-03-10 09:32:15,609 - root - ERROR - Chunk 119: No Data! Returning LmfitResult with None.
2026-03-10 09:32:15,610 - root - ERROR - Chunk 120: No Data! Returning LmfitResult with None.
2026-03-10 09:32:15,611 - root - ERROR - Chunk 121: No Data! Returning LmfitResult with None.
2026-03-10 09:32:15,612 - root - ERROR - Chunk 122: No Data! Returning LmfitResult with None.
2026-03-10 09:32:15,613 - root - ERROR - Chunk 123: No Data! Returning LmfitResult with None.
2026-03-10 09:32:15,614 - root - ERROR - Chunk 124: No Data! Returning LmfitResult with None.
2026-03-10 09:32:15,614 - root - ERROR - Chunk 125: No Data! Returning LmfitResult with None.
2026-03-10 09:32:15,615 - root - ERROR - Chunk 126: No Data! Returning LmfitResult with None.
2026-03-10 09:32:15,616 - root - ERROR - Chunk 127: No Data! Returning LmfitResult with None.
2026-03-10 09:32:15,617 - root - ERROR - Chunk 128: No Data! Returning LmfitResult with None.
2026-03-10 09:32:15,618 - root - ERROR - Chunk 129: No Data! Returning LmfitResult with None.
2026-03-10 09:32:15,619 - root - ERROR - Chunk 130: No Data! Returning LmfitResult with None.
2026-03-10 09:32:15,620 - root - ERROR - Chunk 131: No Data! Returning LmfitResult with None.
2026-03-10 09:32:15,621 - root - ERROR - Chunk 132: No Data! Returning LmfitResult with None.
2026-03-10 09:32:15,622 - root - ERROR - Chunk 133: No Data! Returning LmfitResult with None.
2026-03-10 09:32:15,623 - root - ERROR - Chunk 134: No Data! Returning LmfitResult with None.
2026-03-10 09:32:15,625 - root - ERROR - Chunk 135: No Data! Returning LmfitResult with None.
2026-03-10 09:32:15,626 - root - ERROR - Chunk 136: No Data! Returning LmfitResult with None.
2026-03-10 09:32:15,627 - root - ERROR - Chunk 137: No Data! Returning LmfitResult with None.
2026-03-10 09:32:15,628 - root - ERROR - Chunk 138: No Data! Returning LmfitResult with None.
2026-03-10 09:32:15,629 - root - ERROR - Chunk 139: No Data! Returning LmfitResult with None.
2026-03-10 09:32:15,630 - root - ERROR - Chunk 140: No Data! Returning LmfitResult with None.
2026-03-10 09:32:15,631 - root - ERROR - Chunk 141: No Data! Returning LmfitResult with None.
2026-03-10 09:32:15,632 - root - ERROR - Chunk 142: No Data! Returning LmfitResult with None.
2026-03-10 09:32:15,633 - root - ERROR - Chunk 143: No Data! Returning LmfitResult with None.
2026-03-10 09:32:15,634 - root - ERROR - Chunk 144: No Data! Returning LmfitResult with None.
2026-03-10 09:32:15,635 - root - ERROR - Chunk 145: No Data! Returning LmfitResult with None.
2026-03-10 09:32:15,636 - root - ERROR - Chunk 146: No Data! Returning LmfitResult with None.
2026-03-10 09:32:15,637 - root - ERROR - Chunk 147: No Data! Returning LmfitResult with None.
2026-03-10 09:32:15,638 - root - ERROR - Chunk 148: No Data! Returning LmfitResult with None.
2026-03-10 09:32:15,639 - root - ERROR - Chunk 149: No Data! Returning LmfitResult with None.
2026-03-10 09:32:15,640 - root - ERROR - Chunk 150: No Data! Returning LmfitResult with None.
2026-03-10 09:32:15,641 - root - ERROR - Chunk 151: No Data! Returning LmfitResult with None.
2026-03-10 09:32:15,641 - root - ERROR - Chunk 152: No Data! Returning LmfitResult with None.
2026-03-10 09:32:15,642 - root - ERROR - Chunk 153: No Data! Returning LmfitResult with None.
2026-03-10 09:32:15,644 - root - ERROR - Chunk 154: No Data! Returning LmfitResult with None.
2026-03-10 09:32:15,645 - root - ERROR - Chunk 155: No Data! Returning LmfitResult with None.
2026-03-10 09:32:15,645 - root - ERROR - Chunk 156: No Data! Returning LmfitResult with None.
2026-03-10 09:32:15,647 - root - ERROR - Chunk 157: No Data! Returning LmfitResult with None.
2026-03-10 09:32:15,648 - root - ERROR - Chunk 158: No Data! Returning LmfitResult with None.
2026-03-10 09:32:15,649 - root - ERROR - Chunk 159: No Data! Returning LmfitResult with None.
2026-03-10 09:32:15,650 - root - ERROR - Chunk 160: No Data! Returning LmfitResult with None.
2026-03-10 09:32:15,651 - root - ERROR - Chunk 161: No Data! Returning LmfitResult with None.
2026-03-10 09:32:15,652 - root - ERROR - Chunk 162: No Data! Returning LmfitResult with None.
2026-03-10 09:32:15,653 - root - ERROR - Chunk 163: No Data! Returning LmfitResult with None.
2026-03-10 09:32:15,654 - root - ERROR - Chunk 164: No Data! Returning LmfitResult with None.
2026-03-10 09:32:15,655 - root - ERROR - Chunk 165: No Data! Returning LmfitResult with None.
2026-03-10 09:32:15,656 - root - ERROR - Chunk 166: No Data! Returning LmfitResult with None.
2026-03-10 09:32:15,657 - root - ERROR - Chunk 167: No Data! Returning LmfitResult with None.
2026-03-10 09:32:15,658 - root - ERROR - Chunk 168: No Data! Returning LmfitResult with None.
2026-03-10 09:32:15,659 - root - ERROR - Chunk 169: No Data! Returning LmfitResult with None.
2026-03-10 09:32:15,660 - root - ERROR - Chunk 170: No Data! Returning LmfitResult with None.
2026-03-10 09:32:15,661 - root - ERROR - Chunk 171: No Data! Returning LmfitResult with None.
2026-03-10 09:32:15,662 - root - ERROR - Chunk 172: No Data! Returning LmfitResult with None.
2026-03-10 09:32:15,663 - root - ERROR - Chunk 173: No Data! Returning LmfitResult with None.
2026-03-10 09:32:15,664 - root - ERROR - Chunk 174: No Data! Returning LmfitResult with None.
2026-03-10 09:32:15,666 - root - ERROR - Chunk 175: No Data! Returning LmfitResult with None.
2026-03-10 09:32:15,667 - root - ERROR - Chunk 176: No Data! Returning LmfitResult with None.
2026-03-10 09:32:15,668 - root - ERROR - Chunk 177: No Data! Returning LmfitResult with None.
2026-03-10 09:32:15,669 - root - ERROR - Chunk 178: No Data! Returning LmfitResult with None.
2026-03-10 09:32:15,671 - root - ERROR - Chunk 179: No Data! Returning LmfitResult with None.
2026-03-10 09:32:15,672 - root - ERROR - Chunk 180: No Data! Returning LmfitResult with None.
2026-03-10 09:32:15,673 - root - ERROR - Chunk 181: No Data! Returning LmfitResult with None.
2026-03-10 09:32:15,674 - root - ERROR - Chunk 182: No Data! Returning LmfitResult with None.
2026-03-10 09:32:15,675 - root - ERROR - Chunk 183: No Data! Returning LmfitResult with None.
2026-03-10 09:32:15,676 - root - ERROR - Chunk 184: No Data! Returning LmfitResult with None.
2026-03-10 09:32:15,677 - root - ERROR - Chunk 185: No Data! Returning LmfitResult with None.
2026-03-10 09:32:15,678 - root - ERROR - Chunk 186: No Data! Returning LmfitResult with None.
2026-03-10 09:32:15,679 - root - ERROR - Chunk 187: No Data! Returning LmfitResult with None.
2026-03-10 09:32:15,680 - root - ERROR - Chunk 188: No Data! Returning LmfitResult with None.
2026-03-10 09:32:15,681 - root - ERROR - Chunk 189: No Data! Returning LmfitResult with None.
2026-03-10 09:32:15,682 - root - ERROR - Chunk 190: No Data! Returning LmfitResult with None.
2026-03-10 09:32:15,683 - root - ERROR - Chunk 191: No Data! Returning LmfitResult with None.
2026-03-10 09:32:15,684 - root - ERROR - Chunk 192: No Data! Returning LmfitResult with None.
2026-03-10 09:32:15,685 - root - ERROR - Chunk 193: No Data! Returning LmfitResult with None.
2026-03-10 09:32:15,686 - root - ERROR - Chunk 194: No Data! Returning LmfitResult with None.
2026-03-10 09:32:15,686 - root - ERROR - Chunk 195: No Data! Returning LmfitResult with None.
2026-03-10 09:32:15,687 - root - ERROR - Chunk 196: No Data! Returning LmfitResult with None.
2026-03-10 09:32:15,688 - root - ERROR - Chunk 197: No Data! Returning LmfitResult with None.
2026-03-10 09:32:15,689 - root - ERROR - Chunk 198: No Data! Returning LmfitResult with None.
2026-03-10 09:32:15,690 - root - ERROR - Chunk 199: No Data! Returning LmfitResult with None.
2026-03-10 09:32:15,691 - root - ERROR - Chunk 200: No Data! Returning LmfitResult with None.
2026-03-10 09:32:15,692 - root - ERROR - Chunk 201: No Data! Returning LmfitResult with None.
2026-03-10 09:32:15,693 - root - ERROR - Chunk 202: No Data! Returning LmfitResult with None.
2026-03-10 09:32:15,694 - root - ERROR - Chunk 203: No Data! Returning LmfitResult with None.
2026-03-10 09:32:15,695 - root - ERROR - Chunk 204: No Data! Returning LmfitResult with None.
2026-03-10 09:32:15,696 - root - ERROR - Chunk 205: No Data! Returning LmfitResult with None.
2026-03-10 09:32:15,697 - root - ERROR - Chunk 206: No Data! Returning LmfitResult with None.
2026-03-10 09:32:15,698 - root - ERROR - Chunk 207: No Data! Returning LmfitResult with None.
2026-03-10 09:32:15,698 - root - ERROR - Chunk 208: No Data! Returning LmfitResult with None.
2026-03-10 09:32:15,699 - root - ERROR - Chunk 209: No Data! Returning LmfitResult with None.
2026-03-10 09:32:15,700 - root - ERROR - Chunk 210: No Data! Returning LmfitResult with None.
2026-03-10 09:32:15,701 - root - ERROR - Chunk 211: No Data! Returning LmfitResult with None.
2026-03-10 09:32:15,702 - root - ERROR - Chunk 212: No Data! Returning LmfitResult with None.
2026-03-10 09:32:15,703 - root - ERROR - Chunk 213: No Data! Returning LmfitResult with None.
2026-03-10 09:32:15,704 - root - ERROR - Chunk 214: No Data! Returning LmfitResult with None.
2026-03-10 09:32:15,705 - root - ERROR - Chunk 215: No Data! Returning LmfitResult with None.
2026-03-10 09:32:15,706 - root - ERROR - Chunk 216: No Data! Returning LmfitResult with None.
2026-03-10 09:32:15,707 - root - ERROR - Chunk 217: No Data! Returning LmfitResult with None.
2026-03-10 09:32:15,708 - root - ERROR - Chunk 218: No Data! Returning LmfitResult with None.
2026-03-10 09:32:15,709 - root - ERROR - Chunk 219: No Data! Returning LmfitResult with None.
2026-03-10 09:32:15,710 - root - ERROR - Chunk 220: No Data! Returning LmfitResult with None.
2026-03-10 09:32:15,711 - root - ERROR - Chunk 221: No Data! Returning LmfitResult with None.
2026-03-10 09:32:15,712 - root - ERROR - Chunk 222: No Data! Returning LmfitResult with None.
2026-03-10 09:32:15,713 - root - ERROR - Chunk 223: No Data! Returning LmfitResult with None.
2026-03-10 09:32:15,714 - root - ERROR - Chunk 224: No Data! Returning LmfitResult with None.
2026-03-10 09:32:15,715 - root - ERROR - Chunk 225: No Data! Returning LmfitResult with None.
2026-03-10 09:32:15,716 - root - ERROR - Chunk 226: No Data! Returning LmfitResult with None.
2026-03-10 09:32:15,717 - root - ERROR - Chunk 227: No Data! Returning LmfitResult with None.
2026-03-10 09:32:15,718 - root - ERROR - Chunk 228: No Data! Returning LmfitResult with None.
2026-03-10 09:32:15,719 - root - ERROR - Chunk 229: No Data! Returning LmfitResult with None.
2026-03-10 09:32:15,720 - root - ERROR - Chunk 230: No Data! Returning LmfitResult with None.
2026-03-10 09:32:15,721 - root - ERROR - Chunk 231: No Data! Returning LmfitResult with None.
2026-03-10 09:32:15,723 - root - ERROR - Chunk 232: No Data! Returning LmfitResult with None.
2026-03-10 09:32:15,724 - root - ERROR - Chunk 233: No Data! Returning LmfitResult with None.
2026-03-10 09:32:15,725 - root - ERROR - Chunk 234: No Data! Returning LmfitResult with None.
2026-03-10 09:32:15,726 - root - ERROR - Chunk 235: No Data! Returning LmfitResult with None.
2026-03-10 09:32:15,727 - root - ERROR - Chunk 236: No Data! Returning LmfitResult with None.
2026-03-10 09:32:15,728 - root - ERROR - Chunk 237: No Data! Returning LmfitResult with None.
2026-03-10 09:32:15,729 - root - ERROR - Chunk 238: No Data! Returning LmfitResult with None.
2026-03-10 09:32:15,732 - root - ERROR - Chunk 239: No Data! Returning LmfitResult with None.
2026-03-10 09:32:15,733 - root - ERROR - Chunk 240: No Data! Returning LmfitResult with None.
2026-03-10 09:32:15,734 - root - ERROR - Chunk 241: No Data! Returning LmfitResult with None.
2026-03-10 09:32:15,735 - root - ERROR - Chunk 242: No Data! Returning LmfitResult with None.
2026-03-10 09:32:15,736 - root - ERROR - Chunk 243: No Data! Returning LmfitResult with None.
2026-03-10 09:32:15,737 - root - ERROR - Chunk 244: No Data! Returning LmfitResult with None.
2026-03-10 09:32:15,738 - root - ERROR - Chunk 245: No Data! Returning LmfitResult with None.
2026-03-10 09:32:15,739 - root - ERROR - Chunk 246: No Data! Returning LmfitResult with None.
2026-03-10 09:32:15,740 - root - ERROR - Chunk 247: No Data! Returning LmfitResult with None.
2026-03-10 09:32:15,741 - root - ERROR - Chunk 248: No Data! Returning LmfitResult with None.
2026-03-10 09:32:15,742 - root - ERROR - Chunk 249: No Data! Returning LmfitResult with None.
2026-03-10 09:32:15,743 - root - ERROR - Chunk 250: No Data! Returning LmfitResult with None.
2026-03-10 09:32:15,743 - root - ERROR - Chunk 251: No Data! Returning LmfitResult with None.
2026-03-10 09:32:15,744 - root - ERROR - Chunk 252: No Data! Returning LmfitResult with None.
2026-03-10 09:32:15,745 - root - ERROR - Chunk 253: No Data! Returning LmfitResult with None.
2026-03-10 09:32:15,746 - root - ERROR - Chunk 254: No Data! Returning LmfitResult with None.
2026-03-10 09:32:15,747 - root - ERROR - Chunk 255: No Data! Returning LmfitResult with None.
2026-03-10 09:32:15,748 - root - ERROR - Chunk 256: No Data! Returning LmfitResult with None.
2026-03-10 09:32:15,749 - root - ERROR - Chunk 257: No Data! Returning LmfitResult with None.
2026-03-10 09:32:15,751 - root - ERROR - Chunk 258: No Data! Returning LmfitResult with None.
2026-03-10 09:32:15,752 - root - ERROR - Chunk 259: No Data! Returning LmfitResult with None.
2026-03-10 09:32:15,753 - root - ERROR - Chunk 260: No Data! Returning LmfitResult with None.
2026-03-10 09:32:15,754 - root - ERROR - Chunk 261: No Data! Returning LmfitResult with None.
2026-03-10 09:32:15,755 - root - ERROR - Chunk 262: No Data! Returning LmfitResult with None.
2026-03-10 09:32:15,756 - root - ERROR - Chunk 263: No Data! Returning LmfitResult with None.
2026-03-10 09:32:15,757 - root - ERROR - Chunk 264: No Data! Returning LmfitResult with None.
2026-03-10 09:32:15,758 - root - ERROR - Chunk 265: No Data! Returning LmfitResult with None.
2026-03-10 09:32:15,759 - root - ERROR - Chunk 266: No Data! Returning LmfitResult with None.
2026-03-10 09:32:15,760 - root - ERROR - Chunk 267: No Data! Returning LmfitResult with None.
2026-03-10 09:32:15,761 - root - ERROR - Chunk 268: No Data! Returning LmfitResult with None.
2026-03-10 09:32:15,762 - root - ERROR - Chunk 269: No Data! Returning LmfitResult with None.
2026-03-10 09:32:15,763 - root - ERROR - Chunk 270: No Data! Returning LmfitResult with None.
2026-03-10 09:32:15,764 - root - ERROR - Chunk 271: No Data! Returning LmfitResult with None.
2026-03-10 09:32:15,765 - root - ERROR - Chunk 272: No Data! Returning LmfitResult with None.
2026-03-10 09:32:15,766 - root - ERROR - Chunk 273: No Data! Returning LmfitResult with None.
2026-03-10 09:32:15,767 - root - ERROR - Chunk 274: No Data! Returning LmfitResult with None.
2026-03-10 09:32:15,768 - root - ERROR - Chunk 275: No Data! Returning LmfitResult with None.
2026-03-10 09:32:15,769 - root - ERROR - Chunk 276: No Data! Returning LmfitResult with None.
2026-03-10 09:32:15,769 - root - ERROR - Chunk 277: No Data! Returning LmfitResult with None.
2026-03-10 09:32:15,770 - root - ERROR - Chunk 278: No Data! Returning LmfitResult with None.
2026-03-10 09:32:15,771 - root - ERROR - Chunk 279: No Data! Returning LmfitResult with None.
2026-03-10 09:32:15,772 - root - ERROR - Chunk 280: No Data! Returning LmfitResult with None.
2026-03-10 09:32:15,797 - root - ERROR - NaN value detected in oversampled model function.
2026-03-10 09:32:15,799 - root - ERROR - <ParameterSet (values: 17)>
    cont_intercept  =  20700.609837595097
    cont_slope      =  -6.770043505758369
    iod_depth       =  1.176792145093937
    lsf_left_1      =  5.874581910538641
    lsf_left_2      =  -18.079888817439205
    lsf_left_3      =  6.240146984654967
    lsf_left_4      =  -2.6429038980317205
    lsf_left_5      =  0.5928758324137815
    lsf_right1      =  6.762043952395996
    lsf_right2      =  -18.7976306350473
    lsf_right3      =  10.670220490039318
    lsf_right4      =  -2.9780719725841496
    lsf_right5      =  0.17437731269154655
    tem_depth       =  0.9869316416493601
    velocity        =  -25805.849957250575
    wave_intercept  =  4982.183224174968
    wave_slope      =  0.013375947293308271
2026-03-10 09:32:15,800 - root - ERROR - Evaluated LSF:
2026-03-10 09:32:15,801 - root - ERROR - [nan nan nan nan nan nan nan nan nan nan nan nan nan nan nan nan nan nan
 nan nan nan nan nan nan nan nan nan nan nan nan nan nan nan nan nan nan
 nan nan nan nan nan nan nan nan nan nan nan nan nan nan nan nan nan nan
 nan nan nan nan nan nan nan nan nan nan nan nan nan nan nan nan nan nan
 nan]
2026-03-10 09:32:30,787 - root - ERROR - NaN value detected in oversampled model function.
2026-03-10 09:32:30,789 - root - ERROR - <ParameterSet (values: 17)>
    cont_intercept  =  17348.240125154345
    cont_slope      =  25.131815005178222
    iod_depth       =  1.081024097824817
    lsf_left_1      =  4.595922027991809
    lsf_left_2      =  -14.732444585751228
    lsf_left_3      =  4.916737245709067
    lsf_left_4      =  -3.092834631853699
    lsf_left_5      =  0.39530476130456643
    lsf_right1      =  2.5062276136149233
    lsf_right2      =  -15.103218543977258
    lsf_right3      =  2.446374353445287
    lsf_right4      =  -0.6686158734113272
    lsf_right5      =  0.20083986921901656
    tem_depth       =  1.056468430256719
    velocity        =  -25486.480319678118
    wave_intercept  =  5128.607468341833
    wave_slope      =  0.015518784805715063
2026-03-10 09:32:30,790 - root - ERROR - Evaluated LSF:
2026-03-10 09:32:30,791 - root - ERROR - [nan nan nan nan nan nan nan nan nan nan nan nan nan nan nan nan nan nan
 nan nan nan nan nan nan nan nan nan nan nan nan nan nan nan nan nan nan
 nan nan nan nan nan nan nan nan nan nan nan nan nan nan nan nan nan nan
 nan nan nan nan nan nan nan nan nan nan nan nan nan nan nan nan nan nan
 nan]
2026-03-10 09:32:40,156 - root - ERROR - NaN value detected in oversampled model function.
2026-03-10 09:32:40,159 - root - ERROR - <ParameterSet (values: 17)>
    cont_intercept  =  28999.61935526075
    cont_slope      =  12.593573432846116
    iod_depth       =  1.051499352361495
    lsf_left_1      =  2.900007192920743
    lsf_left_2      =  -17.661218353379425
    lsf_left_3      =  1.3996474934296295
    lsf_left_4      =  -2.887405521770824
    lsf_left_5      =  0.6326726086899129
    lsf_right1      =  7.581319114476486
    lsf_right2      =  -15.176929023494816
    lsf_right3      =  8.890310361410556
    lsf_right4      =  -3.458394620730069
    lsf_right5      =  0.22158629267052365
    tem_depth       =  1.034202376402812
    velocity        =  -25409.02971993936
    wave_intercept  =  5223.690197458792
    wave_slope      =  0.01516129136315227
2026-03-10 09:32:40,160 - root - ERROR - Evaluated LSF:
2026-03-10 09:32:40,161 - root - ERROR - [nan nan nan nan nan nan nan nan nan nan nan nan nan nan nan nan nan nan
 nan nan nan nan nan nan nan nan nan nan nan nan nan nan nan nan nan nan
 nan nan nan nan nan nan nan nan nan nan nan nan nan nan nan nan nan nan
 nan nan nan nan nan nan nan nan nan nan nan nan nan nan nan nan nan nan
 nan]
2026-03-10 09:32:41,481 - root - ERROR - NaN value detected in oversampled model function.
2026-03-10 09:32:41,483 - root - ERROR - <ParameterSet (values: 17)>
    cont_intercept  =  32168.909737255493
    cont_slope      =  -9.378766214412376
    iod_depth       =  1.1909032230141168
    lsf_left_1      =  8.261540683427064
    lsf_left_2      =  -18.64821952667825
    lsf_left_3      =  2.5204600752614885
    lsf_left_4      =  -2.453581562348206
    lsf_left_5      =  1.1587658229084798
    lsf_right1      =  2.327740294523931
    lsf_right2      =  -18.613392818719525
    lsf_right3      =  10.631409095150653
    lsf_right4      =  -2.7416446552957625
    lsf_right5      =  0.5428629219364389
    tem_depth       =  1.030247623274296
    velocity        =  -26055.170682343465
    wave_intercept  =  5245.875934540038
    wave_slope      =  0.013379683635564101
2026-03-10 09:32:41,484 - root - ERROR - Evaluated LSF:
2026-03-10 09:32:41,485 - root - ERROR - [nan nan nan nan nan nan nan nan nan nan nan nan nan nan nan nan nan nan
 nan nan nan nan nan nan nan nan nan nan nan nan nan nan nan nan nan nan
 nan nan nan nan nan nan nan nan nan nan nan nan nan nan nan nan nan nan
 nan nan nan nan nan nan nan nan nan nan nan nan nan nan nan nan nan nan
 nan]
2026-03-10 09:32:43,544 - root - ERROR - NaN value detected in oversampled model function.
2026-03-10 09:32:43,545 - root - ERROR - <ParameterSet (values: 17)>
    cont_intercept  =  24898.82662010707
    cont_slope      =  30.364431170742957
    iod_depth       =  1.0292221017356418
    lsf_left_1      =  2.5523816072862253
    lsf_left_2      =  -18.665141110044726
    lsf_left_3      =  8.96192423086121
    lsf_left_4      =  -3.756319620332646
    lsf_left_5      =  0.7367073356503283
    lsf_right1      =  2.468082315161168
    lsf_right2      =  -18.052531727273482
    lsf_right3      =  9.876039927960203
    lsf_right4      =  -3.9182091980829976
    lsf_right5      =  0.8004355147087078
    tem_depth       =  1.0684875136987952
    velocity        =  -25605.62139888793
    wave_intercept  =  5259.348532356583
    wave_slope      =  0.01601689664007658
2026-03-10 09:32:43,546 - root - ERROR - Evaluated LSF:
2026-03-10 09:32:43,547 - root - ERROR - [nan nan nan nan nan nan nan nan nan nan nan nan nan nan nan nan nan nan
 nan nan nan nan nan nan nan nan nan nan nan nan nan nan nan nan nan nan
 nan nan nan nan nan nan nan nan nan nan nan nan nan nan nan nan nan nan
 nan nan nan nan nan nan nan nan nan nan nan nan nan nan nan nan nan nan
 nan]
2026-03-10 09:32:45,802 - root - ERROR - NaN value detected in oversampled model function.
2026-03-10 09:32:45,804 - root - ERROR - <ParameterSet (values: 17)>
    cont_intercept  =  34138.850008104724
    cont_slope      =  -19.83930483416525
    iod_depth       =  1.0061579742253293
    lsf_left_1      =  2.3729273327498364
    lsf_left_2      =  -18.222911327618753
    lsf_left_3      =  1.4142826100421018
    lsf_left_4      =  -0.9588162887231482
    lsf_left_5      =  0.6634606577829245
    lsf_right1      =  3.5671939252583513
    lsf_right2      =  -17.125255470100637
    lsf_right3      =  1.9860244400732854
    lsf_right4      =  -3.1491923497717
    lsf_right5      =  0.44509070948290574
    tem_depth       =  1.0289235864020103
    velocity        =  -25549.184450653072
    wave_intercept  =  5294.3183279517325
    wave_slope      =  0.013257095933883892
2026-03-10 09:32:45,805 - root - ERROR - Evaluated LSF:
2026-03-10 09:32:45,806 - root - ERROR - [nan nan nan nan nan nan nan nan nan nan nan nan nan nan nan nan nan nan
 nan nan nan nan nan nan nan nan nan nan nan nan nan nan nan nan nan nan
 nan nan nan nan nan nan nan nan nan nan nan nan nan nan nan nan nan nan
 nan nan nan nan nan nan nan nan nan nan nan nan nan nan nan nan nan nan
 nan]
2026-03-10 09:32:47,159 - root - ERROR - NaN value detected in oversampled model function.
2026-03-10 09:32:47,161 - root - ERROR - <ParameterSet (values: 17)>
    cont_intercept  =  12126.747426332955
    cont_slope      =  11.821932835093275
    iod_depth       =  0.9811620919555418
    lsf_left_1      =  7.045655981542843
    lsf_left_2      =  -16.660497198965945
    lsf_left_3      =  4.57580843772061
    lsf_left_4      =  -1.0680343376326507
    lsf_left_5      =  0.3108926694373315
    lsf_right1      =  2.351806043720292
    lsf_right2      =  -9.649977658659635
    lsf_right3      =  7.309498982350008
    lsf_right4      =  -3.601784596642134
    lsf_right5      =  0.16799264564329575
    tem_depth       =  0.9978716099165774
    velocity        =  -25599.94992722398
    wave_intercept  =  5297.191893550164
    wave_slope      =  0.016801234298975547
2026-03-10 09:32:47,162 - root - ERROR - Evaluated LSF:
2026-03-10 09:32:47,163 - root - ERROR - [nan nan nan nan nan nan nan nan nan nan nan nan nan nan nan nan nan nan
 nan nan nan nan nan nan nan nan nan nan nan nan nan nan nan nan nan nan
 nan nan nan nan nan nan nan nan nan nan nan nan nan nan nan nan nan nan
 nan nan nan nan nan nan nan nan nan nan nan nan nan nan nan nan nan nan
 nan]
2026-03-10 09:32:50,754 - root - ERROR - NaN value detected in oversampled model function.
2026-03-10 09:32:50,758 - root - ERROR - <ParameterSet (values: 17)>
    cont_intercept  =  13111.07287841133
    cont_slope      =  -12.709293231274641
    iod_depth       =  0.9701246736073209
    lsf_left_1      =  2.653528105881802
    lsf_left_2      =  -18.039412613807315
    lsf_left_3      =  3.7604274664801927
    lsf_left_4      =  -1.3567557559263843
    lsf_left_5      =  0.5183862583155263
    lsf_right1      =  11.099465050394254
    lsf_right2      =  -17.538810900536586
    lsf_right3      =  5.316009770065625
    lsf_right4      =  -3.8922556985354966
    lsf_right5      =  1.1318610874647035
    tem_depth       =  1.0093127565629876
    velocity        =  -25637.034572754437
    wave_intercept  =  5358.475421019476
    wave_slope      =  0.011866052750616491
2026-03-10 09:32:50,773 - root - ERROR - Evaluated LSF:
2026-03-10 09:32:50,775 - root - ERROR - [nan nan nan nan nan nan nan nan nan nan nan nan nan nan nan nan nan nan
 nan nan nan nan nan nan nan nan nan nan nan nan nan nan nan nan nan nan
 nan nan nan nan nan nan nan nan nan nan nan nan nan nan nan nan nan nan
 nan nan nan nan nan nan nan nan nan nan nan nan nan nan nan nan nan nan
 nan]
2026-03-10 09:33:16,467 - root - ERROR - NaN value detected in oversampled model function.
2026-03-10 09:33:16,469 - root - ERROR - <ParameterSet (values: 17)>
    cont_intercept  =  65291.98500504473
    cont_slope      =  34.13743191845005
    iod_depth       =  1.1794149375406378
    lsf_left_1      =  3.412739828098254
    lsf_left_2      =  -18.222347805792452
    lsf_left_3      =  4.794304977820675
    lsf_left_4      =  -1.8781743386149081
    lsf_left_5      =  0.2223244559675256
    lsf_right1      =  5.25882263263235
    lsf_right2      =  -18.123272185304817
    lsf_right3      =  6.2974136902592885
    lsf_right4      =  -2.729713985095324
    lsf_right5      =  0.22111899411753846
    tem_depth       =  1.0570615011471043
    velocity        =  -26238.8561742419
    wave_intercept  =  5610.9295668768555
    wave_slope      =  0.015943092793077197
2026-03-10 09:33:16,470 - root - ERROR - Evaluated LSF:
2026-03-10 09:33:16,471 - root - ERROR - [nan nan nan nan nan nan nan nan nan nan nan nan nan nan nan nan nan nan
 nan nan nan nan nan nan nan nan nan nan nan nan nan nan nan nan nan nan
 nan nan nan nan nan nan nan nan nan nan nan nan nan nan nan nan nan nan
 nan nan nan nan nan nan nan nan nan nan nan nan nan nan nan nan nan nan
 nan]
2026-03-10 09:33:17,163 - root - ERROR - NaN value detected in oversampled model function.
2026-03-10 09:33:17,165 - root - ERROR - <ParameterSet (values: 17)>
    cont_intercept  =  50019.87285839961
    cont_slope      =  -25.723681188057995
    iod_depth       =  1.1057718079934358
    lsf_left_1      =  8.25984095918352
    lsf_left_2      =  -17.72556917755983
    lsf_left_3      =  2.3063272806911512
    lsf_left_4      =  -0.7952990015248722
    lsf_left_5      =  0.1780501950401192
    lsf_right1      =  2.5280007465469336
    lsf_right2      =  -15.231198688823289
    lsf_right3      =  1.2436437888439065
    lsf_right4      =  -0.6839217042311447
    lsf_right5      =  0.23988244824591803
    tem_depth       =  0.9636016820617103
    velocity        =  -25763.060244413347
    wave_intercept  =  5627.387703565121
    wave_slope      =  0.01465288176680964
2026-03-10 09:33:17,166 - root - ERROR - Evaluated LSF:
2026-03-10 09:33:17,167 - root - ERROR - [nan nan nan nan nan nan nan nan nan nan nan nan nan nan nan nan nan nan
 nan nan nan nan nan nan nan nan nan nan nan nan nan nan nan nan nan nan
 nan nan nan nan nan nan nan nan nan nan nan nan nan nan nan nan nan nan
 nan nan nan nan nan nan nan nan nan nan nan nan nan nan nan nan nan nan
 nan]
2026-03-10 09:33:21,330 - root - ERROR - NaN value detected in oversampled model function.
2026-03-10 09:33:21,341 - root - ERROR - <ParameterSet (values: 17)>
    cont_intercept  =  69660.03968237556
    cont_slope      =  -16.249467535224326
    iod_depth       =  1.139089748694809
    lsf_left_1      =  2.695665413767333
    lsf_left_2      =  -10.039316892454785
    lsf_left_3      =  1.4744239943330955
    lsf_left_4      =  -1.7290379047810531
    lsf_left_5      =  0.5847505282806306
    lsf_right1      =  4.480230931378747
    lsf_right2      =  -11.23477441810709
    lsf_right3      =  1.2533664083716196
    lsf_right4      =  -0.48610340522655493
    lsf_right5      =  0.34540207745327367
    tem_depth       =  1.0193728803169275
    velocity        =  -25693.866893555325
    wave_intercept  =  5674.132265127259
    wave_slope      =  0.015204148465519386
2026-03-10 09:33:21,344 - root - ERROR - Evaluated LSF:
2026-03-10 09:33:21,345 - root - ERROR - [nan nan nan nan nan nan nan nan nan nan nan nan nan nan nan nan nan nan
 nan nan nan nan nan nan nan nan nan nan nan nan nan nan nan nan nan nan
 nan nan nan nan nan nan nan nan nan nan nan nan nan nan nan nan nan nan
 nan nan nan nan nan nan nan nan nan nan nan nan nan nan nan nan nan nan
 nan]
2026-03-10 09:33:30,845 - root - ERROR - NaN value detected in oversampled model function.
2026-03-10 09:33:30,847 - root - ERROR - <ParameterSet (values: 17)>
    cont_intercept  =  74574.75872350375
    cont_slope      =  3.725680021284187
    iod_depth       =  1.0722948815028266
    lsf_left_1      =  3.783723289344901
    lsf_left_2      =  -18.521193627948854
    lsf_left_3      =  10.387351738761705
    lsf_left_4      =  -3.7251889301165595
    lsf_left_5      =  0.2483284440575503
    lsf_right1      =  6.2744567917854415
    lsf_right2      =  -17.7214999808438
    lsf_right3      =  11.070205860848246
    lsf_right4      =  -3.8583717969022646
    lsf_right5      =  0.6939730293210844
    tem_depth       =  0.9877276274375731
    velocity        =  -25255.63803822055
    wave_intercept  =  5771.687151901095
    wave_slope      =  0.016250794034511025
2026-03-10 09:33:30,848 - root - ERROR - Evaluated LSF:
2026-03-10 09:33:30,849 - root - ERROR - [nan nan nan nan nan nan nan nan nan nan nan nan nan nan nan nan nan nan
 nan nan nan nan nan nan nan nan nan nan nan nan nan nan nan nan nan nan
 nan nan nan nan nan nan nan nan nan nan nan nan nan nan nan nan nan nan
 nan nan nan nan nan nan nan nan nan nan nan nan nan nan nan nan nan nan
 nan]
2026-03-10 09:33:33,502 - root - ERROR - NaN value detected in oversampled model function.
2026-03-10 09:33:33,503 - root - ERROR - <ParameterSet (values: 17)>
    cont_intercept  =  48822.59659718007
    cont_slope      =  13.324806170760425
    iod_depth       =  1.0836657786031998
    lsf_left_1      =  2.8892706134688955
    lsf_left_2      =  -13.748168441920903
    lsf_left_3      =  9.805827916611008
    lsf_left_4      =  -3.911775735943578
    lsf_left_5      =  0.18863991019950074
    lsf_right1      =  3.962469812082218
    lsf_right2      =  -16.18962396296993
    lsf_right3      =  4.959853821232354
    lsf_right4      =  -2.01169349127671
    lsf_right5      =  0.17845824932409796
    tem_depth       =  1.1706929316023773
    velocity        =  -25274.556731130742
    wave_intercept  =  5812.438626589193
    wave_slope      =  0.017462130524460474
2026-03-10 09:33:33,504 - root - ERROR - Evaluated LSF:
2026-03-10 09:33:33,505 - root - ERROR - [nan nan nan nan nan nan nan nan nan nan nan nan nan nan nan nan nan nan
 nan nan nan nan nan nan nan nan nan nan nan nan nan nan nan nan nan nan
 nan nan nan nan nan nan nan nan nan nan nan nan nan nan nan nan nan nan
 nan nan nan nan nan nan nan nan nan nan nan nan nan nan nan nan nan nan
 nan]
2026-03-10 09:33:37,175 - root - ERROR - NaN value detected in oversampled model function.
2026-03-10 09:33:37,176 - root - ERROR - <ParameterSet (values: 17)>
    cont_intercept  =  30346.91800922113
    cont_slope      =  33.511468081256766
    iod_depth       =  1.0687431158128018
    lsf_left_1      =  3.458149478314846
    lsf_left_2      =  -15.224149604413851
    lsf_left_3      =  10.97375164084535
    lsf_left_4      =  -3.362681031407225
    lsf_left_5      =  0.39903428448323847
    lsf_right1      =  3.779101996070197
    lsf_right2      =  -12.603247771739813
    lsf_right3      =  1.2423305103033766
    lsf_right4      =  -0.8155835565598122
    lsf_right5      =  0.23731123851675956
    tem_depth       =  1.047450794749081
    velocity        =  -25751.89223570281
    wave_intercept  =  5855.315314003536
    wave_slope      =  0.01877474586891783
2026-03-10 09:33:37,178 - root - ERROR - Evaluated LSF:
2026-03-10 09:33:37,179 - root - ERROR - [nan nan nan nan nan nan nan nan nan nan nan nan nan nan nan nan nan nan
 nan nan nan nan nan nan nan nan nan nan nan nan nan nan nan nan nan nan
 nan nan nan nan nan nan nan nan nan nan nan nan nan nan nan nan nan nan
 nan nan nan nan nan nan nan nan nan nan nan nan nan nan nan nan nan nan
 nan]
2026-03-10 09:33:38,051 - root - ERROR - NaN value detected in oversampled model function.
2026-03-10 09:33:38,052 - root - ERROR - <ParameterSet (values: 17)>
    cont_intercept  =  51162.7171772835
    cont_slope      =  35.33239516926934
    iod_depth       =  1.0386521292480797
    lsf_left_1      =  2.784142417647243
    lsf_left_2      =  -18.298408691085317
    lsf_left_3      =  2.0443389196694755
    lsf_left_4      =  -3.7290065008622384
    lsf_left_5      =  0.48833366636959047
    lsf_right1      =  2.7726992563421673
    lsf_right2      =  -17.54371621554167
    lsf_right3      =  1.4498592704185547
    lsf_right4      =  -2.765291716305393
    lsf_right5      =  0.34556125073426747
    tem_depth       =  0.9909524215532797
    velocity        =  -25539.60738667939
    wave_intercept  =  5866.216911918258
    wave_slope      =  0.017841733160163967
2026-03-10 09:33:38,054 - root - ERROR - Evaluated LSF:
2026-03-10 09:33:38,055 - root - ERROR - [nan nan nan nan nan nan nan nan nan nan nan nan nan nan nan nan nan nan
 nan nan nan nan nan nan nan nan nan nan nan nan nan nan nan nan nan nan
 nan nan nan nan nan nan nan nan nan nan nan nan nan nan nan nan nan nan
 nan nan nan nan nan nan nan nan nan nan nan nan nan nan nan nan nan nan
 nan]
2026-03-10 09:33:43,038 - root - ERROR - NaN value detected in oversampled model function.
2026-03-10 09:33:43,039 - root - ERROR - <ParameterSet (values: 17)>
    cont_intercept  =  88235.35652092728
    cont_slope      =  -2.4211428818271754
    iod_depth       =  1.2074521418549842
    lsf_left_1      =  3.614858578249351
    lsf_left_2      =  -16.642194764247044
    lsf_left_3      =  1.24672679768754
    lsf_left_4      =  -3.1150411022804754
    lsf_left_5      =  1.0040285113828173
    lsf_right1      =  3.734000196822144
    lsf_right2      =  -17.798723905481882
    lsf_right3      =  4.027768859135584
    lsf_right4      =  -3.272816681971795
    lsf_right5      =  1.2779033152824564
    tem_depth       =  1.1135832165336947
    velocity        =  -22058.10059695249
    wave_intercept  =  5945.707398512702
    wave_slope      =  0.01625382359328068
2026-03-10 09:33:43,040 - root - ERROR - Evaluated LSF:
2026-03-10 09:33:43,042 - root - ERROR - [nan nan nan nan nan nan nan nan nan nan nan nan nan nan nan nan nan nan
 nan nan nan nan nan nan nan nan nan nan nan nan nan nan nan nan nan nan
 nan nan nan nan nan nan nan nan nan nan nan nan nan nan nan nan nan nan
 nan nan nan nan nan nan nan nan nan nan nan nan nan nan nan nan nan nan
 nan]
2026-03-10 09:33:44,514 - root - ERROR - NaN value detected in oversampled model function.
2026-03-10 09:33:44,515 - root - ERROR - <ParameterSet (values: 17)>
    cont_intercept  =  27806.409019420422
    cont_slope      =  -22.76019277289498
    iod_depth       =  0.9269801842994384
    lsf_left_1      =  3.78143055455028
    lsf_left_2      =  -18.760643498287347
    lsf_left_3      =  3.1122357498727076
    lsf_left_4      =  -2.4906695359174167
    lsf_left_5      =  1.0505234276633646
    lsf_right1      =  4.755188832926618
    lsf_right2      =  -11.950893539816654
    lsf_right3      =  8.943874924248014
    lsf_right4      =  -3.793982937444517
    lsf_right5      =  0.30118002689124024
    tem_depth       =  0.9583125664390757
    velocity        =  -25268.799135189824
    wave_intercept  =  5979.515908228358
    wave_slope      =  0.013588993429471657
2026-03-10 09:33:44,517 - root - ERROR - Evaluated LSF:
2026-03-10 09:33:44,518 - root - ERROR - [nan nan nan nan nan nan nan nan nan nan nan nan nan nan nan nan nan nan
 nan nan nan nan nan nan nan nan nan nan nan nan nan nan nan nan nan nan
 nan nan nan nan nan nan nan nan nan nan nan nan nan nan nan nan nan nan
 nan nan nan nan nan nan nan nan nan nan nan nan nan nan nan nan nan nan
 nan]
2026-03-10 09:33:48,912 - root - ERROR - NaN value detected in oversampled model function.
2026-03-10 09:33:48,914 - root - ERROR - <ParameterSet (values: 17)>
    cont_intercept  =  37793.002059226266
    cont_slope      =  51.06864036523507
    iod_depth       =  0.4832210133206082
    lsf_left_1      =  2.398784399380042
    lsf_left_2      =  -18.799102952063873
    lsf_left_3      =  4.789926360179553
    lsf_left_4      =  -1.7382848779093143
    lsf_left_5      =  0.5215345682916398
    lsf_right1      =  3.2966152717228
    lsf_right2      =  -14.795659091940916
    lsf_right3      =  1.5821420163596693
    lsf_right4      =  -3.160408146633755
    lsf_right5      =  1.2557996477998248
    tem_depth       =  0.8514871717839589
    velocity        =  -26048.078433745326
    wave_intercept  =  6029.244196622449
    wave_slope      =  0.019223272208180327
2026-03-10 09:33:48,915 - root - ERROR - Evaluated LSF:
2026-03-10 09:33:48,916 - root - ERROR - [nan nan nan nan nan nan nan nan nan nan nan nan nan nan nan nan nan nan
 nan nan nan nan nan nan nan nan nan nan nan nan nan nan nan nan nan nan
 nan nan nan nan nan nan nan nan nan nan nan nan nan nan nan nan nan nan
 nan nan nan nan nan nan nan nan nan nan nan nan nan nan nan nan nan nan
 nan]
2026-03-10 09:33:52,961 - root - ERROR - NaN value detected in oversampled model function.
2026-03-10 09:33:52,963 - root - ERROR - <ParameterSet (values: 17)>
    cont_intercept  =  47332.49957864884
    cont_slope      =  39.8584867579972
    iod_depth       =  0.9526696720222199
    lsf_left_1      =  2.3048213086615985
    lsf_left_2      =  -11.735466470119468
    lsf_left_3      =  4.098691758132363
    lsf_left_4      =  -3.9177997085897696
    lsf_left_5      =  0.8420464453555745
    lsf_right1      =  9.010029917219452
    lsf_right2      =  -18.50816833055783
    lsf_right3      =  4.27547721376267
    lsf_right4      =  -3.749529173497523
    lsf_right5      =  0.24930109480729898
    tem_depth       =  1.0267668385230866
    velocity        =  -25598.54302949649
    wave_intercept  =  6094.10892236921
    wave_slope      =  0.019082148524302435
2026-03-10 09:33:52,964 - root - ERROR - Evaluated LSF:
2026-03-10 09:33:52,965 - root - ERROR - [nan nan nan nan nan nan nan nan nan nan nan nan nan nan nan nan nan nan
 nan nan nan nan nan nan nan nan nan nan nan nan nan nan nan nan nan nan
 nan nan nan nan nan nan nan nan nan nan nan nan nan nan nan nan nan nan
 nan nan nan nan nan nan nan nan nan nan nan nan nan nan nan nan nan nan
 nan]
2026-03-10 09:33:53,301 - root - ERROR - NaN value detected in oversampled model function.
2026-03-10 09:33:53,302 - root - ERROR - <ParameterSet (values: 17)>
    cont_intercept  =  73111.03247303933
    cont_slope      =  38.61464911614512
    iod_depth       =  0.8153251680276479
    lsf_left_1      =  5.414560899161993
    lsf_left_2      =  -17.645984333200524
    lsf_left_3      =  3.250290052055608
    lsf_left_4      =  -2.5915532509278014
    lsf_left_5      =  1.2594071924321923
    lsf_right1      =  3.464924018827169
    lsf_right2      =  -9.54447517082653
    lsf_right3      =  2.0098153185192236
    lsf_right4      =  -2.654658869026059
    lsf_right5      =  1.2847201790701963
    tem_depth       =  0.9488728562075558
    velocity        =  -25722.67961211887
    wave_intercept  =  6105.260746193405
    wave_slope      =  0.018247026300195205
2026-03-10 09:33:53,304 - root - ERROR - Evaluated LSF:
2026-03-10 09:33:53,305 - root - ERROR - [nan nan nan nan nan nan nan nan nan nan nan nan nan nan nan nan nan nan
 nan nan nan nan nan nan nan nan nan nan nan nan nan nan nan nan nan nan
 nan nan nan nan nan nan nan nan nan nan nan nan nan nan nan nan nan nan
 nan nan nan nan nan nan nan nan nan nan nan nan nan nan nan nan nan nan
 nan]
2026-03-10 09:33:53,322 - root - ERROR - NaN value detected in oversampled model function.
2026-03-10 09:33:53,323 - root - ERROR - <ParameterSet (values: 17)>
    cont_intercept  =  74160.12911139087
    cont_slope      =  33.24456959333854
    iod_depth       =  0.8845007100218039
    lsf_left_1      =  3.495197535069657
    lsf_left_2      =  -12.75455079198501
    lsf_left_3      =  4.795865412274233
    lsf_left_4      =  -1.1859968116986757
    lsf_left_5      =  0.2539398269201368
    lsf_right1      =  3.22413934868049
    lsf_right2      =  -7.799308890549831
    lsf_right3      =  5.383318759989241
    lsf_right4      =  -3.488593374030837
    lsf_right5      =  1.0525472467712058
    tem_depth       =  0.976496749379786
    velocity        =  -25496.428999924596
    wave_intercept  =  6107.440757477439
    wave_slope      =  0.01804150438951252
2026-03-10 09:33:53,325 - root - ERROR - Evaluated LSF:
2026-03-10 09:33:53,326 - root - ERROR - [nan nan nan nan nan nan nan nan nan nan nan nan nan nan nan nan nan nan
 nan nan nan nan nan nan nan nan nan nan nan nan nan nan nan nan nan nan
 nan nan nan nan nan nan nan nan nan nan nan nan nan nan nan nan nan nan
 nan nan nan nan nan nan nan nan nan nan nan nan nan nan nan nan nan nan
 nan]
2026-03-10 09:33:56,186 - root - ERROR - NaN value detected in oversampled model function.
2026-03-10 09:33:56,188 - root - ERROR - <ParameterSet (values: 17)>
    cont_intercept  =  36379.727194350045
    cont_slope      =  41.25956355604719
    iod_depth       =  0.1636211609078564
    lsf_left_1      =  3.387672760978046
    lsf_left_2      =  -17.991650811860307
    lsf_left_3      =  1.3512825184850796
    lsf_left_4      =  -3.127282151826985
    lsf_left_5      =  0.6836581999637911
    lsf_right1      =  3.755173320621293
    lsf_right2      =  -18.79833220444663
    lsf_right3      =  1.2787545640436104
    lsf_right4      =  -3.9062511586930886
    lsf_right5      =  0.16821853730271452
    tem_depth       =  0.9532317233312225
    velocity        =  -25474.808926329977
    wave_intercept  =  6151.050869244202
    wave_slope      =  0.01988066196067016
2026-03-10 09:33:56,189 - root - ERROR - Evaluated LSF:
2026-03-10 09:33:56,190 - root - ERROR - [nan nan nan nan nan nan nan nan nan nan nan nan nan nan nan nan nan nan
 nan nan nan nan nan nan nan nan nan nan nan nan nan nan nan nan nan nan
 nan nan nan nan nan nan nan nan nan nan nan nan nan nan nan nan nan nan
 nan nan nan nan nan nan nan nan nan nan nan nan nan nan nan nan nan nan
 nan]
2026-03-10 09:34:04,048 - root - ERROR - Polynomial fitting failed. Falling back to input values
Traceback (most recent call last):
  File "/Users/jaklusmeyer/SONG/pyodine/pyodine/lib/misc.py", line 529, in fit_polynomial
    pfit, stats = np.polynomial.Polynomial.fit(
  File "/Users/jaklusmeyer/miniconda/envs/pyodine_env/lib/python3.9/site-packages/numpy/polynomial/_polybase.py", line 1036, in fit
    xnew = pu.mapdomain(x, domain, window)
  File "/Users/jaklusmeyer/miniconda/envs/pyodine_env/lib/python3.9/site-packages/numpy/polynomial/polyutils.py", line 371, in mapdomain
    off, scl = mapparms(old, new)
  File "/Users/jaklusmeyer/miniconda/envs/pyodine_env/lib/python3.9/site-packages/numpy/polynomial/polyutils.py", line 303, in mapparms
    off = (old[1]*new[0] - old[0]*new[1])/oldlen
ZeroDivisionError: division by zero
2026-03-10 09:34:04,052 - root - ERROR - Polynomial fitting failed. Falling back to input values
Traceback (most recent call last):
  File "/Users/jaklusmeyer/SONG/pyodine/pyodine/lib/misc.py", line 529, in fit_polynomial
    pfit, stats = np.polynomial.Polynomial.fit(
  File "/Users/jaklusmeyer/miniconda/envs/pyodine_env/lib/python3.9/site-packages/numpy/polynomial/_polybase.py", line 1036, in fit
    xnew = pu.mapdomain(x, domain, window)
  File "/Users/jaklusmeyer/miniconda/envs/pyodine_env/lib/python3.9/site-packages/numpy/polynomial/polyutils.py", line 371, in mapdomain
    off, scl = mapparms(old, new)
  File "/Users/jaklusmeyer/miniconda/envs/pyodine_env/lib/python3.9/site-packages/numpy/polynomial/polyutils.py", line 303, in mapparms
    off = (old[1]*new[0] - old[0]*new[1])/oldlen
ZeroDivisionError: division by zero
2026-03-10 09:34:04,053 - root - ERROR - Polynomial fitting failed. Falling back to input values
Traceback (most recent call last):
  File "/Users/jaklusmeyer/SONG/pyodine/pyodine/lib/misc.py", line 529, in fit_polynomial
    pfit, stats = np.polynomial.Polynomial.fit(
  File "/Users/jaklusmeyer/miniconda/envs/pyodine_env/lib/python3.9/site-packages/numpy/polynomial/_polybase.py", line 1036, in fit
    xnew = pu.mapdomain(x, domain, window)
  File "/Users/jaklusmeyer/miniconda/envs/pyodine_env/lib/python3.9/site-packages/numpy/polynomial/polyutils.py", line 371, in mapdomain
    off, scl = mapparms(old, new)
  File "/Users/jaklusmeyer/miniconda/envs/pyodine_env/lib/python3.9/site-packages/numpy/polynomial/polyutils.py", line 303, in mapparms
    off = (old[1]*new[0] - old[0]*new[1])/oldlen
ZeroDivisionError: division by zero
2026-03-10 09:34:04,055 - root - ERROR - Polynomial fitting failed. Falling back to input values
Traceback (most recent call last):
  File "/Users/jaklusmeyer/SONG/pyodine/pyodine/lib/misc.py", line 529, in fit_polynomial
    pfit, stats = np.polynomial.Polynomial.fit(
  File "/Users/jaklusmeyer/miniconda/envs/pyodine_env/lib/python3.9/site-packages/numpy/polynomial/_polybase.py", line 1036, in fit
    xnew = pu.mapdomain(x, domain, window)
  File "/Users/jaklusmeyer/miniconda/envs/pyodine_env/lib/python3.9/site-packages/numpy/polynomial/polyutils.py", line 371, in mapdomain
    off, scl = mapparms(old, new)
  File "/Users/jaklusmeyer/miniconda/envs/pyodine_env/lib/python3.9/site-packages/numpy/polynomial/polyutils.py", line 303, in mapparms
    off = (old[1]*new[0] - old[0]*new[1])/oldlen
ZeroDivisionError: division by zero
2026-03-10 09:34:04,056 - root - ERROR - Polynomial fitting failed. Falling back to input values
Traceback (most recent call last):
  File "/Users/jaklusmeyer/SONG/pyodine/pyodine/lib/misc.py", line 529, in fit_polynomial
    pfit, stats = np.polynomial.Polynomial.fit(
  File "/Users/jaklusmeyer/miniconda/envs/pyodine_env/lib/python3.9/site-packages/numpy/polynomial/_polybase.py", line 1036, in fit
    xnew = pu.mapdomain(x, domain, window)
  File "/Users/jaklusmeyer/miniconda/envs/pyodine_env/lib/python3.9/site-packages/numpy/polynomial/polyutils.py", line 371, in mapdomain
    off, scl = mapparms(old, new)
  File "/Users/jaklusmeyer/miniconda/envs/pyodine_env/lib/python3.9/site-packages/numpy/polynomial/polyutils.py", line 303, in mapparms
    off = (old[1]*new[0] - old[0]*new[1])/oldlen
ZeroDivisionError: division by zero
2026-03-10 09:34:04,058 - root - ERROR - Polynomial fitting failed. Falling back to input values
Traceback (most recent call last):
  File "/Users/jaklusmeyer/SONG/pyodine/pyodine/lib/misc.py", line 529, in fit_polynomial
    pfit, stats = np.polynomial.Polynomial.fit(
  File "/Users/jaklusmeyer/miniconda/envs/pyodine_env/lib/python3.9/site-packages/numpy/polynomial/_polybase.py", line 1036, in fit
    xnew = pu.mapdomain(x, domain, window)
  File "/Users/jaklusmeyer/miniconda/envs/pyodine_env/lib/python3.9/site-packages/numpy/polynomial/polyutils.py", line 371, in mapdomain
    off, scl = mapparms(old, new)
  File "/Users/jaklusmeyer/miniconda/envs/pyodine_env/lib/python3.9/site-packages/numpy/polynomial/polyutils.py", line 303, in mapparms
    off = (old[1]*new[0] - old[0]*new[1])/oldlen
ZeroDivisionError: division by zero
2026-03-10 09:34:04,059 - root - ERROR - Polynomial fitting failed. Falling back to input values
Traceback (most recent call last):
  File "/Users/jaklusmeyer/SONG/pyodine/pyodine/lib/misc.py", line 529, in fit_polynomial
    pfit, stats = np.polynomial.Polynomial.fit(
  File "/Users/jaklusmeyer/miniconda/envs/pyodine_env/lib/python3.9/site-packages/numpy/polynomial/_polybase.py", line 1036, in fit
    xnew = pu.mapdomain(x, domain, window)
  File "/Users/jaklusmeyer/miniconda/envs/pyodine_env/lib/python3.9/site-packages/numpy/polynomial/polyutils.py", line 371, in mapdomain
    off, scl = mapparms(old, new)
  File "/Users/jaklusmeyer/miniconda/envs/pyodine_env/lib/python3.9/site-packages/numpy/polynomial/polyutils.py", line 303, in mapparms
    off = (old[1]*new[0] - old[0]*new[1])/oldlen
ZeroDivisionError: division by zero
2026-03-10 09:34:04,069 - root - ERROR - Polynomial fitting failed. Falling back to input values
Traceback (most recent call last):
  File "/Users/jaklusmeyer/SONG/pyodine/pyodine/lib/misc.py", line 529, in fit_polynomial
    pfit, stats = np.polynomial.Polynomial.fit(
  File "/Users/jaklusmeyer/miniconda/envs/pyodine_env/lib/python3.9/site-packages/numpy/polynomial/_polybase.py", line 1036, in fit
    xnew = pu.mapdomain(x, domain, window)
  File "/Users/jaklusmeyer/miniconda/envs/pyodine_env/lib/python3.9/site-packages/numpy/polynomial/polyutils.py", line 371, in mapdomain
    off, scl = mapparms(old, new)
  File "/Users/jaklusmeyer/miniconda/envs/pyodine_env/lib/python3.9/site-packages/numpy/polynomial/polyutils.py", line 303, in mapparms
    off = (old[1]*new[0] - old[0]*new[1])/oldlen
ZeroDivisionError: division by zero
2026-03-10 09:34:04,071 - root - ERROR - Polynomial fitting failed. Falling back to input values
Traceback (most recent call last):
  File "/Users/jaklusmeyer/SONG/pyodine/pyodine/lib/misc.py", line 529, in fit_polynomial
    pfit, stats = np.polynomial.Polynomial.fit(
  File "/Users/jaklusmeyer/miniconda/envs/pyodine_env/lib/python3.9/site-packages/numpy/polynomial/_polybase.py", line 1036, in fit
    xnew = pu.mapdomain(x, domain, window)
  File "/Users/jaklusmeyer/miniconda/envs/pyodine_env/lib/python3.9/site-packages/numpy/polynomial/polyutils.py", line 371, in mapdomain
    off, scl = mapparms(old, new)
  File "/Users/jaklusmeyer/miniconda/envs/pyodine_env/lib/python3.9/site-packages/numpy/polynomial/polyutils.py", line 303, in mapparms
    off = (old[1]*new[0] - old[0]*new[1])/oldlen
ZeroDivisionError: division by zero
2026-03-10 09:34:04,072 - root - ERROR - Polynomial fitting failed. Falling back to input values
Traceback (most recent call last):
  File "/Users/jaklusmeyer/SONG/pyodine/pyodine/lib/misc.py", line 529, in fit_polynomial
    pfit, stats = np.polynomial.Polynomial.fit(
  File "/Users/jaklusmeyer/miniconda/envs/pyodine_env/lib/python3.9/site-packages/numpy/polynomial/_polybase.py", line 1036, in fit
    xnew = pu.mapdomain(x, domain, window)
  File "/Users/jaklusmeyer/miniconda/envs/pyodine_env/lib/python3.9/site-packages/numpy/polynomial/polyutils.py", line 371, in mapdomain
    off, scl = mapparms(old, new)
  File "/Users/jaklusmeyer/miniconda/envs/pyodine_env/lib/python3.9/site-packages/numpy/polynomial/polyutils.py", line 303, in mapparms
    off = (old[1]*new[0] - old[0]*new[1])/oldlen
ZeroDivisionError: division by zero
2026-03-10 09:34:04,073 - root - ERROR - Polynomial fitting failed. Falling back to input values
Traceback (most recent call last):
  File "/Users/jaklusmeyer/SONG/pyodine/pyodine/lib/misc.py", line 529, in fit_polynomial
    pfit, stats = np.polynomial.Polynomial.fit(
  File "/Users/jaklusmeyer/miniconda/envs/pyodine_env/lib/python3.9/site-packages/numpy/polynomial/_polybase.py", line 1036, in fit
    xnew = pu.mapdomain(x, domain, window)
  File "/Users/jaklusmeyer/miniconda/envs/pyodine_env/lib/python3.9/site-packages/numpy/polynomial/polyutils.py", line 371, in mapdomain
    off, scl = mapparms(old, new)
  File "/Users/jaklusmeyer/miniconda/envs/pyodine_env/lib/python3.9/site-packages/numpy/polynomial/polyutils.py", line 303, in mapparms
    off = (old[1]*new[0] - old[0]*new[1])/oldlen
ZeroDivisionError: division by zero
2026-03-10 09:34:04,074 - root - ERROR - Polynomial fitting failed. Falling back to input values
Traceback (most recent call last):
  File "/Users/jaklusmeyer/SONG/pyodine/pyodine/lib/misc.py", line 529, in fit_polynomial
    pfit, stats = np.polynomial.Polynomial.fit(
  File "/Users/jaklusmeyer/miniconda/envs/pyodine_env/lib/python3.9/site-packages/numpy/polynomial/_polybase.py", line 1036, in fit
    xnew = pu.mapdomain(x, domain, window)
  File "/Users/jaklusmeyer/miniconda/envs/pyodine_env/lib/python3.9/site-packages/numpy/polynomial/polyutils.py", line 371, in mapdomain
    off, scl = mapparms(old, new)
  File "/Users/jaklusmeyer/miniconda/envs/pyodine_env/lib/python3.9/site-packages/numpy/polynomial/polyutils.py", line 303, in mapparms
    off = (old[1]*new[0] - old[0]*new[1])/oldlen
ZeroDivisionError: division by zero
2026-03-10 09:34:04,077 - root - ERROR - Polynomial fitting failed. Falling back to input values
Traceback (most recent call last):
  File "/Users/jaklusmeyer/SONG/pyodine/pyodine/lib/misc.py", line 529, in fit_polynomial
    pfit, stats = np.polynomial.Polynomial.fit(
  File "/Users/jaklusmeyer/miniconda/envs/pyodine_env/lib/python3.9/site-packages/numpy/polynomial/_polybase.py", line 1036, in fit
    xnew = pu.mapdomain(x, domain, window)
  File "/Users/jaklusmeyer/miniconda/envs/pyodine_env/lib/python3.9/site-packages/numpy/polynomial/polyutils.py", line 371, in mapdomain
    off, scl = mapparms(old, new)
  File "/Users/jaklusmeyer/miniconda/envs/pyodine_env/lib/python3.9/site-packages/numpy/polynomial/polyutils.py", line 303, in mapparms
    off = (old[1]*new[0] - old[0]*new[1])/oldlen
ZeroDivisionError: division by zero
2026-03-10 09:34:04,079 - root - ERROR - Polynomial fitting failed. Falling back to input values
Traceback (most recent call last):
  File "/Users/jaklusmeyer/SONG/pyodine/pyodine/lib/misc.py", line 529, in fit_polynomial
    pfit, stats = np.polynomial.Polynomial.fit(
  File "/Users/jaklusmeyer/miniconda/envs/pyodine_env/lib/python3.9/site-packages/numpy/polynomial/_polybase.py", line 1036, in fit
    xnew = pu.mapdomain(x, domain, window)
  File "/Users/jaklusmeyer/miniconda/envs/pyodine_env/lib/python3.9/site-packages/numpy/polynomial/polyutils.py", line 371, in mapdomain
    off, scl = mapparms(old, new)
  File "/Users/jaklusmeyer/miniconda/envs/pyodine_env/lib/python3.9/site-packages/numpy/polynomial/polyutils.py", line 303, in mapparms
    off = (old[1]*new[0] - old[0]*new[1])/oldlen
ZeroDivisionError: division by zero
2026-03-10 09:34:06,804 - root - ERROR - NaN value detected in iodine function.
2026-03-10 09:34:06,806 - root - ERROR - Chunk could not be plotted
Traceback (most recent call last):
  File "/Users/jaklusmeyer/SONG/pyodine/pyodine/plot_lib.py", line 62, in plot_chunkmodel
    sp = fit_results[chunk_nr].fitted_spectrum
  File "/Users/jaklusmeyer/SONG/pyodine/pyodine/fitters/base.py", line 45, in fitted_spectrum
    return self.model.eval_spectrum(self.chunk, self.params, chunk_ind=self.chunk_ind)
  File "/Users/jaklusmeyer/SONG/pyodine/pyodine/models/base.py", line 79, in eval_spectrum
    flux = self.eval(chunk, params, chunk_ind=chunk_ind, **kwargs)
  File "/Users/jaklusmeyer/SONG/pyodine/pyodine/models/spectrum.py", line 138, in eval
    tck = splrep(tem.wave * doppler, flux_tem, s=0)
  File "/Users/jaklusmeyer/miniconda/envs/pyodine_env/lib/python3.9/site-packages/scipy/interpolate/_fitpack_py.py", line 295, in splrep
    res = _impl.splrep(x, y, w, xb, xe, k, task, s, t, full_output, per, quiet)
  File "/Users/jaklusmeyer/miniconda/envs/pyodine_env/lib/python3.9/site-packages/scipy/interpolate/_fitpack_impl.py", line 276, in splrep
    n, c, fp, ier = dfitpack.curfit(task, x, y, w, t, wrk, iwrk,
dfitpack.error: (xb<=x[0]) failed for 1st keyword xb: curfit:xb=nan
2026-03-10 09:34:07,129 - root - ERROR - NaN value detected in iodine function.
2026-03-10 09:34:07,131 - root - ERROR - Chunk could not be plotted
Traceback (most recent call last):
  File "/Users/jaklusmeyer/SONG/pyodine/pyodine/plot_lib.py", line 62, in plot_chunkmodel
    sp = fit_results[chunk_nr].fitted_spectrum
  File "/Users/jaklusmeyer/SONG/pyodine/pyodine/fitters/base.py", line 45, in fitted_spectrum
    return self.model.eval_spectrum(self.chunk, self.params, chunk_ind=self.chunk_ind)
  File "/Users/jaklusmeyer/SONG/pyodine/pyodine/models/base.py", line 79, in eval_spectrum
    flux = self.eval(chunk, params, chunk_ind=chunk_ind, **kwargs)
  File "/Users/jaklusmeyer/SONG/pyodine/pyodine/models/spectrum.py", line 138, in eval
    tck = splrep(tem.wave * doppler, flux_tem, s=0)
  File "/Users/jaklusmeyer/miniconda/envs/pyodine_env/lib/python3.9/site-packages/scipy/interpolate/_fitpack_py.py", line 295, in splrep
    res = _impl.splrep(x, y, w, xb, xe, k, task, s, t, full_output, per, quiet)
  File "/Users/jaklusmeyer/miniconda/envs/pyodine_env/lib/python3.9/site-packages/scipy/interpolate/_fitpack_impl.py", line 276, in splrep
    n, c, fp, ier = dfitpack.curfit(task, x, y, w, t, wrk, iwrk,
dfitpack.error: (xb<=x[0]) failed for 1st keyword xb: curfit:xb=nan
