2026-03-10 10:04:09,252 - root - ERROR - Chunk 0: No Data! Returning LmfitResult with None.
2026-03-10 10:04:09,253 - root - ERROR - Chunk 1: No Data! Returning LmfitResult with None.
2026-03-10 10:04:09,254 - root - ERROR - Chunk 2: No Data! Returning LmfitResult with None.
2026-03-10 10:04:09,255 - root - ERROR - Chunk 3: No Data! Returning LmfitResult with None.
2026-03-10 10:04:09,256 - root - ERROR - Chunk 4: No Data! Returning LmfitResult with None.
2026-03-10 10:04:09,257 - root - ERROR - Chunk 5: No Data! Returning LmfitResult with None.
2026-03-10 10:04:09,258 - root - ERROR - Chunk 6: No Data! Returning LmfitResult with None.
2026-03-10 10:04:09,259 - root - ERROR - Chunk 7: No Data! Returning LmfitResult with None.
2026-03-10 10:04:09,260 - root - ERROR - Chunk 8: No Data! Returning LmfitResult with None.
2026-03-10 10:04:09,261 - root - ERROR - Chunk 9: No Data! Returning LmfitResult with None.
2026-03-10 10:04:09,262 - root - ERROR - Chunk 10: No Data! Returning LmfitResult with None.
2026-03-10 10:04:09,263 - root - ERROR - Chunk 11: No Data! Returning LmfitResult with None.
2026-03-10 10:04:09,264 - root - ERROR - Chunk 12: No Data! Returning LmfitResult with None.
2026-03-10 10:04:09,265 - root - ERROR - Chunk 13: No Data! Returning LmfitResult with None.
2026-03-10 10:04:09,266 - root - ERROR - Chunk 14: No Data! Returning LmfitResult with None.
2026-03-10 10:04:09,267 - root - ERROR - Chunk 15: No Data! Returning LmfitResult with None.
2026-03-10 10:04:09,268 - root - ERROR - Chunk 16: No Data! Returning LmfitResult with None.
2026-03-10 10:04:09,269 - root - ERROR - Chunk 17: No Data! Returning LmfitResult with None.
2026-03-10 10:04:09,270 - root - ERROR - Chunk 18: No Data! Returning LmfitResult with None.
2026-03-10 10:04:09,271 - root - ERROR - Chunk 19: No Data! Returning LmfitResult with None.
2026-03-10 10:04:09,272 - root - ERROR - Chunk 20: No Data! Returning LmfitResult with None.
2026-03-10 10:04:09,273 - root - ERROR - Chunk 21: No Data! Returning LmfitResult with None.
2026-03-10 10:04:09,274 - root - ERROR - Chunk 22: No Data! Returning LmfitResult with None.
2026-03-10 10:04:09,275 - root - ERROR - Chunk 23: No Data! Returning LmfitResult with None.
2026-03-10 10:04:09,276 - root - ERROR - Chunk 24: No Data! Returning LmfitResult with None.
2026-03-10 10:04:09,277 - root - ERROR - Chunk 25: No Data! Returning LmfitResult with None.
2026-03-10 10:04:09,278 - root - ERROR - Chunk 26: No Data! Returning LmfitResult with None.
2026-03-10 10:04:09,279 - root - ERROR - Chunk 27: No Data! Returning LmfitResult with None.
2026-03-10 10:04:09,280 - root - ERROR - Chunk 28: No Data! Returning LmfitResult with None.
2026-03-10 10:04:09,281 - root - ERROR - Chunk 29: No Data! Returning LmfitResult with None.
2026-03-10 10:04:09,282 - root - ERROR - Chunk 30: No Data! Returning LmfitResult with None.
2026-03-10 10:04:09,283 - root - ERROR - Chunk 31: No Data! Returning LmfitResult with None.
2026-03-10 10:04:09,284 - root - ERROR - Chunk 32: No Data! Returning LmfitResult with None.
2026-03-10 10:04:09,285 - root - ERROR - Chunk 33: No Data! Returning LmfitResult with None.
2026-03-10 10:04:09,286 - root - ERROR - Chunk 34: No Data! Returning LmfitResult with None.
2026-03-10 10:04:09,287 - root - ERROR - Chunk 35: No Data! Returning LmfitResult with None.
2026-03-10 10:04:09,288 - root - ERROR - Chunk 36: No Data! Returning LmfitResult with None.
2026-03-10 10:04:09,289 - root - ERROR - Chunk 37: No Data! Returning LmfitResult with None.
2026-03-10 10:04:09,290 - root - ERROR - Chunk 38: No Data! Returning LmfitResult with None.
2026-03-10 10:04:09,291 - root - ERROR - Chunk 39: No Data! Returning LmfitResult with None.
2026-03-10 10:04:09,292 - root - ERROR - Chunk 40: No Data! Returning LmfitResult with None.
2026-03-10 10:04:09,293 - root - ERROR - Chunk 41: No Data! Returning LmfitResult with None.
2026-03-10 10:04:09,294 - root - ERROR - Chunk 42: No Data! Returning LmfitResult with None.
2026-03-10 10:04:09,295 - root - ERROR - Chunk 43: No Data! Returning LmfitResult with None.
2026-03-10 10:04:09,296 - root - ERROR - Chunk 44: No Data! Returning LmfitResult with None.
2026-03-10 10:04:09,297 - root - ERROR - Chunk 45: No Data! Returning LmfitResult with None.
2026-03-10 10:04:09,298 - root - ERROR - Chunk 46: No Data! Returning LmfitResult with None.
2026-03-10 10:04:09,299 - root - ERROR - Chunk 47: No Data! Returning LmfitResult with None.
2026-03-10 10:04:09,300 - root - ERROR - Chunk 48: No Data! Returning LmfitResult with None.
2026-03-10 10:04:09,301 - root - ERROR - Chunk 49: No Data! Returning LmfitResult with None.
2026-03-10 10:04:09,302 - root - ERROR - Chunk 50: No Data! Returning LmfitResult with None.
2026-03-10 10:04:09,302 - root - ERROR - Chunk 51: No Data! Returning LmfitResult with None.
2026-03-10 10:04:09,304 - root - ERROR - Chunk 52: No Data! Returning LmfitResult with None.
2026-03-10 10:04:09,305 - root - ERROR - Chunk 53: No Data! Returning LmfitResult with None.
2026-03-10 10:04:09,306 - root - ERROR - Chunk 54: No Data! Returning LmfitResult with None.
2026-03-10 10:04:09,307 - root - ERROR - Chunk 55: No Data! Returning LmfitResult with None.
2026-03-10 10:04:09,308 - root - ERROR - Chunk 56: No Data! Returning LmfitResult with None.
2026-03-10 10:04:09,308 - root - ERROR - Chunk 57: No Data! Returning LmfitResult with None.
2026-03-10 10:04:09,309 - root - ERROR - Chunk 58: No Data! Returning LmfitResult with None.
2026-03-10 10:04:09,310 - root - ERROR - Chunk 59: No Data! Returning LmfitResult with None.
2026-03-10 10:04:09,311 - root - ERROR - Chunk 60: No Data! Returning LmfitResult with None.
2026-03-10 10:04:09,312 - root - ERROR - Chunk 61: No Data! Returning LmfitResult with None.
2026-03-10 10:04:09,313 - root - ERROR - Chunk 62: No Data! Returning LmfitResult with None.
2026-03-10 10:04:09,314 - root - ERROR - Chunk 63: No Data! Returning LmfitResult with None.
2026-03-10 10:04:09,317 - root - ERROR - Chunk 64: No Data! Returning LmfitResult with None.
2026-03-10 10:04:09,318 - root - ERROR - Chunk 65: No Data! Returning LmfitResult with None.
2026-03-10 10:04:09,319 - root - ERROR - Chunk 66: No Data! Returning LmfitResult with None.
2026-03-10 10:04:09,319 - root - ERROR - Chunk 67: No Data! Returning LmfitResult with None.
2026-03-10 10:04:09,320 - root - ERROR - Chunk 68: No Data! Returning LmfitResult with None.
2026-03-10 10:04:09,322 - root - ERROR - Chunk 69: No Data! Returning LmfitResult with None.
2026-03-10 10:04:09,322 - root - ERROR - Chunk 70: No Data! Returning LmfitResult with None.
2026-03-10 10:04:09,323 - root - ERROR - Chunk 71: No Data! Returning LmfitResult with None.
2026-03-10 10:04:09,324 - root - ERROR - Chunk 72: No Data! Returning LmfitResult with None.
2026-03-10 10:04:09,325 - root - ERROR - Chunk 73: No Data! Returning LmfitResult with None.
2026-03-10 10:04:09,326 - root - ERROR - Chunk 74: No Data! Returning LmfitResult with None.
2026-03-10 10:04:09,327 - root - ERROR - Chunk 75: No Data! Returning LmfitResult with None.
2026-03-10 10:04:09,328 - root - ERROR - Chunk 76: No Data! Returning LmfitResult with None.
2026-03-10 10:04:09,329 - root - ERROR - Chunk 77: No Data! Returning LmfitResult with None.
2026-03-10 10:04:09,330 - root - ERROR - Chunk 78: No Data! Returning LmfitResult with None.
2026-03-10 10:04:09,331 - root - ERROR - Chunk 79: No Data! Returning LmfitResult with None.
2026-03-10 10:04:09,332 - root - ERROR - Chunk 80: No Data! Returning LmfitResult with None.
2026-03-10 10:04:09,333 - root - ERROR - Chunk 81: No Data! Returning LmfitResult with None.
2026-03-10 10:04:09,334 - root - ERROR - Chunk 82: No Data! Returning LmfitResult with None.
2026-03-10 10:04:09,335 - root - ERROR - Chunk 83: No Data! Returning LmfitResult with None.
2026-03-10 10:04:09,336 - root - ERROR - Chunk 84: No Data! Returning LmfitResult with None.
2026-03-10 10:04:09,336 - root - ERROR - Chunk 85: No Data! Returning LmfitResult with None.
2026-03-10 10:04:09,337 - root - ERROR - Chunk 86: No Data! Returning LmfitResult with None.
2026-03-10 10:04:09,338 - root - ERROR - Chunk 87: No Data! Returning LmfitResult with None.
2026-03-10 10:04:09,339 - root - ERROR - Chunk 88: No Data! Returning LmfitResult with None.
2026-03-10 10:04:09,340 - root - ERROR - Chunk 89: No Data! Returning LmfitResult with None.
2026-03-10 10:04:09,341 - root - ERROR - Chunk 90: No Data! Returning LmfitResult with None.
2026-03-10 10:04:09,342 - root - ERROR - Chunk 91: No Data! Returning LmfitResult with None.
2026-03-10 10:04:09,343 - root - ERROR - Chunk 92: No Data! Returning LmfitResult with None.
2026-03-10 10:04:09,344 - root - ERROR - Chunk 93: No Data! Returning LmfitResult with None.
2026-03-10 10:04:09,345 - root - ERROR - Chunk 94: No Data! Returning LmfitResult with None.
2026-03-10 10:04:09,386 - root - ERROR - Chunk 95: No Data! Returning LmfitResult with None.
2026-03-10 10:04:09,392 - root - ERROR - Chunk 96: No Data! Returning LmfitResult with None.
2026-03-10 10:04:09,393 - root - ERROR - Chunk 97: No Data! Returning LmfitResult with None.
2026-03-10 10:04:09,394 - root - ERROR - Chunk 98: No Data! Returning LmfitResult with None.
2026-03-10 10:04:09,396 - root - ERROR - Chunk 99: No Data! Returning LmfitResult with None.
2026-03-10 10:04:09,397 - root - ERROR - Chunk 100: No Data! Returning LmfitResult with None.
2026-03-10 10:04:09,408 - root - ERROR - Chunk 101: No Data! Returning LmfitResult with None.
2026-03-10 10:04:09,409 - root - ERROR - Chunk 102: No Data! Returning LmfitResult with None.
2026-03-10 10:04:09,410 - root - ERROR - Chunk 103: No Data! Returning LmfitResult with None.
2026-03-10 10:04:09,411 - root - ERROR - Chunk 104: No Data! Returning LmfitResult with None.
2026-03-10 10:04:09,412 - root - ERROR - Chunk 105: No Data! Returning LmfitResult with None.
2026-03-10 10:04:09,413 - root - ERROR - Chunk 106: No Data! Returning LmfitResult with None.
2026-03-10 10:04:09,422 - root - ERROR - Chunk 107: No Data! Returning LmfitResult with None.
2026-03-10 10:04:09,424 - root - ERROR - Chunk 108: No Data! Returning LmfitResult with None.
2026-03-10 10:04:09,425 - root - ERROR - Chunk 109: No Data! Returning LmfitResult with None.
2026-03-10 10:04:09,426 - root - ERROR - Chunk 110: No Data! Returning LmfitResult with None.
2026-03-10 10:04:09,427 - root - ERROR - Chunk 111: No Data! Returning LmfitResult with None.
2026-03-10 10:04:09,428 - root - ERROR - Chunk 112: No Data! Returning LmfitResult with None.
2026-03-10 10:04:09,429 - root - ERROR - Chunk 113: No Data! Returning LmfitResult with None.
2026-03-10 10:04:09,430 - root - ERROR - Chunk 114: No Data! Returning LmfitResult with None.
2026-03-10 10:04:09,431 - root - ERROR - Chunk 115: No Data! Returning LmfitResult with None.
2026-03-10 10:04:09,432 - root - ERROR - Chunk 116: No Data! Returning LmfitResult with None.
2026-03-10 10:04:09,433 - root - ERROR - Chunk 117: No Data! Returning LmfitResult with None.
2026-03-10 10:04:09,434 - root - ERROR - Chunk 118: No Data! Returning LmfitResult with None.
2026-03-10 10:04:09,435 - root - ERROR - Chunk 119: No Data! Returning LmfitResult with None.
2026-03-10 10:04:09,436 - root - ERROR - Chunk 120: No Data! Returning LmfitResult with None.
2026-03-10 10:04:09,437 - root - ERROR - Chunk 121: No Data! Returning LmfitResult with None.
2026-03-10 10:04:09,444 - root - ERROR - Chunk 122: No Data! Returning LmfitResult with None.
2026-03-10 10:04:09,445 - root - ERROR - Chunk 123: No Data! Returning LmfitResult with None.
2026-03-10 10:04:09,447 - root - ERROR - Chunk 124: No Data! Returning LmfitResult with None.
2026-03-10 10:04:09,448 - root - ERROR - Chunk 125: No Data! Returning LmfitResult with None.
2026-03-10 10:04:09,448 - root - ERROR - Chunk 126: No Data! Returning LmfitResult with None.
2026-03-10 10:04:09,451 - root - ERROR - Chunk 127: No Data! Returning LmfitResult with None.
2026-03-10 10:04:09,452 - root - ERROR - Chunk 128: No Data! Returning LmfitResult with None.
2026-03-10 10:04:09,453 - root - ERROR - Chunk 129: No Data! Returning LmfitResult with None.
2026-03-10 10:04:09,458 - root - ERROR - Chunk 130: No Data! Returning LmfitResult with None.
2026-03-10 10:04:09,472 - root - ERROR - Chunk 131: No Data! Returning LmfitResult with None.
2026-03-10 10:04:09,495 - root - ERROR - Chunk 132: No Data! Returning LmfitResult with None.
2026-03-10 10:04:09,497 - root - ERROR - Chunk 133: No Data! Returning LmfitResult with None.
2026-03-10 10:04:09,498 - root - ERROR - Chunk 134: No Data! Returning LmfitResult with None.
2026-03-10 10:04:09,499 - root - ERROR - Chunk 135: No Data! Returning LmfitResult with None.
2026-03-10 10:04:09,500 - root - ERROR - Chunk 136: No Data! Returning LmfitResult with None.
2026-03-10 10:04:09,501 - root - ERROR - Chunk 137: No Data! Returning LmfitResult with None.
2026-03-10 10:04:09,502 - root - ERROR - Chunk 138: No Data! Returning LmfitResult with None.
2026-03-10 10:04:09,503 - root - ERROR - Chunk 139: No Data! Returning LmfitResult with None.
2026-03-10 10:04:09,504 - root - ERROR - Chunk 140: No Data! Returning LmfitResult with None.
2026-03-10 10:04:09,505 - root - ERROR - Chunk 141: No Data! Returning LmfitResult with None.
2026-03-10 10:04:09,515 - root - ERROR - Chunk 142: No Data! Returning LmfitResult with None.
2026-03-10 10:04:09,518 - root - ERROR - Chunk 143: No Data! Returning LmfitResult with None.
2026-03-10 10:04:09,519 - root - ERROR - Chunk 144: No Data! Returning LmfitResult with None.
2026-03-10 10:04:09,520 - root - ERROR - Chunk 145: No Data! Returning LmfitResult with None.
2026-03-10 10:04:09,521 - root - ERROR - Chunk 146: No Data! Returning LmfitResult with None.
2026-03-10 10:04:09,522 - root - ERROR - Chunk 147: No Data! Returning LmfitResult with None.
2026-03-10 10:04:09,522 - root - ERROR - Chunk 148: No Data! Returning LmfitResult with None.
2026-03-10 10:04:09,523 - root - ERROR - Chunk 149: No Data! Returning LmfitResult with None.
2026-03-10 10:04:09,524 - root - ERROR - Chunk 150: No Data! Returning LmfitResult with None.
2026-03-10 10:04:09,525 - root - ERROR - Chunk 151: No Data! Returning LmfitResult with None.
2026-03-10 10:04:09,526 - root - ERROR - Chunk 152: No Data! Returning LmfitResult with None.
2026-03-10 10:04:09,527 - root - ERROR - Chunk 153: No Data! Returning LmfitResult with None.
2026-03-10 10:04:09,528 - root - ERROR - Chunk 154: No Data! Returning LmfitResult with None.
2026-03-10 10:04:09,529 - root - ERROR - Chunk 155: No Data! Returning LmfitResult with None.
2026-03-10 10:04:09,530 - root - ERROR - Chunk 156: No Data! Returning LmfitResult with None.
2026-03-10 10:04:09,531 - root - ERROR - Chunk 157: No Data! Returning LmfitResult with None.
2026-03-10 10:04:09,532 - root - ERROR - Chunk 158: No Data! Returning LmfitResult with None.
2026-03-10 10:04:09,533 - root - ERROR - Chunk 159: No Data! Returning LmfitResult with None.
2026-03-10 10:04:09,534 - root - ERROR - Chunk 160: No Data! Returning LmfitResult with None.
2026-03-10 10:04:09,535 - root - ERROR - Chunk 161: No Data! Returning LmfitResult with None.
2026-03-10 10:04:09,535 - root - ERROR - Chunk 162: No Data! Returning LmfitResult with None.
2026-03-10 10:04:09,536 - root - ERROR - Chunk 163: No Data! Returning LmfitResult with None.
2026-03-10 10:04:09,537 - root - ERROR - Chunk 164: No Data! Returning LmfitResult with None.
2026-03-10 10:04:09,538 - root - ERROR - Chunk 165: No Data! Returning LmfitResult with None.
2026-03-10 10:04:09,539 - root - ERROR - Chunk 166: No Data! Returning LmfitResult with None.
2026-03-10 10:04:09,540 - root - ERROR - Chunk 167: No Data! Returning LmfitResult with None.
2026-03-10 10:04:09,541 - root - ERROR - Chunk 168: No Data! Returning LmfitResult with None.
2026-03-10 10:04:09,541 - root - ERROR - Chunk 169: No Data! Returning LmfitResult with None.
2026-03-10 10:04:09,542 - root - ERROR - Chunk 170: No Data! Returning LmfitResult with None.
2026-03-10 10:04:09,543 - root - ERROR - Chunk 171: No Data! Returning LmfitResult with None.
2026-03-10 10:04:09,544 - root - ERROR - Chunk 172: No Data! Returning LmfitResult with None.
2026-03-10 10:04:09,545 - root - ERROR - Chunk 173: No Data! Returning LmfitResult with None.
2026-03-10 10:04:09,546 - root - ERROR - Chunk 174: No Data! Returning LmfitResult with None.
2026-03-10 10:04:09,547 - root - ERROR - Chunk 175: No Data! Returning LmfitResult with None.
2026-03-10 10:04:09,547 - root - ERROR - Chunk 176: No Data! Returning LmfitResult with None.
2026-03-10 10:04:09,548 - root - ERROR - Chunk 177: No Data! Returning LmfitResult with None.
2026-03-10 10:04:09,549 - root - ERROR - Chunk 178: No Data! Returning LmfitResult with None.
2026-03-10 10:04:09,550 - root - ERROR - Chunk 179: No Data! Returning LmfitResult with None.
2026-03-10 10:04:09,551 - root - ERROR - Chunk 180: No Data! Returning LmfitResult with None.
2026-03-10 10:04:09,552 - root - ERROR - Chunk 181: No Data! Returning LmfitResult with None.
2026-03-10 10:04:09,553 - root - ERROR - Chunk 182: No Data! Returning LmfitResult with None.
2026-03-10 10:04:09,553 - root - ERROR - Chunk 183: No Data! Returning LmfitResult with None.
2026-03-10 10:04:09,554 - root - ERROR - Chunk 184: No Data! Returning LmfitResult with None.
2026-03-10 10:04:09,555 - root - ERROR - Chunk 185: No Data! Returning LmfitResult with None.
2026-03-10 10:04:09,556 - root - ERROR - Chunk 186: No Data! Returning LmfitResult with None.
2026-03-10 10:04:09,557 - root - ERROR - Chunk 187: No Data! Returning LmfitResult with None.
2026-03-10 10:04:09,558 - root - ERROR - Chunk 188: No Data! Returning LmfitResult with None.
2026-03-10 10:04:09,559 - root - ERROR - Chunk 189: No Data! Returning LmfitResult with None.
2026-03-10 10:04:09,560 - root - ERROR - Chunk 190: No Data! Returning LmfitResult with None.
2026-03-10 10:04:09,605 - root - ERROR - Chunk 191: No Data! Returning LmfitResult with None.
2026-03-10 10:04:09,606 - root - ERROR - Chunk 192: No Data! Returning LmfitResult with None.
2026-03-10 10:04:09,609 - root - ERROR - Chunk 193: No Data! Returning LmfitResult with None.
2026-03-10 10:04:09,620 - root - ERROR - Chunk 194: No Data! Returning LmfitResult with None.
2026-03-10 10:04:09,622 - root - ERROR - Chunk 195: No Data! Returning LmfitResult with None.
2026-03-10 10:04:09,623 - root - ERROR - Chunk 196: No Data! Returning LmfitResult with None.
2026-03-10 10:04:09,624 - root - ERROR - Chunk 197: No Data! Returning LmfitResult with None.
2026-03-10 10:04:09,625 - root - ERROR - Chunk 198: No Data! Returning LmfitResult with None.
2026-03-10 10:04:09,626 - root - ERROR - Chunk 199: No Data! Returning LmfitResult with None.
2026-03-10 10:04:09,627 - root - ERROR - Chunk 200: No Data! Returning LmfitResult with None.
2026-03-10 10:04:09,628 - root - ERROR - Chunk 201: No Data! Returning LmfitResult with None.
2026-03-10 10:04:09,629 - root - ERROR - Chunk 202: No Data! Returning LmfitResult with None.
2026-03-10 10:04:09,631 - root - ERROR - Chunk 203: No Data! Returning LmfitResult with None.
2026-03-10 10:04:09,632 - root - ERROR - Chunk 204: No Data! Returning LmfitResult with None.
2026-03-10 10:04:09,633 - root - ERROR - Chunk 205: No Data! Returning LmfitResult with None.
2026-03-10 10:04:09,634 - root - ERROR - Chunk 206: No Data! Returning LmfitResult with None.
2026-03-10 10:04:09,635 - root - ERROR - Chunk 207: No Data! Returning LmfitResult with None.
2026-03-10 10:04:09,636 - root - ERROR - Chunk 208: No Data! Returning LmfitResult with None.
2026-03-10 10:04:09,638 - root - ERROR - Chunk 209: No Data! Returning LmfitResult with None.
2026-03-10 10:04:09,639 - root - ERROR - Chunk 210: No Data! Returning LmfitResult with None.
2026-03-10 10:04:09,641 - root - ERROR - Chunk 211: No Data! Returning LmfitResult with None.
2026-03-10 10:04:09,642 - root - ERROR - Chunk 212: No Data! Returning LmfitResult with None.
2026-03-10 10:04:09,643 - root - ERROR - Chunk 213: No Data! Returning LmfitResult with None.
2026-03-10 10:04:09,644 - root - ERROR - Chunk 214: No Data! Returning LmfitResult with None.
2026-03-10 10:04:09,645 - root - ERROR - Chunk 215: No Data! Returning LmfitResult with None.
2026-03-10 10:04:09,646 - root - ERROR - Chunk 216: No Data! Returning LmfitResult with None.
2026-03-10 10:04:09,647 - root - ERROR - Chunk 217: No Data! Returning LmfitResult with None.
2026-03-10 10:04:09,649 - root - ERROR - Chunk 218: No Data! Returning LmfitResult with None.
2026-03-10 10:04:09,650 - root - ERROR - Chunk 219: No Data! Returning LmfitResult with None.
2026-03-10 10:04:09,652 - root - ERROR - Chunk 220: No Data! Returning LmfitResult with None.
2026-03-10 10:04:09,653 - root - ERROR - Chunk 221: No Data! Returning LmfitResult with None.
2026-03-10 10:04:09,654 - root - ERROR - Chunk 222: No Data! Returning LmfitResult with None.
2026-03-10 10:04:09,657 - root - ERROR - Chunk 223: No Data! Returning LmfitResult with None.
2026-03-10 10:04:09,658 - root - ERROR - Chunk 224: No Data! Returning LmfitResult with None.
2026-03-10 10:04:09,659 - root - ERROR - Chunk 225: No Data! Returning LmfitResult with None.
2026-03-10 10:04:09,660 - root - ERROR - Chunk 226: No Data! Returning LmfitResult with None.
2026-03-10 10:04:09,661 - root - ERROR - Chunk 227: No Data! Returning LmfitResult with None.
2026-03-10 10:04:09,662 - root - ERROR - Chunk 228: No Data! Returning LmfitResult with None.
2026-03-10 10:04:09,663 - root - ERROR - Chunk 229: No Data! Returning LmfitResult with None.
2026-03-10 10:04:09,665 - root - ERROR - Chunk 230: No Data! Returning LmfitResult with None.
2026-03-10 10:04:09,666 - root - ERROR - Chunk 231: No Data! Returning LmfitResult with None.
2026-03-10 10:04:09,667 - root - ERROR - Chunk 232: No Data! Returning LmfitResult with None.
2026-03-10 10:04:09,668 - root - ERROR - Chunk 233: No Data! Returning LmfitResult with None.
2026-03-10 10:04:09,669 - root - ERROR - Chunk 234: No Data! Returning LmfitResult with None.
2026-03-10 10:04:09,670 - root - ERROR - Chunk 235: No Data! Returning LmfitResult with None.
2026-03-10 10:04:09,671 - root - ERROR - Chunk 236: No Data! Returning LmfitResult with None.
2026-03-10 10:04:09,672 - root - ERROR - Chunk 237: No Data! Returning LmfitResult with None.
2026-03-10 10:04:09,673 - root - ERROR - Chunk 238: No Data! Returning LmfitResult with None.
2026-03-10 10:04:09,674 - root - ERROR - Chunk 239: No Data! Returning LmfitResult with None.
2026-03-10 10:04:09,675 - root - ERROR - Chunk 240: No Data! Returning LmfitResult with None.
2026-03-10 10:04:09,676 - root - ERROR - Chunk 241: No Data! Returning LmfitResult with None.
2026-03-10 10:04:09,677 - root - ERROR - Chunk 242: No Data! Returning LmfitResult with None.
2026-03-10 10:04:09,678 - root - ERROR - Chunk 243: No Data! Returning LmfitResult with None.
2026-03-10 10:04:09,679 - root - ERROR - Chunk 244: No Data! Returning LmfitResult with None.
2026-03-10 10:04:09,680 - root - ERROR - Chunk 245: No Data! Returning LmfitResult with None.
2026-03-10 10:04:09,681 - root - ERROR - Chunk 246: No Data! Returning LmfitResult with None.
2026-03-10 10:04:09,682 - root - ERROR - Chunk 247: No Data! Returning LmfitResult with None.
2026-03-10 10:04:09,684 - root - ERROR - Chunk 248: No Data! Returning LmfitResult with None.
2026-03-10 10:04:09,685 - root - ERROR - Chunk 249: No Data! Returning LmfitResult with None.
2026-03-10 10:04:09,686 - root - ERROR - Chunk 250: No Data! Returning LmfitResult with None.
2026-03-10 10:04:09,687 - root - ERROR - Chunk 251: No Data! Returning LmfitResult with None.
2026-03-10 10:04:09,731 - root - ERROR - Chunk 252: No Data! Returning LmfitResult with None.
2026-03-10 10:04:09,732 - root - ERROR - Chunk 253: No Data! Returning LmfitResult with None.
2026-03-10 10:04:09,735 - root - ERROR - Chunk 254: No Data! Returning LmfitResult with None.
2026-03-10 10:04:09,737 - root - ERROR - Chunk 255: No Data! Returning LmfitResult with None.
2026-03-10 10:04:09,738 - root - ERROR - Chunk 256: No Data! Returning LmfitResult with None.
2026-03-10 10:04:09,739 - root - ERROR - Chunk 257: No Data! Returning LmfitResult with None.
2026-03-10 10:04:09,750 - root - ERROR - Chunk 258: No Data! Returning LmfitResult with None.
2026-03-10 10:04:09,752 - root - ERROR - Chunk 259: No Data! Returning LmfitResult with None.
2026-03-10 10:04:09,769 - root - ERROR - Chunk 260: No Data! Returning LmfitResult with None.
2026-03-10 10:04:09,781 - root - ERROR - Chunk 261: No Data! Returning LmfitResult with None.
2026-03-10 10:04:09,783 - root - ERROR - Chunk 262: No Data! Returning LmfitResult with None.
2026-03-10 10:04:09,793 - root - ERROR - Chunk 263: No Data! Returning LmfitResult with None.
2026-03-10 10:04:09,814 - root - ERROR - Chunk 264: No Data! Returning LmfitResult with None.
2026-03-10 10:04:09,893 - root - ERROR - Chunk 265: No Data! Returning LmfitResult with None.
2026-03-10 10:04:09,894 - root - ERROR - Chunk 266: No Data! Returning LmfitResult with None.
2026-03-10 10:04:09,895 - root - ERROR - Chunk 267: No Data! Returning LmfitResult with None.
2026-03-10 10:04:09,896 - root - ERROR - Chunk 268: No Data! Returning LmfitResult with None.
2026-03-10 10:04:09,897 - root - ERROR - Chunk 269: No Data! Returning LmfitResult with None.
2026-03-10 10:04:09,898 - root - ERROR - Chunk 270: No Data! Returning LmfitResult with None.
2026-03-10 10:04:09,899 - root - ERROR - Chunk 271: No Data! Returning LmfitResult with None.
2026-03-10 10:04:09,904 - root - ERROR - Chunk 272: No Data! Returning LmfitResult with None.
2026-03-10 10:04:09,905 - root - ERROR - Chunk 273: No Data! Returning LmfitResult with None.
2026-03-10 10:04:09,906 - root - ERROR - Chunk 274: No Data! Returning LmfitResult with None.
2026-03-10 10:04:09,907 - root - ERROR - Chunk 275: No Data! Returning LmfitResult with None.
2026-03-10 10:04:09,908 - root - ERROR - Chunk 276: No Data! Returning LmfitResult with None.
2026-03-10 10:04:09,909 - root - ERROR - Chunk 277: No Data! Returning LmfitResult with None.
2026-03-10 10:04:09,910 - root - ERROR - Chunk 278: No Data! Returning LmfitResult with None.
2026-03-10 10:04:09,911 - root - ERROR - Chunk 279: No Data! Returning LmfitResult with None.
2026-03-10 10:04:09,912 - root - ERROR - Chunk 280: No Data! Returning LmfitResult with None.
2026-03-10 10:04:34,546 - root - ERROR - Polynomial fitting failed. Falling back to input values
Traceback (most recent call last):
  File "/Users/jaklusmeyer/SONG/pyodine/pyodine/lib/misc.py", line 529, in fit_polynomial
    pfit, stats = np.polynomial.Polynomial.fit(
  File "/Users/jaklusmeyer/miniconda/envs/pyodine_env/lib/python3.9/site-packages/numpy/polynomial/_polybase.py", line 1036, in fit
    xnew = pu.mapdomain(x, domain, window)
  File "/Users/jaklusmeyer/miniconda/envs/pyodine_env/lib/python3.9/site-packages/numpy/polynomial/polyutils.py", line 371, in mapdomain
    off, scl = mapparms(old, new)
  File "/Users/jaklusmeyer/miniconda/envs/pyodine_env/lib/python3.9/site-packages/numpy/polynomial/polyutils.py", line 303, in mapparms
    off = (old[1]*new[0] - old[0]*new[1])/oldlen
ZeroDivisionError: division by zero
2026-03-10 10:04:34,548 - root - ERROR - Polynomial fitting failed. Falling back to input values
Traceback (most recent call last):
  File "/Users/jaklusmeyer/SONG/pyodine/pyodine/lib/misc.py", line 529, in fit_polynomial
    pfit, stats = np.polynomial.Polynomial.fit(
  File "/Users/jaklusmeyer/miniconda/envs/pyodine_env/lib/python3.9/site-packages/numpy/polynomial/_polybase.py", line 1036, in fit
    xnew = pu.mapdomain(x, domain, window)
  File "/Users/jaklusmeyer/miniconda/envs/pyodine_env/lib/python3.9/site-packages/numpy/polynomial/polyutils.py", line 371, in mapdomain
    off, scl = mapparms(old, new)
  File "/Users/jaklusmeyer/miniconda/envs/pyodine_env/lib/python3.9/site-packages/numpy/polynomial/polyutils.py", line 303, in mapparms
    off = (old[1]*new[0] - old[0]*new[1])/oldlen
ZeroDivisionError: division by zero
2026-03-10 10:04:34,549 - root - ERROR - Polynomial fitting failed. Falling back to input values
Traceback (most recent call last):
  File "/Users/jaklusmeyer/SONG/pyodine/pyodine/lib/misc.py", line 529, in fit_polynomial
    pfit, stats = np.polynomial.Polynomial.fit(
  File "/Users/jaklusmeyer/miniconda/envs/pyodine_env/lib/python3.9/site-packages/numpy/polynomial/_polybase.py", line 1036, in fit
    xnew = pu.mapdomain(x, domain, window)
  File "/Users/jaklusmeyer/miniconda/envs/pyodine_env/lib/python3.9/site-packages/numpy/polynomial/polyutils.py", line 371, in mapdomain
    off, scl = mapparms(old, new)
  File "/Users/jaklusmeyer/miniconda/envs/pyodine_env/lib/python3.9/site-packages/numpy/polynomial/polyutils.py", line 303, in mapparms
    off = (old[1]*new[0] - old[0]*new[1])/oldlen
ZeroDivisionError: division by zero
2026-03-10 10:04:34,550 - root - ERROR - Polynomial fitting failed. Falling back to input values
Traceback (most recent call last):
  File "/Users/jaklusmeyer/SONG/pyodine/pyodine/lib/misc.py", line 529, in fit_polynomial
    pfit, stats = np.polynomial.Polynomial.fit(
  File "/Users/jaklusmeyer/miniconda/envs/pyodine_env/lib/python3.9/site-packages/numpy/polynomial/_polybase.py", line 1036, in fit
    xnew = pu.mapdomain(x, domain, window)
  File "/Users/jaklusmeyer/miniconda/envs/pyodine_env/lib/python3.9/site-packages/numpy/polynomial/polyutils.py", line 371, in mapdomain
    off, scl = mapparms(old, new)
  File "/Users/jaklusmeyer/miniconda/envs/pyodine_env/lib/python3.9/site-packages/numpy/polynomial/polyutils.py", line 303, in mapparms
    off = (old[1]*new[0] - old[0]*new[1])/oldlen
ZeroDivisionError: division by zero
2026-03-10 10:04:34,551 - root - ERROR - Polynomial fitting failed. Falling back to input values
Traceback (most recent call last):
  File "/Users/jaklusmeyer/SONG/pyodine/pyodine/lib/misc.py", line 529, in fit_polynomial
    pfit, stats = np.polynomial.Polynomial.fit(
  File "/Users/jaklusmeyer/miniconda/envs/pyodine_env/lib/python3.9/site-packages/numpy/polynomial/_polybase.py", line 1036, in fit
    xnew = pu.mapdomain(x, domain, window)
  File "/Users/jaklusmeyer/miniconda/envs/pyodine_env/lib/python3.9/site-packages/numpy/polynomial/polyutils.py", line 371, in mapdomain
    off, scl = mapparms(old, new)
  File "/Users/jaklusmeyer/miniconda/envs/pyodine_env/lib/python3.9/site-packages/numpy/polynomial/polyutils.py", line 303, in mapparms
    off = (old[1]*new[0] - old[0]*new[1])/oldlen
ZeroDivisionError: division by zero
2026-03-10 10:04:34,553 - root - ERROR - Polynomial fitting failed. Falling back to input values
Traceback (most recent call last):
  File "/Users/jaklusmeyer/SONG/pyodine/pyodine/lib/misc.py", line 529, in fit_polynomial
    pfit, stats = np.polynomial.Polynomial.fit(
  File "/Users/jaklusmeyer/miniconda/envs/pyodine_env/lib/python3.9/site-packages/numpy/polynomial/_polybase.py", line 1036, in fit
    xnew = pu.mapdomain(x, domain, window)
  File "/Users/jaklusmeyer/miniconda/envs/pyodine_env/lib/python3.9/site-packages/numpy/polynomial/polyutils.py", line 371, in mapdomain
    off, scl = mapparms(old, new)
  File "/Users/jaklusmeyer/miniconda/envs/pyodine_env/lib/python3.9/site-packages/numpy/polynomial/polyutils.py", line 303, in mapparms
    off = (old[1]*new[0] - old[0]*new[1])/oldlen
ZeroDivisionError: division by zero
2026-03-10 10:04:34,554 - root - ERROR - Polynomial fitting failed. Falling back to input values
Traceback (most recent call last):
  File "/Users/jaklusmeyer/SONG/pyodine/pyodine/lib/misc.py", line 529, in fit_polynomial
    pfit, stats = np.polynomial.Polynomial.fit(
  File "/Users/jaklusmeyer/miniconda/envs/pyodine_env/lib/python3.9/site-packages/numpy/polynomial/_polybase.py", line 1036, in fit
    xnew = pu.mapdomain(x, domain, window)
  File "/Users/jaklusmeyer/miniconda/envs/pyodine_env/lib/python3.9/site-packages/numpy/polynomial/polyutils.py", line 371, in mapdomain
    off, scl = mapparms(old, new)
  File "/Users/jaklusmeyer/miniconda/envs/pyodine_env/lib/python3.9/site-packages/numpy/polynomial/polyutils.py", line 303, in mapparms
    off = (old[1]*new[0] - old[0]*new[1])/oldlen
ZeroDivisionError: division by zero
2026-03-10 10:04:34,562 - root - ERROR - Polynomial fitting failed. Falling back to input values
Traceback (most recent call last):
  File "/Users/jaklusmeyer/SONG/pyodine/pyodine/lib/misc.py", line 529, in fit_polynomial
    pfit, stats = np.polynomial.Polynomial.fit(
  File "/Users/jaklusmeyer/miniconda/envs/pyodine_env/lib/python3.9/site-packages/numpy/polynomial/_polybase.py", line 1036, in fit
    xnew = pu.mapdomain(x, domain, window)
  File "/Users/jaklusmeyer/miniconda/envs/pyodine_env/lib/python3.9/site-packages/numpy/polynomial/polyutils.py", line 371, in mapdomain
    off, scl = mapparms(old, new)
  File "/Users/jaklusmeyer/miniconda/envs/pyodine_env/lib/python3.9/site-packages/numpy/polynomial/polyutils.py", line 303, in mapparms
    off = (old[1]*new[0] - old[0]*new[1])/oldlen
ZeroDivisionError: division by zero
2026-03-10 10:04:34,563 - root - ERROR - Polynomial fitting failed. Falling back to input values
Traceback (most recent call last):
  File "/Users/jaklusmeyer/SONG/pyodine/pyodine/lib/misc.py", line 529, in fit_polynomial
    pfit, stats = np.polynomial.Polynomial.fit(
  File "/Users/jaklusmeyer/miniconda/envs/pyodine_env/lib/python3.9/site-packages/numpy/polynomial/_polybase.py", line 1036, in fit
    xnew = pu.mapdomain(x, domain, window)
  File "/Users/jaklusmeyer/miniconda/envs/pyodine_env/lib/python3.9/site-packages/numpy/polynomial/polyutils.py", line 371, in mapdomain
    off, scl = mapparms(old, new)
  File "/Users/jaklusmeyer/miniconda/envs/pyodine_env/lib/python3.9/site-packages/numpy/polynomial/polyutils.py", line 303, in mapparms
    off = (old[1]*new[0] - old[0]*new[1])/oldlen
ZeroDivisionError: division by zero
2026-03-10 10:04:34,564 - root - ERROR - Polynomial fitting failed. Falling back to input values
Traceback (most recent call last):
  File "/Users/jaklusmeyer/SONG/pyodine/pyodine/lib/misc.py", line 529, in fit_polynomial
    pfit, stats = np.polynomial.Polynomial.fit(
  File "/Users/jaklusmeyer/miniconda/envs/pyodine_env/lib/python3.9/site-packages/numpy/polynomial/_polybase.py", line 1036, in fit
    xnew = pu.mapdomain(x, domain, window)
  File "/Users/jaklusmeyer/miniconda/envs/pyodine_env/lib/python3.9/site-packages/numpy/polynomial/polyutils.py", line 371, in mapdomain
    off, scl = mapparms(old, new)
  File "/Users/jaklusmeyer/miniconda/envs/pyodine_env/lib/python3.9/site-packages/numpy/polynomial/polyutils.py", line 303, in mapparms
    off = (old[1]*new[0] - old[0]*new[1])/oldlen
ZeroDivisionError: division by zero
2026-03-10 10:04:34,565 - root - ERROR - Polynomial fitting failed. Falling back to input values
Traceback (most recent call last):
  File "/Users/jaklusmeyer/SONG/pyodine/pyodine/lib/misc.py", line 529, in fit_polynomial
    pfit, stats = np.polynomial.Polynomial.fit(
  File "/Users/jaklusmeyer/miniconda/envs/pyodine_env/lib/python3.9/site-packages/numpy/polynomial/_polybase.py", line 1036, in fit
    xnew = pu.mapdomain(x, domain, window)
  File "/Users/jaklusmeyer/miniconda/envs/pyodine_env/lib/python3.9/site-packages/numpy/polynomial/polyutils.py", line 371, in mapdomain
    off, scl = mapparms(old, new)
  File "/Users/jaklusmeyer/miniconda/envs/pyodine_env/lib/python3.9/site-packages/numpy/polynomial/polyutils.py", line 303, in mapparms
    off = (old[1]*new[0] - old[0]*new[1])/oldlen
ZeroDivisionError: division by zero
2026-03-10 10:04:34,566 - root - ERROR - Polynomial fitting failed. Falling back to input values
Traceback (most recent call last):
  File "/Users/jaklusmeyer/SONG/pyodine/pyodine/lib/misc.py", line 529, in fit_polynomial
    pfit, stats = np.polynomial.Polynomial.fit(
  File "/Users/jaklusmeyer/miniconda/envs/pyodine_env/lib/python3.9/site-packages/numpy/polynomial/_polybase.py", line 1036, in fit
    xnew = pu.mapdomain(x, domain, window)
  File "/Users/jaklusmeyer/miniconda/envs/pyodine_env/lib/python3.9/site-packages/numpy/polynomial/polyutils.py", line 371, in mapdomain
    off, scl = mapparms(old, new)
  File "/Users/jaklusmeyer/miniconda/envs/pyodine_env/lib/python3.9/site-packages/numpy/polynomial/polyutils.py", line 303, in mapparms
    off = (old[1]*new[0] - old[0]*new[1])/oldlen
ZeroDivisionError: division by zero
2026-03-10 10:04:34,570 - root - ERROR - Polynomial fitting failed. Falling back to input values
Traceback (most recent call last):
  File "/Users/jaklusmeyer/SONG/pyodine/pyodine/lib/misc.py", line 529, in fit_polynomial
    pfit, stats = np.polynomial.Polynomial.fit(
  File "/Users/jaklusmeyer/miniconda/envs/pyodine_env/lib/python3.9/site-packages/numpy/polynomial/_polybase.py", line 1036, in fit
    xnew = pu.mapdomain(x, domain, window)
  File "/Users/jaklusmeyer/miniconda/envs/pyodine_env/lib/python3.9/site-packages/numpy/polynomial/polyutils.py", line 371, in mapdomain
    off, scl = mapparms(old, new)
  File "/Users/jaklusmeyer/miniconda/envs/pyodine_env/lib/python3.9/site-packages/numpy/polynomial/polyutils.py", line 303, in mapparms
    off = (old[1]*new[0] - old[0]*new[1])/oldlen
ZeroDivisionError: division by zero
2026-03-10 10:04:34,590 - root - ERROR - Polynomial fitting failed. Falling back to input values
Traceback (most recent call last):
  File "/Users/jaklusmeyer/SONG/pyodine/pyodine/lib/misc.py", line 529, in fit_polynomial
    pfit, stats = np.polynomial.Polynomial.fit(
  File "/Users/jaklusmeyer/miniconda/envs/pyodine_env/lib/python3.9/site-packages/numpy/polynomial/_polybase.py", line 1036, in fit
    xnew = pu.mapdomain(x, domain, window)
  File "/Users/jaklusmeyer/miniconda/envs/pyodine_env/lib/python3.9/site-packages/numpy/polynomial/polyutils.py", line 371, in mapdomain
    off, scl = mapparms(old, new)
  File "/Users/jaklusmeyer/miniconda/envs/pyodine_env/lib/python3.9/site-packages/numpy/polynomial/polyutils.py", line 303, in mapparms
    off = (old[1]*new[0] - old[0]*new[1])/oldlen
ZeroDivisionError: division by zero
2026-03-10 10:04:37,120 - root - ERROR - NaN value detected in iodine function.
2026-03-10 10:04:37,121 - root - ERROR - Chunk could not be plotted
Traceback (most recent call last):
  File "/Users/jaklusmeyer/SONG/pyodine/pyodine/plot_lib.py", line 62, in plot_chunkmodel
    sp = fit_results[chunk_nr].fitted_spectrum
  File "/Users/jaklusmeyer/SONG/pyodine/pyodine/fitters/base.py", line 45, in fitted_spectrum
    return self.model.eval_spectrum(self.chunk, self.params, chunk_ind=self.chunk_ind)
  File "/Users/jaklusmeyer/SONG/pyodine/pyodine/models/base.py", line 79, in eval_spectrum
    flux = self.eval(chunk, params, chunk_ind=chunk_ind, **kwargs)
  File "/Users/jaklusmeyer/SONG/pyodine/pyodine/models/spectrum.py", line 138, in eval
    tck = splrep(tem.wave * doppler, flux_tem, s=0)
  File "/Users/jaklusmeyer/miniconda/envs/pyodine_env/lib/python3.9/site-packages/scipy/interpolate/_fitpack_py.py", line 295, in splrep
    res = _impl.splrep(x, y, w, xb, xe, k, task, s, t, full_output, per, quiet)
  File "/Users/jaklusmeyer/miniconda/envs/pyodine_env/lib/python3.9/site-packages/scipy/interpolate/_fitpack_impl.py", line 276, in splrep
    n, c, fp, ier = dfitpack.curfit(task, x, y, w, t, wrk, iwrk,
dfitpack.error: (xb<=x[0]) failed for 1st keyword xb: curfit:xb=nan
2026-03-10 10:04:37,470 - root - ERROR - NaN value detected in iodine function.
2026-03-10 10:04:37,471 - root - ERROR - Chunk could not be plotted
Traceback (most recent call last):
  File "/Users/jaklusmeyer/SONG/pyodine/pyodine/plot_lib.py", line 62, in plot_chunkmodel
    sp = fit_results[chunk_nr].fitted_spectrum
  File "/Users/jaklusmeyer/SONG/pyodine/pyodine/fitters/base.py", line 45, in fitted_spectrum
    return self.model.eval_spectrum(self.chunk, self.params, chunk_ind=self.chunk_ind)
  File "/Users/jaklusmeyer/SONG/pyodine/pyodine/models/base.py", line 79, in eval_spectrum
    flux = self.eval(chunk, params, chunk_ind=chunk_ind, **kwargs)
  File "/Users/jaklusmeyer/SONG/pyodine/pyodine/models/spectrum.py", line 138, in eval
    tck = splrep(tem.wave * doppler, flux_tem, s=0)
  File "/Users/jaklusmeyer/miniconda/envs/pyodine_env/lib/python3.9/site-packages/scipy/interpolate/_fitpack_py.py", line 295, in splrep
    res = _impl.splrep(x, y, w, xb, xe, k, task, s, t, full_output, per, quiet)
  File "/Users/jaklusmeyer/miniconda/envs/pyodine_env/lib/python3.9/site-packages/scipy/interpolate/_fitpack_impl.py", line 276, in splrep
    n, c, fp, ier = dfitpack.curfit(task, x, y, w, t, wrk, iwrk,
dfitpack.error: (xb<=x[0]) failed for 1st keyword xb: curfit:xb=nan
2026-03-10 10:04:40,428 - root - ERROR - Chunk 0: No Data! Returning LmfitResult with None.
2026-03-10 10:04:40,429 - root - ERROR - Chunk 1: No Data! Returning LmfitResult with None.
2026-03-10 10:04:40,430 - root - ERROR - Chunk 2: No Data! Returning LmfitResult with None.
2026-03-10 10:04:40,431 - root - ERROR - Chunk 3: No Data! Returning LmfitResult with None.
2026-03-10 10:04:40,432 - root - ERROR - Chunk 4: No Data! Returning LmfitResult with None.
2026-03-10 10:04:40,432 - root - ERROR - Chunk 5: No Data! Returning LmfitResult with None.
2026-03-10 10:04:40,433 - root - ERROR - Chunk 6: No Data! Returning LmfitResult with None.
2026-03-10 10:04:40,434 - root - ERROR - Chunk 7: No Data! Returning LmfitResult with None.
2026-03-10 10:04:40,435 - root - ERROR - Chunk 8: No Data! Returning LmfitResult with None.
2026-03-10 10:04:40,436 - root - ERROR - Chunk 9: No Data! Returning LmfitResult with None.
2026-03-10 10:04:40,437 - root - ERROR - Chunk 10: No Data! Returning LmfitResult with None.
2026-03-10 10:04:40,438 - root - ERROR - Chunk 11: No Data! Returning LmfitResult with None.
2026-03-10 10:04:40,439 - root - ERROR - Chunk 12: No Data! Returning LmfitResult with None.
2026-03-10 10:04:40,440 - root - ERROR - Chunk 13: No Data! Returning LmfitResult with None.
2026-03-10 10:04:40,441 - root - ERROR - Chunk 14: No Data! Returning LmfitResult with None.
2026-03-10 10:04:40,442 - root - ERROR - Chunk 15: No Data! Returning LmfitResult with None.
2026-03-10 10:04:40,443 - root - ERROR - Chunk 16: No Data! Returning LmfitResult with None.
2026-03-10 10:04:40,444 - root - ERROR - Chunk 17: No Data! Returning LmfitResult with None.
2026-03-10 10:04:40,444 - root - ERROR - Chunk 18: No Data! Returning LmfitResult with None.
2026-03-10 10:04:40,445 - root - ERROR - Chunk 19: No Data! Returning LmfitResult with None.
2026-03-10 10:04:40,446 - root - ERROR - Chunk 20: No Data! Returning LmfitResult with None.
2026-03-10 10:04:40,447 - root - ERROR - Chunk 21: No Data! Returning LmfitResult with None.
2026-03-10 10:04:40,448 - root - ERROR - Chunk 22: No Data! Returning LmfitResult with None.
2026-03-10 10:04:40,450 - root - ERROR - Chunk 23: No Data! Returning LmfitResult with None.
2026-03-10 10:04:40,451 - root - ERROR - Chunk 24: No Data! Returning LmfitResult with None.
2026-03-10 10:04:40,452 - root - ERROR - Chunk 25: No Data! Returning LmfitResult with None.
2026-03-10 10:04:40,453 - root - ERROR - Chunk 26: No Data! Returning LmfitResult with None.
2026-03-10 10:04:40,454 - root - ERROR - Chunk 27: No Data! Returning LmfitResult with None.
2026-03-10 10:04:40,455 - root - ERROR - Chunk 28: No Data! Returning LmfitResult with None.
2026-03-10 10:04:40,456 - root - ERROR - Chunk 29: No Data! Returning LmfitResult with None.
2026-03-10 10:04:40,457 - root - ERROR - Chunk 30: No Data! Returning LmfitResult with None.
2026-03-10 10:04:40,458 - root - ERROR - Chunk 31: No Data! Returning LmfitResult with None.
2026-03-10 10:04:40,459 - root - ERROR - Chunk 32: No Data! Returning LmfitResult with None.
2026-03-10 10:04:40,460 - root - ERROR - Chunk 33: No Data! Returning LmfitResult with None.
2026-03-10 10:04:40,461 - root - ERROR - Chunk 34: No Data! Returning LmfitResult with None.
2026-03-10 10:04:40,463 - root - ERROR - Chunk 35: No Data! Returning LmfitResult with None.
2026-03-10 10:04:40,465 - root - ERROR - Chunk 36: No Data! Returning LmfitResult with None.
2026-03-10 10:04:40,467 - root - ERROR - Chunk 37: No Data! Returning LmfitResult with None.
2026-03-10 10:04:40,469 - root - ERROR - Chunk 38: No Data! Returning LmfitResult with None.
2026-03-10 10:04:40,471 - root - ERROR - Chunk 39: No Data! Returning LmfitResult with None.
2026-03-10 10:04:40,473 - root - ERROR - Chunk 40: No Data! Returning LmfitResult with None.
2026-03-10 10:04:40,475 - root - ERROR - Chunk 41: No Data! Returning LmfitResult with None.
2026-03-10 10:04:40,477 - root - ERROR - Chunk 42: No Data! Returning LmfitResult with None.
2026-03-10 10:04:40,478 - root - ERROR - Chunk 43: No Data! Returning LmfitResult with None.
2026-03-10 10:04:40,480 - root - ERROR - Chunk 44: No Data! Returning LmfitResult with None.
2026-03-10 10:04:40,482 - root - ERROR - Chunk 45: No Data! Returning LmfitResult with None.
2026-03-10 10:04:40,484 - root - ERROR - Chunk 46: No Data! Returning LmfitResult with None.
2026-03-10 10:04:40,486 - root - ERROR - Chunk 47: No Data! Returning LmfitResult with None.
2026-03-10 10:04:40,491 - root - ERROR - Chunk 48: No Data! Returning LmfitResult with None.
2026-03-10 10:04:40,493 - root - ERROR - Chunk 49: No Data! Returning LmfitResult with None.
2026-03-10 10:04:40,495 - root - ERROR - Chunk 50: No Data! Returning LmfitResult with None.
2026-03-10 10:04:40,497 - root - ERROR - Chunk 51: No Data! Returning LmfitResult with None.
2026-03-10 10:04:40,499 - root - ERROR - Chunk 52: No Data! Returning LmfitResult with None.
2026-03-10 10:04:40,501 - root - ERROR - Chunk 53: No Data! Returning LmfitResult with None.
2026-03-10 10:04:40,503 - root - ERROR - Chunk 54: No Data! Returning LmfitResult with None.
2026-03-10 10:04:40,504 - root - ERROR - Chunk 55: No Data! Returning LmfitResult with None.
2026-03-10 10:04:40,506 - root - ERROR - Chunk 56: No Data! Returning LmfitResult with None.
2026-03-10 10:04:40,508 - root - ERROR - Chunk 57: No Data! Returning LmfitResult with None.
2026-03-10 10:04:40,510 - root - ERROR - Chunk 58: No Data! Returning LmfitResult with None.
2026-03-10 10:04:40,512 - root - ERROR - Chunk 59: No Data! Returning LmfitResult with None.
2026-03-10 10:04:40,515 - root - ERROR - Chunk 60: No Data! Returning LmfitResult with None.
2026-03-10 10:04:40,517 - root - ERROR - Chunk 61: No Data! Returning LmfitResult with None.
2026-03-10 10:04:40,519 - root - ERROR - Chunk 62: No Data! Returning LmfitResult with None.
2026-03-10 10:04:40,560 - root - ERROR - Chunk 63: No Data! Returning LmfitResult with None.
2026-03-10 10:04:40,564 - root - ERROR - Chunk 64: No Data! Returning LmfitResult with None.
2026-03-10 10:04:40,566 - root - ERROR - Chunk 65: No Data! Returning LmfitResult with None.
2026-03-10 10:04:40,570 - root - ERROR - Chunk 66: No Data! Returning LmfitResult with None.
2026-03-10 10:04:40,571 - root - ERROR - Chunk 67: No Data! Returning LmfitResult with None.
2026-03-10 10:04:40,572 - root - ERROR - Chunk 68: No Data! Returning LmfitResult with None.
2026-03-10 10:04:40,573 - root - ERROR - Chunk 69: No Data! Returning LmfitResult with None.
2026-03-10 10:04:40,575 - root - ERROR - Chunk 70: No Data! Returning LmfitResult with None.
2026-03-10 10:04:40,576 - root - ERROR - Chunk 71: No Data! Returning LmfitResult with None.
2026-03-10 10:04:40,577 - root - ERROR - Chunk 72: No Data! Returning LmfitResult with None.
2026-03-10 10:04:40,578 - root - ERROR - Chunk 73: No Data! Returning LmfitResult with None.
2026-03-10 10:04:40,579 - root - ERROR - Chunk 74: No Data! Returning LmfitResult with None.
2026-03-10 10:04:40,580 - root - ERROR - Chunk 75: No Data! Returning LmfitResult with None.
2026-03-10 10:04:40,581 - root - ERROR - Chunk 76: No Data! Returning LmfitResult with None.
2026-03-10 10:04:40,601 - root - ERROR - Chunk 77: No Data! Returning LmfitResult with None.
2026-03-10 10:04:40,602 - root - ERROR - Chunk 78: No Data! Returning LmfitResult with None.
2026-03-10 10:04:40,604 - root - ERROR - Chunk 79: No Data! Returning LmfitResult with None.
2026-03-10 10:04:40,605 - root - ERROR - Chunk 80: No Data! Returning LmfitResult with None.
2026-03-10 10:04:40,606 - root - ERROR - Chunk 81: No Data! Returning LmfitResult with None.
2026-03-10 10:04:40,607 - root - ERROR - Chunk 82: No Data! Returning LmfitResult with None.
2026-03-10 10:04:40,608 - root - ERROR - Chunk 83: No Data! Returning LmfitResult with None.
2026-03-10 10:04:40,619 - root - ERROR - Chunk 84: No Data! Returning LmfitResult with None.
2026-03-10 10:04:40,631 - root - ERROR - Chunk 85: No Data! Returning LmfitResult with None.
2026-03-10 10:04:40,634 - root - ERROR - Chunk 86: No Data! Returning LmfitResult with None.
2026-03-10 10:04:40,635 - root - ERROR - Chunk 87: No Data! Returning LmfitResult with None.
2026-03-10 10:04:40,637 - root - ERROR - Chunk 88: No Data! Returning LmfitResult with None.
2026-03-10 10:04:40,638 - root - ERROR - Chunk 89: No Data! Returning LmfitResult with None.
2026-03-10 10:04:40,639 - root - ERROR - Chunk 90: No Data! Returning LmfitResult with None.
2026-03-10 10:04:40,640 - root - ERROR - Chunk 91: No Data! Returning LmfitResult with None.
2026-03-10 10:04:40,641 - root - ERROR - Chunk 92: No Data! Returning LmfitResult with None.
2026-03-10 10:04:40,642 - root - ERROR - Chunk 93: No Data! Returning LmfitResult with None.
2026-03-10 10:04:40,643 - root - ERROR - Chunk 94: No Data! Returning LmfitResult with None.
2026-03-10 10:04:40,644 - root - ERROR - Chunk 95: No Data! Returning LmfitResult with None.
2026-03-10 10:04:40,647 - root - ERROR - Chunk 96: No Data! Returning LmfitResult with None.
2026-03-10 10:04:40,648 - root - ERROR - Chunk 97: No Data! Returning LmfitResult with None.
2026-03-10 10:04:40,649 - root - ERROR - Chunk 98: No Data! Returning LmfitResult with None.
2026-03-10 10:04:40,650 - root - ERROR - Chunk 99: No Data! Returning LmfitResult with None.
2026-03-10 10:04:40,651 - root - ERROR - Chunk 100: No Data! Returning LmfitResult with None.
2026-03-10 10:04:40,652 - root - ERROR - Chunk 101: No Data! Returning LmfitResult with None.
2026-03-10 10:04:40,653 - root - ERROR - Chunk 102: No Data! Returning LmfitResult with None.
2026-03-10 10:04:40,654 - root - ERROR - Chunk 103: No Data! Returning LmfitResult with None.
2026-03-10 10:04:40,655 - root - ERROR - Chunk 104: No Data! Returning LmfitResult with None.
2026-03-10 10:04:40,657 - root - ERROR - Chunk 105: No Data! Returning LmfitResult with None.
2026-03-10 10:04:40,658 - root - ERROR - Chunk 106: No Data! Returning LmfitResult with None.
2026-03-10 10:04:40,659 - root - ERROR - Chunk 107: No Data! Returning LmfitResult with None.
2026-03-10 10:04:40,660 - root - ERROR - Chunk 108: No Data! Returning LmfitResult with None.
2026-03-10 10:04:40,661 - root - ERROR - Chunk 109: No Data! Returning LmfitResult with None.
2026-03-10 10:04:40,662 - root - ERROR - Chunk 110: No Data! Returning LmfitResult with None.
2026-03-10 10:04:40,663 - root - ERROR - Chunk 111: No Data! Returning LmfitResult with None.
2026-03-10 10:04:40,664 - root - ERROR - Chunk 112: No Data! Returning LmfitResult with None.
2026-03-10 10:04:40,665 - root - ERROR - Chunk 113: No Data! Returning LmfitResult with None.
2026-03-10 10:04:40,666 - root - ERROR - Chunk 114: No Data! Returning LmfitResult with None.
2026-03-10 10:04:40,667 - root - ERROR - Chunk 115: No Data! Returning LmfitResult with None.
2026-03-10 10:04:40,668 - root - ERROR - Chunk 116: No Data! Returning LmfitResult with None.
2026-03-10 10:04:40,669 - root - ERROR - Chunk 117: No Data! Returning LmfitResult with None.
2026-03-10 10:04:40,670 - root - ERROR - Chunk 118: No Data! Returning LmfitResult with None.
2026-03-10 10:04:40,671 - root - ERROR - Chunk 119: No Data! Returning LmfitResult with None.
2026-03-10 10:04:40,672 - root - ERROR - Chunk 120: No Data! Returning LmfitResult with None.
2026-03-10 10:04:40,673 - root - ERROR - Chunk 121: No Data! Returning LmfitResult with None.
2026-03-10 10:04:40,674 - root - ERROR - Chunk 122: No Data! Returning LmfitResult with None.
2026-03-10 10:04:40,676 - root - ERROR - Chunk 123: No Data! Returning LmfitResult with None.
2026-03-10 10:04:40,677 - root - ERROR - Chunk 124: No Data! Returning LmfitResult with None.
2026-03-10 10:04:40,678 - root - ERROR - Chunk 125: No Data! Returning LmfitResult with None.
2026-03-10 10:04:40,679 - root - ERROR - Chunk 126: No Data! Returning LmfitResult with None.
2026-03-10 10:04:40,680 - root - ERROR - Chunk 127: No Data! Returning LmfitResult with None.
2026-03-10 10:04:40,681 - root - ERROR - Chunk 128: No Data! Returning LmfitResult with None.
2026-03-10 10:04:40,682 - root - ERROR - Chunk 129: No Data! Returning LmfitResult with None.
2026-03-10 10:04:40,684 - root - ERROR - Chunk 130: No Data! Returning LmfitResult with None.
2026-03-10 10:04:40,685 - root - ERROR - Chunk 131: No Data! Returning LmfitResult with None.
2026-03-10 10:04:40,686 - root - ERROR - Chunk 132: No Data! Returning LmfitResult with None.
2026-03-10 10:04:40,687 - root - ERROR - Chunk 133: No Data! Returning LmfitResult with None.
2026-03-10 10:04:40,688 - root - ERROR - Chunk 134: No Data! Returning LmfitResult with None.
2026-03-10 10:04:40,689 - root - ERROR - Chunk 135: No Data! Returning LmfitResult with None.
2026-03-10 10:04:40,690 - root - ERROR - Chunk 136: No Data! Returning LmfitResult with None.
2026-03-10 10:04:40,691 - root - ERROR - Chunk 137: No Data! Returning LmfitResult with None.
2026-03-10 10:04:40,692 - root - ERROR - Chunk 138: No Data! Returning LmfitResult with None.
2026-03-10 10:04:40,693 - root - ERROR - Chunk 139: No Data! Returning LmfitResult with None.
2026-03-10 10:04:40,702 - root - ERROR - Chunk 140: No Data! Returning LmfitResult with None.
2026-03-10 10:04:40,703 - root - ERROR - Chunk 141: No Data! Returning LmfitResult with None.
2026-03-10 10:04:40,704 - root - ERROR - Chunk 142: No Data! Returning LmfitResult with None.
2026-03-10 10:04:40,707 - root - ERROR - Chunk 143: No Data! Returning LmfitResult with None.
2026-03-10 10:04:40,709 - root - ERROR - Chunk 144: No Data! Returning LmfitResult with None.
2026-03-10 10:04:40,710 - root - ERROR - Chunk 145: No Data! Returning LmfitResult with None.
2026-03-10 10:04:40,712 - root - ERROR - Chunk 146: No Data! Returning LmfitResult with None.
2026-03-10 10:04:40,713 - root - ERROR - Chunk 147: No Data! Returning LmfitResult with None.
2026-03-10 10:04:40,715 - root - ERROR - Chunk 148: No Data! Returning LmfitResult with None.
2026-03-10 10:04:40,716 - root - ERROR - Chunk 149: No Data! Returning LmfitResult with None.
2026-03-10 10:04:40,717 - root - ERROR - Chunk 150: No Data! Returning LmfitResult with None.
2026-03-10 10:04:40,718 - root - ERROR - Chunk 151: No Data! Returning LmfitResult with None.
2026-03-10 10:04:40,719 - root - ERROR - Chunk 152: No Data! Returning LmfitResult with None.
2026-03-10 10:04:40,720 - root - ERROR - Chunk 153: No Data! Returning LmfitResult with None.
2026-03-10 10:04:40,721 - root - ERROR - Chunk 154: No Data! Returning LmfitResult with None.
2026-03-10 10:04:40,722 - root - ERROR - Chunk 155: No Data! Returning LmfitResult with None.
2026-03-10 10:04:40,723 - root - ERROR - Chunk 156: No Data! Returning LmfitResult with None.
2026-03-10 10:04:40,725 - root - ERROR - Chunk 157: No Data! Returning LmfitResult with None.
2026-03-10 10:04:40,725 - root - ERROR - Chunk 158: No Data! Returning LmfitResult with None.
2026-03-10 10:04:40,726 - root - ERROR - Chunk 159: No Data! Returning LmfitResult with None.
2026-03-10 10:04:40,727 - root - ERROR - Chunk 160: No Data! Returning LmfitResult with None.
2026-03-10 10:04:40,728 - root - ERROR - Chunk 161: No Data! Returning LmfitResult with None.
2026-03-10 10:04:40,729 - root - ERROR - Chunk 162: No Data! Returning LmfitResult with None.
2026-03-10 10:04:40,731 - root - ERROR - Chunk 163: No Data! Returning LmfitResult with None.
2026-03-10 10:04:40,732 - root - ERROR - Chunk 164: No Data! Returning LmfitResult with None.
2026-03-10 10:04:40,733 - root - ERROR - Chunk 165: No Data! Returning LmfitResult with None.
2026-03-10 10:04:40,734 - root - ERROR - Chunk 166: No Data! Returning LmfitResult with None.
2026-03-10 10:04:40,735 - root - ERROR - Chunk 167: No Data! Returning LmfitResult with None.
2026-03-10 10:04:40,736 - root - ERROR - Chunk 168: No Data! Returning LmfitResult with None.
2026-03-10 10:04:40,737 - root - ERROR - Chunk 169: No Data! Returning LmfitResult with None.
2026-03-10 10:04:40,738 - root - ERROR - Chunk 170: No Data! Returning LmfitResult with None.
2026-03-10 10:04:40,739 - root - ERROR - Chunk 171: No Data! Returning LmfitResult with None.
2026-03-10 10:04:40,740 - root - ERROR - Chunk 172: No Data! Returning LmfitResult with None.
2026-03-10 10:04:40,741 - root - ERROR - Chunk 173: No Data! Returning LmfitResult with None.
2026-03-10 10:04:40,742 - root - ERROR - Chunk 174: No Data! Returning LmfitResult with None.
2026-03-10 10:04:40,743 - root - ERROR - Chunk 175: No Data! Returning LmfitResult with None.
2026-03-10 10:04:40,744 - root - ERROR - Chunk 176: No Data! Returning LmfitResult with None.
2026-03-10 10:04:40,745 - root - ERROR - Chunk 177: No Data! Returning LmfitResult with None.
2026-03-10 10:04:40,746 - root - ERROR - Chunk 178: No Data! Returning LmfitResult with None.
2026-03-10 10:04:40,747 - root - ERROR - Chunk 179: No Data! Returning LmfitResult with None.
2026-03-10 10:04:40,748 - root - ERROR - Chunk 180: No Data! Returning LmfitResult with None.
2026-03-10 10:04:40,749 - root - ERROR - Chunk 181: No Data! Returning LmfitResult with None.
2026-03-10 10:04:40,751 - root - ERROR - Chunk 182: No Data! Returning LmfitResult with None.
2026-03-10 10:04:40,752 - root - ERROR - Chunk 183: No Data! Returning LmfitResult with None.
2026-03-10 10:04:40,753 - root - ERROR - Chunk 184: No Data! Returning LmfitResult with None.
2026-03-10 10:04:40,754 - root - ERROR - Chunk 185: No Data! Returning LmfitResult with None.
2026-03-10 10:04:40,755 - root - ERROR - Chunk 186: No Data! Returning LmfitResult with None.
2026-03-10 10:04:40,756 - root - ERROR - Chunk 187: No Data! Returning LmfitResult with None.
2026-03-10 10:04:40,802 - root - ERROR - Chunk 188: No Data! Returning LmfitResult with None.
2026-03-10 10:04:40,803 - root - ERROR - Chunk 189: No Data! Returning LmfitResult with None.
2026-03-10 10:04:40,805 - root - ERROR - Chunk 190: No Data! Returning LmfitResult with None.
2026-03-10 10:04:40,808 - root - ERROR - Chunk 191: No Data! Returning LmfitResult with None.
2026-03-10 10:04:40,811 - root - ERROR - Chunk 192: No Data! Returning LmfitResult with None.
2026-03-10 10:04:40,812 - root - ERROR - Chunk 193: No Data! Returning LmfitResult with None.
2026-03-10 10:04:40,821 - root - ERROR - Chunk 194: No Data! Returning LmfitResult with None.
2026-03-10 10:04:40,823 - root - ERROR - Chunk 195: No Data! Returning LmfitResult with None.
2026-03-10 10:04:40,824 - root - ERROR - Chunk 196: No Data! Returning LmfitResult with None.
2026-03-10 10:04:40,825 - root - ERROR - Chunk 197: No Data! Returning LmfitResult with None.
2026-03-10 10:04:40,826 - root - ERROR - Chunk 198: No Data! Returning LmfitResult with None.
2026-03-10 10:04:40,827 - root - ERROR - Chunk 199: No Data! Returning LmfitResult with None.
2026-03-10 10:04:40,829 - root - ERROR - Chunk 200: No Data! Returning LmfitResult with None.
2026-03-10 10:04:40,830 - root - ERROR - Chunk 201: No Data! Returning LmfitResult with None.
2026-03-10 10:04:40,831 - root - ERROR - Chunk 202: No Data! Returning LmfitResult with None.
2026-03-10 10:04:40,832 - root - ERROR - Chunk 203: No Data! Returning LmfitResult with None.
2026-03-10 10:04:40,833 - root - ERROR - Chunk 204: No Data! Returning LmfitResult with None.
2026-03-10 10:04:40,835 - root - ERROR - Chunk 205: No Data! Returning LmfitResult with None.
2026-03-10 10:04:40,836 - root - ERROR - Chunk 206: No Data! Returning LmfitResult with None.
2026-03-10 10:04:40,837 - root - ERROR - Chunk 207: No Data! Returning LmfitResult with None.
2026-03-10 10:04:40,838 - root - ERROR - Chunk 208: No Data! Returning LmfitResult with None.
2026-03-10 10:04:40,839 - root - ERROR - Chunk 209: No Data! Returning LmfitResult with None.
2026-03-10 10:04:40,840 - root - ERROR - Chunk 210: No Data! Returning LmfitResult with None.
2026-03-10 10:04:40,841 - root - ERROR - Chunk 211: No Data! Returning LmfitResult with None.
2026-03-10 10:04:40,842 - root - ERROR - Chunk 212: No Data! Returning LmfitResult with None.
2026-03-10 10:04:40,844 - root - ERROR - Chunk 213: No Data! Returning LmfitResult with None.
2026-03-10 10:04:40,845 - root - ERROR - Chunk 214: No Data! Returning LmfitResult with None.
2026-03-10 10:04:40,846 - root - ERROR - Chunk 215: No Data! Returning LmfitResult with None.
2026-03-10 10:04:40,847 - root - ERROR - Chunk 216: No Data! Returning LmfitResult with None.
2026-03-10 10:04:40,848 - root - ERROR - Chunk 217: No Data! Returning LmfitResult with None.
2026-03-10 10:04:40,849 - root - ERROR - Chunk 218: No Data! Returning LmfitResult with None.
2026-03-10 10:04:40,850 - root - ERROR - Chunk 219: No Data! Returning LmfitResult with None.
2026-03-10 10:04:40,851 - root - ERROR - Chunk 220: No Data! Returning LmfitResult with None.
2026-03-10 10:04:40,869 - root - ERROR - Chunk 221: No Data! Returning LmfitResult with None.
2026-03-10 10:04:40,880 - root - ERROR - Chunk 222: No Data! Returning LmfitResult with None.
2026-03-10 10:04:40,986 - root - ERROR - Chunk 223: No Data! Returning LmfitResult with None.
2026-03-10 10:04:40,987 - root - ERROR - Chunk 224: No Data! Returning LmfitResult with None.
2026-03-10 10:04:40,988 - root - ERROR - Chunk 225: No Data! Returning LmfitResult with None.
2026-03-10 10:04:40,989 - root - ERROR - Chunk 226: No Data! Returning LmfitResult with None.
2026-03-10 10:04:40,991 - root - ERROR - Chunk 227: No Data! Returning LmfitResult with None.
2026-03-10 10:04:40,992 - root - ERROR - Chunk 228: No Data! Returning LmfitResult with None.
2026-03-10 10:04:40,993 - root - ERROR - Chunk 229: No Data! Returning LmfitResult with None.
2026-03-10 10:04:40,994 - root - ERROR - Chunk 230: No Data! Returning LmfitResult with None.
2026-03-10 10:04:40,995 - root - ERROR - Chunk 231: No Data! Returning LmfitResult with None.
2026-03-10 10:04:40,996 - root - ERROR - Chunk 232: No Data! Returning LmfitResult with None.
2026-03-10 10:04:40,997 - root - ERROR - Chunk 233: No Data! Returning LmfitResult with None.
2026-03-10 10:04:40,998 - root - ERROR - Chunk 234: No Data! Returning LmfitResult with None.
2026-03-10 10:04:41,019 - root - ERROR - Chunk 235: No Data! Returning LmfitResult with None.
2026-03-10 10:04:41,086 - root - ERROR - Chunk 236: No Data! Returning LmfitResult with None.
2026-03-10 10:04:41,087 - root - ERROR - Chunk 237: No Data! Returning LmfitResult with None.
2026-03-10 10:04:41,088 - root - ERROR - Chunk 238: No Data! Returning LmfitResult with None.
2026-03-10 10:04:41,089 - root - ERROR - Chunk 239: No Data! Returning LmfitResult with None.
2026-03-10 10:04:41,090 - root - ERROR - Chunk 240: No Data! Returning LmfitResult with None.
2026-03-10 10:04:41,091 - root - ERROR - Chunk 241: No Data! Returning LmfitResult with None.
2026-03-10 10:04:41,092 - root - ERROR - Chunk 242: No Data! Returning LmfitResult with None.
2026-03-10 10:04:41,094 - root - ERROR - Chunk 243: No Data! Returning LmfitResult with None.
2026-03-10 10:04:41,095 - root - ERROR - Chunk 244: No Data! Returning LmfitResult with None.
2026-03-10 10:04:41,096 - root - ERROR - Chunk 245: No Data! Returning LmfitResult with None.
2026-03-10 10:04:41,109 - root - ERROR - Chunk 246: No Data! Returning LmfitResult with None.
2026-03-10 10:04:41,110 - root - ERROR - Chunk 247: No Data! Returning LmfitResult with None.
2026-03-10 10:04:41,111 - root - ERROR - Chunk 248: No Data! Returning LmfitResult with None.
2026-03-10 10:04:41,112 - root - ERROR - Chunk 249: No Data! Returning LmfitResult with None.
2026-03-10 10:04:41,113 - root - ERROR - Chunk 250: No Data! Returning LmfitResult with None.
2026-03-10 10:04:41,114 - root - ERROR - Chunk 251: No Data! Returning LmfitResult with None.
2026-03-10 10:04:41,115 - root - ERROR - Chunk 252: No Data! Returning LmfitResult with None.
2026-03-10 10:04:41,116 - root - ERROR - Chunk 253: No Data! Returning LmfitResult with None.
2026-03-10 10:04:41,188 - root - ERROR - Chunk 254: No Data! Returning LmfitResult with None.
2026-03-10 10:04:41,190 - root - ERROR - Chunk 255: No Data! Returning LmfitResult with None.
2026-03-10 10:04:41,191 - root - ERROR - Chunk 256: No Data! Returning LmfitResult with None.
2026-03-10 10:04:41,192 - root - ERROR - Chunk 257: No Data! Returning LmfitResult with None.
2026-03-10 10:04:41,193 - root - ERROR - Chunk 258: No Data! Returning LmfitResult with None.
2026-03-10 10:04:41,194 - root - ERROR - Chunk 259: No Data! Returning LmfitResult with None.
2026-03-10 10:04:41,195 - root - ERROR - Chunk 260: No Data! Returning LmfitResult with None.
2026-03-10 10:04:41,196 - root - ERROR - Chunk 261: No Data! Returning LmfitResult with None.
2026-03-10 10:04:41,197 - root - ERROR - Chunk 262: No Data! Returning LmfitResult with None.
2026-03-10 10:04:41,198 - root - ERROR - Chunk 263: No Data! Returning LmfitResult with None.
2026-03-10 10:04:41,198 - root - ERROR - Chunk 264: No Data! Returning LmfitResult with None.
2026-03-10 10:04:41,199 - root - ERROR - Chunk 265: No Data! Returning LmfitResult with None.
2026-03-10 10:04:41,200 - root - ERROR - Chunk 266: No Data! Returning LmfitResult with None.
2026-03-10 10:04:41,201 - root - ERROR - Chunk 267: No Data! Returning LmfitResult with None.
2026-03-10 10:04:41,202 - root - ERROR - Chunk 268: No Data! Returning LmfitResult with None.
2026-03-10 10:04:41,203 - root - ERROR - Chunk 269: No Data! Returning LmfitResult with None.
2026-03-10 10:04:41,204 - root - ERROR - Chunk 270: No Data! Returning LmfitResult with None.
2026-03-10 10:04:41,205 - root - ERROR - Chunk 271: No Data! Returning LmfitResult with None.
2026-03-10 10:04:41,206 - root - ERROR - Chunk 272: No Data! Returning LmfitResult with None.
2026-03-10 10:04:41,207 - root - ERROR - Chunk 273: No Data! Returning LmfitResult with None.
2026-03-10 10:04:41,208 - root - ERROR - Chunk 274: No Data! Returning LmfitResult with None.
2026-03-10 10:04:41,209 - root - ERROR - Chunk 275: No Data! Returning LmfitResult with None.
2026-03-10 10:04:41,210 - root - ERROR - Chunk 276: No Data! Returning LmfitResult with None.
2026-03-10 10:04:41,211 - root - ERROR - Chunk 277: No Data! Returning LmfitResult with None.
2026-03-10 10:04:41,255 - root - ERROR - Chunk 278: No Data! Returning LmfitResult with None.
2026-03-10 10:04:41,257 - root - ERROR - Chunk 279: No Data! Returning LmfitResult with None.
2026-03-10 10:04:41,258 - root - ERROR - Chunk 280: No Data! Returning LmfitResult with None.
2026-03-10 10:04:42,123 - root - ERROR - NaN value detected in oversampled model function.
2026-03-10 10:04:42,125 - root - ERROR - <ParameterSet (values: 17)>
    cont_intercept  =  14218.83858761318
    cont_slope      =  -12.796878143431195
    iod_depth       =  0.8888896649276611
    lsf_left_1      =  9.906172662198696
    lsf_left_2      =  -18.692972053306658
    lsf_left_3      =  3.6836572368286418
    lsf_left_4      =  -3.047968206415015
    lsf_left_5      =  0.2449400679217968
    lsf_right1      =  4.453863470503362
    lsf_right2      =  -17.96286640001478
    lsf_right3      =  10.17259928802689
    lsf_right4      =  -3.8514285408763147
    lsf_right5      =  1.150977556965751
    tem_depth       =  0.9887302413216359
    velocity        =  -24162.468117265384
    wave_intercept  =  5001.801606905862
    wave_slope      =  0.011795904757083565
2026-03-10 10:04:42,126 - root - ERROR - Evaluated LSF:
2026-03-10 10:04:42,127 - root - ERROR - [nan nan nan nan nan nan nan nan nan nan nan nan nan nan nan nan nan nan
 nan nan nan nan nan nan nan nan nan nan nan nan nan nan nan nan nan nan
 nan nan nan nan nan nan nan nan nan nan nan nan nan nan nan nan nan nan
 nan nan nan nan nan nan nan nan nan nan nan nan nan nan nan nan nan nan
 nan]
2026-03-10 10:04:42,363 - root - ERROR - NaN value detected in oversampled model function.
2026-03-10 10:04:42,371 - root - ERROR - <ParameterSet (values: 17)>
    cont_intercept  =  9007.169652523044
    cont_slope      =  -8.841317558119366
    iod_depth       =  1.0110287185398517
    lsf_left_1      =  9.029866885374052
    lsf_left_2      =  -17.58492098768859
    lsf_left_3      =  2.8679395590493306
    lsf_left_4      =  -2.833142806107596
    lsf_left_5      =  0.22172793559064768
    lsf_right1      =  3.477587634106982
    lsf_right2      =  -16.760747370868213
    lsf_right3      =  4.206147431170967
    lsf_right4      =  -3.741217585258866
    lsf_right5      =  0.46361013588083344
    tem_depth       =  0.9848373886648537
    velocity        =  -24441.084625994157
    wave_intercept  =  5007.329304727309
    wave_slope      =  0.011343436681955091
2026-03-10 10:04:42,392 - root - ERROR - Evaluated LSF:
2026-03-10 10:04:42,413 - root - ERROR - [nan nan nan nan nan nan nan nan nan nan nan nan nan nan nan nan nan nan
 nan nan nan nan nan nan nan nan nan nan nan nan nan nan nan nan nan nan
 nan nan nan nan nan nan nan nan nan nan nan nan nan nan nan nan nan nan
 nan nan nan nan nan nan nan nan nan nan nan nan nan nan nan nan nan nan
 nan]
2026-03-10 10:04:43,182 - root - ERROR - NaN value detected in oversampled model function.
2026-03-10 10:04:43,183 - root - ERROR - <ParameterSet (values: 17)>
    cont_intercept  =  15692.320085737287
    cont_slope      =  17.413596300300384
    iod_depth       =  1.0166918408090717
    lsf_left_1      =  2.8572703696433095
    lsf_left_2      =  -12.678017665154826
    lsf_left_3      =  3.1542756952112505
    lsf_left_4      =  -1.5539076942167167
    lsf_left_5      =  0.3756173332734065
    lsf_right1      =  2.6990139418640204
    lsf_right2      =  -14.893939154707745
    lsf_right3      =  1.5178334785724352
    lsf_right4      =  -3.7197607479101573
    lsf_right5      =  0.19951556847520807
    tem_depth       =  0.9882198812069188
    velocity        =  -23959.38089116218
    wave_intercept  =  4998.8675993996985
    wave_slope      =  0.01534600532458634
2026-03-10 10:04:43,185 - root - ERROR - Evaluated LSF:
2026-03-10 10:04:43,186 - root - ERROR - [nan nan nan nan nan nan nan nan nan nan nan nan nan nan nan nan nan nan
 nan nan nan nan nan nan nan nan nan nan nan nan nan nan nan nan nan nan
 nan nan nan nan nan nan nan nan nan nan nan nan nan nan nan nan nan nan
 nan nan nan nan nan nan nan nan nan nan nan nan nan nan nan nan nan nan
 nan]
2026-03-10 10:04:44,622 - root - ERROR - NaN value detected in oversampled model function.
2026-03-10 10:04:44,623 - root - ERROR - <ParameterSet (values: 17)>
    cont_intercept  =  29591.065868885722
    cont_slope      =  -15.478752136744811
    iod_depth       =  1.0502489251820322
    lsf_left_1      =  2.591772554298523
    lsf_left_2      =  -17.890638848584672
    lsf_left_3      =  4.058022237118349
    lsf_left_4      =  -3.1990252688033416
    lsf_left_5      =  0.9255920477024613
    lsf_right1      =  2.321926666328424
    lsf_right2      =  -12.350693118470613
    lsf_right3      =  5.1975083107768345
    lsf_right4      =  -3.658549448490468
    lsf_right5      =  0.8494579016959724
    tem_depth       =  0.9917609066566025
    velocity        =  -24303.82456414065
    wave_intercept  =  5027.816264547165
    wave_slope      =  0.013132711720849156
2026-03-10 10:04:44,624 - root - ERROR - Evaluated LSF:
2026-03-10 10:04:44,625 - root - ERROR - [nan nan nan nan nan nan nan nan nan nan nan nan nan nan nan nan nan nan
 nan nan nan nan nan nan nan nan nan nan nan nan nan nan nan nan nan nan
 nan nan nan nan nan nan nan nan nan nan nan nan nan nan nan nan nan nan
 nan nan nan nan nan nan nan nan nan nan nan nan nan nan nan nan nan nan
 nan]
2026-03-10 10:04:49,274 - root - ERROR - NaN value detected in oversampled model function.
2026-03-10 10:04:49,276 - root - ERROR - <ParameterSet (values: 17)>
    cont_intercept  =  11602.774550567341
    cont_slope      =  -10.128713108191166
    iod_depth       =  1.026017541219311
    lsf_left_1      =  3.238295488328093
    lsf_left_2      =  -18.505090502382632
    lsf_left_3      =  1.2638365801949465
    lsf_left_4      =  -2.5019508348502337
    lsf_left_5      =  1.2813668725378353
    lsf_right1      =  11.046855290978895
    lsf_right2      =  -16.946323990992095
    lsf_right3      =  1.5697264819881107
    lsf_right4      =  -3.685612443527549
    lsf_right5      =  0.5541021645072758
    tem_depth       =  0.9887931629731621
    velocity        =  -24080.73891404046
    wave_intercept  =  5090.090586745121
    wave_slope      =  0.011529244072283049
2026-03-10 10:04:49,277 - root - ERROR - Evaluated LSF:
2026-03-10 10:04:49,279 - root - ERROR - [nan nan nan nan nan nan nan nan nan nan nan nan nan nan nan nan nan nan
 nan nan nan nan nan nan nan nan nan nan nan nan nan nan nan nan nan nan
 nan nan nan nan nan nan nan nan nan nan nan nan nan nan nan nan nan nan
 nan nan nan nan nan nan nan nan nan nan nan nan nan nan nan nan nan nan
 nan]
2026-03-10 10:04:54,349 - root - ERROR - NaN value detected in oversampled model function.
2026-03-10 10:04:54,355 - root - ERROR - <ParameterSet (values: 17)>
    cont_intercept  =  16253.34632656917
    cont_slope      =  20.993035405405838
    iod_depth       =  0.9794961424858867
    lsf_left_1      =  2.6957207483941987
    lsf_left_2      =  -10.21692966656301
    lsf_left_3      =  2.3729278976793875
    lsf_left_4      =  -1.8822977953268878
    lsf_left_5      =  0.2038663728999423
    lsf_right1      =  3.7474458280127303
    lsf_right2      =  -16.386620290395914
    lsf_right3      =  8.884824740385001
    lsf_right4      =  -3.871359506611907
    lsf_right5      =  1.0944288461179887
    tem_depth       =  1.0030421717006746
    velocity        =  -24119.86762241902
    wave_intercept  =  5121.079938369204
    wave_slope      =  0.01606791423339369
2026-03-10 10:04:54,359 - root - ERROR - Evaluated LSF:
2026-03-10 10:04:54,365 - root - ERROR - [nan nan nan nan nan nan nan nan nan nan nan nan nan nan nan nan nan nan
 nan nan nan nan nan nan nan nan nan nan nan nan nan nan nan nan nan nan
 nan nan nan nan nan nan nan nan nan nan nan nan nan nan nan nan nan nan
 nan nan nan nan nan nan nan nan nan nan nan nan nan nan nan nan nan nan
 nan]
2026-03-10 10:05:39,955 - root - ERROR - NaN value detected in oversampled model function.
2026-03-10 10:05:39,957 - root - ERROR - <ParameterSet (values: 17)>
    cont_intercept  =  28486.942455387703
    cont_slope      =  45.46012868748074
    iod_depth       =  0.9729223196822623
    lsf_left_1      =  5.383963080114763
    lsf_left_2      =  -17.123608476588227
    lsf_left_3      =  5.300684423699378
    lsf_left_4      =  -3.4374849226540465
    lsf_left_5      =  0.23900932984359707
    lsf_right1      =  2.3390141571044007
    lsf_right2      =  -10.251466986039707
    lsf_right3      =  6.13232300628599
    lsf_right4      =  -3.4773740519530385
    lsf_right5      =  0.4638064068031627
    tem_depth       =  0.9852573856828424
    velocity        =  -24035.200251790142
    wave_intercept  =  5588.834814441465
    wave_slope      =  0.01768311658349989
2026-03-10 10:05:39,958 - root - ERROR - Evaluated LSF:
2026-03-10 10:05:39,959 - root - ERROR - [nan nan nan nan nan nan nan nan nan nan nan nan nan nan nan nan nan nan
 nan nan nan nan nan nan nan nan nan nan nan nan nan nan nan nan nan nan
 nan nan nan nan nan nan nan nan nan nan nan nan nan nan nan nan nan nan
 nan nan nan nan nan nan nan nan nan nan nan nan nan nan nan nan nan nan
 nan]
2026-03-10 10:05:41,663 - root - ERROR - NaN value detected in oversampled model function.
2026-03-10 10:05:41,664 - root - ERROR - <ParameterSet (values: 17)>
    cont_intercept  =  97711.8843213228
    cont_slope      =  -9.668739697872544
    iod_depth       =  1.124173701412374
    lsf_left_1      =  2.477658846282606
    lsf_left_2      =  -7.529577715535842
    lsf_left_3      =  2.3718735970780234
    lsf_left_4      =  -3.780712973901408
    lsf_left_5      =  0.15767068110300192
    lsf_right1      =  2.931150803712038
    lsf_right2      =  -18.418025015024135
    lsf_right3      =  7.014024029052301
    lsf_right4      =  -2.788701345180246
    lsf_right5      =  0.34978050548626094
    tem_depth       =  1.2623285487954
    velocity        =  -22382.181545785654
    wave_intercept  =  5612.853528079055
    wave_slope      =  0.0157917667022849
2026-03-10 10:05:41,666 - root - ERROR - Evaluated LSF:
2026-03-10 10:05:41,667 - root - ERROR - [nan nan nan nan nan nan nan nan nan nan nan nan nan nan nan nan nan nan
 nan nan nan nan nan nan nan nan nan nan nan nan nan nan nan nan nan nan
 nan nan nan nan nan nan nan nan nan nan nan nan nan nan nan nan nan nan
 nan nan nan nan nan nan nan nan nan nan nan nan nan nan nan nan nan nan
 nan]
2026-03-10 10:05:50,219 - root - ERROR - NaN value detected in oversampled model function.
2026-03-10 10:05:50,220 - root - ERROR - <ParameterSet (values: 17)>
    cont_intercept  =  65830.06399730327
    cont_slope      =  14.800182148916548
    iod_depth       =  0.9080249639770748
    lsf_left_1      =  2.396369887165859
    lsf_left_2      =  -17.904125910119927
    lsf_left_3      =  9.6062042927597
    lsf_left_4      =  -3.697809796386787
    lsf_left_5      =  0.3034816231368822
    lsf_right1      =  10.332305788335676
    lsf_right2      =  -18.74139541113663
    lsf_right3      =  3.1070667758443493
    lsf_right4      =  -3.1289799215687903
    lsf_right5      =  1.2998583712188716
    tem_depth       =  1.0187400356968845
    velocity        =  -24088.898746855157
    wave_intercept  =  5707.89741183786
    wave_slope      =  0.01683550048908906
2026-03-10 10:05:50,221 - root - ERROR - Evaluated LSF:
2026-03-10 10:05:50,222 - root - ERROR - [nan nan nan nan nan nan nan nan nan nan nan nan nan nan nan nan nan nan
 nan nan nan nan nan nan nan nan nan nan nan nan nan nan nan nan nan nan
 nan nan nan nan nan nan nan nan nan nan nan nan nan nan nan nan nan nan
 nan nan nan nan nan nan nan nan nan nan nan nan nan nan nan nan nan nan
 nan]
2026-03-10 10:05:58,775 - root - ERROR - NaN value detected in oversampled model function.
2026-03-10 10:05:58,777 - root - ERROR - <ParameterSet (values: 17)>
    cont_intercept  =  90299.35214065753
    cont_slope      =  19.03250262348722
    iod_depth       =  0.9652666318108878
    lsf_left_1      =  3.5925262658199397
    lsf_left_2      =  -12.764861996606513
    lsf_left_3      =  3.169509946394057
    lsf_left_4      =  -3.0635054081552484
    lsf_left_5      =  1.2935685971186104
    lsf_right1      =  2.4414449808230336
    lsf_right2      =  -7.399682665018993
    lsf_right3      =  3.512790233898904
    lsf_right4      =  -3.8588217181709092
    lsf_right5      =  1.1808118922979256
    tem_depth       =  1.2211480034407494
    velocity        =  -24820.4945154331
    wave_intercept  =  5818.67982926814
    wave_slope      =  0.017006714923176253
2026-03-10 10:05:58,778 - root - ERROR - Evaluated LSF:
2026-03-10 10:05:58,779 - root - ERROR - [nan nan nan nan nan nan nan nan nan nan nan nan nan nan nan nan nan nan
 nan nan nan nan nan nan nan nan nan nan nan nan nan nan nan nan nan nan
 nan nan nan nan nan nan nan nan nan nan nan nan nan nan nan nan nan nan
 nan nan nan nan nan nan nan nan nan nan nan nan nan nan nan nan nan nan
 nan]
2026-03-10 10:06:07,364 - root - ERROR - NaN value detected in oversampled model function.
2026-03-10 10:06:07,365 - root - ERROR - <ParameterSet (values: 17)>
    cont_intercept  =  53841.31105067135
    cont_slope      =  52.87013718553495
    iod_depth       =  0.937958020316653
    lsf_left_1      =  2.507592421995107
    lsf_left_2      =  -10.462518781500197
    lsf_left_3      =  3.3126039043230477
    lsf_left_4      =  -3.883817721530172
    lsf_left_5      =  0.8463284193400259
    lsf_right1      =  9.353000937543396
    lsf_right2      =  -16.558719929504974
    lsf_right3      =  1.5450340230665731
    lsf_right4      =  -3.3392185925689812
    lsf_right5      =  0.83117119106094
    tem_depth       =  0.9729271580401264
    velocity        =  -24441.288726980507
    wave_intercept  =  5914.39537871995
    wave_slope      =  0.018756540002830495
2026-03-10 10:06:07,366 - root - ERROR - Evaluated LSF:
2026-03-10 10:06:07,368 - root - ERROR - [nan nan nan nan nan nan nan nan nan nan nan nan nan nan nan nan nan nan
 nan nan nan nan nan nan nan nan nan nan nan nan nan nan nan nan nan nan
 nan nan nan nan nan nan nan nan nan nan nan nan nan nan nan nan nan nan
 nan nan nan nan nan nan nan nan nan nan nan nan nan nan nan nan nan nan
 nan]
2026-03-10 10:06:08,170 - root - ERROR - NaN value detected in oversampled model function.
2026-03-10 10:06:08,171 - root - ERROR - <ParameterSet (values: 17)>
    cont_intercept  =  106632.58185498966
    cont_slope      =  24.787647220834266
    iod_depth       =  1.0206718274811326
    lsf_left_1      =  5.401250832517185
    lsf_left_2      =  -15.063616569015867
    lsf_left_3      =  1.253800831403996
    lsf_left_4      =  -3.917995584750639
    lsf_left_5      =  0.1789753532624826
    lsf_right1      =  3.9843521303357727
    lsf_right2      =  -17.4584785095159
    lsf_right3      =  10.796835368481286
    lsf_right4      =  -3.6450459607356076
    lsf_right5      =  0.9184142895346977
    tem_depth       =  1.099917688342016
    velocity        =  -18975.277370388972
    wave_intercept  =  5931.6524929934585
    wave_slope      =  0.01736003611255309
2026-03-10 10:06:08,173 - root - ERROR - Evaluated LSF:
2026-03-10 10:06:08,174 - root - ERROR - [nan nan nan nan nan nan nan nan nan nan nan nan nan nan nan nan nan nan
 nan nan nan nan nan nan nan nan nan nan nan nan nan nan nan nan nan nan
 nan nan nan nan nan nan nan nan nan nan nan nan nan nan nan nan nan nan
 nan nan nan nan nan nan nan nan nan nan nan nan nan nan nan nan nan nan
 nan]
2026-03-10 10:06:08,189 - root - ERROR - NaN value detected in oversampled model function.
2026-03-10 10:06:08,191 - root - ERROR - <ParameterSet (values: 17)>
    cont_intercept  =  104709.16201944402
    cont_slope      =  53.28175948543769
    iod_depth       =  1.1092332018396711
    lsf_left_1      =  3.136788944951663
    lsf_left_2      =  -15.103926280940591
    lsf_left_3      =  3.579796551337823
    lsf_left_4      =  -2.601640373486344
    lsf_left_5      =  0.14705023847964319
    lsf_right1      =  2.3245848993022724
    lsf_right2      =  -13.028344944328595
    lsf_right3      =  8.700759992451388
    lsf_right4      =  -3.9048307422326904
    lsf_right5      =  0.1935158613390401
    tem_depth       =  1.0493272278019279
    velocity        =  -24126.830947742175
    wave_intercept  =  5933.725440505157
    wave_slope      =  0.01724035829654383
2026-03-10 10:06:08,192 - root - ERROR - Evaluated LSF:
2026-03-10 10:06:08,193 - root - ERROR - [nan nan nan nan nan nan nan nan nan nan nan nan nan nan nan nan nan nan
 nan nan nan nan nan nan nan nan nan nan nan nan nan nan nan nan nan nan
 nan nan nan nan nan nan nan nan nan nan nan nan nan nan nan nan nan nan
 nan nan nan nan nan nan nan nan nan nan nan nan nan nan nan nan nan nan
 nan]
2026-03-10 10:06:20,934 - root - ERROR - NaN value detected in oversampled model function.
2026-03-10 10:06:20,935 - root - ERROR - <ParameterSet (values: 17)>
    cont_intercept  =  54637.980640872265
    cont_slope      =  72.20406720120513
    iod_depth       =  0.15919936348678385
    lsf_left_1      =  10.68393887888838
    lsf_left_2      =  -18.441130457312386
    lsf_left_3      =  8.529314457267287
    lsf_left_4      =  -3.6162215413586667
    lsf_left_5      =  1.1265284999130434
    lsf_right1      =  3.1656170720559302
    lsf_right2      =  -18.79421720143258
    lsf_right3      =  7.872149318415776
    lsf_right4      =  -3.866727258550075
    lsf_right5      =  0.6558337177421547
    tem_depth       =  0.9848229287120516
    velocity        =  -24313.46004243669
    wave_intercept  =  6151.0872650700685
    wave_slope      =  0.01957689146554365
2026-03-10 10:06:20,936 - root - ERROR - Evaluated LSF:
2026-03-10 10:06:20,937 - root - ERROR - [nan nan nan nan nan nan nan nan nan nan nan nan nan nan nan nan nan nan
 nan nan nan nan nan nan nan nan nan nan nan nan nan nan nan nan nan nan
 nan nan nan nan nan nan nan nan nan nan nan nan nan nan nan nan nan nan
 nan nan nan nan nan nan nan nan nan nan nan nan nan nan nan nan nan nan
 nan]
2026-03-10 10:06:22,161 - root - ERROR - NaN value detected in oversampled model function.
2026-03-10 10:06:22,165 - root - ERROR - <ParameterSet (values: 17)>
    cont_intercept  =  130806.73002261118
    cont_slope      =  -12.057971075577745
    iod_depth       =  0.8343419917765167
    lsf_left_1      =  2.8220832817736303
    lsf_left_2      =  -14.775655748721206
    lsf_left_3      =  5.585282254185075
    lsf_left_4      =  -3.1350697395611338
    lsf_left_5      =  1.1184657796278183
    lsf_right1      =  3.5634879294793307
    lsf_right2      =  -12.670014528217514
    lsf_right3      =  4.366107476624682
    lsf_right4      =  -2.9207256907769645
    lsf_right5      =  0.41431287024928604
    tem_depth       =  0.9888684119937208
    velocity        =  -24181.824393988445
    wave_intercept  =  6185.975467692237
    wave_slope      =  0.016893711987846113
2026-03-10 10:06:22,167 - root - ERROR - Evaluated LSF:
2026-03-10 10:06:22,167 - root - ERROR - [nan nan nan nan nan nan nan nan nan nan nan nan nan nan nan nan nan nan
 nan nan nan nan nan nan nan nan nan nan nan nan nan nan nan nan nan nan
 nan nan nan nan nan nan nan nan nan nan nan nan nan nan nan nan nan nan
 nan nan nan nan nan nan nan nan nan nan nan nan nan nan nan nan nan nan
 nan]
2026-03-10 10:06:24,702 - root - ERROR - NaN value detected in oversampled model function.
2026-03-10 10:06:24,703 - root - ERROR - <ParameterSet (values: 17)>
    cont_intercept  =  87202.74767034009
    cont_slope      =  61.35911958884032
    iod_depth       =  0.9002608239542822
    lsf_left_1      =  3.1152965557732553
    lsf_left_2      =  -16.25330667841705
    lsf_left_3      =  9.922152166961002
    lsf_left_4      =  -3.140709792700978
    lsf_left_5      =  0.30654981619322774
    lsf_right1      =  10.515752918145095
    lsf_right2      =  -17.37471595057241
    lsf_right3      =  2.8728435325323094
    lsf_right4      =  -0.5587919137207717
    lsf_right5      =  0.21240814614285183
    tem_depth       =  0.9981420433330084
    velocity        =  -24348.327177159557
    wave_intercept  =  6223.09330798462
    wave_slope      =  0.019053472460883684
2026-03-10 10:06:24,704 - root - ERROR - Evaluated LSF:
2026-03-10 10:06:24,705 - root - ERROR - [nan nan nan nan nan nan nan nan nan nan nan nan nan nan nan nan nan nan
 nan nan nan nan nan nan nan nan nan nan nan nan nan nan nan nan nan nan
 nan nan nan nan nan nan nan nan nan nan nan nan nan nan nan nan nan nan
 nan nan nan nan nan nan nan nan nan nan nan nan nan nan nan nan nan nan
 nan]
2026-03-10 10:06:27,322 - root - ERROR - Polynomial fitting failed. Falling back to input values
Traceback (most recent call last):
  File "/Users/jaklusmeyer/SONG/pyodine/pyodine/lib/misc.py", line 529, in fit_polynomial
    pfit, stats = np.polynomial.Polynomial.fit(
  File "/Users/jaklusmeyer/miniconda/envs/pyodine_env/lib/python3.9/site-packages/numpy/polynomial/_polybase.py", line 1036, in fit
    xnew = pu.mapdomain(x, domain, window)
  File "/Users/jaklusmeyer/miniconda/envs/pyodine_env/lib/python3.9/site-packages/numpy/polynomial/polyutils.py", line 371, in mapdomain
    off, scl = mapparms(old, new)
  File "/Users/jaklusmeyer/miniconda/envs/pyodine_env/lib/python3.9/site-packages/numpy/polynomial/polyutils.py", line 303, in mapparms
    off = (old[1]*new[0] - old[0]*new[1])/oldlen
ZeroDivisionError: division by zero
2026-03-10 10:06:27,324 - root - ERROR - Polynomial fitting failed. Falling back to input values
Traceback (most recent call last):
  File "/Users/jaklusmeyer/SONG/pyodine/pyodine/lib/misc.py", line 529, in fit_polynomial
    pfit, stats = np.polynomial.Polynomial.fit(
  File "/Users/jaklusmeyer/miniconda/envs/pyodine_env/lib/python3.9/site-packages/numpy/polynomial/_polybase.py", line 1036, in fit
    xnew = pu.mapdomain(x, domain, window)
  File "/Users/jaklusmeyer/miniconda/envs/pyodine_env/lib/python3.9/site-packages/numpy/polynomial/polyutils.py", line 371, in mapdomain
    off, scl = mapparms(old, new)
  File "/Users/jaklusmeyer/miniconda/envs/pyodine_env/lib/python3.9/site-packages/numpy/polynomial/polyutils.py", line 303, in mapparms
    off = (old[1]*new[0] - old[0]*new[1])/oldlen
ZeroDivisionError: division by zero
2026-03-10 10:06:27,325 - root - ERROR - Polynomial fitting failed. Falling back to input values
Traceback (most recent call last):
  File "/Users/jaklusmeyer/SONG/pyodine/pyodine/lib/misc.py", line 529, in fit_polynomial
    pfit, stats = np.polynomial.Polynomial.fit(
  File "/Users/jaklusmeyer/miniconda/envs/pyodine_env/lib/python3.9/site-packages/numpy/polynomial/_polybase.py", line 1036, in fit
    xnew = pu.mapdomain(x, domain, window)
  File "/Users/jaklusmeyer/miniconda/envs/pyodine_env/lib/python3.9/site-packages/numpy/polynomial/polyutils.py", line 371, in mapdomain
    off, scl = mapparms(old, new)
  File "/Users/jaklusmeyer/miniconda/envs/pyodine_env/lib/python3.9/site-packages/numpy/polynomial/polyutils.py", line 303, in mapparms
    off = (old[1]*new[0] - old[0]*new[1])/oldlen
ZeroDivisionError: division by zero
2026-03-10 10:06:27,327 - root - ERROR - Polynomial fitting failed. Falling back to input values
Traceback (most recent call last):
  File "/Users/jaklusmeyer/SONG/pyodine/pyodine/lib/misc.py", line 529, in fit_polynomial
    pfit, stats = np.polynomial.Polynomial.fit(
  File "/Users/jaklusmeyer/miniconda/envs/pyodine_env/lib/python3.9/site-packages/numpy/polynomial/_polybase.py", line 1036, in fit
    xnew = pu.mapdomain(x, domain, window)
  File "/Users/jaklusmeyer/miniconda/envs/pyodine_env/lib/python3.9/site-packages/numpy/polynomial/polyutils.py", line 371, in mapdomain
    off, scl = mapparms(old, new)
  File "/Users/jaklusmeyer/miniconda/envs/pyodine_env/lib/python3.9/site-packages/numpy/polynomial/polyutils.py", line 303, in mapparms
    off = (old[1]*new[0] - old[0]*new[1])/oldlen
ZeroDivisionError: division by zero
2026-03-10 10:06:27,328 - root - ERROR - Polynomial fitting failed. Falling back to input values
Traceback (most recent call last):
  File "/Users/jaklusmeyer/SONG/pyodine/pyodine/lib/misc.py", line 529, in fit_polynomial
    pfit, stats = np.polynomial.Polynomial.fit(
  File "/Users/jaklusmeyer/miniconda/envs/pyodine_env/lib/python3.9/site-packages/numpy/polynomial/_polybase.py", line 1036, in fit
    xnew = pu.mapdomain(x, domain, window)
  File "/Users/jaklusmeyer/miniconda/envs/pyodine_env/lib/python3.9/site-packages/numpy/polynomial/polyutils.py", line 371, in mapdomain
    off, scl = mapparms(old, new)
  File "/Users/jaklusmeyer/miniconda/envs/pyodine_env/lib/python3.9/site-packages/numpy/polynomial/polyutils.py", line 303, in mapparms
    off = (old[1]*new[0] - old[0]*new[1])/oldlen
ZeroDivisionError: division by zero
2026-03-10 10:06:27,330 - root - ERROR - Polynomial fitting failed. Falling back to input values
Traceback (most recent call last):
  File "/Users/jaklusmeyer/SONG/pyodine/pyodine/lib/misc.py", line 529, in fit_polynomial
    pfit, stats = np.polynomial.Polynomial.fit(
  File "/Users/jaklusmeyer/miniconda/envs/pyodine_env/lib/python3.9/site-packages/numpy/polynomial/_polybase.py", line 1036, in fit
    xnew = pu.mapdomain(x, domain, window)
  File "/Users/jaklusmeyer/miniconda/envs/pyodine_env/lib/python3.9/site-packages/numpy/polynomial/polyutils.py", line 371, in mapdomain
    off, scl = mapparms(old, new)
  File "/Users/jaklusmeyer/miniconda/envs/pyodine_env/lib/python3.9/site-packages/numpy/polynomial/polyutils.py", line 303, in mapparms
    off = (old[1]*new[0] - old[0]*new[1])/oldlen
ZeroDivisionError: division by zero
2026-03-10 10:06:27,331 - root - ERROR - Polynomial fitting failed. Falling back to input values
Traceback (most recent call last):
  File "/Users/jaklusmeyer/SONG/pyodine/pyodine/lib/misc.py", line 529, in fit_polynomial
    pfit, stats = np.polynomial.Polynomial.fit(
  File "/Users/jaklusmeyer/miniconda/envs/pyodine_env/lib/python3.9/site-packages/numpy/polynomial/_polybase.py", line 1036, in fit
    xnew = pu.mapdomain(x, domain, window)
  File "/Users/jaklusmeyer/miniconda/envs/pyodine_env/lib/python3.9/site-packages/numpy/polynomial/polyutils.py", line 371, in mapdomain
    off, scl = mapparms(old, new)
  File "/Users/jaklusmeyer/miniconda/envs/pyodine_env/lib/python3.9/site-packages/numpy/polynomial/polyutils.py", line 303, in mapparms
    off = (old[1]*new[0] - old[0]*new[1])/oldlen
ZeroDivisionError: division by zero
2026-03-10 10:06:27,341 - root - ERROR - Polynomial fitting failed. Falling back to input values
Traceback (most recent call last):
  File "/Users/jaklusmeyer/SONG/pyodine/pyodine/lib/misc.py", line 529, in fit_polynomial
    pfit, stats = np.polynomial.Polynomial.fit(
  File "/Users/jaklusmeyer/miniconda/envs/pyodine_env/lib/python3.9/site-packages/numpy/polynomial/_polybase.py", line 1036, in fit
    xnew = pu.mapdomain(x, domain, window)
  File "/Users/jaklusmeyer/miniconda/envs/pyodine_env/lib/python3.9/site-packages/numpy/polynomial/polyutils.py", line 371, in mapdomain
    off, scl = mapparms(old, new)
  File "/Users/jaklusmeyer/miniconda/envs/pyodine_env/lib/python3.9/site-packages/numpy/polynomial/polyutils.py", line 303, in mapparms
    off = (old[1]*new[0] - old[0]*new[1])/oldlen
ZeroDivisionError: division by zero
2026-03-10 10:06:27,343 - root - ERROR - Polynomial fitting failed. Falling back to input values
Traceback (most recent call last):
  File "/Users/jaklusmeyer/SONG/pyodine/pyodine/lib/misc.py", line 529, in fit_polynomial
    pfit, stats = np.polynomial.Polynomial.fit(
  File "/Users/jaklusmeyer/miniconda/envs/pyodine_env/lib/python3.9/site-packages/numpy/polynomial/_polybase.py", line 1036, in fit
    xnew = pu.mapdomain(x, domain, window)
  File "/Users/jaklusmeyer/miniconda/envs/pyodine_env/lib/python3.9/site-packages/numpy/polynomial/polyutils.py", line 371, in mapdomain
    off, scl = mapparms(old, new)
  File "/Users/jaklusmeyer/miniconda/envs/pyodine_env/lib/python3.9/site-packages/numpy/polynomial/polyutils.py", line 303, in mapparms
    off = (old[1]*new[0] - old[0]*new[1])/oldlen
ZeroDivisionError: division by zero
2026-03-10 10:06:27,344 - root - ERROR - Polynomial fitting failed. Falling back to input values
Traceback (most recent call last):
  File "/Users/jaklusmeyer/SONG/pyodine/pyodine/lib/misc.py", line 529, in fit_polynomial
    pfit, stats = np.polynomial.Polynomial.fit(
  File "/Users/jaklusmeyer/miniconda/envs/pyodine_env/lib/python3.9/site-packages/numpy/polynomial/_polybase.py", line 1036, in fit
    xnew = pu.mapdomain(x, domain, window)
  File "/Users/jaklusmeyer/miniconda/envs/pyodine_env/lib/python3.9/site-packages/numpy/polynomial/polyutils.py", line 371, in mapdomain
    off, scl = mapparms(old, new)
  File "/Users/jaklusmeyer/miniconda/envs/pyodine_env/lib/python3.9/site-packages/numpy/polynomial/polyutils.py", line 303, in mapparms
    off = (old[1]*new[0] - old[0]*new[1])/oldlen
ZeroDivisionError: division by zero
2026-03-10 10:06:27,346 - root - ERROR - Polynomial fitting failed. Falling back to input values
Traceback (most recent call last):
  File "/Users/jaklusmeyer/SONG/pyodine/pyodine/lib/misc.py", line 529, in fit_polynomial
    pfit, stats = np.polynomial.Polynomial.fit(
  File "/Users/jaklusmeyer/miniconda/envs/pyodine_env/lib/python3.9/site-packages/numpy/polynomial/_polybase.py", line 1036, in fit
    xnew = pu.mapdomain(x, domain, window)
  File "/Users/jaklusmeyer/miniconda/envs/pyodine_env/lib/python3.9/site-packages/numpy/polynomial/polyutils.py", line 371, in mapdomain
    off, scl = mapparms(old, new)
  File "/Users/jaklusmeyer/miniconda/envs/pyodine_env/lib/python3.9/site-packages/numpy/polynomial/polyutils.py", line 303, in mapparms
    off = (old[1]*new[0] - old[0]*new[1])/oldlen
ZeroDivisionError: division by zero
2026-03-10 10:06:27,347 - root - ERROR - Polynomial fitting failed. Falling back to input values
Traceback (most recent call last):
  File "/Users/jaklusmeyer/SONG/pyodine/pyodine/lib/misc.py", line 529, in fit_polynomial
    pfit, stats = np.polynomial.Polynomial.fit(
  File "/Users/jaklusmeyer/miniconda/envs/pyodine_env/lib/python3.9/site-packages/numpy/polynomial/_polybase.py", line 1036, in fit
    xnew = pu.mapdomain(x, domain, window)
  File "/Users/jaklusmeyer/miniconda/envs/pyodine_env/lib/python3.9/site-packages/numpy/polynomial/polyutils.py", line 371, in mapdomain
    off, scl = mapparms(old, new)
  File "/Users/jaklusmeyer/miniconda/envs/pyodine_env/lib/python3.9/site-packages/numpy/polynomial/polyutils.py", line 303, in mapparms
    off = (old[1]*new[0] - old[0]*new[1])/oldlen
ZeroDivisionError: division by zero
2026-03-10 10:06:27,348 - root - ERROR - Polynomial fitting failed. Falling back to input values
Traceback (most recent call last):
  File "/Users/jaklusmeyer/SONG/pyodine/pyodine/lib/misc.py", line 529, in fit_polynomial
    pfit, stats = np.polynomial.Polynomial.fit(
  File "/Users/jaklusmeyer/miniconda/envs/pyodine_env/lib/python3.9/site-packages/numpy/polynomial/_polybase.py", line 1036, in fit
    xnew = pu.mapdomain(x, domain, window)
  File "/Users/jaklusmeyer/miniconda/envs/pyodine_env/lib/python3.9/site-packages/numpy/polynomial/polyutils.py", line 371, in mapdomain
    off, scl = mapparms(old, new)
  File "/Users/jaklusmeyer/miniconda/envs/pyodine_env/lib/python3.9/site-packages/numpy/polynomial/polyutils.py", line 303, in mapparms
    off = (old[1]*new[0] - old[0]*new[1])/oldlen
ZeroDivisionError: division by zero
2026-03-10 10:06:27,350 - root - ERROR - Polynomial fitting failed. Falling back to input values
Traceback (most recent call last):
  File "/Users/jaklusmeyer/SONG/pyodine/pyodine/lib/misc.py", line 529, in fit_polynomial
    pfit, stats = np.polynomial.Polynomial.fit(
  File "/Users/jaklusmeyer/miniconda/envs/pyodine_env/lib/python3.9/site-packages/numpy/polynomial/_polybase.py", line 1036, in fit
    xnew = pu.mapdomain(x, domain, window)
  File "/Users/jaklusmeyer/miniconda/envs/pyodine_env/lib/python3.9/site-packages/numpy/polynomial/polyutils.py", line 371, in mapdomain
    off, scl = mapparms(old, new)
  File "/Users/jaklusmeyer/miniconda/envs/pyodine_env/lib/python3.9/site-packages/numpy/polynomial/polyutils.py", line 303, in mapparms
    off = (old[1]*new[0] - old[0]*new[1])/oldlen
ZeroDivisionError: division by zero
2026-03-10 10:06:30,405 - root - ERROR - NaN value detected in iodine function.
2026-03-10 10:06:30,406 - root - ERROR - Chunk could not be plotted
Traceback (most recent call last):
  File "/Users/jaklusmeyer/SONG/pyodine/pyodine/plot_lib.py", line 62, in plot_chunkmodel
    sp = fit_results[chunk_nr].fitted_spectrum
  File "/Users/jaklusmeyer/SONG/pyodine/pyodine/fitters/base.py", line 45, in fitted_spectrum
    return self.model.eval_spectrum(self.chunk, self.params, chunk_ind=self.chunk_ind)
  File "/Users/jaklusmeyer/SONG/pyodine/pyodine/models/base.py", line 79, in eval_spectrum
    flux = self.eval(chunk, params, chunk_ind=chunk_ind, **kwargs)
  File "/Users/jaklusmeyer/SONG/pyodine/pyodine/models/spectrum.py", line 138, in eval
    tck = splrep(tem.wave * doppler, flux_tem, s=0)
  File "/Users/jaklusmeyer/miniconda/envs/pyodine_env/lib/python3.9/site-packages/scipy/interpolate/_fitpack_py.py", line 295, in splrep
    res = _impl.splrep(x, y, w, xb, xe, k, task, s, t, full_output, per, quiet)
  File "/Users/jaklusmeyer/miniconda/envs/pyodine_env/lib/python3.9/site-packages/scipy/interpolate/_fitpack_impl.py", line 276, in splrep
    n, c, fp, ier = dfitpack.curfit(task, x, y, w, t, wrk, iwrk,
dfitpack.error: (xb<=x[0]) failed for 1st keyword xb: curfit:xb=nan
2026-03-10 10:06:30,668 - root - ERROR - NaN value detected in iodine function.
2026-03-10 10:06:30,670 - root - ERROR - Chunk could not be plotted
Traceback (most recent call last):
  File "/Users/jaklusmeyer/SONG/pyodine/pyodine/plot_lib.py", line 62, in plot_chunkmodel
    sp = fit_results[chunk_nr].fitted_spectrum
  File "/Users/jaklusmeyer/SONG/pyodine/pyodine/fitters/base.py", line 45, in fitted_spectrum
    return self.model.eval_spectrum(self.chunk, self.params, chunk_ind=self.chunk_ind)
  File "/Users/jaklusmeyer/SONG/pyodine/pyodine/models/base.py", line 79, in eval_spectrum
    flux = self.eval(chunk, params, chunk_ind=chunk_ind, **kwargs)
  File "/Users/jaklusmeyer/SONG/pyodine/pyodine/models/spectrum.py", line 138, in eval
    tck = splrep(tem.wave * doppler, flux_tem, s=0)
  File "/Users/jaklusmeyer/miniconda/envs/pyodine_env/lib/python3.9/site-packages/scipy/interpolate/_fitpack_py.py", line 295, in splrep
    res = _impl.splrep(x, y, w, xb, xe, k, task, s, t, full_output, per, quiet)
  File "/Users/jaklusmeyer/miniconda/envs/pyodine_env/lib/python3.9/site-packages/scipy/interpolate/_fitpack_impl.py", line 276, in splrep
    n, c, fp, ier = dfitpack.curfit(task, x, y, w, t, wrk, iwrk,
dfitpack.error: (xb<=x[0]) failed for 1st keyword xb: curfit:xb=nan
