2026-03-10 09:42:13,006 - root - ERROR - Chunk 0: No Data! Returning LmfitResult with None.
2026-03-10 09:42:13,007 - root - ERROR - Chunk 1: No Data! Returning LmfitResult with None.
2026-03-10 09:42:13,008 - root - ERROR - Chunk 2: No Data! Returning LmfitResult with None.
2026-03-10 09:42:13,009 - root - ERROR - Chunk 3: No Data! Returning LmfitResult with None.
2026-03-10 09:42:13,014 - root - ERROR - Chunk 4: No Data! Returning LmfitResult with None.
2026-03-10 09:42:13,015 - root - ERROR - Chunk 5: No Data! Returning LmfitResult with None.
2026-03-10 09:42:13,016 - root - ERROR - Chunk 6: No Data! Returning LmfitResult with None.
2026-03-10 09:42:13,018 - root - ERROR - Chunk 7: No Data! Returning LmfitResult with None.
2026-03-10 09:42:13,019 - root - ERROR - Chunk 8: No Data! Returning LmfitResult with None.
2026-03-10 09:42:13,019 - root - ERROR - Chunk 9: No Data! Returning LmfitResult with None.
2026-03-10 09:42:13,020 - root - ERROR - Chunk 10: No Data! Returning LmfitResult with None.
2026-03-10 09:42:13,021 - root - ERROR - Chunk 11: No Data! Returning LmfitResult with None.
2026-03-10 09:42:13,022 - root - ERROR - Chunk 12: No Data! Returning LmfitResult with None.
2026-03-10 09:42:13,023 - root - ERROR - Chunk 13: No Data! Returning LmfitResult with None.
2026-03-10 09:42:13,024 - root - ERROR - Chunk 14: No Data! Returning LmfitResult with None.
2026-03-10 09:42:13,025 - root - ERROR - Chunk 15: No Data! Returning LmfitResult with None.
2026-03-10 09:42:13,027 - root - ERROR - Chunk 16: No Data! Returning LmfitResult with None.
2026-03-10 09:42:13,031 - root - ERROR - Chunk 17: No Data! Returning LmfitResult with None.
2026-03-10 09:42:13,034 - root - ERROR - Chunk 18: No Data! Returning LmfitResult with None.
2026-03-10 09:42:13,037 - root - ERROR - Chunk 19: No Data! Returning LmfitResult with None.
2026-03-10 09:42:13,039 - root - ERROR - Chunk 20: No Data! Returning LmfitResult with None.
2026-03-10 09:42:13,041 - root - ERROR - Chunk 21: No Data! Returning LmfitResult with None.
2026-03-10 09:42:13,044 - root - ERROR - Chunk 22: No Data! Returning LmfitResult with None.
2026-03-10 09:42:13,045 - root - ERROR - Chunk 23: No Data! Returning LmfitResult with None.
2026-03-10 09:42:13,047 - root - ERROR - Chunk 24: No Data! Returning LmfitResult with None.
2026-03-10 09:42:13,048 - root - ERROR - Chunk 25: No Data! Returning LmfitResult with None.
2026-03-10 09:42:13,049 - root - ERROR - Chunk 26: No Data! Returning LmfitResult with None.
2026-03-10 09:42:13,050 - root - ERROR - Chunk 27: No Data! Returning LmfitResult with None.
2026-03-10 09:42:13,051 - root - ERROR - Chunk 28: No Data! Returning LmfitResult with None.
2026-03-10 09:42:13,053 - root - ERROR - Chunk 29: No Data! Returning LmfitResult with None.
2026-03-10 09:42:13,055 - root - ERROR - Chunk 30: No Data! Returning LmfitResult with None.
2026-03-10 09:42:13,057 - root - ERROR - Chunk 31: No Data! Returning LmfitResult with None.
2026-03-10 09:42:13,062 - root - ERROR - Chunk 32: No Data! Returning LmfitResult with None.
2026-03-10 09:42:13,063 - root - ERROR - Chunk 33: No Data! Returning LmfitResult with None.
2026-03-10 09:42:13,065 - root - ERROR - Chunk 34: No Data! Returning LmfitResult with None.
2026-03-10 09:42:13,066 - root - ERROR - Chunk 35: No Data! Returning LmfitResult with None.
2026-03-10 09:42:13,067 - root - ERROR - Chunk 36: No Data! Returning LmfitResult with None.
2026-03-10 09:42:13,068 - root - ERROR - Chunk 37: No Data! Returning LmfitResult with None.
2026-03-10 09:42:13,069 - root - ERROR - Chunk 38: No Data! Returning LmfitResult with None.
2026-03-10 09:42:13,070 - root - ERROR - Chunk 39: No Data! Returning LmfitResult with None.
2026-03-10 09:42:13,071 - root - ERROR - Chunk 40: No Data! Returning LmfitResult with None.
2026-03-10 09:42:13,072 - root - ERROR - Chunk 41: No Data! Returning LmfitResult with None.
2026-03-10 09:42:13,073 - root - ERROR - Chunk 42: No Data! Returning LmfitResult with None.
2026-03-10 09:42:13,074 - root - ERROR - Chunk 43: No Data! Returning LmfitResult with None.
2026-03-10 09:42:13,075 - root - ERROR - Chunk 44: No Data! Returning LmfitResult with None.
2026-03-10 09:42:13,076 - root - ERROR - Chunk 45: No Data! Returning LmfitResult with None.
2026-03-10 09:42:13,077 - root - ERROR - Chunk 46: No Data! Returning LmfitResult with None.
2026-03-10 09:42:13,078 - root - ERROR - Chunk 47: No Data! Returning LmfitResult with None.
2026-03-10 09:42:13,079 - root - ERROR - Chunk 48: No Data! Returning LmfitResult with None.
2026-03-10 09:42:13,080 - root - ERROR - Chunk 49: No Data! Returning LmfitResult with None.
2026-03-10 09:42:13,081 - root - ERROR - Chunk 50: No Data! Returning LmfitResult with None.
2026-03-10 09:42:13,082 - root - ERROR - Chunk 51: No Data! Returning LmfitResult with None.
2026-03-10 09:42:13,083 - root - ERROR - Chunk 52: No Data! Returning LmfitResult with None.
2026-03-10 09:42:13,084 - root - ERROR - Chunk 53: No Data! Returning LmfitResult with None.
2026-03-10 09:42:13,085 - root - ERROR - Chunk 54: No Data! Returning LmfitResult with None.
2026-03-10 09:42:13,086 - root - ERROR - Chunk 55: No Data! Returning LmfitResult with None.
2026-03-10 09:42:13,087 - root - ERROR - Chunk 56: No Data! Returning LmfitResult with None.
2026-03-10 09:42:13,088 - root - ERROR - Chunk 57: No Data! Returning LmfitResult with None.
2026-03-10 09:42:13,089 - root - ERROR - Chunk 58: No Data! Returning LmfitResult with None.
2026-03-10 09:42:13,090 - root - ERROR - Chunk 59: No Data! Returning LmfitResult with None.
2026-03-10 09:42:13,091 - root - ERROR - Chunk 60: No Data! Returning LmfitResult with None.
2026-03-10 09:42:13,092 - root - ERROR - Chunk 61: No Data! Returning LmfitResult with None.
2026-03-10 09:42:13,093 - root - ERROR - Chunk 62: No Data! Returning LmfitResult with None.
2026-03-10 09:42:13,094 - root - ERROR - Chunk 63: No Data! Returning LmfitResult with None.
2026-03-10 09:42:13,095 - root - ERROR - Chunk 64: No Data! Returning LmfitResult with None.
2026-03-10 09:42:13,096 - root - ERROR - Chunk 65: No Data! Returning LmfitResult with None.
2026-03-10 09:42:13,097 - root - ERROR - Chunk 66: No Data! Returning LmfitResult with None.
2026-03-10 09:42:13,098 - root - ERROR - Chunk 67: No Data! Returning LmfitResult with None.
2026-03-10 09:42:13,099 - root - ERROR - Chunk 68: No Data! Returning LmfitResult with None.
2026-03-10 09:42:13,100 - root - ERROR - Chunk 69: No Data! Returning LmfitResult with None.
2026-03-10 09:42:13,101 - root - ERROR - Chunk 70: No Data! Returning LmfitResult with None.
2026-03-10 09:42:13,102 - root - ERROR - Chunk 71: No Data! Returning LmfitResult with None.
2026-03-10 09:42:13,103 - root - ERROR - Chunk 72: No Data! Returning LmfitResult with None.
2026-03-10 09:42:13,104 - root - ERROR - Chunk 73: No Data! Returning LmfitResult with None.
2026-03-10 09:42:13,105 - root - ERROR - Chunk 74: No Data! Returning LmfitResult with None.
2026-03-10 09:42:13,106 - root - ERROR - Chunk 75: No Data! Returning LmfitResult with None.
2026-03-10 09:42:13,107 - root - ERROR - Chunk 76: No Data! Returning LmfitResult with None.
2026-03-10 09:42:13,108 - root - ERROR - Chunk 77: No Data! Returning LmfitResult with None.
2026-03-10 09:42:13,109 - root - ERROR - Chunk 78: No Data! Returning LmfitResult with None.
2026-03-10 09:42:13,109 - root - ERROR - Chunk 79: No Data! Returning LmfitResult with None.
2026-03-10 09:42:13,110 - root - ERROR - Chunk 80: No Data! Returning LmfitResult with None.
2026-03-10 09:42:13,111 - root - ERROR - Chunk 81: No Data! Returning LmfitResult with None.
2026-03-10 09:42:13,119 - root - ERROR - Chunk 82: No Data! Returning LmfitResult with None.
2026-03-10 09:42:13,123 - root - ERROR - Chunk 83: No Data! Returning LmfitResult with None.
2026-03-10 09:42:13,127 - root - ERROR - Chunk 84: No Data! Returning LmfitResult with None.
2026-03-10 09:42:13,130 - root - ERROR - Chunk 85: No Data! Returning LmfitResult with None.
2026-03-10 09:42:13,132 - root - ERROR - Chunk 86: No Data! Returning LmfitResult with None.
2026-03-10 09:42:13,135 - root - ERROR - Chunk 87: No Data! Returning LmfitResult with None.
2026-03-10 09:42:13,152 - root - ERROR - Chunk 88: No Data! Returning LmfitResult with None.
2026-03-10 09:42:13,155 - root - ERROR - Chunk 89: No Data! Returning LmfitResult with None.
2026-03-10 09:42:13,159 - root - ERROR - Chunk 90: No Data! Returning LmfitResult with None.
2026-03-10 09:42:13,170 - root - ERROR - Chunk 91: No Data! Returning LmfitResult with None.
2026-03-10 09:42:13,172 - root - ERROR - Chunk 92: No Data! Returning LmfitResult with None.
2026-03-10 09:42:13,174 - root - ERROR - Chunk 93: No Data! Returning LmfitResult with None.
2026-03-10 09:42:13,176 - root - ERROR - Chunk 94: No Data! Returning LmfitResult with None.
2026-03-10 09:42:13,178 - root - ERROR - Chunk 95: No Data! Returning LmfitResult with None.
2026-03-10 09:42:13,179 - root - ERROR - Chunk 96: No Data! Returning LmfitResult with None.
2026-03-10 09:42:13,181 - root - ERROR - Chunk 97: No Data! Returning LmfitResult with None.
2026-03-10 09:42:13,182 - root - ERROR - Chunk 98: No Data! Returning LmfitResult with None.
2026-03-10 09:42:13,183 - root - ERROR - Chunk 99: No Data! Returning LmfitResult with None.
2026-03-10 09:42:13,184 - root - ERROR - Chunk 100: No Data! Returning LmfitResult with None.
2026-03-10 09:42:13,186 - root - ERROR - Chunk 101: No Data! Returning LmfitResult with None.
2026-03-10 09:42:13,187 - root - ERROR - Chunk 102: No Data! Returning LmfitResult with None.
2026-03-10 09:42:13,188 - root - ERROR - Chunk 103: No Data! Returning LmfitResult with None.
2026-03-10 09:42:13,189 - root - ERROR - Chunk 104: No Data! Returning LmfitResult with None.
2026-03-10 09:42:13,190 - root - ERROR - Chunk 105: No Data! Returning LmfitResult with None.
2026-03-10 09:42:13,191 - root - ERROR - Chunk 106: No Data! Returning LmfitResult with None.
2026-03-10 09:42:13,192 - root - ERROR - Chunk 107: No Data! Returning LmfitResult with None.
2026-03-10 09:42:13,193 - root - ERROR - Chunk 108: No Data! Returning LmfitResult with None.
2026-03-10 09:42:13,193 - root - ERROR - Chunk 109: No Data! Returning LmfitResult with None.
2026-03-10 09:42:13,194 - root - ERROR - Chunk 110: No Data! Returning LmfitResult with None.
2026-03-10 09:42:13,195 - root - ERROR - Chunk 111: No Data! Returning LmfitResult with None.
2026-03-10 09:42:13,196 - root - ERROR - Chunk 112: No Data! Returning LmfitResult with None.
2026-03-10 09:42:13,198 - root - ERROR - Chunk 113: No Data! Returning LmfitResult with None.
2026-03-10 09:42:13,199 - root - ERROR - Chunk 114: No Data! Returning LmfitResult with None.
2026-03-10 09:42:13,200 - root - ERROR - Chunk 115: No Data! Returning LmfitResult with None.
2026-03-10 09:42:13,202 - root - ERROR - Chunk 116: No Data! Returning LmfitResult with None.
2026-03-10 09:42:13,204 - root - ERROR - Chunk 117: No Data! Returning LmfitResult with None.
2026-03-10 09:42:13,205 - root - ERROR - Chunk 118: No Data! Returning LmfitResult with None.
2026-03-10 09:42:13,206 - root - ERROR - Chunk 119: No Data! Returning LmfitResult with None.
2026-03-10 09:42:13,207 - root - ERROR - Chunk 120: No Data! Returning LmfitResult with None.
2026-03-10 09:42:13,208 - root - ERROR - Chunk 121: No Data! Returning LmfitResult with None.
2026-03-10 09:42:13,209 - root - ERROR - Chunk 122: No Data! Returning LmfitResult with None.
2026-03-10 09:42:13,210 - root - ERROR - Chunk 123: No Data! Returning LmfitResult with None.
2026-03-10 09:42:13,211 - root - ERROR - Chunk 124: No Data! Returning LmfitResult with None.
2026-03-10 09:42:13,212 - root - ERROR - Chunk 125: No Data! Returning LmfitResult with None.
2026-03-10 09:42:13,213 - root - ERROR - Chunk 126: No Data! Returning LmfitResult with None.
2026-03-10 09:42:13,214 - root - ERROR - Chunk 127: No Data! Returning LmfitResult with None.
2026-03-10 09:42:13,215 - root - ERROR - Chunk 128: No Data! Returning LmfitResult with None.
2026-03-10 09:42:13,216 - root - ERROR - Chunk 129: No Data! Returning LmfitResult with None.
2026-03-10 09:42:13,218 - root - ERROR - Chunk 130: No Data! Returning LmfitResult with None.
2026-03-10 09:42:13,219 - root - ERROR - Chunk 131: No Data! Returning LmfitResult with None.
2026-03-10 09:42:13,220 - root - ERROR - Chunk 132: No Data! Returning LmfitResult with None.
2026-03-10 09:42:13,221 - root - ERROR - Chunk 133: No Data! Returning LmfitResult with None.
2026-03-10 09:42:13,222 - root - ERROR - Chunk 134: No Data! Returning LmfitResult with None.
2026-03-10 09:42:13,232 - root - ERROR - Chunk 135: No Data! Returning LmfitResult with None.
2026-03-10 09:42:13,234 - root - ERROR - Chunk 136: No Data! Returning LmfitResult with None.
2026-03-10 09:42:13,237 - root - ERROR - Chunk 137: No Data! Returning LmfitResult with None.
2026-03-10 09:42:13,240 - root - ERROR - Chunk 138: No Data! Returning LmfitResult with None.
2026-03-10 09:42:13,243 - root - ERROR - Chunk 139: No Data! Returning LmfitResult with None.
2026-03-10 09:42:13,246 - root - ERROR - Chunk 140: No Data! Returning LmfitResult with None.
2026-03-10 09:42:13,248 - root - ERROR - Chunk 141: No Data! Returning LmfitResult with None.
2026-03-10 09:42:13,251 - root - ERROR - Chunk 142: No Data! Returning LmfitResult with None.
2026-03-10 09:42:13,259 - root - ERROR - Chunk 143: No Data! Returning LmfitResult with None.
2026-03-10 09:42:13,261 - root - ERROR - Chunk 144: No Data! Returning LmfitResult with None.
2026-03-10 09:42:13,264 - root - ERROR - Chunk 145: No Data! Returning LmfitResult with None.
2026-03-10 09:42:13,265 - root - ERROR - Chunk 146: No Data! Returning LmfitResult with None.
2026-03-10 09:42:13,266 - root - ERROR - Chunk 147: No Data! Returning LmfitResult with None.
2026-03-10 09:42:13,267 - root - ERROR - Chunk 148: No Data! Returning LmfitResult with None.
2026-03-10 09:42:13,269 - root - ERROR - Chunk 149: No Data! Returning LmfitResult with None.
2026-03-10 09:42:13,270 - root - ERROR - Chunk 150: No Data! Returning LmfitResult with None.
2026-03-10 09:42:13,271 - root - ERROR - Chunk 151: No Data! Returning LmfitResult with None.
2026-03-10 09:42:13,273 - root - ERROR - Chunk 152: No Data! Returning LmfitResult with None.
2026-03-10 09:42:13,276 - root - ERROR - Chunk 153: No Data! Returning LmfitResult with None.
2026-03-10 09:42:13,278 - root - ERROR - Chunk 154: No Data! Returning LmfitResult with None.
2026-03-10 09:42:13,280 - root - ERROR - Chunk 155: No Data! Returning LmfitResult with None.
2026-03-10 09:42:13,282 - root - ERROR - Chunk 156: No Data! Returning LmfitResult with None.
2026-03-10 09:42:13,283 - root - ERROR - Chunk 157: No Data! Returning LmfitResult with None.
2026-03-10 09:42:13,284 - root - ERROR - Chunk 158: No Data! Returning LmfitResult with None.
2026-03-10 09:42:13,285 - root - ERROR - Chunk 159: No Data! Returning LmfitResult with None.
2026-03-10 09:42:13,287 - root - ERROR - Chunk 160: No Data! Returning LmfitResult with None.
2026-03-10 09:42:13,288 - root - ERROR - Chunk 161: No Data! Returning LmfitResult with None.
2026-03-10 09:42:13,289 - root - ERROR - Chunk 162: No Data! Returning LmfitResult with None.
2026-03-10 09:42:13,290 - root - ERROR - Chunk 163: No Data! Returning LmfitResult with None.
2026-03-10 09:42:13,291 - root - ERROR - Chunk 164: No Data! Returning LmfitResult with None.
2026-03-10 09:42:13,292 - root - ERROR - Chunk 165: No Data! Returning LmfitResult with None.
2026-03-10 09:42:13,293 - root - ERROR - Chunk 166: No Data! Returning LmfitResult with None.
2026-03-10 09:42:13,294 - root - ERROR - Chunk 167: No Data! Returning LmfitResult with None.
2026-03-10 09:42:13,295 - root - ERROR - Chunk 168: No Data! Returning LmfitResult with None.
2026-03-10 09:42:13,296 - root - ERROR - Chunk 169: No Data! Returning LmfitResult with None.
2026-03-10 09:42:13,297 - root - ERROR - Chunk 170: No Data! Returning LmfitResult with None.
2026-03-10 09:42:13,299 - root - ERROR - Chunk 171: No Data! Returning LmfitResult with None.
2026-03-10 09:42:13,300 - root - ERROR - Chunk 172: No Data! Returning LmfitResult with None.
2026-03-10 09:42:13,301 - root - ERROR - Chunk 173: No Data! Returning LmfitResult with None.
2026-03-10 09:42:13,302 - root - ERROR - Chunk 174: No Data! Returning LmfitResult with None.
2026-03-10 09:42:13,303 - root - ERROR - Chunk 175: No Data! Returning LmfitResult with None.
2026-03-10 09:42:13,304 - root - ERROR - Chunk 176: No Data! Returning LmfitResult with None.
2026-03-10 09:42:13,305 - root - ERROR - Chunk 177: No Data! Returning LmfitResult with None.
2026-03-10 09:42:13,306 - root - ERROR - Chunk 178: No Data! Returning LmfitResult with None.
2026-03-10 09:42:13,307 - root - ERROR - Chunk 179: No Data! Returning LmfitResult with None.
2026-03-10 09:42:13,308 - root - ERROR - Chunk 180: No Data! Returning LmfitResult with None.
2026-03-10 09:42:13,309 - root - ERROR - Chunk 181: No Data! Returning LmfitResult with None.
2026-03-10 09:42:13,310 - root - ERROR - Chunk 182: No Data! Returning LmfitResult with None.
2026-03-10 09:42:13,311 - root - ERROR - Chunk 183: No Data! Returning LmfitResult with None.
2026-03-10 09:42:13,312 - root - ERROR - Chunk 184: No Data! Returning LmfitResult with None.
2026-03-10 09:42:13,313 - root - ERROR - Chunk 185: No Data! Returning LmfitResult with None.
2026-03-10 09:42:13,314 - root - ERROR - Chunk 186: No Data! Returning LmfitResult with None.
2026-03-10 09:42:13,315 - root - ERROR - Chunk 187: No Data! Returning LmfitResult with None.
2026-03-10 09:42:13,316 - root - ERROR - Chunk 188: No Data! Returning LmfitResult with None.
2026-03-10 09:42:13,317 - root - ERROR - Chunk 189: No Data! Returning LmfitResult with None.
2026-03-10 09:42:13,318 - root - ERROR - Chunk 190: No Data! Returning LmfitResult with None.
2026-03-10 09:42:13,321 - root - ERROR - Chunk 191: No Data! Returning LmfitResult with None.
2026-03-10 09:42:13,322 - root - ERROR - Chunk 192: No Data! Returning LmfitResult with None.
2026-03-10 09:42:13,323 - root - ERROR - Chunk 193: No Data! Returning LmfitResult with None.
2026-03-10 09:42:13,324 - root - ERROR - Chunk 194: No Data! Returning LmfitResult with None.
2026-03-10 09:42:13,325 - root - ERROR - Chunk 195: No Data! Returning LmfitResult with None.
2026-03-10 09:42:13,326 - root - ERROR - Chunk 196: No Data! Returning LmfitResult with None.
2026-03-10 09:42:13,327 - root - ERROR - Chunk 197: No Data! Returning LmfitResult with None.
2026-03-10 09:42:13,328 - root - ERROR - Chunk 198: No Data! Returning LmfitResult with None.
2026-03-10 09:42:13,329 - root - ERROR - Chunk 199: No Data! Returning LmfitResult with None.
2026-03-10 09:42:13,330 - root - ERROR - Chunk 200: No Data! Returning LmfitResult with None.
2026-03-10 09:42:13,331 - root - ERROR - Chunk 201: No Data! Returning LmfitResult with None.
2026-03-10 09:42:13,332 - root - ERROR - Chunk 202: No Data! Returning LmfitResult with None.
2026-03-10 09:42:13,333 - root - ERROR - Chunk 203: No Data! Returning LmfitResult with None.
2026-03-10 09:42:13,334 - root - ERROR - Chunk 204: No Data! Returning LmfitResult with None.
2026-03-10 09:42:13,335 - root - ERROR - Chunk 205: No Data! Returning LmfitResult with None.
2026-03-10 09:42:13,336 - root - ERROR - Chunk 206: No Data! Returning LmfitResult with None.
2026-03-10 09:42:13,337 - root - ERROR - Chunk 207: No Data! Returning LmfitResult with None.
2026-03-10 09:42:13,337 - root - ERROR - Chunk 208: No Data! Returning LmfitResult with None.
2026-03-10 09:42:13,338 - root - ERROR - Chunk 209: No Data! Returning LmfitResult with None.
2026-03-10 09:42:13,339 - root - ERROR - Chunk 210: No Data! Returning LmfitResult with None.
2026-03-10 09:42:13,340 - root - ERROR - Chunk 211: No Data! Returning LmfitResult with None.
2026-03-10 09:42:13,341 - root - ERROR - Chunk 212: No Data! Returning LmfitResult with None.
2026-03-10 09:42:13,342 - root - ERROR - Chunk 213: No Data! Returning LmfitResult with None.
2026-03-10 09:42:13,345 - root - ERROR - Chunk 214: No Data! Returning LmfitResult with None.
2026-03-10 09:42:13,346 - root - ERROR - Chunk 215: No Data! Returning LmfitResult with None.
2026-03-10 09:42:13,347 - root - ERROR - Chunk 216: No Data! Returning LmfitResult with None.
2026-03-10 09:42:13,348 - root - ERROR - Chunk 217: No Data! Returning LmfitResult with None.
2026-03-10 09:42:13,349 - root - ERROR - Chunk 218: No Data! Returning LmfitResult with None.
2026-03-10 09:42:13,350 - root - ERROR - Chunk 219: No Data! Returning LmfitResult with None.
2026-03-10 09:42:13,351 - root - ERROR - Chunk 220: No Data! Returning LmfitResult with None.
2026-03-10 09:42:13,352 - root - ERROR - Chunk 221: No Data! Returning LmfitResult with None.
2026-03-10 09:42:13,353 - root - ERROR - Chunk 222: No Data! Returning LmfitResult with None.
2026-03-10 09:42:13,354 - root - ERROR - Chunk 223: No Data! Returning LmfitResult with None.
2026-03-10 09:42:13,355 - root - ERROR - Chunk 224: No Data! Returning LmfitResult with None.
2026-03-10 09:42:13,356 - root - ERROR - Chunk 225: No Data! Returning LmfitResult with None.
2026-03-10 09:42:13,357 - root - ERROR - Chunk 226: No Data! Returning LmfitResult with None.
2026-03-10 09:42:13,358 - root - ERROR - Chunk 227: No Data! Returning LmfitResult with None.
2026-03-10 09:42:13,359 - root - ERROR - Chunk 228: No Data! Returning LmfitResult with None.
2026-03-10 09:42:13,360 - root - ERROR - Chunk 229: No Data! Returning LmfitResult with None.
2026-03-10 09:42:13,360 - root - ERROR - Chunk 230: No Data! Returning LmfitResult with None.
2026-03-10 09:42:13,361 - root - ERROR - Chunk 231: No Data! Returning LmfitResult with None.
2026-03-10 09:42:13,362 - root - ERROR - Chunk 232: No Data! Returning LmfitResult with None.
2026-03-10 09:42:13,363 - root - ERROR - Chunk 233: No Data! Returning LmfitResult with None.
2026-03-10 09:42:13,364 - root - ERROR - Chunk 234: No Data! Returning LmfitResult with None.
2026-03-10 09:42:13,365 - root - ERROR - Chunk 235: No Data! Returning LmfitResult with None.
2026-03-10 09:42:13,366 - root - ERROR - Chunk 236: No Data! Returning LmfitResult with None.
2026-03-10 09:42:13,367 - root - ERROR - Chunk 237: No Data! Returning LmfitResult with None.
2026-03-10 09:42:13,368 - root - ERROR - Chunk 238: No Data! Returning LmfitResult with None.
2026-03-10 09:42:13,368 - root - ERROR - Chunk 239: No Data! Returning LmfitResult with None.
2026-03-10 09:42:13,370 - root - ERROR - Chunk 240: No Data! Returning LmfitResult with None.
2026-03-10 09:42:13,370 - root - ERROR - Chunk 241: No Data! Returning LmfitResult with None.
2026-03-10 09:42:13,371 - root - ERROR - Chunk 242: No Data! Returning LmfitResult with None.
2026-03-10 09:42:13,372 - root - ERROR - Chunk 243: No Data! Returning LmfitResult with None.
2026-03-10 09:42:13,373 - root - ERROR - Chunk 244: No Data! Returning LmfitResult with None.
2026-03-10 09:42:13,374 - root - ERROR - Chunk 245: No Data! Returning LmfitResult with None.
2026-03-10 09:42:13,375 - root - ERROR - Chunk 246: No Data! Returning LmfitResult with None.
2026-03-10 09:42:13,376 - root - ERROR - Chunk 247: No Data! Returning LmfitResult with None.
2026-03-10 09:42:13,377 - root - ERROR - Chunk 248: No Data! Returning LmfitResult with None.
2026-03-10 09:42:13,378 - root - ERROR - Chunk 249: No Data! Returning LmfitResult with None.
2026-03-10 09:42:13,378 - root - ERROR - Chunk 250: No Data! Returning LmfitResult with None.
2026-03-10 09:42:13,379 - root - ERROR - Chunk 251: No Data! Returning LmfitResult with None.
2026-03-10 09:42:13,380 - root - ERROR - Chunk 252: No Data! Returning LmfitResult with None.
2026-03-10 09:42:13,381 - root - ERROR - Chunk 253: No Data! Returning LmfitResult with None.
2026-03-10 09:42:13,386 - root - ERROR - Chunk 254: No Data! Returning LmfitResult with None.
2026-03-10 09:42:13,387 - root - ERROR - Chunk 255: No Data! Returning LmfitResult with None.
2026-03-10 09:42:13,389 - root - ERROR - Chunk 256: No Data! Returning LmfitResult with None.
2026-03-10 09:42:13,390 - root - ERROR - Chunk 257: No Data! Returning LmfitResult with None.
2026-03-10 09:42:13,392 - root - ERROR - Chunk 258: No Data! Returning LmfitResult with None.
2026-03-10 09:42:13,394 - root - ERROR - Chunk 259: No Data! Returning LmfitResult with None.
2026-03-10 09:42:13,395 - root - ERROR - Chunk 260: No Data! Returning LmfitResult with None.
2026-03-10 09:42:13,396 - root - ERROR - Chunk 261: No Data! Returning LmfitResult with None.
2026-03-10 09:42:13,398 - root - ERROR - Chunk 262: No Data! Returning LmfitResult with None.
2026-03-10 09:42:13,400 - root - ERROR - Chunk 263: No Data! Returning LmfitResult with None.
2026-03-10 09:42:13,401 - root - ERROR - Chunk 264: No Data! Returning LmfitResult with None.
2026-03-10 09:42:13,403 - root - ERROR - Chunk 265: No Data! Returning LmfitResult with None.
2026-03-10 09:42:13,404 - root - ERROR - Chunk 266: No Data! Returning LmfitResult with None.
2026-03-10 09:42:13,405 - root - ERROR - Chunk 267: No Data! Returning LmfitResult with None.
2026-03-10 09:42:13,406 - root - ERROR - Chunk 268: No Data! Returning LmfitResult with None.
2026-03-10 09:42:13,407 - root - ERROR - Chunk 269: No Data! Returning LmfitResult with None.
2026-03-10 09:42:13,408 - root - ERROR - Chunk 270: No Data! Returning LmfitResult with None.
2026-03-10 09:42:13,410 - root - ERROR - Chunk 271: No Data! Returning LmfitResult with None.
2026-03-10 09:42:13,412 - root - ERROR - Chunk 272: No Data! Returning LmfitResult with None.
2026-03-10 09:42:13,413 - root - ERROR - Chunk 273: No Data! Returning LmfitResult with None.
2026-03-10 09:42:13,415 - root - ERROR - Chunk 274: No Data! Returning LmfitResult with None.
2026-03-10 09:42:13,417 - root - ERROR - Chunk 275: No Data! Returning LmfitResult with None.
2026-03-10 09:42:13,419 - root - ERROR - Chunk 276: No Data! Returning LmfitResult with None.
2026-03-10 09:42:13,421 - root - ERROR - Chunk 277: No Data! Returning LmfitResult with None.
2026-03-10 09:42:13,423 - root - ERROR - Chunk 278: No Data! Returning LmfitResult with None.
2026-03-10 09:42:13,424 - root - ERROR - Chunk 279: No Data! Returning LmfitResult with None.
2026-03-10 09:42:13,426 - root - ERROR - Chunk 280: No Data! Returning LmfitResult with None.
2026-03-10 09:42:38,992 - root - ERROR - Polynomial fitting failed. Falling back to input values
Traceback (most recent call last):
  File "/Users/jaklusmeyer/SONG/pyodine/pyodine/lib/misc.py", line 529, in fit_polynomial
    pfit, stats = np.polynomial.Polynomial.fit(
  File "/Users/jaklusmeyer/miniconda/envs/pyodine_env/lib/python3.9/site-packages/numpy/polynomial/_polybase.py", line 1036, in fit
    xnew = pu.mapdomain(x, domain, window)
  File "/Users/jaklusmeyer/miniconda/envs/pyodine_env/lib/python3.9/site-packages/numpy/polynomial/polyutils.py", line 371, in mapdomain
    off, scl = mapparms(old, new)
  File "/Users/jaklusmeyer/miniconda/envs/pyodine_env/lib/python3.9/site-packages/numpy/polynomial/polyutils.py", line 303, in mapparms
    off = (old[1]*new[0] - old[0]*new[1])/oldlen
ZeroDivisionError: division by zero
2026-03-10 09:42:38,994 - root - ERROR - Polynomial fitting failed. Falling back to input values
Traceback (most recent call last):
  File "/Users/jaklusmeyer/SONG/pyodine/pyodine/lib/misc.py", line 529, in fit_polynomial
    pfit, stats = np.polynomial.Polynomial.fit(
  File "/Users/jaklusmeyer/miniconda/envs/pyodine_env/lib/python3.9/site-packages/numpy/polynomial/_polybase.py", line 1036, in fit
    xnew = pu.mapdomain(x, domain, window)
  File "/Users/jaklusmeyer/miniconda/envs/pyodine_env/lib/python3.9/site-packages/numpy/polynomial/polyutils.py", line 371, in mapdomain
    off, scl = mapparms(old, new)
  File "/Users/jaklusmeyer/miniconda/envs/pyodine_env/lib/python3.9/site-packages/numpy/polynomial/polyutils.py", line 303, in mapparms
    off = (old[1]*new[0] - old[0]*new[1])/oldlen
ZeroDivisionError: division by zero
2026-03-10 09:42:38,995 - root - ERROR - Polynomial fitting failed. Falling back to input values
Traceback (most recent call last):
  File "/Users/jaklusmeyer/SONG/pyodine/pyodine/lib/misc.py", line 529, in fit_polynomial
    pfit, stats = np.polynomial.Polynomial.fit(
  File "/Users/jaklusmeyer/miniconda/envs/pyodine_env/lib/python3.9/site-packages/numpy/polynomial/_polybase.py", line 1036, in fit
    xnew = pu.mapdomain(x, domain, window)
  File "/Users/jaklusmeyer/miniconda/envs/pyodine_env/lib/python3.9/site-packages/numpy/polynomial/polyutils.py", line 371, in mapdomain
    off, scl = mapparms(old, new)
  File "/Users/jaklusmeyer/miniconda/envs/pyodine_env/lib/python3.9/site-packages/numpy/polynomial/polyutils.py", line 303, in mapparms
    off = (old[1]*new[0] - old[0]*new[1])/oldlen
ZeroDivisionError: division by zero
2026-03-10 09:42:38,996 - root - ERROR - Polynomial fitting failed. Falling back to input values
Traceback (most recent call last):
  File "/Users/jaklusmeyer/SONG/pyodine/pyodine/lib/misc.py", line 529, in fit_polynomial
    pfit, stats = np.polynomial.Polynomial.fit(
  File "/Users/jaklusmeyer/miniconda/envs/pyodine_env/lib/python3.9/site-packages/numpy/polynomial/_polybase.py", line 1036, in fit
    xnew = pu.mapdomain(x, domain, window)
  File "/Users/jaklusmeyer/miniconda/envs/pyodine_env/lib/python3.9/site-packages/numpy/polynomial/polyutils.py", line 371, in mapdomain
    off, scl = mapparms(old, new)
  File "/Users/jaklusmeyer/miniconda/envs/pyodine_env/lib/python3.9/site-packages/numpy/polynomial/polyutils.py", line 303, in mapparms
    off = (old[1]*new[0] - old[0]*new[1])/oldlen
ZeroDivisionError: division by zero
2026-03-10 09:42:38,997 - root - ERROR - Polynomial fitting failed. Falling back to input values
Traceback (most recent call last):
  File "/Users/jaklusmeyer/SONG/pyodine/pyodine/lib/misc.py", line 529, in fit_polynomial
    pfit, stats = np.polynomial.Polynomial.fit(
  File "/Users/jaklusmeyer/miniconda/envs/pyodine_env/lib/python3.9/site-packages/numpy/polynomial/_polybase.py", line 1036, in fit
    xnew = pu.mapdomain(x, domain, window)
  File "/Users/jaklusmeyer/miniconda/envs/pyodine_env/lib/python3.9/site-packages/numpy/polynomial/polyutils.py", line 371, in mapdomain
    off, scl = mapparms(old, new)
  File "/Users/jaklusmeyer/miniconda/envs/pyodine_env/lib/python3.9/site-packages/numpy/polynomial/polyutils.py", line 303, in mapparms
    off = (old[1]*new[0] - old[0]*new[1])/oldlen
ZeroDivisionError: division by zero
2026-03-10 09:42:38,999 - root - ERROR - Polynomial fitting failed. Falling back to input values
Traceback (most recent call last):
  File "/Users/jaklusmeyer/SONG/pyodine/pyodine/lib/misc.py", line 529, in fit_polynomial
    pfit, stats = np.polynomial.Polynomial.fit(
  File "/Users/jaklusmeyer/miniconda/envs/pyodine_env/lib/python3.9/site-packages/numpy/polynomial/_polybase.py", line 1036, in fit
    xnew = pu.mapdomain(x, domain, window)
  File "/Users/jaklusmeyer/miniconda/envs/pyodine_env/lib/python3.9/site-packages/numpy/polynomial/polyutils.py", line 371, in mapdomain
    off, scl = mapparms(old, new)
  File "/Users/jaklusmeyer/miniconda/envs/pyodine_env/lib/python3.9/site-packages/numpy/polynomial/polyutils.py", line 303, in mapparms
    off = (old[1]*new[0] - old[0]*new[1])/oldlen
ZeroDivisionError: division by zero
2026-03-10 09:42:39,000 - root - ERROR - Polynomial fitting failed. Falling back to input values
Traceback (most recent call last):
  File "/Users/jaklusmeyer/SONG/pyodine/pyodine/lib/misc.py", line 529, in fit_polynomial
    pfit, stats = np.polynomial.Polynomial.fit(
  File "/Users/jaklusmeyer/miniconda/envs/pyodine_env/lib/python3.9/site-packages/numpy/polynomial/_polybase.py", line 1036, in fit
    xnew = pu.mapdomain(x, domain, window)
  File "/Users/jaklusmeyer/miniconda/envs/pyodine_env/lib/python3.9/site-packages/numpy/polynomial/polyutils.py", line 371, in mapdomain
    off, scl = mapparms(old, new)
  File "/Users/jaklusmeyer/miniconda/envs/pyodine_env/lib/python3.9/site-packages/numpy/polynomial/polyutils.py", line 303, in mapparms
    off = (old[1]*new[0] - old[0]*new[1])/oldlen
ZeroDivisionError: division by zero
2026-03-10 09:42:39,007 - root - ERROR - Polynomial fitting failed. Falling back to input values
Traceback (most recent call last):
  File "/Users/jaklusmeyer/SONG/pyodine/pyodine/lib/misc.py", line 529, in fit_polynomial
    pfit, stats = np.polynomial.Polynomial.fit(
  File "/Users/jaklusmeyer/miniconda/envs/pyodine_env/lib/python3.9/site-packages/numpy/polynomial/_polybase.py", line 1036, in fit
    xnew = pu.mapdomain(x, domain, window)
  File "/Users/jaklusmeyer/miniconda/envs/pyodine_env/lib/python3.9/site-packages/numpy/polynomial/polyutils.py", line 371, in mapdomain
    off, scl = mapparms(old, new)
  File "/Users/jaklusmeyer/miniconda/envs/pyodine_env/lib/python3.9/site-packages/numpy/polynomial/polyutils.py", line 303, in mapparms
    off = (old[1]*new[0] - old[0]*new[1])/oldlen
ZeroDivisionError: division by zero
2026-03-10 09:42:39,008 - root - ERROR - Polynomial fitting failed. Falling back to input values
Traceback (most recent call last):
  File "/Users/jaklusmeyer/SONG/pyodine/pyodine/lib/misc.py", line 529, in fit_polynomial
    pfit, stats = np.polynomial.Polynomial.fit(
  File "/Users/jaklusmeyer/miniconda/envs/pyodine_env/lib/python3.9/site-packages/numpy/polynomial/_polybase.py", line 1036, in fit
    xnew = pu.mapdomain(x, domain, window)
  File "/Users/jaklusmeyer/miniconda/envs/pyodine_env/lib/python3.9/site-packages/numpy/polynomial/polyutils.py", line 371, in mapdomain
    off, scl = mapparms(old, new)
  File "/Users/jaklusmeyer/miniconda/envs/pyodine_env/lib/python3.9/site-packages/numpy/polynomial/polyutils.py", line 303, in mapparms
    off = (old[1]*new[0] - old[0]*new[1])/oldlen
ZeroDivisionError: division by zero
2026-03-10 09:42:39,009 - root - ERROR - Polynomial fitting failed. Falling back to input values
Traceback (most recent call last):
  File "/Users/jaklusmeyer/SONG/pyodine/pyodine/lib/misc.py", line 529, in fit_polynomial
    pfit, stats = np.polynomial.Polynomial.fit(
  File "/Users/jaklusmeyer/miniconda/envs/pyodine_env/lib/python3.9/site-packages/numpy/polynomial/_polybase.py", line 1036, in fit
    xnew = pu.mapdomain(x, domain, window)
  File "/Users/jaklusmeyer/miniconda/envs/pyodine_env/lib/python3.9/site-packages/numpy/polynomial/polyutils.py", line 371, in mapdomain
    off, scl = mapparms(old, new)
  File "/Users/jaklusmeyer/miniconda/envs/pyodine_env/lib/python3.9/site-packages/numpy/polynomial/polyutils.py", line 303, in mapparms
    off = (old[1]*new[0] - old[0]*new[1])/oldlen
ZeroDivisionError: division by zero
2026-03-10 09:42:39,011 - root - ERROR - Polynomial fitting failed. Falling back to input values
Traceback (most recent call last):
  File "/Users/jaklusmeyer/SONG/pyodine/pyodine/lib/misc.py", line 529, in fit_polynomial
    pfit, stats = np.polynomial.Polynomial.fit(
  File "/Users/jaklusmeyer/miniconda/envs/pyodine_env/lib/python3.9/site-packages/numpy/polynomial/_polybase.py", line 1036, in fit
    xnew = pu.mapdomain(x, domain, window)
  File "/Users/jaklusmeyer/miniconda/envs/pyodine_env/lib/python3.9/site-packages/numpy/polynomial/polyutils.py", line 371, in mapdomain
    off, scl = mapparms(old, new)
  File "/Users/jaklusmeyer/miniconda/envs/pyodine_env/lib/python3.9/site-packages/numpy/polynomial/polyutils.py", line 303, in mapparms
    off = (old[1]*new[0] - old[0]*new[1])/oldlen
ZeroDivisionError: division by zero
2026-03-10 09:42:39,012 - root - ERROR - Polynomial fitting failed. Falling back to input values
Traceback (most recent call last):
  File "/Users/jaklusmeyer/SONG/pyodine/pyodine/lib/misc.py", line 529, in fit_polynomial
    pfit, stats = np.polynomial.Polynomial.fit(
  File "/Users/jaklusmeyer/miniconda/envs/pyodine_env/lib/python3.9/site-packages/numpy/polynomial/_polybase.py", line 1036, in fit
    xnew = pu.mapdomain(x, domain, window)
  File "/Users/jaklusmeyer/miniconda/envs/pyodine_env/lib/python3.9/site-packages/numpy/polynomial/polyutils.py", line 371, in mapdomain
    off, scl = mapparms(old, new)
  File "/Users/jaklusmeyer/miniconda/envs/pyodine_env/lib/python3.9/site-packages/numpy/polynomial/polyutils.py", line 303, in mapparms
    off = (old[1]*new[0] - old[0]*new[1])/oldlen
ZeroDivisionError: division by zero
2026-03-10 09:42:39,013 - root - ERROR - Polynomial fitting failed. Falling back to input values
Traceback (most recent call last):
  File "/Users/jaklusmeyer/SONG/pyodine/pyodine/lib/misc.py", line 529, in fit_polynomial
    pfit, stats = np.polynomial.Polynomial.fit(
  File "/Users/jaklusmeyer/miniconda/envs/pyodine_env/lib/python3.9/site-packages/numpy/polynomial/_polybase.py", line 1036, in fit
    xnew = pu.mapdomain(x, domain, window)
  File "/Users/jaklusmeyer/miniconda/envs/pyodine_env/lib/python3.9/site-packages/numpy/polynomial/polyutils.py", line 371, in mapdomain
    off, scl = mapparms(old, new)
  File "/Users/jaklusmeyer/miniconda/envs/pyodine_env/lib/python3.9/site-packages/numpy/polynomial/polyutils.py", line 303, in mapparms
    off = (old[1]*new[0] - old[0]*new[1])/oldlen
ZeroDivisionError: division by zero
2026-03-10 09:42:39,014 - root - ERROR - Polynomial fitting failed. Falling back to input values
Traceback (most recent call last):
  File "/Users/jaklusmeyer/SONG/pyodine/pyodine/lib/misc.py", line 529, in fit_polynomial
    pfit, stats = np.polynomial.Polynomial.fit(
  File "/Users/jaklusmeyer/miniconda/envs/pyodine_env/lib/python3.9/site-packages/numpy/polynomial/_polybase.py", line 1036, in fit
    xnew = pu.mapdomain(x, domain, window)
  File "/Users/jaklusmeyer/miniconda/envs/pyodine_env/lib/python3.9/site-packages/numpy/polynomial/polyutils.py", line 371, in mapdomain
    off, scl = mapparms(old, new)
  File "/Users/jaklusmeyer/miniconda/envs/pyodine_env/lib/python3.9/site-packages/numpy/polynomial/polyutils.py", line 303, in mapparms
    off = (old[1]*new[0] - old[0]*new[1])/oldlen
ZeroDivisionError: division by zero
2026-03-10 09:42:41,481 - root - ERROR - NaN value detected in iodine function.
2026-03-10 09:42:41,482 - root - ERROR - Chunk could not be plotted
Traceback (most recent call last):
  File "/Users/jaklusmeyer/SONG/pyodine/pyodine/plot_lib.py", line 62, in plot_chunkmodel
    sp = fit_results[chunk_nr].fitted_spectrum
  File "/Users/jaklusmeyer/SONG/pyodine/pyodine/fitters/base.py", line 45, in fitted_spectrum
    return self.model.eval_spectrum(self.chunk, self.params, chunk_ind=self.chunk_ind)
  File "/Users/jaklusmeyer/SONG/pyodine/pyodine/models/base.py", line 79, in eval_spectrum
    flux = self.eval(chunk, params, chunk_ind=chunk_ind, **kwargs)
  File "/Users/jaklusmeyer/SONG/pyodine/pyodine/models/spectrum.py", line 138, in eval
    tck = splrep(tem.wave * doppler, flux_tem, s=0)
  File "/Users/jaklusmeyer/miniconda/envs/pyodine_env/lib/python3.9/site-packages/scipy/interpolate/_fitpack_py.py", line 295, in splrep
    res = _impl.splrep(x, y, w, xb, xe, k, task, s, t, full_output, per, quiet)
  File "/Users/jaklusmeyer/miniconda/envs/pyodine_env/lib/python3.9/site-packages/scipy/interpolate/_fitpack_impl.py", line 276, in splrep
    n, c, fp, ier = dfitpack.curfit(task, x, y, w, t, wrk, iwrk,
dfitpack.error: (xb<=x[0]) failed for 1st keyword xb: curfit:xb=nan
2026-03-10 09:42:41,771 - root - ERROR - NaN value detected in iodine function.
2026-03-10 09:42:41,772 - root - ERROR - Chunk could not be plotted
Traceback (most recent call last):
  File "/Users/jaklusmeyer/SONG/pyodine/pyodine/plot_lib.py", line 62, in plot_chunkmodel
    sp = fit_results[chunk_nr].fitted_spectrum
  File "/Users/jaklusmeyer/SONG/pyodine/pyodine/fitters/base.py", line 45, in fitted_spectrum
    return self.model.eval_spectrum(self.chunk, self.params, chunk_ind=self.chunk_ind)
  File "/Users/jaklusmeyer/SONG/pyodine/pyodine/models/base.py", line 79, in eval_spectrum
    flux = self.eval(chunk, params, chunk_ind=chunk_ind, **kwargs)
  File "/Users/jaklusmeyer/SONG/pyodine/pyodine/models/spectrum.py", line 138, in eval
    tck = splrep(tem.wave * doppler, flux_tem, s=0)
  File "/Users/jaklusmeyer/miniconda/envs/pyodine_env/lib/python3.9/site-packages/scipy/interpolate/_fitpack_py.py", line 295, in splrep
    res = _impl.splrep(x, y, w, xb, xe, k, task, s, t, full_output, per, quiet)
  File "/Users/jaklusmeyer/miniconda/envs/pyodine_env/lib/python3.9/site-packages/scipy/interpolate/_fitpack_impl.py", line 276, in splrep
    n, c, fp, ier = dfitpack.curfit(task, x, y, w, t, wrk, iwrk,
dfitpack.error: (xb<=x[0]) failed for 1st keyword xb: curfit:xb=nan
2026-03-10 09:42:44,527 - root - ERROR - Chunk 0: No Data! Returning LmfitResult with None.
2026-03-10 09:42:44,532 - root - ERROR - Chunk 1: No Data! Returning LmfitResult with None.
2026-03-10 09:42:44,533 - root - ERROR - Chunk 2: No Data! Returning LmfitResult with None.
2026-03-10 09:42:44,534 - root - ERROR - Chunk 3: No Data! Returning LmfitResult with None.
2026-03-10 09:42:44,536 - root - ERROR - Chunk 4: No Data! Returning LmfitResult with None.
2026-03-10 09:42:44,537 - root - ERROR - Chunk 5: No Data! Returning LmfitResult with None.
2026-03-10 09:42:44,538 - root - ERROR - Chunk 6: No Data! Returning LmfitResult with None.
2026-03-10 09:42:44,539 - root - ERROR - Chunk 7: No Data! Returning LmfitResult with None.
2026-03-10 09:42:44,540 - root - ERROR - Chunk 8: No Data! Returning LmfitResult with None.
2026-03-10 09:42:44,541 - root - ERROR - Chunk 9: No Data! Returning LmfitResult with None.
2026-03-10 09:42:44,542 - root - ERROR - Chunk 10: No Data! Returning LmfitResult with None.
2026-03-10 09:42:44,543 - root - ERROR - Chunk 11: No Data! Returning LmfitResult with None.
2026-03-10 09:42:44,544 - root - ERROR - Chunk 12: No Data! Returning LmfitResult with None.
2026-03-10 09:42:44,545 - root - ERROR - Chunk 13: No Data! Returning LmfitResult with None.
2026-03-10 09:42:44,546 - root - ERROR - Chunk 14: No Data! Returning LmfitResult with None.
2026-03-10 09:42:44,547 - root - ERROR - Chunk 15: No Data! Returning LmfitResult with None.
2026-03-10 09:42:44,547 - root - ERROR - Chunk 16: No Data! Returning LmfitResult with None.
2026-03-10 09:42:44,548 - root - ERROR - Chunk 17: No Data! Returning LmfitResult with None.
2026-03-10 09:42:44,549 - root - ERROR - Chunk 18: No Data! Returning LmfitResult with None.
2026-03-10 09:42:44,550 - root - ERROR - Chunk 19: No Data! Returning LmfitResult with None.
2026-03-10 09:42:44,551 - root - ERROR - Chunk 20: No Data! Returning LmfitResult with None.
2026-03-10 09:42:44,552 - root - ERROR - Chunk 21: No Data! Returning LmfitResult with None.
2026-03-10 09:42:44,553 - root - ERROR - Chunk 22: No Data! Returning LmfitResult with None.
2026-03-10 09:42:44,554 - root - ERROR - Chunk 23: No Data! Returning LmfitResult with None.
2026-03-10 09:42:44,555 - root - ERROR - Chunk 24: No Data! Returning LmfitResult with None.
2026-03-10 09:42:44,556 - root - ERROR - Chunk 25: No Data! Returning LmfitResult with None.
2026-03-10 09:42:44,557 - root - ERROR - Chunk 26: No Data! Returning LmfitResult with None.
2026-03-10 09:42:44,558 - root - ERROR - Chunk 27: No Data! Returning LmfitResult with None.
2026-03-10 09:42:44,559 - root - ERROR - Chunk 28: No Data! Returning LmfitResult with None.
2026-03-10 09:42:44,560 - root - ERROR - Chunk 29: No Data! Returning LmfitResult with None.
2026-03-10 09:42:44,561 - root - ERROR - Chunk 30: No Data! Returning LmfitResult with None.
2026-03-10 09:42:44,562 - root - ERROR - Chunk 31: No Data! Returning LmfitResult with None.
2026-03-10 09:42:44,563 - root - ERROR - Chunk 32: No Data! Returning LmfitResult with None.
2026-03-10 09:42:44,564 - root - ERROR - Chunk 33: No Data! Returning LmfitResult with None.
2026-03-10 09:42:44,565 - root - ERROR - Chunk 34: No Data! Returning LmfitResult with None.
2026-03-10 09:42:44,566 - root - ERROR - Chunk 35: No Data! Returning LmfitResult with None.
2026-03-10 09:42:44,567 - root - ERROR - Chunk 36: No Data! Returning LmfitResult with None.
2026-03-10 09:42:44,568 - root - ERROR - Chunk 37: No Data! Returning LmfitResult with None.
2026-03-10 09:42:44,569 - root - ERROR - Chunk 38: No Data! Returning LmfitResult with None.
2026-03-10 09:42:44,570 - root - ERROR - Chunk 39: No Data! Returning LmfitResult with None.
2026-03-10 09:42:44,571 - root - ERROR - Chunk 40: No Data! Returning LmfitResult with None.
2026-03-10 09:42:44,572 - root - ERROR - Chunk 41: No Data! Returning LmfitResult with None.
2026-03-10 09:42:44,573 - root - ERROR - Chunk 42: No Data! Returning LmfitResult with None.
2026-03-10 09:42:44,574 - root - ERROR - Chunk 43: No Data! Returning LmfitResult with None.
2026-03-10 09:42:44,575 - root - ERROR - Chunk 44: No Data! Returning LmfitResult with None.
2026-03-10 09:42:44,576 - root - ERROR - Chunk 45: No Data! Returning LmfitResult with None.
2026-03-10 09:42:44,577 - root - ERROR - Chunk 46: No Data! Returning LmfitResult with None.
2026-03-10 09:42:44,578 - root - ERROR - Chunk 47: No Data! Returning LmfitResult with None.
2026-03-10 09:42:44,580 - root - ERROR - Chunk 48: No Data! Returning LmfitResult with None.
2026-03-10 09:42:44,581 - root - ERROR - Chunk 49: No Data! Returning LmfitResult with None.
2026-03-10 09:42:44,582 - root - ERROR - Chunk 50: No Data! Returning LmfitResult with None.
2026-03-10 09:42:44,583 - root - ERROR - Chunk 51: No Data! Returning LmfitResult with None.
2026-03-10 09:42:44,584 - root - ERROR - Chunk 52: No Data! Returning LmfitResult with None.
2026-03-10 09:42:44,585 - root - ERROR - Chunk 53: No Data! Returning LmfitResult with None.
2026-03-10 09:42:44,586 - root - ERROR - Chunk 54: No Data! Returning LmfitResult with None.
2026-03-10 09:42:44,587 - root - ERROR - Chunk 55: No Data! Returning LmfitResult with None.
2026-03-10 09:42:44,588 - root - ERROR - Chunk 56: No Data! Returning LmfitResult with None.
2026-03-10 09:42:44,589 - root - ERROR - Chunk 57: No Data! Returning LmfitResult with None.
2026-03-10 09:42:44,590 - root - ERROR - Chunk 58: No Data! Returning LmfitResult with None.
2026-03-10 09:42:44,592 - root - ERROR - Chunk 59: No Data! Returning LmfitResult with None.
2026-03-10 09:42:44,593 - root - ERROR - Chunk 60: No Data! Returning LmfitResult with None.
2026-03-10 09:42:44,594 - root - ERROR - Chunk 61: No Data! Returning LmfitResult with None.
2026-03-10 09:42:44,597 - root - ERROR - Chunk 62: No Data! Returning LmfitResult with None.
2026-03-10 09:42:44,598 - root - ERROR - Chunk 63: No Data! Returning LmfitResult with None.
2026-03-10 09:42:44,599 - root - ERROR - Chunk 64: No Data! Returning LmfitResult with None.
2026-03-10 09:42:44,600 - root - ERROR - Chunk 65: No Data! Returning LmfitResult with None.
2026-03-10 09:42:44,601 - root - ERROR - Chunk 66: No Data! Returning LmfitResult with None.
2026-03-10 09:42:44,602 - root - ERROR - Chunk 67: No Data! Returning LmfitResult with None.
2026-03-10 09:42:44,603 - root - ERROR - Chunk 68: No Data! Returning LmfitResult with None.
2026-03-10 09:42:44,604 - root - ERROR - Chunk 69: No Data! Returning LmfitResult with None.
2026-03-10 09:42:44,605 - root - ERROR - Chunk 70: No Data! Returning LmfitResult with None.
2026-03-10 09:42:44,606 - root - ERROR - Chunk 71: No Data! Returning LmfitResult with None.
2026-03-10 09:42:44,607 - root - ERROR - Chunk 72: No Data! Returning LmfitResult with None.
2026-03-10 09:42:44,608 - root - ERROR - Chunk 73: No Data! Returning LmfitResult with None.
2026-03-10 09:42:44,609 - root - ERROR - Chunk 74: No Data! Returning LmfitResult with None.
2026-03-10 09:42:44,610 - root - ERROR - Chunk 75: No Data! Returning LmfitResult with None.
2026-03-10 09:42:44,611 - root - ERROR - Chunk 76: No Data! Returning LmfitResult with None.
2026-03-10 09:42:44,612 - root - ERROR - Chunk 77: No Data! Returning LmfitResult with None.
2026-03-10 09:42:44,651 - root - ERROR - Chunk 78: No Data! Returning LmfitResult with None.
2026-03-10 09:42:44,652 - root - ERROR - Chunk 79: No Data! Returning LmfitResult with None.
2026-03-10 09:42:44,821 - root - ERROR - Chunk 80: No Data! Returning LmfitResult with None.
2026-03-10 09:42:44,825 - root - ERROR - Chunk 81: No Data! Returning LmfitResult with None.
2026-03-10 09:42:44,826 - root - ERROR - Chunk 82: No Data! Returning LmfitResult with None.
2026-03-10 09:42:44,828 - root - ERROR - Chunk 83: No Data! Returning LmfitResult with None.
2026-03-10 09:42:44,829 - root - ERROR - Chunk 84: No Data! Returning LmfitResult with None.
2026-03-10 09:42:44,830 - root - ERROR - Chunk 85: No Data! Returning LmfitResult with None.
2026-03-10 09:42:44,834 - root - ERROR - Chunk 86: No Data! Returning LmfitResult with None.
2026-03-10 09:42:44,835 - root - ERROR - Chunk 87: No Data! Returning LmfitResult with None.
2026-03-10 09:42:44,836 - root - ERROR - Chunk 88: No Data! Returning LmfitResult with None.
2026-03-10 09:42:44,837 - root - ERROR - Chunk 89: No Data! Returning LmfitResult with None.
2026-03-10 09:42:44,839 - root - ERROR - Chunk 90: No Data! Returning LmfitResult with None.
2026-03-10 09:42:44,840 - root - ERROR - Chunk 91: No Data! Returning LmfitResult with None.
2026-03-10 09:42:44,841 - root - ERROR - Chunk 92: No Data! Returning LmfitResult with None.
2026-03-10 09:42:44,861 - root - ERROR - Chunk 93: No Data! Returning LmfitResult with None.
2026-03-10 09:42:44,916 - root - ERROR - Chunk 94: No Data! Returning LmfitResult with None.
2026-03-10 09:42:44,918 - root - ERROR - Chunk 95: No Data! Returning LmfitResult with None.
2026-03-10 09:42:44,920 - root - ERROR - Chunk 96: No Data! Returning LmfitResult with None.
2026-03-10 09:42:44,922 - root - ERROR - Chunk 97: No Data! Returning LmfitResult with None.
2026-03-10 09:42:44,923 - root - ERROR - Chunk 98: No Data! Returning LmfitResult with None.
2026-03-10 09:42:44,924 - root - ERROR - Chunk 99: No Data! Returning LmfitResult with None.
2026-03-10 09:42:44,925 - root - ERROR - Chunk 100: No Data! Returning LmfitResult with None.
2026-03-10 09:42:44,926 - root - ERROR - Chunk 101: No Data! Returning LmfitResult with None.
2026-03-10 09:42:44,927 - root - ERROR - Chunk 102: No Data! Returning LmfitResult with None.
2026-03-10 09:42:44,928 - root - ERROR - Chunk 103: No Data! Returning LmfitResult with None.
2026-03-10 09:42:44,929 - root - ERROR - Chunk 104: No Data! Returning LmfitResult with None.
2026-03-10 09:42:44,930 - root - ERROR - Chunk 105: No Data! Returning LmfitResult with None.
2026-03-10 09:42:44,931 - root - ERROR - Chunk 106: No Data! Returning LmfitResult with None.
2026-03-10 09:42:44,932 - root - ERROR - Chunk 107: No Data! Returning LmfitResult with None.
2026-03-10 09:42:44,933 - root - ERROR - Chunk 108: No Data! Returning LmfitResult with None.
2026-03-10 09:42:44,934 - root - ERROR - Chunk 109: No Data! Returning LmfitResult with None.
2026-03-10 09:42:44,935 - root - ERROR - Chunk 110: No Data! Returning LmfitResult with None.
2026-03-10 09:42:44,936 - root - ERROR - Chunk 111: No Data! Returning LmfitResult with None.
2026-03-10 09:42:44,936 - root - ERROR - Chunk 112: No Data! Returning LmfitResult with None.
2026-03-10 09:42:44,937 - root - ERROR - Chunk 113: No Data! Returning LmfitResult with None.
2026-03-10 09:42:44,938 - root - ERROR - Chunk 114: No Data! Returning LmfitResult with None.
2026-03-10 09:42:44,939 - root - ERROR - Chunk 115: No Data! Returning LmfitResult with None.
2026-03-10 09:42:44,940 - root - ERROR - Chunk 116: No Data! Returning LmfitResult with None.
2026-03-10 09:42:44,941 - root - ERROR - Chunk 117: No Data! Returning LmfitResult with None.
2026-03-10 09:42:44,942 - root - ERROR - Chunk 118: No Data! Returning LmfitResult with None.
2026-03-10 09:42:44,943 - root - ERROR - Chunk 119: No Data! Returning LmfitResult with None.
2026-03-10 09:42:44,944 - root - ERROR - Chunk 120: No Data! Returning LmfitResult with None.
2026-03-10 09:42:44,944 - root - ERROR - Chunk 121: No Data! Returning LmfitResult with None.
2026-03-10 09:42:44,945 - root - ERROR - Chunk 122: No Data! Returning LmfitResult with None.
2026-03-10 09:42:44,946 - root - ERROR - Chunk 123: No Data! Returning LmfitResult with None.
2026-03-10 09:42:44,947 - root - ERROR - Chunk 124: No Data! Returning LmfitResult with None.
2026-03-10 09:42:44,948 - root - ERROR - Chunk 125: No Data! Returning LmfitResult with None.
2026-03-10 09:42:44,949 - root - ERROR - Chunk 126: No Data! Returning LmfitResult with None.
2026-03-10 09:42:44,950 - root - ERROR - Chunk 127: No Data! Returning LmfitResult with None.
2026-03-10 09:42:44,951 - root - ERROR - Chunk 128: No Data! Returning LmfitResult with None.
2026-03-10 09:42:44,952 - root - ERROR - Chunk 129: No Data! Returning LmfitResult with None.
2026-03-10 09:42:44,952 - root - ERROR - Chunk 130: No Data! Returning LmfitResult with None.
2026-03-10 09:42:44,953 - root - ERROR - Chunk 131: No Data! Returning LmfitResult with None.
2026-03-10 09:42:44,954 - root - ERROR - Chunk 132: No Data! Returning LmfitResult with None.
2026-03-10 09:42:44,955 - root - ERROR - Chunk 133: No Data! Returning LmfitResult with None.
2026-03-10 09:42:44,956 - root - ERROR - Chunk 134: No Data! Returning LmfitResult with None.
2026-03-10 09:42:44,957 - root - ERROR - Chunk 135: No Data! Returning LmfitResult with None.
2026-03-10 09:42:44,958 - root - ERROR - Chunk 136: No Data! Returning LmfitResult with None.
2026-03-10 09:42:44,959 - root - ERROR - Chunk 137: No Data! Returning LmfitResult with None.
2026-03-10 09:42:44,959 - root - ERROR - Chunk 138: No Data! Returning LmfitResult with None.
2026-03-10 09:42:44,960 - root - ERROR - Chunk 139: No Data! Returning LmfitResult with None.
2026-03-10 09:42:44,961 - root - ERROR - Chunk 140: No Data! Returning LmfitResult with None.
2026-03-10 09:42:44,966 - root - ERROR - Chunk 141: No Data! Returning LmfitResult with None.
2026-03-10 09:42:44,968 - root - ERROR - Chunk 142: No Data! Returning LmfitResult with None.
2026-03-10 09:42:44,974 - root - ERROR - Chunk 143: No Data! Returning LmfitResult with None.
2026-03-10 09:42:44,978 - root - ERROR - Chunk 144: No Data! Returning LmfitResult with None.
2026-03-10 09:42:44,979 - root - ERROR - Chunk 145: No Data! Returning LmfitResult with None.
2026-03-10 09:42:44,980 - root - ERROR - Chunk 146: No Data! Returning LmfitResult with None.
2026-03-10 09:42:44,981 - root - ERROR - Chunk 147: No Data! Returning LmfitResult with None.
2026-03-10 09:42:44,982 - root - ERROR - Chunk 148: No Data! Returning LmfitResult with None.
2026-03-10 09:42:44,985 - root - ERROR - Chunk 149: No Data! Returning LmfitResult with None.
2026-03-10 09:42:44,999 - root - ERROR - Chunk 150: No Data! Returning LmfitResult with None.
2026-03-10 09:42:45,022 - root - ERROR - Chunk 151: No Data! Returning LmfitResult with None.
2026-03-10 09:42:45,024 - root - ERROR - Chunk 152: No Data! Returning LmfitResult with None.
2026-03-10 09:42:45,025 - root - ERROR - Chunk 153: No Data! Returning LmfitResult with None.
2026-03-10 09:42:45,026 - root - ERROR - Chunk 154: No Data! Returning LmfitResult with None.
2026-03-10 09:42:45,027 - root - ERROR - Chunk 155: No Data! Returning LmfitResult with None.
2026-03-10 09:42:45,028 - root - ERROR - Chunk 156: No Data! Returning LmfitResult with None.
2026-03-10 09:42:45,029 - root - ERROR - Chunk 157: No Data! Returning LmfitResult with None.
2026-03-10 09:42:45,032 - root - ERROR - Chunk 158: No Data! Returning LmfitResult with None.
2026-03-10 09:42:45,041 - root - ERROR - Chunk 159: No Data! Returning LmfitResult with None.
2026-03-10 09:42:45,042 - root - ERROR - Chunk 160: No Data! Returning LmfitResult with None.
2026-03-10 09:42:45,043 - root - ERROR - Chunk 161: No Data! Returning LmfitResult with None.
2026-03-10 09:42:45,044 - root - ERROR - Chunk 162: No Data! Returning LmfitResult with None.
2026-03-10 09:42:45,045 - root - ERROR - Chunk 163: No Data! Returning LmfitResult with None.
2026-03-10 09:42:45,046 - root - ERROR - Chunk 164: No Data! Returning LmfitResult with None.
2026-03-10 09:42:45,047 - root - ERROR - Chunk 165: No Data! Returning LmfitResult with None.
2026-03-10 09:42:45,048 - root - ERROR - Chunk 166: No Data! Returning LmfitResult with None.
2026-03-10 09:42:45,049 - root - ERROR - Chunk 167: No Data! Returning LmfitResult with None.
2026-03-10 09:42:45,050 - root - ERROR - Chunk 168: No Data! Returning LmfitResult with None.
2026-03-10 09:42:45,051 - root - ERROR - Chunk 169: No Data! Returning LmfitResult with None.
2026-03-10 09:42:45,052 - root - ERROR - Chunk 170: No Data! Returning LmfitResult with None.
2026-03-10 09:42:45,053 - root - ERROR - Chunk 171: No Data! Returning LmfitResult with None.
2026-03-10 09:42:45,054 - root - ERROR - Chunk 172: No Data! Returning LmfitResult with None.
2026-03-10 09:42:45,055 - root - ERROR - Chunk 173: No Data! Returning LmfitResult with None.
2026-03-10 09:42:45,056 - root - ERROR - Chunk 174: No Data! Returning LmfitResult with None.
2026-03-10 09:42:45,057 - root - ERROR - Chunk 175: No Data! Returning LmfitResult with None.
2026-03-10 09:42:45,058 - root - ERROR - Chunk 176: No Data! Returning LmfitResult with None.
2026-03-10 09:42:45,059 - root - ERROR - Chunk 177: No Data! Returning LmfitResult with None.
2026-03-10 09:42:45,060 - root - ERROR - Chunk 178: No Data! Returning LmfitResult with None.
2026-03-10 09:42:45,061 - root - ERROR - Chunk 179: No Data! Returning LmfitResult with None.
2026-03-10 09:42:45,062 - root - ERROR - Chunk 180: No Data! Returning LmfitResult with None.
2026-03-10 09:42:45,063 - root - ERROR - Chunk 181: No Data! Returning LmfitResult with None.
2026-03-10 09:42:45,064 - root - ERROR - Chunk 182: No Data! Returning LmfitResult with None.
2026-03-10 09:42:45,065 - root - ERROR - Chunk 183: No Data! Returning LmfitResult with None.
2026-03-10 09:42:45,066 - root - ERROR - Chunk 184: No Data! Returning LmfitResult with None.
2026-03-10 09:42:45,067 - root - ERROR - Chunk 185: No Data! Returning LmfitResult with None.
2026-03-10 09:42:45,068 - root - ERROR - Chunk 186: No Data! Returning LmfitResult with None.
2026-03-10 09:42:45,069 - root - ERROR - Chunk 187: No Data! Returning LmfitResult with None.
2026-03-10 09:42:45,070 - root - ERROR - Chunk 188: No Data! Returning LmfitResult with None.
2026-03-10 09:42:45,071 - root - ERROR - Chunk 189: No Data! Returning LmfitResult with None.
2026-03-10 09:42:45,072 - root - ERROR - Chunk 190: No Data! Returning LmfitResult with None.
2026-03-10 09:42:45,073 - root - ERROR - Chunk 191: No Data! Returning LmfitResult with None.
2026-03-10 09:42:45,074 - root - ERROR - Chunk 192: No Data! Returning LmfitResult with None.
2026-03-10 09:42:45,075 - root - ERROR - Chunk 193: No Data! Returning LmfitResult with None.
2026-03-10 09:42:45,076 - root - ERROR - Chunk 194: No Data! Returning LmfitResult with None.
2026-03-10 09:42:45,077 - root - ERROR - Chunk 195: No Data! Returning LmfitResult with None.
2026-03-10 09:42:45,078 - root - ERROR - Chunk 196: No Data! Returning LmfitResult with None.
2026-03-10 09:42:45,079 - root - ERROR - Chunk 197: No Data! Returning LmfitResult with None.
2026-03-10 09:42:45,080 - root - ERROR - Chunk 198: No Data! Returning LmfitResult with None.
2026-03-10 09:42:45,081 - root - ERROR - Chunk 199: No Data! Returning LmfitResult with None.
2026-03-10 09:42:45,082 - root - ERROR - Chunk 200: No Data! Returning LmfitResult with None.
2026-03-10 09:42:45,083 - root - ERROR - Chunk 201: No Data! Returning LmfitResult with None.
2026-03-10 09:42:45,084 - root - ERROR - Chunk 202: No Data! Returning LmfitResult with None.
2026-03-10 09:42:45,085 - root - ERROR - Chunk 203: No Data! Returning LmfitResult with None.
2026-03-10 09:42:45,086 - root - ERROR - Chunk 204: No Data! Returning LmfitResult with None.
2026-03-10 09:42:45,087 - root - ERROR - Chunk 205: No Data! Returning LmfitResult with None.
2026-03-10 09:42:45,088 - root - ERROR - Chunk 206: No Data! Returning LmfitResult with None.
2026-03-10 09:42:45,089 - root - ERROR - Chunk 207: No Data! Returning LmfitResult with None.
2026-03-10 09:42:45,090 - root - ERROR - Chunk 208: No Data! Returning LmfitResult with None.
2026-03-10 09:42:45,091 - root - ERROR - Chunk 209: No Data! Returning LmfitResult with None.
2026-03-10 09:42:45,092 - root - ERROR - Chunk 210: No Data! Returning LmfitResult with None.
2026-03-10 09:42:45,093 - root - ERROR - Chunk 211: No Data! Returning LmfitResult with None.
2026-03-10 09:42:45,094 - root - ERROR - Chunk 212: No Data! Returning LmfitResult with None.
2026-03-10 09:42:45,095 - root - ERROR - Chunk 213: No Data! Returning LmfitResult with None.
2026-03-10 09:42:45,096 - root - ERROR - Chunk 214: No Data! Returning LmfitResult with None.
2026-03-10 09:42:45,097 - root - ERROR - Chunk 215: No Data! Returning LmfitResult with None.
2026-03-10 09:42:45,098 - root - ERROR - Chunk 216: No Data! Returning LmfitResult with None.
2026-03-10 09:42:45,103 - root - ERROR - Chunk 217: No Data! Returning LmfitResult with None.
2026-03-10 09:42:45,105 - root - ERROR - Chunk 218: No Data! Returning LmfitResult with None.
2026-03-10 09:42:45,108 - root - ERROR - Chunk 219: No Data! Returning LmfitResult with None.
2026-03-10 09:42:45,109 - root - ERROR - Chunk 220: No Data! Returning LmfitResult with None.
2026-03-10 09:42:45,110 - root - ERROR - Chunk 221: No Data! Returning LmfitResult with None.
2026-03-10 09:42:45,111 - root - ERROR - Chunk 222: No Data! Returning LmfitResult with None.
2026-03-10 09:42:45,114 - root - ERROR - Chunk 223: No Data! Returning LmfitResult with None.
2026-03-10 09:42:45,115 - root - ERROR - Chunk 224: No Data! Returning LmfitResult with None.
2026-03-10 09:42:45,116 - root - ERROR - Chunk 225: No Data! Returning LmfitResult with None.
2026-03-10 09:42:45,117 - root - ERROR - Chunk 226: No Data! Returning LmfitResult with None.
2026-03-10 09:42:45,118 - root - ERROR - Chunk 227: No Data! Returning LmfitResult with None.
2026-03-10 09:42:45,119 - root - ERROR - Chunk 228: No Data! Returning LmfitResult with None.
2026-03-10 09:42:45,120 - root - ERROR - Chunk 229: No Data! Returning LmfitResult with None.
2026-03-10 09:42:45,121 - root - ERROR - Chunk 230: No Data! Returning LmfitResult with None.
2026-03-10 09:42:45,122 - root - ERROR - Chunk 231: No Data! Returning LmfitResult with None.
2026-03-10 09:42:45,123 - root - ERROR - Chunk 232: No Data! Returning LmfitResult with None.
2026-03-10 09:42:45,124 - root - ERROR - Chunk 233: No Data! Returning LmfitResult with None.
2026-03-10 09:42:45,125 - root - ERROR - Chunk 234: No Data! Returning LmfitResult with None.
2026-03-10 09:42:45,126 - root - ERROR - Chunk 235: No Data! Returning LmfitResult with None.
2026-03-10 09:42:45,128 - root - ERROR - Chunk 236: No Data! Returning LmfitResult with None.
2026-03-10 09:42:45,129 - root - ERROR - Chunk 237: No Data! Returning LmfitResult with None.
2026-03-10 09:42:45,130 - root - ERROR - Chunk 238: No Data! Returning LmfitResult with None.
2026-03-10 09:42:45,131 - root - ERROR - Chunk 239: No Data! Returning LmfitResult with None.
2026-03-10 09:42:45,132 - root - ERROR - Chunk 240: No Data! Returning LmfitResult with None.
2026-03-10 09:42:45,133 - root - ERROR - Chunk 241: No Data! Returning LmfitResult with None.
2026-03-10 09:42:45,134 - root - ERROR - Chunk 242: No Data! Returning LmfitResult with None.
2026-03-10 09:42:45,136 - root - ERROR - Chunk 243: No Data! Returning LmfitResult with None.
2026-03-10 09:42:45,137 - root - ERROR - Chunk 244: No Data! Returning LmfitResult with None.
2026-03-10 09:42:45,138 - root - ERROR - Chunk 245: No Data! Returning LmfitResult with None.
2026-03-10 09:42:45,139 - root - ERROR - Chunk 246: No Data! Returning LmfitResult with None.
2026-03-10 09:42:45,140 - root - ERROR - Chunk 247: No Data! Returning LmfitResult with None.
2026-03-10 09:42:45,141 - root - ERROR - Chunk 248: No Data! Returning LmfitResult with None.
2026-03-10 09:42:45,142 - root - ERROR - Chunk 249: No Data! Returning LmfitResult with None.
2026-03-10 09:42:45,143 - root - ERROR - Chunk 250: No Data! Returning LmfitResult with None.
2026-03-10 09:42:45,144 - root - ERROR - Chunk 251: No Data! Returning LmfitResult with None.
2026-03-10 09:42:45,178 - root - ERROR - Chunk 252: No Data! Returning LmfitResult with None.
2026-03-10 09:42:45,190 - root - ERROR - Chunk 253: No Data! Returning LmfitResult with None.
2026-03-10 09:42:45,194 - root - ERROR - Chunk 254: No Data! Returning LmfitResult with None.
2026-03-10 09:42:45,195 - root - ERROR - Chunk 255: No Data! Returning LmfitResult with None.
2026-03-10 09:42:45,197 - root - ERROR - Chunk 256: No Data! Returning LmfitResult with None.
2026-03-10 09:42:45,198 - root - ERROR - Chunk 257: No Data! Returning LmfitResult with None.
2026-03-10 09:42:45,199 - root - ERROR - Chunk 258: No Data! Returning LmfitResult with None.
2026-03-10 09:42:45,200 - root - ERROR - Chunk 259: No Data! Returning LmfitResult with None.
2026-03-10 09:42:45,201 - root - ERROR - Chunk 260: No Data! Returning LmfitResult with None.
2026-03-10 09:42:45,202 - root - ERROR - Chunk 261: No Data! Returning LmfitResult with None.
2026-03-10 09:42:45,203 - root - ERROR - Chunk 262: No Data! Returning LmfitResult with None.
2026-03-10 09:42:45,204 - root - ERROR - Chunk 263: No Data! Returning LmfitResult with None.
2026-03-10 09:42:45,205 - root - ERROR - Chunk 264: No Data! Returning LmfitResult with None.
2026-03-10 09:42:45,206 - root - ERROR - Chunk 265: No Data! Returning LmfitResult with None.
2026-03-10 09:42:45,207 - root - ERROR - Chunk 266: No Data! Returning LmfitResult with None.
2026-03-10 09:42:45,209 - root - ERROR - Chunk 267: No Data! Returning LmfitResult with None.
2026-03-10 09:42:45,210 - root - ERROR - Chunk 268: No Data! Returning LmfitResult with None.
2026-03-10 09:42:45,211 - root - ERROR - Chunk 269: No Data! Returning LmfitResult with None.
2026-03-10 09:42:45,212 - root - ERROR - Chunk 270: No Data! Returning LmfitResult with None.
2026-03-10 09:42:45,213 - root - ERROR - Chunk 271: No Data! Returning LmfitResult with None.
2026-03-10 09:42:45,214 - root - ERROR - Chunk 272: No Data! Returning LmfitResult with None.
2026-03-10 09:42:45,215 - root - ERROR - Chunk 273: No Data! Returning LmfitResult with None.
2026-03-10 09:42:45,216 - root - ERROR - Chunk 274: No Data! Returning LmfitResult with None.
2026-03-10 09:42:45,218 - root - ERROR - Chunk 275: No Data! Returning LmfitResult with None.
2026-03-10 09:42:45,219 - root - ERROR - Chunk 276: No Data! Returning LmfitResult with None.
2026-03-10 09:42:45,220 - root - ERROR - Chunk 277: No Data! Returning LmfitResult with None.
2026-03-10 09:42:45,221 - root - ERROR - Chunk 278: No Data! Returning LmfitResult with None.
2026-03-10 09:42:45,222 - root - ERROR - Chunk 279: No Data! Returning LmfitResult with None.
2026-03-10 09:42:45,223 - root - ERROR - Chunk 280: No Data! Returning LmfitResult with None.
2026-03-10 09:42:45,532 - root - ERROR - NaN value detected in oversampled model function.
2026-03-10 09:42:45,534 - root - ERROR - <ParameterSet (values: 17)>
    cont_intercept  =  14491.913642247153
    cont_slope      =  -8.004732067125223
    iod_depth       =  1.5059792273305912
    lsf_left_1      =  2.5499304409396633
    lsf_left_2      =  -14.771328808824823
    lsf_left_3      =  5.705118845990148
    lsf_left_4      =  -2.883119401347654
    lsf_left_5      =  1.1660757128939756
    lsf_right1      =  2.504909989506173
    lsf_right2      =  -13.229621322697437
    lsf_right3      =  3.739696010076996
    lsf_right4      =  -3.819783940253666
    lsf_right5      =  1.1629038502384703
    tem_depth       =  0.9847206514210741
    velocity        =  -25882.47108786523
    wave_intercept  =  4989.995388820907
    wave_slope      =  0.012762281263566847
2026-03-10 09:42:45,536 - root - ERROR - Evaluated LSF:
2026-03-10 09:42:45,537 - root - ERROR - [nan nan nan nan nan nan nan nan nan nan nan nan nan nan nan nan nan nan
 nan nan nan nan nan nan nan nan nan nan nan nan nan nan nan nan nan nan
 nan nan nan nan nan nan nan nan nan nan nan nan nan nan nan nan nan nan
 nan nan nan nan nan nan nan nan nan nan nan nan nan nan nan nan nan nan
 nan]
2026-03-10 09:42:48,230 - root - ERROR - NaN value detected in oversampled model function.
2026-03-10 09:42:48,231 - root - ERROR - <ParameterSet (values: 17)>
    cont_intercept  =  14268.023121331753
    cont_slope      =  9.143984026773731
    iod_depth       =  0.9810525744511426
    lsf_left_1      =  3.2580005650175723
    lsf_left_2      =  -16.679278908021438
    lsf_left_3      =  10.913246219803076
    lsf_left_4      =  -3.921352586764543
    lsf_left_5      =  0.14091515037613644
    lsf_right1      =  5.131911000309404
    lsf_right2      =  -18.19931726883133
    lsf_right3      =  5.037956306920169
    lsf_right4      =  -2.776989973661145
    lsf_right5      =  0.24948981105467083
    tem_depth       =  0.9793672063504572
    velocity        =  -25546.774198767474
    wave_intercept  =  5007.846069026871
    wave_slope      =  0.014708648495227187
2026-03-10 09:42:48,232 - root - ERROR - Evaluated LSF:
2026-03-10 09:42:48,234 - root - ERROR - [nan nan nan nan nan nan nan nan nan nan nan nan nan nan nan nan nan nan
 nan nan nan nan nan nan nan nan nan nan nan nan nan nan nan nan nan nan
 nan nan nan nan nan nan nan nan nan nan nan nan nan nan nan nan nan nan
 nan nan nan nan nan nan nan nan nan nan nan nan nan nan nan nan nan nan
 nan]
2026-03-10 09:42:52,874 - root - ERROR - NaN value detected in oversampled model function.
2026-03-10 09:42:52,875 - root - ERROR - <ParameterSet (values: 17)>
    cont_intercept  =  22011.010289205162
    cont_slope      =  1.8071112874126745
    iod_depth       =  1.1438530806291418
    lsf_left_1      =  2.6071382960733116
    lsf_left_2      =  -17.52592372253197
    lsf_left_3      =  2.843447477386458
    lsf_left_4      =  -1.6182822560345937
    lsf_left_5      =  0.8268662626402167
    lsf_right1      =  3.483055498550124
    lsf_right2      =  -16.75039311460273
    lsf_right3      =  4.530636253404503
    lsf_right4      =  -3.390136778929641
    lsf_right5      =  0.49954667288220095
    tem_depth       =  1.0090347613259065
    velocity        =  -25294.73233564403
    wave_intercept  =  5062.905251936892
    wave_slope      =  0.013698716571519888
2026-03-10 09:42:52,876 - root - ERROR - Evaluated LSF:
2026-03-10 09:42:52,877 - root - ERROR - [nan nan nan nan nan nan nan nan nan nan nan nan nan nan nan nan nan nan
 nan nan nan nan nan nan nan nan nan nan nan nan nan nan nan nan nan nan
 nan nan nan nan nan nan nan nan nan nan nan nan nan nan nan nan nan nan
 nan nan nan nan nan nan nan nan nan nan nan nan nan nan nan nan nan nan
 nan]
2026-03-10 09:42:53,121 - root - ERROR - NaN value detected in oversampled model function.
2026-03-10 09:42:53,122 - root - ERROR - <ParameterSet (values: 17)>
    cont_intercept  =  17833.91956226714
    cont_slope      =  -5.321967933639062
    iod_depth       =  1.062470322729413
    lsf_left_1      =  8.16833941162969
    lsf_left_2      =  -18.474787477242653
    lsf_left_3      =  6.20059722013434
    lsf_left_4      =  -3.9214107850661
    lsf_left_5      =  0.18223640691135184
    lsf_right1      =  7.7055143469875755
    lsf_right2      =  -17.817840090946042
    lsf_right3      =  2.022790105191932
    lsf_right4      =  -1.4934769930358236
    lsf_right5      =  0.6439783754732654
    tem_depth       =  0.999379241845089
    velocity        =  -25318.026806089478
    wave_intercept  =  5067.745893191576
    wave_slope      =  0.013354889204881582
2026-03-10 09:42:53,123 - root - ERROR - Evaluated LSF:
2026-03-10 09:42:53,124 - root - ERROR - [nan nan nan nan nan nan nan nan nan nan nan nan nan nan nan nan nan nan
 nan nan nan nan nan nan nan nan nan nan nan nan nan nan nan nan nan nan
 nan nan nan nan nan nan nan nan nan nan nan nan nan nan nan nan nan nan
 nan nan nan nan nan nan nan nan nan nan nan nan nan nan nan nan nan nan
 nan]
2026-03-10 09:43:03,092 - root - ERROR - NaN value detected in oversampled model function.
2026-03-10 09:43:03,093 - root - ERROR - <ParameterSet (values: 17)>
    cont_intercept  =  10264.429836553561
    cont_slope      =  -4.822333564762553
    iod_depth       =  1.037379928220493
    lsf_left_1      =  2.27917133652231
    lsf_left_2      =  -6.418476971840331
    lsf_left_3      =  1.3645527113979588
    lsf_left_4      =  -2.962689300685584
    lsf_left_5      =  1.2175956097954386
    lsf_right1      =  3.077270792098877
    lsf_right2      =  -17.31571938903024
    lsf_right3      =  1.3509490667740658
    lsf_right4      =  -0.7160010961096206
    lsf_right5      =  0.33339013684235685
    tem_depth       =  1.0463857843584279
    velocity        =  -25416.56677075557
    wave_intercept  =  5169.884746040054
    wave_slope      =  0.012220925491889153
2026-03-10 09:43:03,094 - root - ERROR - Evaluated LSF:
2026-03-10 09:43:03,095 - root - ERROR - [nan nan nan nan nan nan nan nan nan nan nan nan nan nan nan nan nan nan
 nan nan nan nan nan nan nan nan nan nan nan nan nan nan nan nan nan nan
 nan nan nan nan nan nan nan nan nan nan nan nan nan nan nan nan nan nan
 nan nan nan nan nan nan nan nan nan nan nan nan nan nan nan nan nan nan
 nan]
2026-03-10 09:43:08,183 - root - ERROR - NaN value detected in oversampled model function.
2026-03-10 09:43:08,185 - root - ERROR - <ParameterSet (values: 17)>
    cont_intercept  =  10600.738221577696
    cont_slope      =  8.838704518360563
    iod_depth       =  1.1107150115133055
    lsf_left_1      =  2.359074440337514
    lsf_left_2      =  -6.778379737911605
    lsf_left_3      =  1.2289392557792915
    lsf_left_4      =  -2.95045263891318
    lsf_left_5      =  1.147077263839908
    lsf_right1      =  2.6128887803039698
    lsf_right2      =  -18.382372443989627
    lsf_right3      =  5.07121708044325
    lsf_right4      =  -3.5438520608815702
    lsf_right5      =  0.7619096538187138
    tem_depth       =  0.9979753690940756
    velocity        =  -25098.03466457522
    wave_intercept  =  5210.561056832111
    wave_slope      =  0.01624392348952108
2026-03-10 09:43:08,186 - root - ERROR - Evaluated LSF:
2026-03-10 09:43:08,187 - root - ERROR - [nan nan nan nan nan nan nan nan nan nan nan nan nan nan nan nan nan nan
 nan nan nan nan nan nan nan nan nan nan nan nan nan nan nan nan nan nan
 nan nan nan nan nan nan nan nan nan nan nan nan nan nan nan nan nan nan
 nan nan nan nan nan nan nan nan nan nan nan nan nan nan nan nan nan nan
 nan]
2026-03-10 09:43:10,703 - root - ERROR - NaN value detected in oversampled model function.
2026-03-10 09:43:10,705 - root - ERROR - <ParameterSet (values: 17)>
    cont_intercept  =  20580.577531561325
    cont_slope      =  -6.384563146157723
    iod_depth       =  0.9752228159398036
    lsf_left_1      =  2.834504977023519
    lsf_left_2      =  -18.84323575082692
    lsf_left_3      =  1.2810775555028262
    lsf_left_4      =  -3.9068823037394993
    lsf_left_5      =  1.1587762373280341
    lsf_right1      =  4.605488680506788
    lsf_right2      =  -18.673247529493846
    lsf_right3      =  9.286951306207637
    lsf_right4      =  -2.636897067363657
    lsf_right5      =  0.35906370878173816
    tem_depth       =  0.9828024244733968
    velocity        =  -25538.108945814798
    wave_intercept  =  5247.492258733495
    wave_slope      =  0.013246715282270057
2026-03-10 09:43:10,706 - root - ERROR - Evaluated LSF:
2026-03-10 09:43:10,707 - root - ERROR - [nan nan nan nan nan nan nan nan nan nan nan nan nan nan nan nan nan nan
 nan nan nan nan nan nan nan nan nan nan nan nan nan nan nan nan nan nan
 nan nan nan nan nan nan nan nan nan nan nan nan nan nan nan nan nan nan
 nan nan nan nan nan nan nan nan nan nan nan nan nan nan nan nan nan nan
 nan]
2026-03-10 09:43:18,004 - root - ERROR - NaN value detected in oversampled model function.
2026-03-10 09:43:18,018 - root - ERROR - <ParameterSet (values: 17)>
    cont_intercept  =  36369.315461075676
    cont_slope      =  -3.8531346213867916
    iod_depth       =  1.1898222366381392
    lsf_left_1      =  2.73339314314847
    lsf_left_2      =  -13.606179385601123
    lsf_left_3      =  1.2207806622377624
    lsf_left_4      =  -1.9792135626236649
    lsf_left_5      =  1.1933039947955633
    lsf_right1      =  2.744014697164629
    lsf_right2      =  -6.450511568012356
    lsf_right3      =  1.4430274177481115
    lsf_right4      =  -2.349238480666224
    lsf_right5      =  1.1818124558180687
    tem_depth       =  1.1092025363196596
    velocity        =  -25704.66996644663
    wave_intercept  =  5320.000990763809
    wave_slope      =  0.015022005638566115
2026-03-10 09:43:18,043 - root - ERROR - Evaluated LSF:
2026-03-10 09:43:18,045 - root - ERROR - [nan nan nan nan nan nan nan nan nan nan nan nan nan nan nan nan nan nan
 nan nan nan nan nan nan nan nan nan nan nan nan nan nan nan nan nan nan
 nan nan nan nan nan nan nan nan nan nan nan nan nan nan nan nan nan nan
 nan nan nan nan nan nan nan nan nan nan nan nan nan nan nan nan nan nan
 nan]
2026-03-10 09:43:18,548 - root - ERROR - NaN value detected in oversampled model function.
2026-03-10 09:43:18,549 - root - ERROR - <ParameterSet (values: 17)>
    cont_intercept  =  22889.66005006348
    cont_slope      =  16.154075751642118
    iod_depth       =  0.9126450494318818
    lsf_left_1      =  2.283326956113983
    lsf_left_2      =  -18.61042851318061
    lsf_left_3      =  1.4100181228215998
    lsf_left_4      =  -3.2716369735229187
    lsf_left_5      =  1.1664522696935873
    lsf_right1      =  13.209226616778102
    lsf_right2      =  -18.332161904443243
    lsf_right3      =  1.238238455487377
    lsf_right4      =  -3.718994110671651
    lsf_right5      =  0.33295099828255104
    tem_depth       =  0.9486780498361663
    velocity        =  -25308.413729917094
    wave_intercept  =  5328.769962017092
    wave_slope      =  0.01420666430270452
2026-03-10 09:43:18,550 - root - ERROR - Evaluated LSF:
2026-03-10 09:43:18,551 - root - ERROR - [nan nan nan nan nan nan nan nan nan nan nan nan nan nan nan nan nan nan
 nan nan nan nan nan nan nan nan nan nan nan nan nan nan nan nan nan nan
 nan nan nan nan nan nan nan nan nan nan nan nan nan nan nan nan nan nan
 nan nan nan nan nan nan nan nan nan nan nan nan nan nan nan nan nan nan
 nan]
2026-03-10 09:43:19,211 - root - ERROR - NaN value detected in oversampled model function.
2026-03-10 09:43:19,212 - root - ERROR - <ParameterSet (values: 17)>
    cont_intercept  =  28051.607810031797
    cont_slope      =  -18.625164018923307
    iod_depth       =  1.0285680123071417
    lsf_left_1      =  3.3254896528100533
    lsf_left_2      =  -15.930331843051185
    lsf_left_3      =  1.5870424538902768
    lsf_left_4      =  -2.5102371042558422
    lsf_left_5      =  0.24367966637890084
    lsf_right1      =  2.284048062584659
    lsf_right2      =  -4.839079421966666
    lsf_right3      =  1.2600019731864907
    lsf_right4      =  -1.6741073124931964
    lsf_right5      =  0.15158766955683123
    tem_depth       =  0.9781063085005719
    velocity        =  -25557.190558547714
    wave_intercept  =  5341.944388110356
    wave_slope      =  0.013222451938884034
2026-03-10 09:43:19,214 - root - ERROR - Evaluated LSF:
2026-03-10 09:43:19,215 - root - ERROR - [nan nan nan nan nan nan nan nan nan nan nan nan nan nan nan nan nan nan
 nan nan nan nan nan nan nan nan nan nan nan nan nan nan nan nan nan nan
 nan nan nan nan nan nan nan nan nan nan nan nan nan nan nan nan nan nan
 nan nan nan nan nan nan nan nan nan nan nan nan nan nan nan nan nan nan
 nan]
2026-03-10 09:43:20,149 - root - ERROR - NaN value detected in oversampled model function.
2026-03-10 09:43:20,150 - root - ERROR - <ParameterSet (values: 17)>
    cont_intercept  =  14329.598161020047
    cont_slope      =  -9.170571797026874
    iod_depth       =  0.9753786984456132
    lsf_left_1      =  2.6442246532190783
    lsf_left_2      =  -11.818438330085904
    lsf_left_3      =  3.0032916621681816
    lsf_left_4      =  -3.6326581221744196
    lsf_left_5      =  1.0911647052329503
    lsf_right1      =  4.475526215629818
    lsf_right2      =  -14.934040557532672
    lsf_right3      =  1.3328304977964958
    lsf_right4      =  -1.1260281351382515
    lsf_right5      =  0.8469986227483361
    tem_depth       =  1.0035825920353105
    velocity        =  -25323.15042791397
    wave_intercept  =  5352.693914651653
    wave_slope      =  0.012390112434068274
2026-03-10 09:43:20,151 - root - ERROR - Evaluated LSF:
2026-03-10 09:43:20,152 - root - ERROR - [nan nan nan nan nan nan nan nan nan nan nan nan nan nan nan nan nan nan
 nan nan nan nan nan nan nan nan nan nan nan nan nan nan nan nan nan nan
 nan nan nan nan nan nan nan nan nan nan nan nan nan nan nan nan nan nan
 nan nan nan nan nan nan nan nan nan nan nan nan nan nan nan nan nan nan
 nan]
2026-03-10 09:43:24,646 - root - ERROR - NaN value detected in oversampled model function.
2026-03-10 09:43:24,647 - root - ERROR - <ParameterSet (values: 17)>
    cont_intercept  =  13630.692793125256
    cont_slope      =  12.912087037194665
    iod_depth       =  0.9298385386287775
    lsf_left_1      =  3.7116934789570113
    lsf_left_2      =  -18.84438592192687
    lsf_left_3      =  4.1802039676175
    lsf_left_4      =  -3.797247647169068
    lsf_left_5      =  0.16050566040209843
    lsf_right1      =  2.313367052915091
    lsf_right2      =  -4.933644035348404
    lsf_right3      =  1.403264392217635
    lsf_right4      =  -3.713146359992512
    lsf_right5      =  0.28446972375406054
    tem_depth       =  1.0032793350978952
    velocity        =  -25091.166617963077
    wave_intercept  =  5390.957996268822
    wave_slope      =  0.017058148016915818
2026-03-10 09:43:24,648 - root - ERROR - Evaluated LSF:
2026-03-10 09:43:24,649 - root - ERROR - [nan nan nan nan nan nan nan nan nan nan nan nan nan nan nan nan nan nan
 nan nan nan nan nan nan nan nan nan nan nan nan nan nan nan nan nan nan
 nan nan nan nan nan nan nan nan nan nan nan nan nan nan nan nan nan nan
 nan nan nan nan nan nan nan nan nan nan nan nan nan nan nan nan nan nan
 nan]
2026-03-10 09:43:29,402 - root - ERROR - NaN value detected in oversampled model function.
2026-03-10 09:43:29,404 - root - ERROR - <ParameterSet (values: 17)>
    cont_intercept  =  16413.382103101438
    cont_slope      =  20.559265068719583
    iod_depth       =  0.9414985548331332
    lsf_left_1      =  6.53774282321243
    lsf_left_2      =  -16.772808107185476
    lsf_left_3      =  5.843990930256561
    lsf_left_4      =  -3.9217409415597317
    lsf_left_5      =  0.3312127585447935
    lsf_right1      =  2.441531758335369
    lsf_right2      =  -16.419624380432634
    lsf_right3      =  1.2796818298777772
    lsf_right4      =  -1.9538768977072931
    lsf_right5      =  0.7648175460628727
    tem_depth       =  0.9420784772463346
    velocity        =  -25985.73050137149
    wave_intercept  =  5439.089734692527
    wave_slope      =  0.017217799532486148
2026-03-10 09:43:29,405 - root - ERROR - Evaluated LSF:
2026-03-10 09:43:29,406 - root - ERROR - [nan nan nan nan nan nan nan nan nan nan nan nan nan nan nan nan nan nan
 nan nan nan nan nan nan nan nan nan nan nan nan nan nan nan nan nan nan
 nan nan nan nan nan nan nan nan nan nan nan nan nan nan nan nan nan nan
 nan nan nan nan nan nan nan nan nan nan nan nan nan nan nan nan nan nan
 nan]
2026-03-10 09:43:33,602 - root - ERROR - NaN value detected in oversampled model function.
2026-03-10 09:43:33,603 - root - ERROR - <ParameterSet (values: 17)>
    cont_intercept  =  15122.502618418539
    cont_slope      =  12.359288809217524
    iod_depth       =  1.0080594122036834
    lsf_left_1      =  5.0036220340658435
    lsf_left_2      =  -15.770461200538218
    lsf_left_3      =  10.11503121672553
    lsf_left_4      =  -3.2217881381169207
    lsf_left_5      =  0.26089605700388374
    lsf_right1      =  5.0294351723003015
    lsf_right2      =  -18.731081647458232
    lsf_right3      =  1.6969580113923546
    lsf_right4      =  -3.917435133857643
    lsf_right5      =  0.5845691488004523
    tem_depth       =  0.8202849268922959
    velocity        =  -24462.186444929674
    wave_intercept  =  5486.070933937746
    wave_slope      =  0.017597734966201237
2026-03-10 09:43:33,604 - root - ERROR - Evaluated LSF:
2026-03-10 09:43:33,605 - root - ERROR - [nan nan nan nan nan nan nan nan nan nan nan nan nan nan nan nan nan nan
 nan nan nan nan nan nan nan nan nan nan nan nan nan nan nan nan nan nan
 nan nan nan nan nan nan nan nan nan nan nan nan nan nan nan nan nan nan
 nan nan nan nan nan nan nan nan nan nan nan nan nan nan nan nan nan nan
 nan]
2026-03-10 09:43:34,582 - root - ERROR - NaN value detected in oversampled model function.
2026-03-10 09:43:34,583 - root - ERROR - <ParameterSet (values: 17)>
    cont_intercept  =  33357.084552324246
    cont_slope      =  17.171096499117073
    iod_depth       =  1.001631955244242
    lsf_left_1      =  8.08939648174156
    lsf_left_2      =  -15.702185471958146
    lsf_left_3      =  4.450620438747023
    lsf_left_4      =  -3.8950803269094223
    lsf_left_5      =  1.1749603146352037
    lsf_right1      =  3.0065005151027346
    lsf_right2      =  -12.69969631995238
    lsf_right3      =  1.3318400876522762
    lsf_right4      =  -3.122266049302437
    lsf_right5      =  0.5790117046461392
    tem_depth       =  0.9910061046382342
    velocity        =  -25207.057174637477
    wave_intercept  =  5502.201502001673
    wave_slope      =  0.016249514086618455
2026-03-10 09:43:34,584 - root - ERROR - Evaluated LSF:
2026-03-10 09:43:34,585 - root - ERROR - [nan nan nan nan nan nan nan nan nan nan nan nan nan nan nan nan nan nan
 nan nan nan nan nan nan nan nan nan nan nan nan nan nan nan nan nan nan
 nan nan nan nan nan nan nan nan nan nan nan nan nan nan nan nan nan nan
 nan nan nan nan nan nan nan nan nan nan nan nan nan nan nan nan nan nan
 nan]
2026-03-10 09:43:38,658 - root - ERROR - NaN value detected in oversampled model function.
2026-03-10 09:43:38,659 - root - ERROR - <ParameterSet (values: 17)>
    cont_intercept  =  33850.996159926864
    cont_slope      =  16.013127622939702
    iod_depth       =  0.9796777050286032
    lsf_left_1      =  5.006866014036208
    lsf_left_2      =  -15.555797836402222
    lsf_left_3      =  5.139241813308293
    lsf_left_4      =  -3.91659552968294
    lsf_left_5      =  0.5372152246893453
    lsf_right1      =  3.30430755238637
    lsf_right2      =  -18.470640888470285
    lsf_right3      =  8.78445353575054
    lsf_right4      =  -3.4171417983896157
    lsf_right5      =  0.4631691542234367
    tem_depth       =  0.6663496550491963
    velocity        =  -24193.952261976534
    wave_intercept  =  5548.2469264940555
    wave_slope      =  0.016740738181312633
2026-03-10 09:43:38,660 - root - ERROR - Evaluated LSF:
2026-03-10 09:43:38,661 - root - ERROR - [nan nan nan nan nan nan nan nan nan nan nan nan nan nan nan nan nan nan
 nan nan nan nan nan nan nan nan nan nan nan nan nan nan nan nan nan nan
 nan nan nan nan nan nan nan nan nan nan nan nan nan nan nan nan nan nan
 nan nan nan nan nan nan nan nan nan nan nan nan nan nan nan nan nan nan
 nan]
2026-03-10 09:43:39,270 - root - ERROR - NaN value detected in oversampled model function.
2026-03-10 09:43:39,274 - root - ERROR - <ParameterSet (values: 17)>
    cont_intercept  =  44387.9138618849
    cont_slope      =  21.91942488919915
    iod_depth       =  1.206912750261892
    lsf_left_1      =  8.507220409377567
    lsf_left_2      =  -17.39301428434589
    lsf_left_3      =  1.5918418102027432
    lsf_left_4      =  -2.9271833795219226
    lsf_left_5      =  0.38833856219509927
    lsf_right1      =  3.130982111866837
    lsf_right2      =  -9.675239543802478
    lsf_right3      =  1.32695680629062
    lsf_right4      =  -3.329767846248483
    lsf_right5      =  0.37659789349919814
    tem_depth       =  1.1211020195312067
    velocity        =  -25681.237881083987
    wave_intercept  =  5561.805855824192
    wave_slope      =  0.015660746768697758
2026-03-10 09:43:39,275 - root - ERROR - Evaluated LSF:
2026-03-10 09:43:39,276 - root - ERROR - [nan nan nan nan nan nan nan nan nan nan nan nan nan nan nan nan nan nan
 nan nan nan nan nan nan nan nan nan nan nan nan nan nan nan nan nan nan
 nan nan nan nan nan nan nan nan nan nan nan nan nan nan nan nan nan nan
 nan nan nan nan nan nan nan nan nan nan nan nan nan nan nan nan nan nan
 nan]
2026-03-10 09:43:41,185 - root - ERROR - NaN value detected in oversampled model function.
2026-03-10 09:43:41,186 - root - ERROR - <ParameterSet (values: 17)>
    cont_intercept  =  17055.799498262066
    cont_slope      =  -13.30858820947577
    iod_depth       =  0.9744438054252489
    lsf_left_1      =  4.127104206625954
    lsf_left_2      =  -12.48807002824274
    lsf_left_3      =  4.139017083035215
    lsf_left_4      =  -1.7752524505978826
    lsf_left_5      =  0.17415046311098614
    lsf_right1      =  4.70233105313777
    lsf_right2      =  -10.44183973553455
    lsf_right3      =  4.918317295774198
    lsf_right4      =  -3.920458143237868
    lsf_right5      =  0.3075708374714624
    tem_depth       =  0.9743060493316948
    velocity        =  -25251.583229217573
    wave_intercept  =  5597.507104482897
    wave_slope      =  0.012816976831658925
2026-03-10 09:43:41,187 - root - ERROR - Evaluated LSF:
2026-03-10 09:43:41,188 - root - ERROR - [nan nan nan nan nan nan nan nan nan nan nan nan nan nan nan nan nan nan
 nan nan nan nan nan nan nan nan nan nan nan nan nan nan nan nan nan nan
 nan nan nan nan nan nan nan nan nan nan nan nan nan nan nan nan nan nan
 nan nan nan nan nan nan nan nan nan nan nan nan nan nan nan nan nan nan
 nan]
2026-03-10 09:43:56,752 - root - ERROR - NaN value detected in oversampled model function.
2026-03-10 09:43:56,754 - root - ERROR - <ParameterSet (values: 17)>
    cont_intercept  =  61714.834496616175
    cont_slope      =  6.274441923073245
    iod_depth       =  1.0228464839905165
    lsf_left_1      =  10.554528142998478
    lsf_left_2      =  -15.487323643938634
    lsf_left_3      =  2.032309867060171
    lsf_left_4      =  -1.0162288810404272
    lsf_left_5      =  0.3120441446435913
    lsf_right1      =  2.3260712877789738
    lsf_right2      =  -18.48658717023476
    lsf_right3      =  2.2092012534497227
    lsf_right4      =  -3.154111831496194
    lsf_right5      =  0.2609690055611329
    tem_depth       =  0.9856574811679966
    velocity        =  -25119.886228165466
    wave_intercept  =  5775.546646555465
    wave_slope      =  0.015930415055747493
2026-03-10 09:43:56,755 - root - ERROR - Evaluated LSF:
2026-03-10 09:43:56,756 - root - ERROR - [nan nan nan nan nan nan nan nan nan nan nan nan nan nan nan nan nan nan
 nan nan nan nan nan nan nan nan nan nan nan nan nan nan nan nan nan nan
 nan nan nan nan nan nan nan nan nan nan nan nan nan nan nan nan nan nan
 nan nan nan nan nan nan nan nan nan nan nan nan nan nan nan nan nan nan
 nan]
2026-03-10 09:43:58,260 - root - ERROR - NaN value detected in oversampled model function.
2026-03-10 09:43:58,262 - root - ERROR - <ParameterSet (values: 17)>
    cont_intercept  =  29733.466340363597
    cont_slope      =  -19.857487640960763
    iod_depth       =  0.9659032074249845
    lsf_left_1      =  3.957169290901186
    lsf_left_2      =  -16.80349771480233
    lsf_left_3      =  2.9033307624919384
    lsf_left_4      =  -3.6883889654913267
    lsf_left_5      =  1.1608465150537863
    lsf_right1      =  4.271044640104721
    lsf_right2      =  -15.267612539129505
    lsf_right3      =  1.2244421421710139
    lsf_right4      =  -0.45683552361285473
    lsf_right5      =  0.18574687201025114
    tem_depth       =  1.00124463172938
    velocity        =  -25559.928679590328
    wave_intercept  =  5803.876603804847
    wave_slope      =  0.013669133009289612
2026-03-10 09:43:58,263 - root - ERROR - Evaluated LSF:
2026-03-10 09:43:58,264 - root - ERROR - [nan nan nan nan nan nan nan nan nan nan nan nan nan nan nan nan nan nan
 nan nan nan nan nan nan nan nan nan nan nan nan nan nan nan nan nan nan
 nan nan nan nan nan nan nan nan nan nan nan nan nan nan nan nan nan nan
 nan nan nan nan nan nan nan nan nan nan nan nan nan nan nan nan nan nan
 nan]
2026-03-10 09:44:06,243 - root - ERROR - NaN value detected in oversampled model function.
2026-03-10 09:44:06,247 - root - ERROR - <ParameterSet (values: 17)>
    cont_intercept  =  58270.576835765045
    cont_slope      =  -22.476607336387517
    iod_depth       =  1.1102248841782825
    lsf_left_1      =  2.745910315034627
    lsf_left_2      =  -17.498179594410185
    lsf_left_3      =  7.615008397456161
    lsf_left_4      =  -3.6090695366621706
    lsf_left_5      =  0.6755640717030911
    lsf_right1      =  7.539371829618718
    lsf_right2      =  -17.64713300416112
    lsf_right3      =  4.016984827939588
    lsf_right4      =  -3.8760531828666944
    lsf_right5      =  1.0805958987078186
    tem_depth       =  1.0075932616242926
    velocity        =  -25333.958636026102
    wave_intercept  =  5899.720976595508
    wave_slope      =  0.015180186745882994
2026-03-10 09:44:06,254 - root - ERROR - Evaluated LSF:
2026-03-10 09:44:06,255 - root - ERROR - [nan nan nan nan nan nan nan nan nan nan nan nan nan nan nan nan nan nan
 nan nan nan nan nan nan nan nan nan nan nan nan nan nan nan nan nan nan
 nan nan nan nan nan nan nan nan nan nan nan nan nan nan nan nan nan nan
 nan nan nan nan nan nan nan nan nan nan nan nan nan nan nan nan nan nan
 nan]
2026-03-10 09:44:15,669 - root - ERROR - NaN value detected in oversampled model function.
2026-03-10 09:44:15,670 - root - ERROR - <ParameterSet (values: 17)>
    cont_intercept  =  49137.84982256882
    cont_slope      =  33.447191072625074
    iod_depth       =  0.9321373094854996
    lsf_left_1      =  3.5510793704947594
    lsf_left_2      =  -18.7817082445016
    lsf_left_3      =  2.255911557002312
    lsf_left_4      =  -1.2185018215998036
    lsf_left_5      =  0.25711310584202224
    lsf_right1      =  8.360428410341136
    lsf_right2      =  -18.843816672060136
    lsf_right3      =  1.332504763855156
    lsf_right4      =  -2.9058064746611736
    lsf_right5      =  0.206240546396122
    tem_depth       =  1.0051659342425718
    velocity        =  -25221.66932595232
    wave_intercept  =  6038.254633459534
    wave_slope      =  0.018546859433064
2026-03-10 09:44:15,671 - root - ERROR - Evaluated LSF:
2026-03-10 09:44:15,672 - root - ERROR - [nan nan nan nan nan nan nan nan nan nan nan nan nan nan nan nan nan nan
 nan nan nan nan nan nan nan nan nan nan nan nan nan nan nan nan nan nan
 nan nan nan nan nan nan nan nan nan nan nan nan nan nan nan nan nan nan
 nan nan nan nan nan nan nan nan nan nan nan nan nan nan nan nan nan nan
 nan]
2026-03-10 09:44:17,414 - root - ERROR - NaN value detected in oversampled model function.
2026-03-10 09:44:17,421 - root - ERROR - <ParameterSet (values: 17)>
    cont_intercept  =  38935.44843664126
    cont_slope      =  -25.4544467077524
    iod_depth       =  0.8128135373662029
    lsf_left_1      =  2.4655652632284966
    lsf_left_2      =  -10.132323770696058
    lsf_left_3      =  5.3880211221644965
    lsf_left_4      =  -3.905666375181875
    lsf_left_5      =  0.8248052945100816
    lsf_right1      =  2.3633574368891357
    lsf_right2      =  -18.424138286294923
    lsf_right3      =  4.847812324726299
    lsf_right4      =  -3.8729314017397716
    lsf_right5      =  1.238703126938824
    tem_depth       =  0.9795059925088757
    velocity        =  -25428.25826037909
    wave_intercept  =  6089.455341385662
    wave_slope      =  0.014520754786615561
2026-03-10 09:44:17,423 - root - ERROR - Evaluated LSF:
2026-03-10 09:44:17,424 - root - ERROR - [nan nan nan nan nan nan nan nan nan nan nan nan nan nan nan nan nan nan
 nan nan nan nan nan nan nan nan nan nan nan nan nan nan nan nan nan nan
 nan nan nan nan nan nan nan nan nan nan nan nan nan nan nan nan nan nan
 nan nan nan nan nan nan nan nan nan nan nan nan nan nan nan nan nan nan
 nan]
2026-03-10 09:44:17,736 - root - ERROR - NaN value detected in oversampled model function.
2026-03-10 09:44:17,738 - root - ERROR - <ParameterSet (values: 17)>
    cont_intercept  =  29127.355165693072
    cont_slope      =  -21.65587400927389
    iod_depth       =  0.834520895226384
    lsf_left_1      =  2.389944616518983
    lsf_left_2      =  -15.689945987832925
    lsf_left_3      =  2.045273862248761
    lsf_left_4      =  -1.3662749259198046
    lsf_left_5      =  0.3496517821783309
    lsf_right1      =  5.328486471376085
    lsf_right2      =  -18.685803676007446
    lsf_right3      =  10.944614656192204
    lsf_right4      =  -3.803102878244794
    lsf_right5      =  0.15477752693089564
    tem_depth       =  0.9785258915032848
    velocity        =  -25310.02161152585
    wave_intercept  =  6096.270784683615
    wave_slope      =  0.013916124220301857
2026-03-10 09:44:17,739 - root - ERROR - Evaluated LSF:
2026-03-10 09:44:17,741 - root - ERROR - [nan nan nan nan nan nan nan nan nan nan nan nan nan nan nan nan nan nan
 nan nan nan nan nan nan nan nan nan nan nan nan nan nan nan nan nan nan
 nan nan nan nan nan nan nan nan nan nan nan nan nan nan nan nan nan nan
 nan nan nan nan nan nan nan nan nan nan nan nan nan nan nan nan nan nan
 nan]
2026-03-10 09:44:18,045 - root - ERROR - NaN value detected in oversampled model function.
2026-03-10 09:44:18,046 - root - ERROR - <ParameterSet (values: 17)>
    cont_intercept  =  17752.890990722128
    cont_slope      =  -16.124911013059425
    iod_depth       =  0.8519047540855755
    lsf_left_1      =  5.696325885280775
    lsf_left_2      =  -15.798529539403045
    lsf_left_3      =  2.7436051742272993
    lsf_left_4      =  -3.6959897666592063
    lsf_left_5      =  0.3307156882903835
    lsf_right1      =  2.2793128287732323
    lsf_right2      =  -14.639578714314808
    lsf_right3      =  1.3808321148466431
    lsf_right4      =  -3.697283395954474
    lsf_right5      =  0.1544770251433254
    tem_depth       =  0.9730225885920816
    velocity        =  -25458.126122969672
    wave_intercept  =  6102.797825756908
    wave_slope      =  0.013398329030631291
2026-03-10 09:44:18,047 - root - ERROR - Evaluated LSF:
2026-03-10 09:44:18,048 - root - ERROR - [nan nan nan nan nan nan nan nan nan nan nan nan nan nan nan nan nan nan
 nan nan nan nan nan nan nan nan nan nan nan nan nan nan nan nan nan nan
 nan nan nan nan nan nan nan nan nan nan nan nan nan nan nan nan nan nan
 nan nan nan nan nan nan nan nan nan nan nan nan nan nan nan nan nan nan
 nan]
2026-03-10 09:44:18,561 - root - ERROR - NaN value detected in oversampled model function.
2026-03-10 09:44:18,562 - root - ERROR - <ParameterSet (values: 17)>
    cont_intercept  =  54592.03482732626
    cont_slope      =  40.565986784236884
    iod_depth       =  0.901507424155256
    lsf_left_1      =  2.742865474005106
    lsf_left_2      =  -9.308323259062343
    lsf_left_3      =  6.878561268410944
    lsf_left_4      =  -2.4401987444615725
    lsf_left_5      =  0.3075812097286926
    lsf_right1      =  2.823661289876149
    lsf_right2      =  -17.314065086189835
    lsf_right3      =  1.6915912793181693
    lsf_right4      =  -0.4358190385446852
    lsf_right5      =  0.43980581848757827
    tem_depth       =  0.9931454064931323
    velocity        =  -25405.968987654578
    wave_intercept  =  6098.637387617165
    wave_slope      =  0.018740302654699528
2026-03-10 09:44:18,563 - root - ERROR - Evaluated LSF:
2026-03-10 09:44:18,564 - root - ERROR - [nan nan nan nan nan nan nan nan nan nan nan nan nan nan nan nan nan nan
 nan nan nan nan nan nan nan nan nan nan nan nan nan nan nan nan nan nan
 nan nan nan nan nan nan nan nan nan nan nan nan nan nan nan nan nan nan
 nan nan nan nan nan nan nan nan nan nan nan nan nan nan nan nan nan nan
 nan]
2026-03-10 09:44:22,656 - root - ERROR - NaN value detected in oversampled model function.
2026-03-10 09:44:22,657 - root - ERROR - <ParameterSet (values: 17)>
    cont_intercept  =  79955.5974968712
    cont_slope      =  17.97912593261197
    iod_depth       =  0.8883651526916794
    lsf_left_1      =  4.068580545291832
    lsf_left_2      =  -14.039366008767814
    lsf_left_3      =  3.73582126527242
    lsf_left_4      =  -3.64951576155437
    lsf_left_5      =  0.5560034704526615
    lsf_right1      =  6.258165073415341
    lsf_right2      =  -17.736976551721344
    lsf_right3      =  5.2027535865494325
    lsf_right4      =  -3.7966195323900327
    lsf_right5      =  0.69108579452453
    tem_depth       =  0.9879581897215677
    velocity        =  -25394.591533873714
    wave_intercept  =  6177.687970689706
    wave_slope      =  0.01756199912301368
2026-03-10 09:44:22,658 - root - ERROR - Evaluated LSF:
2026-03-10 09:44:22,659 - root - ERROR - [nan nan nan nan nan nan nan nan nan nan nan nan nan nan nan nan nan nan
 nan nan nan nan nan nan nan nan nan nan nan nan nan nan nan nan nan nan
 nan nan nan nan nan nan nan nan nan nan nan nan nan nan nan nan nan nan
 nan nan nan nan nan nan nan nan nan nan nan nan nan nan nan nan nan nan
 nan]
2026-03-10 09:44:23,731 - root - ERROR - NaN value detected in oversampled model function.
2026-03-10 09:44:23,733 - root - ERROR - <ParameterSet (values: 17)>
    cont_intercept  =  61536.59936003262
    cont_slope      =  -34.38125473597506
    iod_depth       =  0.9696518139166581
    lsf_left_1      =  7.3999540508849
    lsf_left_2      =  -18.59825177410882
    lsf_left_3      =  2.678553037554951
    lsf_left_4      =  -3.845704251998429
    lsf_left_5      =  0.47312599047003906
    lsf_right1      =  4.164991616023036
    lsf_right2      =  -11.495570629902772
    lsf_right3      =  4.038246513353787
    lsf_right4      =  -2.3975441325416154
    lsf_right5      =  0.8940700044076759
    tem_depth       =  1.0073657061399777
    velocity        =  -25294.32703640483
    wave_intercept  =  6203.408583575142
    wave_slope      =  0.015541789591786277
2026-03-10 09:44:23,734 - root - ERROR - Evaluated LSF:
2026-03-10 09:44:23,735 - root - ERROR - [nan nan nan nan nan nan nan nan nan nan nan nan nan nan nan nan nan nan
 nan nan nan nan nan nan nan nan nan nan nan nan nan nan nan nan nan nan
 nan nan nan nan nan nan nan nan nan nan nan nan nan nan nan nan nan nan
 nan nan nan nan nan nan nan nan nan nan nan nan nan nan nan nan nan nan
 nan]
2026-03-10 09:44:28,616 - root - ERROR - Polynomial fitting failed. Falling back to input values
Traceback (most recent call last):
  File "/Users/jaklusmeyer/SONG/pyodine/pyodine/lib/misc.py", line 529, in fit_polynomial
    pfit, stats = np.polynomial.Polynomial.fit(
  File "/Users/jaklusmeyer/miniconda/envs/pyodine_env/lib/python3.9/site-packages/numpy/polynomial/_polybase.py", line 1036, in fit
    xnew = pu.mapdomain(x, domain, window)
  File "/Users/jaklusmeyer/miniconda/envs/pyodine_env/lib/python3.9/site-packages/numpy/polynomial/polyutils.py", line 371, in mapdomain
    off, scl = mapparms(old, new)
  File "/Users/jaklusmeyer/miniconda/envs/pyodine_env/lib/python3.9/site-packages/numpy/polynomial/polyutils.py", line 303, in mapparms
    off = (old[1]*new[0] - old[0]*new[1])/oldlen
ZeroDivisionError: division by zero
2026-03-10 09:44:28,618 - root - ERROR - Polynomial fitting failed. Falling back to input values
Traceback (most recent call last):
  File "/Users/jaklusmeyer/SONG/pyodine/pyodine/lib/misc.py", line 529, in fit_polynomial
    pfit, stats = np.polynomial.Polynomial.fit(
  File "/Users/jaklusmeyer/miniconda/envs/pyodine_env/lib/python3.9/site-packages/numpy/polynomial/_polybase.py", line 1036, in fit
    xnew = pu.mapdomain(x, domain, window)
  File "/Users/jaklusmeyer/miniconda/envs/pyodine_env/lib/python3.9/site-packages/numpy/polynomial/polyutils.py", line 371, in mapdomain
    off, scl = mapparms(old, new)
  File "/Users/jaklusmeyer/miniconda/envs/pyodine_env/lib/python3.9/site-packages/numpy/polynomial/polyutils.py", line 303, in mapparms
    off = (old[1]*new[0] - old[0]*new[1])/oldlen
ZeroDivisionError: division by zero
2026-03-10 09:44:28,619 - root - ERROR - Polynomial fitting failed. Falling back to input values
Traceback (most recent call last):
  File "/Users/jaklusmeyer/SONG/pyodine/pyodine/lib/misc.py", line 529, in fit_polynomial
    pfit, stats = np.polynomial.Polynomial.fit(
  File "/Users/jaklusmeyer/miniconda/envs/pyodine_env/lib/python3.9/site-packages/numpy/polynomial/_polybase.py", line 1036, in fit
    xnew = pu.mapdomain(x, domain, window)
  File "/Users/jaklusmeyer/miniconda/envs/pyodine_env/lib/python3.9/site-packages/numpy/polynomial/polyutils.py", line 371, in mapdomain
    off, scl = mapparms(old, new)
  File "/Users/jaklusmeyer/miniconda/envs/pyodine_env/lib/python3.9/site-packages/numpy/polynomial/polyutils.py", line 303, in mapparms
    off = (old[1]*new[0] - old[0]*new[1])/oldlen
ZeroDivisionError: division by zero
2026-03-10 09:44:28,621 - root - ERROR - Polynomial fitting failed. Falling back to input values
Traceback (most recent call last):
  File "/Users/jaklusmeyer/SONG/pyodine/pyodine/lib/misc.py", line 529, in fit_polynomial
    pfit, stats = np.polynomial.Polynomial.fit(
  File "/Users/jaklusmeyer/miniconda/envs/pyodine_env/lib/python3.9/site-packages/numpy/polynomial/_polybase.py", line 1036, in fit
    xnew = pu.mapdomain(x, domain, window)
  File "/Users/jaklusmeyer/miniconda/envs/pyodine_env/lib/python3.9/site-packages/numpy/polynomial/polyutils.py", line 371, in mapdomain
    off, scl = mapparms(old, new)
  File "/Users/jaklusmeyer/miniconda/envs/pyodine_env/lib/python3.9/site-packages/numpy/polynomial/polyutils.py", line 303, in mapparms
    off = (old[1]*new[0] - old[0]*new[1])/oldlen
ZeroDivisionError: division by zero
2026-03-10 09:44:28,622 - root - ERROR - Polynomial fitting failed. Falling back to input values
Traceback (most recent call last):
  File "/Users/jaklusmeyer/SONG/pyodine/pyodine/lib/misc.py", line 529, in fit_polynomial
    pfit, stats = np.polynomial.Polynomial.fit(
  File "/Users/jaklusmeyer/miniconda/envs/pyodine_env/lib/python3.9/site-packages/numpy/polynomial/_polybase.py", line 1036, in fit
    xnew = pu.mapdomain(x, domain, window)
  File "/Users/jaklusmeyer/miniconda/envs/pyodine_env/lib/python3.9/site-packages/numpy/polynomial/polyutils.py", line 371, in mapdomain
    off, scl = mapparms(old, new)
  File "/Users/jaklusmeyer/miniconda/envs/pyodine_env/lib/python3.9/site-packages/numpy/polynomial/polyutils.py", line 303, in mapparms
    off = (old[1]*new[0] - old[0]*new[1])/oldlen
ZeroDivisionError: division by zero
2026-03-10 09:44:28,624 - root - ERROR - Polynomial fitting failed. Falling back to input values
Traceback (most recent call last):
  File "/Users/jaklusmeyer/SONG/pyodine/pyodine/lib/misc.py", line 529, in fit_polynomial
    pfit, stats = np.polynomial.Polynomial.fit(
  File "/Users/jaklusmeyer/miniconda/envs/pyodine_env/lib/python3.9/site-packages/numpy/polynomial/_polybase.py", line 1036, in fit
    xnew = pu.mapdomain(x, domain, window)
  File "/Users/jaklusmeyer/miniconda/envs/pyodine_env/lib/python3.9/site-packages/numpy/polynomial/polyutils.py", line 371, in mapdomain
    off, scl = mapparms(old, new)
  File "/Users/jaklusmeyer/miniconda/envs/pyodine_env/lib/python3.9/site-packages/numpy/polynomial/polyutils.py", line 303, in mapparms
    off = (old[1]*new[0] - old[0]*new[1])/oldlen
ZeroDivisionError: division by zero
2026-03-10 09:44:28,625 - root - ERROR - Polynomial fitting failed. Falling back to input values
Traceback (most recent call last):
  File "/Users/jaklusmeyer/SONG/pyodine/pyodine/lib/misc.py", line 529, in fit_polynomial
    pfit, stats = np.polynomial.Polynomial.fit(
  File "/Users/jaklusmeyer/miniconda/envs/pyodine_env/lib/python3.9/site-packages/numpy/polynomial/_polybase.py", line 1036, in fit
    xnew = pu.mapdomain(x, domain, window)
  File "/Users/jaklusmeyer/miniconda/envs/pyodine_env/lib/python3.9/site-packages/numpy/polynomial/polyutils.py", line 371, in mapdomain
    off, scl = mapparms(old, new)
  File "/Users/jaklusmeyer/miniconda/envs/pyodine_env/lib/python3.9/site-packages/numpy/polynomial/polyutils.py", line 303, in mapparms
    off = (old[1]*new[0] - old[0]*new[1])/oldlen
ZeroDivisionError: division by zero
2026-03-10 09:44:28,635 - root - ERROR - Polynomial fitting failed. Falling back to input values
Traceback (most recent call last):
  File "/Users/jaklusmeyer/SONG/pyodine/pyodine/lib/misc.py", line 529, in fit_polynomial
    pfit, stats = np.polynomial.Polynomial.fit(
  File "/Users/jaklusmeyer/miniconda/envs/pyodine_env/lib/python3.9/site-packages/numpy/polynomial/_polybase.py", line 1036, in fit
    xnew = pu.mapdomain(x, domain, window)
  File "/Users/jaklusmeyer/miniconda/envs/pyodine_env/lib/python3.9/site-packages/numpy/polynomial/polyutils.py", line 371, in mapdomain
    off, scl = mapparms(old, new)
  File "/Users/jaklusmeyer/miniconda/envs/pyodine_env/lib/python3.9/site-packages/numpy/polynomial/polyutils.py", line 303, in mapparms
    off = (old[1]*new[0] - old[0]*new[1])/oldlen
ZeroDivisionError: division by zero
2026-03-10 09:44:28,636 - root - ERROR - Polynomial fitting failed. Falling back to input values
Traceback (most recent call last):
  File "/Users/jaklusmeyer/SONG/pyodine/pyodine/lib/misc.py", line 529, in fit_polynomial
    pfit, stats = np.polynomial.Polynomial.fit(
  File "/Users/jaklusmeyer/miniconda/envs/pyodine_env/lib/python3.9/site-packages/numpy/polynomial/_polybase.py", line 1036, in fit
    xnew = pu.mapdomain(x, domain, window)
  File "/Users/jaklusmeyer/miniconda/envs/pyodine_env/lib/python3.9/site-packages/numpy/polynomial/polyutils.py", line 371, in mapdomain
    off, scl = mapparms(old, new)
  File "/Users/jaklusmeyer/miniconda/envs/pyodine_env/lib/python3.9/site-packages/numpy/polynomial/polyutils.py", line 303, in mapparms
    off = (old[1]*new[0] - old[0]*new[1])/oldlen
ZeroDivisionError: division by zero
2026-03-10 09:44:28,638 - root - ERROR - Polynomial fitting failed. Falling back to input values
Traceback (most recent call last):
  File "/Users/jaklusmeyer/SONG/pyodine/pyodine/lib/misc.py", line 529, in fit_polynomial
    pfit, stats = np.polynomial.Polynomial.fit(
  File "/Users/jaklusmeyer/miniconda/envs/pyodine_env/lib/python3.9/site-packages/numpy/polynomial/_polybase.py", line 1036, in fit
    xnew = pu.mapdomain(x, domain, window)
  File "/Users/jaklusmeyer/miniconda/envs/pyodine_env/lib/python3.9/site-packages/numpy/polynomial/polyutils.py", line 371, in mapdomain
    off, scl = mapparms(old, new)
  File "/Users/jaklusmeyer/miniconda/envs/pyodine_env/lib/python3.9/site-packages/numpy/polynomial/polyutils.py", line 303, in mapparms
    off = (old[1]*new[0] - old[0]*new[1])/oldlen
ZeroDivisionError: division by zero
2026-03-10 09:44:28,640 - root - ERROR - Polynomial fitting failed. Falling back to input values
Traceback (most recent call last):
  File "/Users/jaklusmeyer/SONG/pyodine/pyodine/lib/misc.py", line 529, in fit_polynomial
    pfit, stats = np.polynomial.Polynomial.fit(
  File "/Users/jaklusmeyer/miniconda/envs/pyodine_env/lib/python3.9/site-packages/numpy/polynomial/_polybase.py", line 1036, in fit
    xnew = pu.mapdomain(x, domain, window)
  File "/Users/jaklusmeyer/miniconda/envs/pyodine_env/lib/python3.9/site-packages/numpy/polynomial/polyutils.py", line 371, in mapdomain
    off, scl = mapparms(old, new)
  File "/Users/jaklusmeyer/miniconda/envs/pyodine_env/lib/python3.9/site-packages/numpy/polynomial/polyutils.py", line 303, in mapparms
    off = (old[1]*new[0] - old[0]*new[1])/oldlen
ZeroDivisionError: division by zero
2026-03-10 09:44:28,641 - root - ERROR - Polynomial fitting failed. Falling back to input values
Traceback (most recent call last):
  File "/Users/jaklusmeyer/SONG/pyodine/pyodine/lib/misc.py", line 529, in fit_polynomial
    pfit, stats = np.polynomial.Polynomial.fit(
  File "/Users/jaklusmeyer/miniconda/envs/pyodine_env/lib/python3.9/site-packages/numpy/polynomial/_polybase.py", line 1036, in fit
    xnew = pu.mapdomain(x, domain, window)
  File "/Users/jaklusmeyer/miniconda/envs/pyodine_env/lib/python3.9/site-packages/numpy/polynomial/polyutils.py", line 371, in mapdomain
    off, scl = mapparms(old, new)
  File "/Users/jaklusmeyer/miniconda/envs/pyodine_env/lib/python3.9/site-packages/numpy/polynomial/polyutils.py", line 303, in mapparms
    off = (old[1]*new[0] - old[0]*new[1])/oldlen
ZeroDivisionError: division by zero
2026-03-10 09:44:28,643 - root - ERROR - Polynomial fitting failed. Falling back to input values
Traceback (most recent call last):
  File "/Users/jaklusmeyer/SONG/pyodine/pyodine/lib/misc.py", line 529, in fit_polynomial
    pfit, stats = np.polynomial.Polynomial.fit(
  File "/Users/jaklusmeyer/miniconda/envs/pyodine_env/lib/python3.9/site-packages/numpy/polynomial/_polybase.py", line 1036, in fit
    xnew = pu.mapdomain(x, domain, window)
  File "/Users/jaklusmeyer/miniconda/envs/pyodine_env/lib/python3.9/site-packages/numpy/polynomial/polyutils.py", line 371, in mapdomain
    off, scl = mapparms(old, new)
  File "/Users/jaklusmeyer/miniconda/envs/pyodine_env/lib/python3.9/site-packages/numpy/polynomial/polyutils.py", line 303, in mapparms
    off = (old[1]*new[0] - old[0]*new[1])/oldlen
ZeroDivisionError: division by zero
2026-03-10 09:44:28,644 - root - ERROR - Polynomial fitting failed. Falling back to input values
Traceback (most recent call last):
  File "/Users/jaklusmeyer/SONG/pyodine/pyodine/lib/misc.py", line 529, in fit_polynomial
    pfit, stats = np.polynomial.Polynomial.fit(
  File "/Users/jaklusmeyer/miniconda/envs/pyodine_env/lib/python3.9/site-packages/numpy/polynomial/_polybase.py", line 1036, in fit
    xnew = pu.mapdomain(x, domain, window)
  File "/Users/jaklusmeyer/miniconda/envs/pyodine_env/lib/python3.9/site-packages/numpy/polynomial/polyutils.py", line 371, in mapdomain
    off, scl = mapparms(old, new)
  File "/Users/jaklusmeyer/miniconda/envs/pyodine_env/lib/python3.9/site-packages/numpy/polynomial/polyutils.py", line 303, in mapparms
    off = (old[1]*new[0] - old[0]*new[1])/oldlen
ZeroDivisionError: division by zero
2026-03-10 09:44:31,381 - root - ERROR - NaN value detected in iodine function.
2026-03-10 09:44:31,383 - root - ERROR - Chunk could not be plotted
Traceback (most recent call last):
  File "/Users/jaklusmeyer/SONG/pyodine/pyodine/plot_lib.py", line 62, in plot_chunkmodel
    sp = fit_results[chunk_nr].fitted_spectrum
  File "/Users/jaklusmeyer/SONG/pyodine/pyodine/fitters/base.py", line 45, in fitted_spectrum
    return self.model.eval_spectrum(self.chunk, self.params, chunk_ind=self.chunk_ind)
  File "/Users/jaklusmeyer/SONG/pyodine/pyodine/models/base.py", line 79, in eval_spectrum
    flux = self.eval(chunk, params, chunk_ind=chunk_ind, **kwargs)
  File "/Users/jaklusmeyer/SONG/pyodine/pyodine/models/spectrum.py", line 138, in eval
    tck = splrep(tem.wave * doppler, flux_tem, s=0)
  File "/Users/jaklusmeyer/miniconda/envs/pyodine_env/lib/python3.9/site-packages/scipy/interpolate/_fitpack_py.py", line 295, in splrep
    res = _impl.splrep(x, y, w, xb, xe, k, task, s, t, full_output, per, quiet)
  File "/Users/jaklusmeyer/miniconda/envs/pyodine_env/lib/python3.9/site-packages/scipy/interpolate/_fitpack_impl.py", line 276, in splrep
    n, c, fp, ier = dfitpack.curfit(task, x, y, w, t, wrk, iwrk,
dfitpack.error: (xb<=x[0]) failed for 1st keyword xb: curfit:xb=nan
2026-03-10 09:44:31,692 - root - ERROR - NaN value detected in iodine function.
2026-03-10 09:44:31,693 - root - ERROR - Chunk could not be plotted
Traceback (most recent call last):
  File "/Users/jaklusmeyer/SONG/pyodine/pyodine/plot_lib.py", line 62, in plot_chunkmodel
    sp = fit_results[chunk_nr].fitted_spectrum
  File "/Users/jaklusmeyer/SONG/pyodine/pyodine/fitters/base.py", line 45, in fitted_spectrum
    return self.model.eval_spectrum(self.chunk, self.params, chunk_ind=self.chunk_ind)
  File "/Users/jaklusmeyer/SONG/pyodine/pyodine/models/base.py", line 79, in eval_spectrum
    flux = self.eval(chunk, params, chunk_ind=chunk_ind, **kwargs)
  File "/Users/jaklusmeyer/SONG/pyodine/pyodine/models/spectrum.py", line 138, in eval
    tck = splrep(tem.wave * doppler, flux_tem, s=0)
  File "/Users/jaklusmeyer/miniconda/envs/pyodine_env/lib/python3.9/site-packages/scipy/interpolate/_fitpack_py.py", line 295, in splrep
    res = _impl.splrep(x, y, w, xb, xe, k, task, s, t, full_output, per, quiet)
  File "/Users/jaklusmeyer/miniconda/envs/pyodine_env/lib/python3.9/site-packages/scipy/interpolate/_fitpack_impl.py", line 276, in splrep
    n, c, fp, ier = dfitpack.curfit(task, x, y, w, t, wrk, iwrk,
dfitpack.error: (xb<=x[0]) failed for 1st keyword xb: curfit:xb=nan
