2026-03-26 12:07:59,622 - root - ERROR - Chunk 29: No Data! Returning LmfitResult with None.
2026-03-26 12:07:59,656 - root - ERROR - NaN value detected in oversampled model function.
2026-03-26 12:07:59,658 - root - ERROR - <ParameterSet (values: 17)>
    cont_intercept  =  3230.2110969799623
    cont_slope      =  2.064250290347591
    iod_depth       =  0.5246100694863869
    lsf_left_1      =  2.2798509991271
    lsf_left_2      =  -19.196123851575923
    lsf_left_3      =  6.523321342509234
    lsf_left_4      =  -2.6642319806399923
    lsf_left_5      =  0.7623062136532847
    lsf_right1      =  4.912402617409283
    lsf_right2      =  -18.596568850739107
    lsf_right3      =  1.137272693272194
    lsf_right4      =  -2.50391620208728
    lsf_right5      =  0.4073817597351553
    tem_depth       =  0.7160471708890298
    velocity        =  -2141.4676754465927
    wave_intercept  =  5171.417483577786
    wave_slope      =  0.015667386664691314
2026-03-26 12:07:59,659 - root - ERROR - Evaluated LSF:
2026-03-26 12:07:59,660 - root - ERROR - [nan nan nan nan nan nan nan nan nan nan nan nan nan nan nan nan nan nan
 nan nan nan nan nan nan nan nan nan nan nan nan nan nan nan nan nan nan
 nan nan nan nan nan nan nan nan nan nan nan nan nan nan nan nan nan nan
 nan nan nan nan nan nan nan nan nan nan nan nan nan nan nan nan nan nan
 nan]
2026-03-26 12:08:00,008 - root - ERROR - Chunk 32: No Data! Returning LmfitResult with None.
2026-03-26 12:08:01,636 - root - ERROR - NaN value detected in oversampled model function.
2026-03-26 12:08:01,637 - root - ERROR - <ParameterSet (values: 17)>
    cont_intercept  =  5411.895855003663
    cont_slope      =  -0.3324156313908023
    iod_depth       =  0.7557441197436688
    lsf_left_1      =  9.141414578506739
    lsf_left_2      =  -19.39857006846284
    lsf_left_3      =  10.21156832913638
    lsf_left_4      =  -3.956299800236523
    lsf_left_5      =  0.22184126625792727
    lsf_right1      =  2.8524764189834255
    lsf_right2      =  -18.76895798203202
    lsf_right3      =  1.4880688100837818
    lsf_right4      =  -1.5345042815246752
    lsf_right5      =  1.1670721283840595
    tem_depth       =  0.82774540282406
    velocity        =  -2086.7899329138495
    wave_intercept  =  5194.41748534451
    wave_slope      =  0.013958598833382865
2026-03-26 12:08:01,638 - root - ERROR - Evaluated LSF:
2026-03-26 12:08:01,639 - root - ERROR - [nan nan nan nan nan nan nan nan nan nan nan nan nan nan nan nan nan nan
 nan nan nan nan nan nan nan nan nan nan nan nan nan nan nan nan nan nan
 nan nan nan nan nan nan nan nan nan nan nan nan nan nan nan nan nan nan
 nan nan nan nan nan nan nan nan nan nan nan nan nan nan nan nan nan nan
 nan]
2026-03-26 12:08:02,638 - root - ERROR - Chunk 47: No Data! Returning LmfitResult with None.
2026-03-26 12:08:05,328 - root - ERROR - NaN value detected in oversampled model function.
2026-03-26 12:08:05,330 - root - ERROR - <ParameterSet (values: 17)>
    cont_intercept  =  5929.158678136928
    cont_slope      =  5.999777856299307
    iod_depth       =  0.6546333969918923
    lsf_left_1      =  3.2049293711775295
    lsf_left_2      =  -10.787311174314508
    lsf_left_3      =  1.386334127355003
    lsf_left_4      =  -3.7066112440095726
    lsf_left_5      =  0.21134559532783853
    lsf_right1      =  5.075797477056181
    lsf_right2      =  -19.138932516004783
    lsf_right3      =  9.499953665760593
    lsf_right4      =  -3.9579307977280247
    lsf_right5      =  0.795270107056192
    tem_depth       =  0.6787779870621111
    velocity        =  -14109.870178445844
    wave_intercept  =  5231.392217700382
    wave_slope      =  0.014420132402783527
2026-03-26 12:08:05,331 - root - ERROR - Evaluated LSF:
2026-03-26 12:08:05,332 - root - ERROR - [nan nan nan nan nan nan nan nan nan nan nan nan nan nan nan nan nan nan
 nan nan nan nan nan nan nan nan nan nan nan nan nan nan nan nan nan nan
 nan nan nan nan nan nan nan nan nan nan nan nan nan nan nan nan nan nan
 nan nan nan nan nan nan nan nan nan nan nan nan nan nan nan nan nan nan
 nan]
2026-03-26 12:08:07,951 - root - ERROR - NaN value detected in oversampled model function.
2026-03-26 12:08:07,953 - root - ERROR - <ParameterSet (values: 17)>
    cont_intercept  =  3130.958034613826
    cont_slope      =  2.551398387550241
    iod_depth       =  0.4310958643544082
    lsf_left_1      =  5.628290109742829
    lsf_left_2      =  -16.720026981736563
    lsf_left_3      =  4.963793299022928
    lsf_left_4      =  -1.425777330875377
    lsf_left_5      =  0.13719732971610366
    lsf_right1      =  2.572280362260916
    lsf_right2      =  -19.039982568455077
    lsf_right3      =  1.3529240128287332
    lsf_right4      =  -3.447187544602901
    lsf_right5      =  0.1529617282616712
    tem_depth       =  0.7756342298232051
    velocity        =  -2424.3513119401555
    wave_intercept  =  5252.129009744045
    wave_slope      =  0.016576758544150593
2026-03-26 12:08:07,954 - root - ERROR - Evaluated LSF:
2026-03-26 12:08:07,955 - root - ERROR - [nan nan nan nan nan nan nan nan nan nan nan nan nan nan nan nan nan nan
 nan nan nan nan nan nan nan nan nan nan nan nan nan nan nan nan nan nan
 nan nan nan nan nan nan nan nan nan nan nan nan nan nan nan nan nan nan
 nan nan nan nan nan nan nan nan nan nan nan nan nan nan nan nan nan nan
 nan]
2026-03-26 12:08:08,358 - root - ERROR - NaN value detected in oversampled model function.
2026-03-26 12:08:08,360 - root - ERROR - <ParameterSet (values: 17)>
    cont_intercept  =  4180.011799633371
    cont_slope      =  2.3507577169588982
    iod_depth       =  0.61981124905559
    lsf_left_1      =  3.406297409569688
    lsf_left_2      =  -19.398076261286462
    lsf_left_3      =  1.6521622691538957
    lsf_left_4      =  -1.6638529802122641
    lsf_left_5      =  1.1919078922142388
    lsf_right1      =  8.219726863935861
    lsf_right2      =  -15.46379858258172
    lsf_right3      =  8.620347602163754
    lsf_right4      =  -3.314252522258552
    lsf_right5      =  0.3069294324082438
    tem_depth       =  0.5769723937969523
    velocity        =  -1752.46387894601
    wave_intercept  =  5258.507858579172
    wave_slope      =  0.016053967394161043
2026-03-26 12:08:08,361 - root - ERROR - Evaluated LSF:
2026-03-26 12:08:08,362 - root - ERROR - [nan nan nan nan nan nan nan nan nan nan nan nan nan nan nan nan nan nan
 nan nan nan nan nan nan nan nan nan nan nan nan nan nan nan nan nan nan
 nan nan nan nan nan nan nan nan nan nan nan nan nan nan nan nan nan nan
 nan nan nan nan nan nan nan nan nan nan nan nan nan nan nan nan nan nan
 nan]
2026-03-26 12:08:09,830 - root - ERROR - Chunk 87: No Data! Returning LmfitResult with None.
2026-03-26 12:08:10,081 - root - ERROR - NaN value detected in oversampled model function.
2026-03-26 12:08:10,082 - root - ERROR - <ParameterSet (values: 17)>
    cont_intercept  =  6742.102939494643
    cont_slope      =  -8.156773119163184
    iod_depth       =  0.6362025831877222
    lsf_left_1      =  3.985298395786372
    lsf_left_2      =  -19.37843971669202
    lsf_left_3      =  8.516635761089544
    lsf_left_4      =  -3.8134798947591104
    lsf_left_5      =  0.7098458030958216
    lsf_right1      =  8.903887610782126
    lsf_right2      =  -17.96506401954878
    lsf_right3      =  9.273988568226688
    lsf_right4      =  -3.94256258147754
    lsf_right5      =  0.48485460079135206
    tem_depth       =  -0.30993593613338066
    velocity        =  -25057.63925324135
    wave_intercept  =  5280.250269494061
    wave_slope      =  0.014100218749093849
2026-03-26 12:08:10,084 - root - ERROR - Evaluated LSF:
2026-03-26 12:08:10,085 - root - ERROR - [nan nan nan nan nan nan nan nan nan nan nan nan nan nan nan nan nan nan
 nan nan nan nan nan nan nan nan nan nan nan nan nan nan nan nan nan nan
 nan nan nan nan nan nan nan nan nan nan nan nan nan nan nan nan nan nan
 nan nan nan nan nan nan nan nan nan nan nan nan nan nan nan nan nan nan
 nan]
2026-03-26 12:08:12,400 - root - ERROR - NaN value detected in oversampled model function.
2026-03-26 12:08:12,402 - root - ERROR - <ParameterSet (values: 17)>
    cont_intercept  =  5049.077165916154
    cont_slope      =  2.9525987559163087
    iod_depth       =  0.6074141236108568
    lsf_left_1      =  2.215308946156689
    lsf_left_2      =  -12.533466197714565
    lsf_left_3      =  10.233963238481813
    lsf_left_4      =  -3.823280532628988
    lsf_left_5      =  0.15288551821843466
    lsf_right1      =  5.564154522630672
    lsf_right2      =  -18.453116490140648
    lsf_right3      =  1.1443085353051425
    lsf_right4      =  -3.717880612184717
    lsf_right5      =  0.4618760873889069
    tem_depth       =  0.7861252295094335
    velocity        =  -1865.958727454553
    wave_intercept  =  5306.354187787115
    wave_slope      =  0.01605052812376095
2026-03-26 12:08:12,404 - root - ERROR - Evaluated LSF:
2026-03-26 12:08:12,405 - root - ERROR - [nan nan nan nan nan nan nan nan nan nan nan nan nan nan nan nan nan nan
 nan nan nan nan nan nan nan nan nan nan nan nan nan nan nan nan nan nan
 nan nan nan nan nan nan nan nan nan nan nan nan nan nan nan nan nan nan
 nan nan nan nan nan nan nan nan nan nan nan nan nan nan nan nan nan nan
 nan]
2026-03-26 12:08:21,381 - root - ERROR - NaN value detected in oversampled model function.
2026-03-26 12:08:21,384 - root - ERROR - <ParameterSet (values: 17)>
    cont_intercept  =  6442.744641785074
    cont_slope      =  0.36279587071107267
    iod_depth       =  0.6336482559268672
    lsf_left_1      =  2.9773448469610075
    lsf_left_2      =  -16.04743143342708
    lsf_left_3      =  3.0457421260119775
    lsf_left_4      =  -2.787767297870941
    lsf_left_5      =  0.13413676207479433
    lsf_right1      =  2.4173599518134314
    lsf_right2      =  -6.477733533565862
    lsf_right3      =  1.7711955631158744
    lsf_right4      =  -0.7631558527531834
    lsf_right5      =  0.13363372629031117
    tem_depth       =  0.7749572789965707
    velocity        =  -2510.146271548019
    wave_intercept  =  5414.601260823195
    wave_slope      =  0.015218057717673523
2026-03-26 12:08:21,385 - root - ERROR - Evaluated LSF:
2026-03-26 12:08:21,386 - root - ERROR - [nan nan nan nan nan nan nan nan nan nan nan nan nan nan nan nan nan nan
 nan nan nan nan nan nan nan nan nan nan nan nan nan nan nan nan nan nan
 nan nan nan nan nan nan nan nan nan nan nan nan nan nan nan nan nan nan
 nan nan nan nan nan nan nan nan nan nan nan nan nan nan nan nan nan nan
 nan]
2026-03-26 12:08:23,168 - root - ERROR - NaN value detected in oversampled model function.
2026-03-26 12:08:23,169 - root - ERROR - <ParameterSet (values: 17)>
    cont_intercept  =  3157.827276864242
    cont_slope      =  6.187739794028257
    iod_depth       =  0.7567800407954778
    lsf_left_1      =  5.176759956072717
    lsf_left_2      =  -19.383254468406317
    lsf_left_3      =  10.102186253945082
    lsf_left_4      =  -3.903019671056585
    lsf_left_5      =  0.7256293113367268
    lsf_right1      =  4.601556916201784
    lsf_right2      =  -17.119970945040997
    lsf_right3      =  6.918284324995689
    lsf_right4      =  -3.7439269575502965
    lsf_right5      =  0.15525711343186063
    tem_depth       =  -0.3983545564570248
    velocity        =  -13579.724913263803
    wave_intercept  =  5437.486513865458
    wave_slope      =  0.017364834886686678
2026-03-26 12:08:23,170 - root - ERROR - Evaluated LSF:
2026-03-26 12:08:23,171 - root - ERROR - [nan nan nan nan nan nan nan nan nan nan nan nan nan nan nan nan nan nan
 nan nan nan nan nan nan nan nan nan nan nan nan nan nan nan nan nan nan
 nan nan nan nan nan nan nan nan nan nan nan nan nan nan nan nan nan nan
 nan nan nan nan nan nan nan nan nan nan nan nan nan nan nan nan nan nan
 nan]
2026-03-26 12:08:24,554 - root - ERROR - NaN value detected in oversampled model function.
2026-03-26 12:08:24,555 - root - ERROR - <ParameterSet (values: 17)>
    cont_intercept  =  6192.55005457411
    cont_slope      =  1.42052386112463
    iod_depth       =  0.8115445166912045
    lsf_left_1      =  7.620328691764612
    lsf_left_2      =  -17.257228784373112
    lsf_left_3      =  1.3935780022669362
    lsf_left_4      =  -0.9694527421029084
    lsf_left_5      =  0.14662104102618168
    lsf_right1      =  2.501339488911945
    lsf_right2      =  -10.685183225417289
    lsf_right3      =  4.087046200899451
    lsf_right4      =  -3.8359269927275195
    lsf_right5      =  0.26255601022748476
    tem_depth       =  0.16890963578867835
    velocity        =  -10499.313371421282
    wave_intercept  =  5454.799194259214
    wave_slope      =  0.016004782600234125
2026-03-26 12:08:24,557 - root - ERROR - Evaluated LSF:
2026-03-26 12:08:24,558 - root - ERROR - [nan nan nan nan nan nan nan nan nan nan nan nan nan nan nan nan nan nan
 nan nan nan nan nan nan nan nan nan nan nan nan nan nan nan nan nan nan
 nan nan nan nan nan nan nan nan nan nan nan nan nan nan nan nan nan nan
 nan nan nan nan nan nan nan nan nan nan nan nan nan nan nan nan nan nan
 nan]
2026-03-26 12:08:26,681 - root - ERROR - NaN value detected in oversampled model function.
2026-03-26 12:08:26,682 - root - ERROR - <ParameterSet (values: 17)>
    cont_intercept  =  5581.492360129717
    cont_slope      =  -1.3730804850268996
    iod_depth       =  0.6298642644525635
    lsf_left_1      =  3.477929673703672
    lsf_left_2      =  -19.30223459483571
    lsf_left_3      =  2.1941239996998134
    lsf_left_4      =  -0.7295063400427741
    lsf_left_5      =  0.5978307266463587
    lsf_right1      =  4.029537487889447
    lsf_right2      =  -8.572744762038289
    lsf_right3      =  1.3277185498001256
    lsf_right4      =  -3.95802204519393
    lsf_right5      =  0.16684866125158435
    tem_depth       =  0.8136380909128962
    velocity        =  -2298.2640140121116
    wave_intercept  =  5483.703718403181
    wave_slope      =  0.013686633018269287
2026-03-26 12:08:26,683 - root - ERROR - Evaluated LSF:
2026-03-26 12:08:26,684 - root - ERROR - [nan nan nan nan nan nan nan nan nan nan nan nan nan nan nan nan nan nan
 nan nan nan nan nan nan nan nan nan nan nan nan nan nan nan nan nan nan
 nan nan nan nan nan nan nan nan nan nan nan nan nan nan nan nan nan nan
 nan nan nan nan nan nan nan nan nan nan nan nan nan nan nan nan nan nan
 nan]
2026-03-26 12:08:29,401 - root - ERROR - NaN value detected in oversampled model function.
2026-03-26 12:08:29,403 - root - ERROR - <ParameterSet (values: 17)>
    cont_intercept  =  7838.773265979639
    cont_slope      =  1.7879672767305093
    iod_depth       =  0.7823078678710823
    lsf_left_1      =  3.1201223979446353
    lsf_left_2      =  -18.874440190355696
    lsf_left_3      =  4.621469629393593
    lsf_left_4      =  -3.3680247598662945
    lsf_left_5      =  0.13273859285248515
    lsf_right1      =  9.666276329052403
    lsf_right2      =  -19.290625325069843
    lsf_right3      =  1.3479050485198554
    lsf_right4      =  -3.019025056956494
    lsf_right5      =  0.2052985462931521
    tem_depth       =  0.01620482590846606
    velocity        =  -8342.406309956385
    wave_intercept  =  5516.148441966373
    wave_slope      =  0.01515458939140587
2026-03-26 12:08:29,404 - root - ERROR - Evaluated LSF:
2026-03-26 12:08:29,405 - root - ERROR - [nan nan nan nan nan nan nan nan nan nan nan nan nan nan nan nan nan nan
 nan nan nan nan nan nan nan nan nan nan nan nan nan nan nan nan nan nan
 nan nan nan nan nan nan nan nan nan nan nan nan nan nan nan nan nan nan
 nan nan nan nan nan nan nan nan nan nan nan nan nan nan nan nan nan nan
 nan]
2026-03-26 12:08:29,531 - root - ERROR - NaN value detected in oversampled model function.
2026-03-26 12:08:29,532 - root - ERROR - <ParameterSet (values: 17)>
    cont_intercept  =  7851.999291732461
    cont_slope      =  0.09199298139182593
    iod_depth       =  0.7284559114343729
    lsf_left_1      =  2.8764042249228803
    lsf_left_2      =  -18.62797188446732
    lsf_left_3      =  1.991614916525562
    lsf_left_4      =  -1.2993728815545502
    lsf_left_5      =  0.6943486430523732
    lsf_right1      =  3.9449063506463045
    lsf_right2      =  -9.727202133721594
    lsf_right3      =  1.171449779518317
    lsf_right4      =  -3.9559381199230432
    lsf_right5      =  0.1834800045050631
    tem_depth       =  0.9273367503851585
    velocity        =  -2193.9943423491736
    wave_intercept  =  5520.051279589188
    wave_slope      =  0.01485718974091826
2026-03-26 12:08:29,533 - root - ERROR - Evaluated LSF:
2026-03-26 12:08:29,534 - root - ERROR - [nan nan nan nan nan nan nan nan nan nan nan nan nan nan nan nan nan nan
 nan nan nan nan nan nan nan nan nan nan nan nan nan nan nan nan nan nan
 nan nan nan nan nan nan nan nan nan nan nan nan nan nan nan nan nan nan
 nan nan nan nan nan nan nan nan nan nan nan nan nan nan nan nan nan nan
 nan]
2026-03-26 12:08:30,966 - root - ERROR - NaN value detected in oversampled model function.
2026-03-26 12:08:30,967 - root - ERROR - <ParameterSet (values: 17)>
    cont_intercept  =  5897.597397753587
    cont_slope      =  -1.6368436327556204
    iod_depth       =  0.7222270870536837
    lsf_left_1      =  3.1637227946282387
    lsf_left_2      =  -17.474849085543703
    lsf_left_3      =  4.724261765248718
    lsf_left_4      =  -3.9094538071320195
    lsf_left_5      =  1.184288829514727
    lsf_right1      =  5.198861588462105
    lsf_right2      =  -13.35750236158519
    lsf_right3      =  1.853128270269805
    lsf_right4      =  -1.039495099337295
    lsf_right5      =  0.35930019821784925
    tem_depth       =  0.8259172167134284
    velocity        =  -2333.1442528910134
    wave_intercept  =  5533.102015236801
    wave_slope      =  0.013836865576164762
2026-03-26 12:08:30,968 - root - ERROR - Evaluated LSF:
2026-03-26 12:08:30,969 - root - ERROR - [nan nan nan nan nan nan nan nan nan nan nan nan nan nan nan nan nan nan
 nan nan nan nan nan nan nan nan nan nan nan nan nan nan nan nan nan nan
 nan nan nan nan nan nan nan nan nan nan nan nan nan nan nan nan nan nan
 nan nan nan nan nan nan nan nan nan nan nan nan nan nan nan nan nan nan
 nan]
2026-03-26 12:08:30,996 - root - ERROR - NaN value detected in oversampled model function.
2026-03-26 12:08:30,998 - root - ERROR - <ParameterSet (values: 17)>
    cont_intercept  =  5726.180235904142
    cont_slope      =  -1.9516148330595526
    iod_depth       =  0.6643311181619123
    lsf_left_1      =  8.943899579440094
    lsf_left_2      =  -19.07318924094818
    lsf_left_3      =  9.219353653922479
    lsf_left_4      =  -3.5449948016673343
    lsf_left_5      =  0.6712290490266698
    lsf_right1      =  2.1908149696998698
    lsf_right2      =  -9.816250213477224
    lsf_right3      =  6.413231268464498
    lsf_right4      =  -3.9471653021355313
    lsf_right5      =  1.1801929249319305
    tem_depth       =  0.7319229037229721
    velocity        =  -2309.38424700641
    wave_intercept  =  5534.885971696381
    wave_slope      =  0.013732465301106207
2026-03-26 12:08:30,999 - root - ERROR - Evaluated LSF:
2026-03-26 12:08:31,000 - root - ERROR - [nan nan nan nan nan nan nan nan nan nan nan nan nan nan nan nan nan nan
 nan nan nan nan nan nan nan nan nan nan nan nan nan nan nan nan nan nan
 nan nan nan nan nan nan nan nan nan nan nan nan nan nan nan nan nan nan
 nan nan nan nan nan nan nan nan nan nan nan nan nan nan nan nan nan nan
 nan]
2026-03-26 12:08:31,753 - root - ERROR - NaN value detected in oversampled model function.
2026-03-26 12:08:31,755 - root - ERROR - <ParameterSet (values: 17)>
    cont_intercept  =  5466.217950616691
    cont_slope      =  2.6917873146321805
    iod_depth       =  0.670181829212038
    lsf_left_1      =  3.3642230270620406
    lsf_left_2      =  -10.043132332329376
    lsf_left_3      =  1.5843600163894984
    lsf_left_4      =  -3.792686701602928
    lsf_left_5      =  0.4621536431717237
    lsf_right1      =  3.159160788050778
    lsf_right2      =  -19.013580661779702
    lsf_right3      =  2.386382044240352
    lsf_right4      =  -1.2864168581751207
    lsf_right5      =  0.8450410038573888
    tem_depth       =  0.9301225087886682
    velocity        =  -2362.198054545127
    wave_intercept  =  5547.532659285381
    wave_slope      =  0.016784621954098293
2026-03-26 12:08:31,756 - root - ERROR - Evaluated LSF:
2026-03-26 12:08:31,757 - root - ERROR - [nan nan nan nan nan nan nan nan nan nan nan nan nan nan nan nan nan nan
 nan nan nan nan nan nan nan nan nan nan nan nan nan nan nan nan nan nan
 nan nan nan nan nan nan nan nan nan nan nan nan nan nan nan nan nan nan
 nan nan nan nan nan nan nan nan nan nan nan nan nan nan nan nan nan nan
 nan]
2026-03-26 12:08:34,407 - root - ERROR - NaN value detected in oversampled model function.
2026-03-26 12:08:34,409 - root - ERROR - <ParameterSet (values: 17)>
    cont_intercept  =  6993.248746637873
    cont_slope      =  -1.438277653616367
    iod_depth       =  0.7273245754970451
    lsf_left_1      =  4.507118674799681
    lsf_left_2      =  -16.32991611092833
    lsf_left_3      =  1.6749456129142142
    lsf_left_4      =  -1.9468018292576335
    lsf_left_5      =  0.41776217763051465
    lsf_right1      =  5.825213186611245
    lsf_right2      =  -16.886529828440473
    lsf_right3      =  7.6519024721010656
    lsf_right4      =  -3.418719500061318
    lsf_right5      =  0.866242202865645
    tem_depth       =  0.7843292406953881
    velocity        =  -2286.611052354791
    wave_intercept  =  5579.73031811816
    wave_slope      =  0.01423506328169014
2026-03-26 12:08:34,410 - root - ERROR - Evaluated LSF:
2026-03-26 12:08:34,411 - root - ERROR - [nan nan nan nan nan nan nan nan nan nan nan nan nan nan nan nan nan nan
 nan nan nan nan nan nan nan nan nan nan nan nan nan nan nan nan nan nan
 nan nan nan nan nan nan nan nan nan nan nan nan nan nan nan nan nan nan
 nan nan nan nan nan nan nan nan nan nan nan nan nan nan nan nan nan nan
 nan]
2026-03-26 12:08:36,344 - root - ERROR - NaN value detected in oversampled model function.
2026-03-26 12:08:36,346 - root - ERROR - <ParameterSet (values: 17)>
    cont_intercept  =  5894.874370127198
    cont_slope      =  2.918336622168335
    iod_depth       =  0.7296100462493221
    lsf_left_1      =  2.978738635666704
    lsf_left_2      =  -8.88611290167494
    lsf_left_3      =  1.3177978550608014
    lsf_left_4      =  -1.8755237514012535
    lsf_left_5      =  0.16597143388254054
    lsf_right1      =  6.081041377748973
    lsf_right2      =  -14.355991646394013
    lsf_right3      =  1.1557375845575206
    lsf_right4      =  -1.1647260510942528
    lsf_right5      =  0.16853772965481822
    tem_depth       =  0.872861310219897
    velocity        =  -2191.8437635141945
    wave_intercept  =  5602.78626008906
    wave_slope      =  0.016609906252302253
2026-03-26 12:08:36,348 - root - ERROR - Evaluated LSF:
2026-03-26 12:08:36,349 - root - ERROR - [nan nan nan nan nan nan nan nan nan nan nan nan nan nan nan nan nan nan
 nan nan nan nan nan nan nan nan nan nan nan nan nan nan nan nan nan nan
 nan nan nan nan nan nan nan nan nan nan nan nan nan nan nan nan nan nan
 nan nan nan nan nan nan nan nan nan nan nan nan nan nan nan nan nan nan
 nan]
2026-03-26 12:08:36,599 - root - ERROR - NaN value detected in oversampled model function.
2026-03-26 12:08:36,600 - root - ERROR - <ParameterSet (values: 17)>
    cont_intercept  =  7933.1193682997455
    cont_slope      =  3.429526873081171
    iod_depth       =  0.8075286819027488
    lsf_left_1      =  2.370339440898113
    lsf_left_2      =  -9.46000188103512
    lsf_left_3      =  2.0930141019081527
    lsf_left_4      =  -2.8280086698873252
    lsf_left_5      =  1.1044658854244318
    lsf_right1      =  2.2796866768727773
    lsf_right2      =  -15.040962557294474
    lsf_right3      =  2.117961463565363
    lsf_right4      =  -3.9571600232278055
    lsf_right5      =  0.7373233194184224
    tem_depth       =  -0.5902635019633128
    velocity        =  -17762.280527035953
    wave_intercept  =  5609.159968748484
    wave_slope      =  0.01608197240039284
2026-03-26 12:08:36,602 - root - ERROR - Evaluated LSF:
2026-03-26 12:08:36,602 - root - ERROR - [nan nan nan nan nan nan nan nan nan nan nan nan nan nan nan nan nan nan
 nan nan nan nan nan nan nan nan nan nan nan nan nan nan nan nan nan nan
 nan nan nan nan nan nan nan nan nan nan nan nan nan nan nan nan nan nan
 nan nan nan nan nan nan nan nan nan nan nan nan nan nan nan nan nan nan
 nan]
2026-03-26 12:08:36,801 - root - ERROR - NaN value detected in oversampled model function.
2026-03-26 12:08:36,802 - root - ERROR - <ParameterSet (values: 17)>
    cont_intercept  =  7179.390466311797
    cont_slope      =  -0.3787836790007977
    iod_depth       =  0.7136730560291727
    lsf_left_1      =  3.1798616589331608
    lsf_left_2      =  -8.370338423947722
    lsf_left_3      =  2.060576267688788
    lsf_left_4      =  -3.4090536281333215
    lsf_left_5      =  0.19775125025225948
    lsf_right1      =  6.019944427671
    lsf_right2      =  -16.215557629027586
    lsf_right3      =  5.303204270787242
    lsf_right4      =  -2.1334105296764214
    lsf_right5      =  0.7666415255057768
    tem_depth       =  0.8514131276206718
    velocity        =  -2610.662631406459
    wave_intercept  =  5615.328544983388
    wave_slope      =  0.015636333169123936
2026-03-26 12:08:36,804 - root - ERROR - Evaluated LSF:
2026-03-26 12:08:36,805 - root - ERROR - [nan nan nan nan nan nan nan nan nan nan nan nan nan nan nan nan nan nan
 nan nan nan nan nan nan nan nan nan nan nan nan nan nan nan nan nan nan
 nan nan nan nan nan nan nan nan nan nan nan nan nan nan nan nan nan nan
 nan nan nan nan nan nan nan nan nan nan nan nan nan nan nan nan nan nan
 nan]
2026-03-26 12:08:40,071 - root - ERROR - Chunk 286: No Data! Returning LmfitResult with None.
2026-03-26 12:08:42,315 - root - ERROR - NaN value detected in oversampled model function.
2026-03-26 12:08:42,317 - root - ERROR - <ParameterSet (values: 17)>
    cont_intercept  =  6300.609798535495
    cont_slope      =  -2.133300364603325
    iod_depth       =  0.6335247068084096
    lsf_left_1      =  2.3651288793909377
    lsf_left_2      =  -14.057370195684621
    lsf_left_3      =  7.910515839788156
    lsf_left_4      =  -2.9695911411228852
    lsf_left_5      =  0.19353811548650857
    lsf_right1      =  3.1273807979215755
    lsf_right2      =  -5.953764241221997
    lsf_right3      =  1.6495404073629523
    lsf_right4      =  -3.66589010487738
    lsf_right5      =  0.2143692201051613
    tem_depth       =  0.8024449414508312
    velocity        =  -2096.655680573329
    wave_intercept  =  5686.804395219711
    wave_slope      =  0.0142337092657764
2026-03-26 12:08:42,318 - root - ERROR - Evaluated LSF:
2026-03-26 12:08:42,319 - root - ERROR - [nan nan nan nan nan nan nan nan nan nan nan nan nan nan nan nan nan nan
 nan nan nan nan nan nan nan nan nan nan nan nan nan nan nan nan nan nan
 nan nan nan nan nan nan nan nan nan nan nan nan nan nan nan nan nan nan
 nan nan nan nan nan nan nan nan nan nan nan nan nan nan nan nan nan nan
 nan]
2026-03-26 12:08:43,735 - root - ERROR - NaN value detected in oversampled model function.
2026-03-26 12:08:43,737 - root - ERROR - <ParameterSet (values: 17)>
    cont_intercept  =  6652.149016352056
    cont_slope      =  1.2688230449930877
    iod_depth       =  0.8002688808613436
    lsf_left_1      =  8.142399903733454
    lsf_left_2      =  -11.826742486577377
    lsf_left_3      =  1.1389940697074497
    lsf_left_4      =  -2.4276684038461642
    lsf_left_5      =  1.097284444075846
    lsf_right1      =  3.3692559294276934
    lsf_right2      =  -18.86739096813959
    lsf_right3      =  6.316657146401683
    lsf_right4      =  -3.1329186178038846
    lsf_right5      =  0.16799186241286884
    tem_depth       =  0.9062709991965637
    velocity        =  -2390.5868102087084
    wave_intercept  =  5707.507190908589
    wave_slope      =  0.016862083181087402
2026-03-26 12:08:43,739 - root - ERROR - Evaluated LSF:
2026-03-26 12:08:43,740 - root - ERROR - [nan nan nan nan nan nan nan nan nan nan nan nan nan nan nan nan nan nan
 nan nan nan nan nan nan nan nan nan nan nan nan nan nan nan nan nan nan
 nan nan nan nan nan nan nan nan nan nan nan nan nan nan nan nan nan nan
 nan nan nan nan nan nan nan nan nan nan nan nan nan nan nan nan nan nan
 nan]
2026-03-26 12:08:48,130 - root - ERROR - NaN value detected in oversampled model function.
2026-03-26 12:08:48,132 - root - ERROR - <ParameterSet (values: 17)>
    cont_intercept  =  7214.153106717035
    cont_slope      =  2.9983472079977114
    iod_depth       =  0.7987728422935292
    lsf_left_1      =  9.161541611871286
    lsf_left_2      =  -14.616327887036292
    lsf_left_3      =  5.884265594354
    lsf_left_4      =  -3.167687550602932
    lsf_left_5      =  0.956823814118164
    lsf_right1      =  3.280836242151481
    lsf_right2      =  -19.30692765230894
    lsf_right3      =  2.2489096760268934
    lsf_right4      =  -3.821800724846564
    lsf_right5      =  0.21253394854784302
    tem_depth       =  0.9153123560050125
    velocity        =  -2454.7885874051112
    wave_intercept  =  5761.354049645591
    wave_slope      =  0.01702869450364162
2026-03-26 12:08:48,133 - root - ERROR - Evaluated LSF:
2026-03-26 12:08:48,134 - root - ERROR - [nan nan nan nan nan nan nan nan nan nan nan nan nan nan nan nan nan nan
 nan nan nan nan nan nan nan nan nan nan nan nan nan nan nan nan nan nan
 nan nan nan nan nan nan nan nan nan nan nan nan nan nan nan nan nan nan
 nan nan nan nan nan nan nan nan nan nan nan nan nan nan nan nan nan nan
 nan]
2026-03-26 12:08:49,068 - root - ERROR - NaN value detected in oversampled model function.
2026-03-26 12:08:49,069 - root - ERROR - <ParameterSet (values: 17)>
    cont_intercept  =  8971.897609586082
    cont_slope      =  0.8529126709473225
    iod_depth       =  0.7444845187929532
    lsf_left_1      =  4.099217834379644
    lsf_left_2      =  -16.45505733929983
    lsf_left_3      =  8.400983179331426
    lsf_left_4      =  -3.9584655174993006
    lsf_left_5      =  0.6296886169519387
    lsf_right1      =  2.6754124267133106
    lsf_right2      =  -18.6005408035126
    lsf_right3      =  2.554128757852733
    lsf_right4      =  -2.0978581681547412
    lsf_right5      =  1.110191360819613
    tem_depth       =  0.9560221511878123
    velocity        =  -2081.0844035983514
    wave_intercept  =  5772.144937728102
    wave_slope      =  0.016240119498291013
2026-03-26 12:08:49,071 - root - ERROR - Evaluated LSF:
2026-03-26 12:08:49,072 - root - ERROR - [nan nan nan nan nan nan nan nan nan nan nan nan nan nan nan nan nan nan
 nan nan nan nan nan nan nan nan nan nan nan nan nan nan nan nan nan nan
 nan nan nan nan nan nan nan nan nan nan nan nan nan nan nan nan nan nan
 nan nan nan nan nan nan nan nan nan nan nan nan nan nan nan nan nan nan
 nan]
2026-03-26 12:08:50,009 - root - ERROR - Chunk 343: No Data! Returning LmfitResult with None.
2026-03-26 12:08:56,133 - root - ERROR - NaN value detected in oversampled model function.
2026-03-26 12:08:56,136 - root - ERROR - <ParameterSet (values: 17)>
    cont_intercept  =  7693.57721606618
    cont_slope      =  2.926979694603384
    iod_depth       =  0.7423671195875304
    lsf_left_1      =  2.5267425203493517
    lsf_left_2      =  -7.734498627584522
    lsf_left_3      =  4.256836011633582
    lsf_left_4      =  -2.891754052125009
    lsf_left_5      =  1.0612282843026568
    lsf_right1      =  2.126553942290178
    lsf_right2      =  -17.059331603454478
    lsf_right3      =  1.1414983216067178
    lsf_right4      =  -3.8851314124138443
    lsf_right5      =  1.178442925756781
    tem_depth       =  0.2338359374781413
    velocity        =  -8093.65121574418
    wave_intercept  =  5869.886552363093
    wave_slope      =  0.017532872184760934
2026-03-26 12:08:56,137 - root - ERROR - Evaluated LSF:
2026-03-26 12:08:56,138 - root - ERROR - [nan nan nan nan nan nan nan nan nan nan nan nan nan nan nan nan nan nan
 nan nan nan nan nan nan nan nan nan nan nan nan nan nan nan nan nan nan
 nan nan nan nan nan nan nan nan nan nan nan nan nan nan nan nan nan nan
 nan nan nan nan nan nan nan nan nan nan nan nan nan nan nan nan nan nan
 nan]
2026-03-26 12:08:56,345 - root - ERROR - NaN value detected in oversampled model function.
2026-03-26 12:08:56,347 - root - ERROR - <ParameterSet (values: 17)>
    cont_intercept  =  8616.122825582517
    cont_slope      =  0.21007223278852266
    iod_depth       =  0.21082577515945208
    lsf_left_1      =  2.085403611584873
    lsf_left_2      =  -14.576624239746756
    lsf_left_3      =  3.082892458683382
    lsf_left_4      =  -2.2708205802683006
    lsf_left_5      =  0.8980728076547831
    lsf_right1      =  2.532753596950063
    lsf_right2      =  -3.676138103536182
    lsf_right3      =  1.5353477474196642
    lsf_right4      =  -3.932398864810458
    lsf_right5      =  0.5645518874124527
    tem_depth       =  1.3370799237426265
    velocity        =  -1439.3499120910476
    wave_intercept  =  5874.401984913113
    wave_slope      =  0.017281585413435913
2026-03-26 12:08:56,348 - root - ERROR - Evaluated LSF:
2026-03-26 12:08:56,349 - root - ERROR - [nan nan nan nan nan nan nan nan nan nan nan nan nan nan nan nan nan nan
 nan nan nan nan nan nan nan nan nan nan nan nan nan nan nan nan nan nan
 nan nan nan nan nan nan nan nan nan nan nan nan nan nan nan nan nan nan
 nan nan nan nan nan nan nan nan nan nan nan nan nan nan nan nan nan nan
 nan]
2026-03-26 12:08:56,521 - root - ERROR - NaN value detected in oversampled model function.
2026-03-26 12:08:56,545 - root - ERROR - <ParameterSet (values: 17)>
    cont_intercept  =  9348.730869805671
    cont_slope      =  2.178090212972704
    iod_depth       =  0.7501345858187978
    lsf_left_1      =  2.091951628243032
    lsf_left_2      =  -19.068315131914265
    lsf_left_3      =  9.188663895307148
    lsf_left_4      =  -3.930164454510123
    lsf_left_5      =  1.1751881293046795
    lsf_right1      =  6.883485879976573
    lsf_right2      =  -17.40020347317484
    lsf_right3      =  1.1381987488202954
    lsf_right4      =  -1.1112068060315434
    lsf_right5      =  0.6244592563021275
    tem_depth       =  0.9792669618743911
    velocity        =  -2691.824812877545
    wave_intercept  =  5878.846583029011
    wave_slope      =  0.01689565195390261
2026-03-26 12:08:56,553 - root - ERROR - Evaluated LSF:
2026-03-26 12:08:56,555 - root - ERROR - [nan nan nan nan nan nan nan nan nan nan nan nan nan nan nan nan nan nan
 nan nan nan nan nan nan nan nan nan nan nan nan nan nan nan nan nan nan
 nan nan nan nan nan nan nan nan nan nan nan nan nan nan nan nan nan nan
 nan nan nan nan nan nan nan nan nan nan nan nan nan nan nan nan nan nan
 nan]
2026-03-26 12:08:56,601 - root - ERROR - NaN value detected in oversampled model function.
2026-03-26 12:08:56,605 - root - ERROR - <ParameterSet (values: 17)>
    cont_intercept  =  8942.47629852803
    cont_slope      =  0.7210369368648188
    iod_depth       =  0.8255042149558207
    lsf_left_1      =  8.71023807726008
    lsf_left_2      =  -19.200907613036602
    lsf_left_3      =  2.5755464764519047
    lsf_left_4      =  -1.5078722820646222
    lsf_left_5      =  0.7180557504437213
    lsf_right1      =  2.796967062658841
    lsf_right2      =  -11.146397727705892
    lsf_right3      =  7.501794360228082
    lsf_right4      =  -2.8546187072082514
    lsf_right5      =  0.5657946611850428
    tem_depth       =  0.9056724428280551
    velocity        =  -2608.8895487514883
    wave_intercept  =  5880.998392163548
    wave_slope      =  0.01675205364699347
2026-03-26 12:08:56,608 - root - ERROR - Evaluated LSF:
2026-03-26 12:08:56,610 - root - ERROR - [nan nan nan nan nan nan nan nan nan nan nan nan nan nan nan nan nan nan
 nan nan nan nan nan nan nan nan nan nan nan nan nan nan nan nan nan nan
 nan nan nan nan nan nan nan nan nan nan nan nan nan nan nan nan nan nan
 nan nan nan nan nan nan nan nan nan nan nan nan nan nan nan nan nan nan
 nan]
2026-03-26 12:08:57,256 - root - ERROR - NaN value detected in oversampled model function.
2026-03-26 12:08:57,257 - root - ERROR - <ParameterSet (values: 17)>
    cont_intercept  =  6803.005074621467
    cont_slope      =  -0.16054518416361163
    iod_depth       =  0.7644421509491881
    lsf_left_1      =  4.726223216070689
    lsf_left_2      =  -14.066563118733786
    lsf_left_3      =  3.152392240321292
    lsf_left_4      =  -3.955816439094985
    lsf_left_5      =  1.0648030385286826
    lsf_right1      =  4.444943443647679
    lsf_right2      =  -11.981951165850589
    lsf_right3      =  1.1372113664883847
    lsf_right4      =  -1.1019449009246625
    lsf_right5      =  0.590767073655218
    tem_depth       =  0.8369579092700379
    velocity        =  -1874.6729607857872
    wave_intercept  =  5891.583731158457
    wave_slope      =  0.01583737008053272
2026-03-26 12:08:57,259 - root - ERROR - Evaluated LSF:
2026-03-26 12:08:57,260 - root - ERROR - [nan nan nan nan nan nan nan nan nan nan nan nan nan nan nan nan nan nan
 nan nan nan nan nan nan nan nan nan nan nan nan nan nan nan nan nan nan
 nan nan nan nan nan nan nan nan nan nan nan nan nan nan nan nan nan nan
 nan nan nan nan nan nan nan nan nan nan nan nan nan nan nan nan nan nan
 nan]
2026-03-26 12:08:58,181 - root - ERROR - NaN value detected in oversampled model function.
2026-03-26 12:08:58,182 - root - ERROR - <ParameterSet (values: 17)>
    cont_intercept  =  7624.695956269529
    cont_slope      =  -2.2579991519384013
    iod_depth       =  0.7064652481240439
    lsf_left_1      =  3.636986564166585
    lsf_left_2      =  -19.13413703314017
    lsf_left_3      =  7.4195689699426985
    lsf_left_4      =  -3.9475695645881275
    lsf_left_5      =  1.1515505194503137
    lsf_right1      =  2.856362606010134
    lsf_right2      =  -12.97221228319288
    lsf_right3      =  7.97873467955796
    lsf_right4      =  -3.2957563796542204
    lsf_right5      =  0.6209084536890566
    tem_depth       =  0.8826983072903793
    velocity        =  -1965.6508904582508
    wave_intercept  =  5905.5016278671665
    wave_slope      =  0.014901214677211042
2026-03-26 12:08:58,183 - root - ERROR - Evaluated LSF:
2026-03-26 12:08:58,184 - root - ERROR - [nan nan nan nan nan nan nan nan nan nan nan nan nan nan nan nan nan nan
 nan nan nan nan nan nan nan nan nan nan nan nan nan nan nan nan nan nan
 nan nan nan nan nan nan nan nan nan nan nan nan nan nan nan nan nan nan
 nan nan nan nan nan nan nan nan nan nan nan nan nan nan nan nan nan nan
 nan]
2026-03-26 12:09:04,140 - root - ERROR - NaN value detected in oversampled model function.
2026-03-26 12:09:04,141 - root - ERROR - <ParameterSet (values: 17)>
    cont_intercept  =  7385.1408352223025
    cont_slope      =  -2.5334289472126885
    iod_depth       =  0.8763813793857944
    lsf_left_1      =  2.1421942807640235
    lsf_left_2      =  -19.078156597671864
    lsf_left_3      =  9.758442501732507
    lsf_left_4      =  -2.785346543682338
    lsf_left_5      =  0.1599125178051007
    lsf_right1      =  7.200963293627083
    lsf_right2      =  -15.694043877024656
    lsf_right3      =  10.13970440155631
    lsf_right4      =  -3.8039092260687544
    lsf_right5      =  0.8361396198797922
    tem_depth       =  -0.45388912403363646
    velocity        =  -6765.261911806178
    wave_intercept  =  5962.832521334287
    wave_slope      =  0.014888876038052654
2026-03-26 12:09:04,142 - root - ERROR - Evaluated LSF:
2026-03-26 12:09:04,144 - root - ERROR - [nan nan nan nan nan nan nan nan nan nan nan nan nan nan nan nan nan nan
 nan nan nan nan nan nan nan nan nan nan nan nan nan nan nan nan nan nan
 nan nan nan nan nan nan nan nan nan nan nan nan nan nan nan nan nan nan
 nan nan nan nan nan nan nan nan nan nan nan nan nan nan nan nan nan nan
 nan]
2026-03-26 12:09:08,202 - root - ERROR - Chunk 444: No Data! Returning LmfitResult with None.
2026-03-26 12:09:08,852 - root - ERROR - NaN value detected in oversampled model function.
2026-03-26 12:09:08,854 - root - ERROR - <ParameterSet (values: 17)>
    cont_intercept  =  7357.096789852193
    cont_slope      =  -3.1069016587749103
    iod_depth       =  0.29549499430194653
    lsf_left_1      =  4.095383291588891
    lsf_left_2      =  -15.85943887738507
    lsf_left_3      =  10.22951774220726
    lsf_left_4      =  -3.9580791453289326
    lsf_left_5      =  0.6256360058700214
    lsf_right1      =  4.5202014947863125
    lsf_right2      =  -8.919207852425718
    lsf_right3      =  1.4351800560729364
    lsf_right4      =  -0.9142522004420801
    lsf_right5      =  0.39007189660242797
    tem_depth       =  0.8409044074688361
    velocity        =  -2270.444212446707
    wave_intercept  =  6021.286558633775
    wave_slope      =  0.015177792425960668
2026-03-26 12:09:08,855 - root - ERROR - Evaluated LSF:
2026-03-26 12:09:08,857 - root - ERROR - [nan nan nan nan nan nan nan nan nan nan nan nan nan nan nan nan nan nan
 nan nan nan nan nan nan nan nan nan nan nan nan nan nan nan nan nan nan
 nan nan nan nan nan nan nan nan nan nan nan nan nan nan nan nan nan nan
 nan nan nan nan nan nan nan nan nan nan nan nan nan nan nan nan nan nan
 nan]
2026-03-26 12:09:10,027 - root - ERROR - NaN value detected in oversampled model function.
2026-03-26 12:09:10,028 - root - ERROR - <ParameterSet (values: 17)>
    cont_intercept  =  7458.919342775373
    cont_slope      =  3.9446559325687915
    iod_depth       =  0.817800917485368
    lsf_left_1      =  2.084449700526736
    lsf_left_2      =  -18.457975100386832
    lsf_left_3      =  4.044867235915671
    lsf_left_4      =  -0.9134619435796858
    lsf_left_5      =  0.15251025403176402
    lsf_right1      =  7.489861587159452
    lsf_right2      =  -16.2719229359207
    lsf_right3      =  2.054200724332345
    lsf_right4      =  -3.3990822009653536
    lsf_right5      =  0.27127668973636165
    tem_depth       =  1.0147325106516263
    velocity        =  -2778.0001026098316
    wave_intercept  =  6041.884614414431
    wave_slope      =  0.018243598553085705
2026-03-26 12:09:10,030 - root - ERROR - Evaluated LSF:
2026-03-26 12:09:10,030 - root - ERROR - [nan nan nan nan nan nan nan nan nan nan nan nan nan nan nan nan nan nan
 nan nan nan nan nan nan nan nan nan nan nan nan nan nan nan nan nan nan
 nan nan nan nan nan nan nan nan nan nan nan nan nan nan nan nan nan nan
 nan nan nan nan nan nan nan nan nan nan nan nan nan nan nan nan nan nan
 nan]
2026-03-26 12:09:11,900 - root - ERROR - NaN value detected in oversampled model function.
2026-03-26 12:09:11,902 - root - ERROR - <ParameterSet (values: 17)>
    cont_intercept  =  9934.177540295146
    cont_slope      =  1.8633191385061483
    iod_depth       =  1.3829157393549394
    lsf_left_1      =  5.286585781844542
    lsf_left_2      =  -11.308601519206315
    lsf_left_3      =  1.7208879267043078
    lsf_left_4      =  -3.467523377853337
    lsf_left_5      =  1.0203479175737722
    lsf_right1      =  2.62520901691754
    lsf_right2      =  -17.40035874964934
    lsf_right3      =  4.642878040249831
    lsf_right4      =  -1.4221067545849109
    lsf_right5      =  0.5354458615718027
    tem_depth       =  0.16400262230098978
    velocity        =  -13050.900334336966
    wave_intercept  =  6064.479120149824
    wave_slope      =  0.016149065034940832
2026-03-26 12:09:11,903 - root - ERROR - Evaluated LSF:
2026-03-26 12:09:11,904 - root - ERROR - [nan nan nan nan nan nan nan nan nan nan nan nan nan nan nan nan nan nan
 nan nan nan nan nan nan nan nan nan nan nan nan nan nan nan nan nan nan
 nan nan nan nan nan nan nan nan nan nan nan nan nan nan nan nan nan nan
 nan nan nan nan nan nan nan nan nan nan nan nan nan nan nan nan nan nan
 nan]
2026-03-26 12:09:17,876 - root - ERROR - NaN value detected in oversampled model function.
2026-03-26 12:09:17,877 - root - ERROR - <ParameterSet (values: 17)>
    cont_intercept  =  7733.570533370788
    cont_slope      =  -3.198013069406372
    iod_depth       =  0.35996095612090473
    lsf_left_1      =  2.252018376745261
    lsf_left_2      =  -18.298571053207304
    lsf_left_3      =  1.2322962774397441
    lsf_left_4      =  -3.9553714652945646
    lsf_left_5      =  0.13861767873449116
    lsf_right1      =  5.882912835253089
    lsf_right2      =  -16.15276639353226
    lsf_right3      =  10.222789719175262
    lsf_right4      =  -3.1437385444689707
    lsf_right5      =  0.23039549708393553
    tem_depth       =  0.9173838555570278
    velocity        =  671.5644455867381
    wave_intercept  =  6141.7190461295195
    wave_slope      =  0.01654163872568516
2026-03-26 12:09:17,878 - root - ERROR - Evaluated LSF:
2026-03-26 12:09:17,879 - root - ERROR - [nan nan nan nan nan nan nan nan nan nan nan nan nan nan nan nan nan nan
 nan nan nan nan nan nan nan nan nan nan nan nan nan nan nan nan nan nan
 nan nan nan nan nan nan nan nan nan nan nan nan nan nan nan nan nan nan
 nan nan nan nan nan nan nan nan nan nan nan nan nan nan nan nan nan nan
 nan]
2026-03-26 12:09:18,180 - root - ERROR - NaN value detected in oversampled model function.
2026-03-26 12:09:18,182 - root - ERROR - <ParameterSet (values: 17)>
    cont_intercept  =  4998.505063444998
    cont_slope      =  3.940752014062894
    iod_depth       =  0.09426268324290567
    lsf_left_1      =  2.324177891626348
    lsf_left_2      =  -4.929223409903964
    lsf_left_3      =  1.7110910718145749
    lsf_left_4      =  -3.958471020645812
    lsf_left_5      =  0.48367305906502456
    lsf_right1      =  4.581162790806738
    lsf_right2      =  -19.362044354683196
    lsf_right3      =  1.2327503662281587
    lsf_right4      =  -3.3006030218524622
    lsf_right5      =  1.194609930722537
    tem_depth       =  0.8641778959608638
    velocity        =  -2172.9041131483173
    wave_intercept  =  6151.552282098697
    wave_slope      =  0.01948641840672512
2026-03-26 12:09:18,183 - root - ERROR - Evaluated LSF:
2026-03-26 12:09:18,184 - root - ERROR - [nan nan nan nan nan nan nan nan nan nan nan nan nan nan nan nan nan nan
 nan nan nan nan nan nan nan nan nan nan nan nan nan nan nan nan nan nan
 nan nan nan nan nan nan nan nan nan nan nan nan nan nan nan nan nan nan
 nan nan nan nan nan nan nan nan nan nan nan nan nan nan nan nan nan nan
 nan]
2026-03-26 12:09:18,245 - root - ERROR - NaN value detected in oversampled model function.
2026-03-26 12:09:18,246 - root - ERROR - <ParameterSet (values: 17)>
    cont_intercept  =  5600.916230702182
    cont_slope      =  5.016427479820736
    iod_depth       =  0.1857887708086683
    lsf_left_1      =  3.6589540059382815
    lsf_left_2      =  -11.263781338420722
    lsf_left_3      =  9.886790966558351
    lsf_left_4      =  -3.954615559313344
    lsf_left_5      =  0.2061309733299967
    lsf_right1      =  2.8272554275398143
    lsf_right2      =  -14.199030363139304
    lsf_right3      =  3.2642675998616144
    lsf_right4      =  -0.4398334356990188
    lsf_right5      =  0.14218443144587703
    tem_depth       =  0.9767063022622479
    velocity        =  -2203.4063703533766
    wave_intercept  =  6154.072142415546
    wave_slope      =  0.019351119577270592
2026-03-26 12:09:18,248 - root - ERROR - Evaluated LSF:
2026-03-26 12:09:18,249 - root - ERROR - [nan nan nan nan nan nan nan nan nan nan nan nan nan nan nan nan nan nan
 nan nan nan nan nan nan nan nan nan nan nan nan nan nan nan nan nan nan
 nan nan nan nan nan nan nan nan nan nan nan nan nan nan nan nan nan nan
 nan nan nan nan nan nan nan nan nan nan nan nan nan nan nan nan nan nan
 nan]
2026-03-26 12:09:18,269 - root - ERROR - NaN value detected in oversampled model function.
2026-03-26 12:09:18,270 - root - ERROR - <ParameterSet (values: 17)>
    cont_intercept  =  6114.319416024619
    cont_slope      =  4.719615539197275
    iod_depth       =  0.7463602098507812
    lsf_left_1      =  3.7246086938708105
    lsf_left_2      =  -19.398755592979885
    lsf_left_3      =  7.726853667544995
    lsf_left_4      =  -2.694095810551845
    lsf_left_5      =  0.7141476298582783
    lsf_right1      =  4.630287369452024
    lsf_right2      =  -17.793691110453576
    lsf_right3      =  4.085820574900978
    lsf_right4      =  -3.093904691815387
    lsf_right5      =  0.6429438446985403
    tem_depth       =  0.9533450081693946
    velocity        =  -2234.15020527141
    wave_intercept  =  6156.575091917178
    wave_slope      =  0.019225716000089772
2026-03-26 12:09:18,272 - root - ERROR - Evaluated LSF:
2026-03-26 12:09:18,273 - root - ERROR - [nan nan nan nan nan nan nan nan nan nan nan nan nan nan nan nan nan nan
 nan nan nan nan nan nan nan nan nan nan nan nan nan nan nan nan nan nan
 nan nan nan nan nan nan nan nan nan nan nan nan nan nan nan nan nan nan
 nan nan nan nan nan nan nan nan nan nan nan nan nan nan nan nan nan nan
 nan]
2026-03-26 12:09:20,046 - root - ERROR - NaN value detected in oversampled model function.
2026-03-26 12:09:20,047 - root - ERROR - <ParameterSet (values: 17)>
    cont_intercept  =  10203.360126193369
    cont_slope      =  -0.25578682361056587
    iod_depth       =  0.5926374928875374
    lsf_left_1      =  4.377888334839987
    lsf_left_2      =  -17.56753383584417
    lsf_left_3      =  1.4621392233451165
    lsf_left_4      =  -0.6274164826400472
    lsf_left_5      =  0.37473529082600077
    lsf_right1      =  2.1154851507256183
    lsf_right2      =  -10.744948995292201
    lsf_right3      =  4.412666380891782
    lsf_right4      =  -3.861081160413518
    lsf_right5      =  0.610174222920427
    tem_depth       =  1.0160287420892788
    velocity        =  -365.87005915505887
    wave_intercept  =  6184.780099078237
    wave_slope      =  0.016919550388092366
2026-03-26 12:09:20,048 - root - ERROR - Evaluated LSF:
2026-03-26 12:09:20,049 - root - ERROR - [nan nan nan nan nan nan nan nan nan nan nan nan nan nan nan nan nan nan
 nan nan nan nan nan nan nan nan nan nan nan nan nan nan nan nan nan nan
 nan nan nan nan nan nan nan nan nan nan nan nan nan nan nan nan nan nan
 nan nan nan nan nan nan nan nan nan nan nan nan nan nan nan nan nan nan
 nan]
2026-03-26 12:09:20,881 - root - ERROR - Chunk 519: No Data! Returning LmfitResult with None.
2026-03-26 12:09:21,262 - root - ERROR - NaN value detected in oversampled model function.
2026-03-26 12:09:21,263 - root - ERROR - <ParameterSet (values: 17)>
    cont_intercept  =  7782.85799951846
    cont_slope      =  -3.3838945608134354
    iod_depth       =  0.8131829398189852
    lsf_left_1      =  2.1774344065196356
    lsf_left_2      =  -6.528805114597693
    lsf_left_3      =  7.025829827871273
    lsf_left_4      =  -3.897883067692383
    lsf_left_5      =  0.22966544200586697
    lsf_right1      =  2.2952332534567774
    lsf_right2      =  -17.458739684905467
    lsf_right3      =  3.095270793654489
    lsf_right4      =  -2.8522297922540996
    lsf_right5      =  0.16583175621304264
    tem_depth       =  -0.5183010189911275
    velocity        =  -4288.6771988984365
    wave_intercept  =  6203.761584378983
    wave_slope      =  0.015490104687508572
2026-03-26 12:09:21,265 - root - ERROR - Evaluated LSF:
2026-03-26 12:09:21,266 - root - ERROR - [nan nan nan nan nan nan nan nan nan nan nan nan nan nan nan nan nan nan
 nan nan nan nan nan nan nan nan nan nan nan nan nan nan nan nan nan nan
 nan nan nan nan nan nan nan nan nan nan nan nan nan nan nan nan nan nan
 nan nan nan nan nan nan nan nan nan nan nan nan nan nan nan nan nan nan
 nan]
2026-03-26 12:09:21,973 - root - ERROR - NaN value detected in oversampled model function.
2026-03-26 12:09:21,975 - root - ERROR - <ParameterSet (values: 17)>
    cont_intercept  =  6269.98909152641
    cont_slope      =  4.544559083237847
    iod_depth       =  0.5198949535216267
    lsf_left_1      =  2.394955141258991
    lsf_left_2      =  -18.253638391634556
    lsf_left_3      =  5.07757435467411
    lsf_left_4      =  -0.6583970992440924
    lsf_left_5      =  0.13622339875388512
    lsf_right1      =  8.865456617564723
    lsf_right2      =  -17.503014672190965
    lsf_right3      =  1.1707844489516992
    lsf_right4      =  -3.913796878566456
    lsf_right5      =  0.48568383271347015
    tem_depth       =  0.8926037624446084
    velocity        =  -1850.7101886663318
    wave_intercept  =  6219.404001836365
    wave_slope      =  0.01949498780862666
2026-03-26 12:09:21,976 - root - ERROR - Evaluated LSF:
2026-03-26 12:09:21,977 - root - ERROR - [nan nan nan nan nan nan nan nan nan nan nan nan nan nan nan nan nan nan
 nan nan nan nan nan nan nan nan nan nan nan nan nan nan nan nan nan nan
 nan nan nan nan nan nan nan nan nan nan nan nan nan nan nan nan nan nan
 nan nan nan nan nan nan nan nan nan nan nan nan nan nan nan nan nan nan
 nan]
2026-03-26 12:09:22,154 - root - ERROR - Chunk 529: No Data! Returning LmfitResult with None.
2026-03-26 12:09:22,648 - root - ERROR - NaN value detected in oversampled model function.
2026-03-26 12:09:22,650 - root - ERROR - <ParameterSet (values: 17)>
    cont_intercept  =  8162.3104297629825
    cont_slope      =  3.410053527911427
    iod_depth       =  0.4749577377424278
    lsf_left_1      =  6.4343880454251146
    lsf_left_2      =  -17.7208731540044
    lsf_left_3      =  1.7407065758113056
    lsf_left_4      =  -2.9134385267166714
    lsf_left_5      =  0.1391370510193487
    lsf_right1      =  2.0837213759035573
    lsf_right2      =  -8.036987968285523
    lsf_right3      =  1.7069649328845586
    lsf_right4      =  -2.3705107319788783
    lsf_right5      =  0.7665369506863821
    tem_depth       =  0.9367688909874462
    velocity        =  -2749.8556002418136
    wave_intercept  =  6231.661820487423
    wave_slope      =  0.018443620862321104
2026-03-26 12:09:22,651 - root - ERROR - Evaluated LSF:
2026-03-26 12:09:22,652 - root - ERROR - [nan nan nan nan nan nan nan nan nan nan nan nan nan nan nan nan nan nan
 nan nan nan nan nan nan nan nan nan nan nan nan nan nan nan nan nan nan
 nan nan nan nan nan nan nan nan nan nan nan nan nan nan nan nan nan nan
 nan nan nan nan nan nan nan nan nan nan nan nan nan nan nan nan nan nan
 nan]
2026-03-26 12:09:23,216 - root - ERROR - NaN value detected in oversampled model function.
2026-03-26 12:09:23,218 - root - ERROR - <ParameterSet (values: 17)>
    cont_intercept  =  9557.330603611334
    cont_slope      =  0.6901984974235421
    iod_depth       =  0.7113907866819452
    lsf_left_1      =  5.156503811883546
    lsf_left_2      =  -19.39995340702065
    lsf_left_3      =  1.4920145686766273
    lsf_left_4      =  -3.616828847434226
    lsf_left_5      =  1.1847357436892023
    lsf_right1      =  3.2751439870963845
    lsf_right2      =  -9.941196338515367
    lsf_right3      =  7.723047963859632
    lsf_right4      =  -3.8865348444453476
    lsf_right5      =  0.22085102026127246
    tem_depth       =  1.0173299430021603
    velocity        =  -2420.4078637737134
    wave_intercept  =  6241.082538787339
    wave_slope      =  0.017656936117638015
2026-03-26 12:09:23,219 - root - ERROR - Evaluated LSF:
2026-03-26 12:09:23,220 - root - ERROR - [nan nan nan nan nan nan nan nan nan nan nan nan nan nan nan nan nan nan
 nan nan nan nan nan nan nan nan nan nan nan nan nan nan nan nan nan nan
 nan nan nan nan nan nan nan nan nan nan nan nan nan nan nan nan nan nan
 nan nan nan nan nan nan nan nan nan nan nan nan nan nan nan nan nan nan
 nan]
2026-03-26 12:09:24,531 - root - ERROR - NaN value detected in oversampled model function.
2026-03-26 12:09:24,532 - root - ERROR - <ParameterSet (values: 17)>
    cont_intercept  =  8831.955575370468
    cont_slope      =  -1.2959766741764227
    iod_depth       =  0.26909679874675524
    lsf_left_1      =  9.145429239851952
    lsf_left_2      =  -18.77610592191916
    lsf_left_3      =  4.025814067341437
    lsf_left_4      =  -1.754093005256312
    lsf_left_5      =  0.5099898290218928
    lsf_right1      =  7.583398437333051
    lsf_right2      =  -18.804327227781975
    lsf_right3      =  4.8767598739309115
    lsf_right4      =  -2.5637789020018467
    lsf_right5      =  0.2214151678296351
    tem_depth       =  0.8712221202516996
    velocity        =  -3126.600064610084
    wave_intercept  =  6258.741332251503
    wave_slope      =  0.01647970428065446
2026-03-26 12:09:24,534 - root - ERROR - Evaluated LSF:
2026-03-26 12:09:24,535 - root - ERROR - [nan nan nan nan nan nan nan nan nan nan nan nan nan nan nan nan nan nan
 nan nan nan nan nan nan nan nan nan nan nan nan nan nan nan nan nan nan
 nan nan nan nan nan nan nan nan nan nan nan nan nan nan nan nan nan nan
 nan nan nan nan nan nan nan nan nan nan nan nan nan nan nan nan nan nan
 nan]
2026-03-26 12:09:24,571 - root - ERROR - NaN value detected in oversampled model function.
2026-03-26 12:09:24,572 - root - ERROR - <ParameterSet (values: 17)>
    cont_intercept  =  8905.147913663146
    cont_slope      =  -0.701426915339469
    iod_depth       =  0.6304538415913472
    lsf_left_1      =  8.471258819063273
    lsf_left_2      =  -18.878867405162367
    lsf_left_3      =  1.4933915358755687
    lsf_left_4      =  -3.95367399980207
    lsf_left_5      =  0.13288567433996853
    lsf_right1      =  2.3554867826416674
    lsf_right2      =  -14.787370083110654
    lsf_right3      =  8.056061695502658
    lsf_right4      =  -3.8742724992870805
    lsf_right5      =  0.30252850557122557
    tem_depth       =  0.9721676721267154
    velocity        =  -2644.3700743970403
    wave_intercept  =  6260.84478613448
    wave_slope      =  0.0161358315563253
2026-03-26 12:09:24,574 - root - ERROR - Evaluated LSF:
2026-03-26 12:09:24,574 - root - ERROR - [nan nan nan nan nan nan nan nan nan nan nan nan nan nan nan nan nan nan
 nan nan nan nan nan nan nan nan nan nan nan nan nan nan nan nan nan nan
 nan nan nan nan nan nan nan nan nan nan nan nan nan nan nan nan nan nan
 nan nan nan nan nan nan nan nan nan nan nan nan nan nan nan nan nan nan
 nan]
2026-03-26 12:09:25,189 - root - ERROR - Chunk 549: No Data! Returning LmfitResult with None.
2026-03-26 12:09:25,993 - root - ERROR - NaN value detected in oversampled model function.
2026-03-26 12:09:25,994 - root - ERROR - <ParameterSet (values: 17)>
    cont_intercept  =  7505.054860500512
    cont_slope      =  2.961949827718416
    iod_depth       =  0.5654010918010288
    lsf_left_1      =  2.324121645436107
    lsf_left_2      =  -10.320747977288258
    lsf_left_3      =  1.1914151084711142
    lsf_left_4      =  -0.650515771317516
    lsf_left_5      =  0.14337426665719208
    lsf_right1      =  10.270168247850885
    lsf_right2      =  -18.971369263708205
    lsf_right3      =  6.161866033157228
    lsf_right4      =  -3.7843248728135754
    lsf_right5      =  1.1915586624687404
    tem_depth       =  1.0530118419455319
    velocity        =  -2652.085147075657
    wave_intercept  =  6288.552112416066
    wave_slope      =  0.019069605008053284
2026-03-26 12:09:25,995 - root - ERROR - Evaluated LSF:
2026-03-26 12:09:25,996 - root - ERROR - [nan nan nan nan nan nan nan nan nan nan nan nan nan nan nan nan nan nan
 nan nan nan nan nan nan nan nan nan nan nan nan nan nan nan nan nan nan
 nan nan nan nan nan nan nan nan nan nan nan nan nan nan nan nan nan nan
 nan nan nan nan nan nan nan nan nan nan nan nan nan nan nan nan nan nan
 nan]
2026-03-26 12:09:26,294 - root - ERROR - Chunk 557: No Data! Returning LmfitResult with None.
2026-03-26 12:09:26,337 - root - ERROR - NaN value detected in oversampled model function.
2026-03-26 12:09:26,339 - root - ERROR - <ParameterSet (values: 17)>
    cont_intercept  =  8857.519070675047
    cont_slope      =  1.862003291561385
    iod_depth       =  0.5476422662332262
    lsf_left_1      =  2.2022525392622794
    lsf_left_2      =  -19.038971853788
    lsf_left_3      =  10.111619691807576
    lsf_left_4      =  -3.505976537919665
    lsf_left_5      =  0.4753900120455764
    lsf_right1      =  3.0195888593928197
    lsf_right2      =  -12.275478685486288
    lsf_right3      =  2.1210464439722796
    lsf_right4      =  -3.8227779595377913
    lsf_right5      =  0.46370099556907945
    tem_depth       =  0.9645471730742703
    velocity        =  -3100.5143531853396
    wave_intercept  =  6298.356067035197
    wave_slope      =  0.01831068614566844
2026-03-26 12:09:26,340 - root - ERROR - Evaluated LSF:
2026-03-26 12:09:26,341 - root - ERROR - [nan nan nan nan nan nan nan nan nan nan nan nan nan nan nan nan nan nan
 nan nan nan nan nan nan nan nan nan nan nan nan nan nan nan nan nan nan
 nan nan nan nan nan nan nan nan nan nan nan nan nan nan nan nan nan nan
 nan nan nan nan nan nan nan nan nan nan nan nan nan nan nan nan nan nan
 nan]
2026-03-26 12:09:26,784 - root - ERROR - NaN value detected in oversampled model function.
2026-03-26 12:09:26,786 - root - ERROR - <ParameterSet (values: 17)>
    cont_intercept  =  8714.18916970881
    cont_slope      =  0.28529332257982526
    iod_depth       =  0.5252309077896858
    lsf_left_1      =  2.50068599718061
    lsf_left_2      =  -5.617550742800882
    lsf_left_3      =  1.7878609504946281
    lsf_left_4      =  -2.6510077078539136
    lsf_left_5      =  0.899977130411273
    lsf_right1      =  4.01967778333463
    lsf_right2      =  -11.737332053437441
    lsf_right3      =  1.311425488857513
    lsf_right4      =  -1.2659555945153973
    lsf_right5      =  0.6436685134980863
    tem_depth       =  0.9387672891669983
    velocity        =  -223.49685791731503
    wave_intercept  =  6303.092231252425
    wave_slope      =  0.018733478824505677
2026-03-26 12:09:26,787 - root - ERROR - Evaluated LSF:
2026-03-26 12:09:26,788 - root - ERROR - [nan nan nan nan nan nan nan nan nan nan nan nan nan nan nan nan nan nan
 nan nan nan nan nan nan nan nan nan nan nan nan nan nan nan nan nan nan
 nan nan nan nan nan nan nan nan nan nan nan nan nan nan nan nan nan nan
 nan nan nan nan nan nan nan nan nan nan nan nan nan nan nan nan nan nan
 nan]
2026-03-26 12:09:29,037 - root - ERROR - NaN value detected in oversampled model function.
2026-03-26 12:09:29,039 - root - ERROR - <ParameterSet (values: 17)>
    cont_intercept  =  8323.558213545928
    cont_slope      =  -2.529532805526663
    iod_depth       =  0.33416299785655057
    lsf_left_1      =  7.742677557196219
    lsf_left_2      =  -14.17713555577509
    lsf_left_3      =  3.648447574391762
    lsf_left_4      =  -3.438553110337468
    lsf_left_5      =  1.1713583575896536
    lsf_right1      =  4.158424052475631
    lsf_right2      =  -15.350384874016527
    lsf_right3      =  4.85188045628331
    lsf_right4      =  -2.252407825153343
    lsf_right5      =  0.26037655040188146
    tem_depth       =  0.8027135454424946
    velocity        =  -3209.059432404637
    wave_intercept  =  6327.497457056046
    wave_slope      =  0.01565650925829277
2026-03-26 12:09:29,040 - root - ERROR - Evaluated LSF:
2026-03-26 12:09:29,041 - root - ERROR - [nan nan nan nan nan nan nan nan nan nan nan nan nan nan nan nan nan nan
 nan nan nan nan nan nan nan nan nan nan nan nan nan nan nan nan nan nan
 nan nan nan nan nan nan nan nan nan nan nan nan nan nan nan nan nan nan
 nan nan nan nan nan nan nan nan nan nan nan nan nan nan nan nan nan nan
 nan]
2026-03-26 12:09:29,077 - root - ERROR - NaN value detected in oversampled model function.
2026-03-26 12:09:29,078 - root - ERROR - <ParameterSet (values: 17)>
    cont_intercept  =  8148.722606458736
    cont_slope      =  -2.866443352592064
    iod_depth       =  0.6964304823285637
    lsf_left_1      =  2.4784577246992177
    lsf_left_2      =  -14.631692826203542
    lsf_left_3      =  1.2385601288054582
    lsf_left_4      =  -0.4706564111883802
    lsf_left_5      =  0.17881885186360313
    lsf_right1      =  2.8280180070075893
    lsf_right2      =  -18.97669561897343
    lsf_right3      =  5.443358239170781
    lsf_right4      =  -3.8588582619328315
    lsf_right5      =  0.6594882183293428
    tem_depth       =  0.13792455439303908
    velocity        =  -6798.379885011292
    wave_intercept  =  6329.608521141337
    wave_slope      =  0.016028633270961094
2026-03-26 12:09:29,079 - root - ERROR - Evaluated LSF:
2026-03-26 12:09:29,080 - root - ERROR - [nan nan nan nan nan nan nan nan nan nan nan nan nan nan nan nan nan nan
 nan nan nan nan nan nan nan nan nan nan nan nan nan nan nan nan nan nan
 nan nan nan nan nan nan nan nan nan nan nan nan nan nan nan nan nan nan
 nan nan nan nan nan nan nan nan nan nan nan nan nan nan nan nan nan nan
 nan]
2026-03-26 12:09:29,117 - root - ERROR - NaN value detected in oversampled model function.
2026-03-26 12:09:29,119 - root - ERROR - <ParameterSet (values: 17)>
    cont_intercept  =  7504.920907113729
    cont_slope      =  1.3624120876637569
    iod_depth       =  0.4869529420399885
    lsf_left_1      =  2.0826781633662694
    lsf_left_2      =  -18.484083416459036
    lsf_left_3      =  1.2695617363110763
    lsf_left_4      =  -3.1196074938069507
    lsf_left_5      =  0.46404752353950707
    lsf_right1      =  6.878883643308613
    lsf_right2      =  -13.856454414400481
    lsf_right3      =  3.0197828204141652
    lsf_right4      =  -3.922238844174289
    lsf_right5      =  1.092463020088771
    tem_depth       =  -0.2335578504576762
    velocity        =  -10072.221539461978
    wave_intercept  =  6331.651539803762
    wave_slope      =  0.015070617913070346
2026-03-26 12:09:29,120 - root - ERROR - Evaluated LSF:
2026-03-26 12:09:29,122 - root - ERROR - [nan nan nan nan nan nan nan nan nan nan nan nan nan nan nan nan nan nan
 nan nan nan nan nan nan nan nan nan nan nan nan nan nan nan nan nan nan
 nan nan nan nan nan nan nan nan nan nan nan nan nan nan nan nan nan nan
 nan nan nan nan nan nan nan nan nan nan nan nan nan nan nan nan nan nan
 nan]
2026-03-26 12:09:35,819 - root - ERROR - NaN value detected in iodine function.
2026-03-26 12:09:35,821 - root - ERROR - Chunk could not be plotted
Traceback (most recent call last):
  File "/Users/jaklusmeyer/SONG/pyodine/pyodine/plot_lib.py", line 62, in plot_chunkmodel
    sp = fit_results[chunk_nr].fitted_spectrum
  File "/Users/jaklusmeyer/SONG/pyodine/pyodine/fitters/base.py", line 45, in fitted_spectrum
    return self.model.eval_spectrum(self.chunk, self.params, chunk_ind=self.chunk_ind)
  File "/Users/jaklusmeyer/SONG/pyodine/pyodine/models/base.py", line 79, in eval_spectrum
    flux = self.eval(chunk, params, chunk_ind=chunk_ind, **kwargs)
  File "/Users/jaklusmeyer/SONG/pyodine/pyodine/models/spectrum.py", line 138, in eval
    tck = splrep(tem.wave * doppler, flux_tem, s=0)
  File "/Users/jaklusmeyer/miniconda/envs/pyodine_env/lib/python3.9/site-packages/scipy/interpolate/_fitpack_py.py", line 295, in splrep
    res = _impl.splrep(x, y, w, xb, xe, k, task, s, t, full_output, per, quiet)
  File "/Users/jaklusmeyer/miniconda/envs/pyodine_env/lib/python3.9/site-packages/scipy/interpolate/_fitpack_impl.py", line 276, in splrep
    n, c, fp, ier = dfitpack.curfit(task, x, y, w, t, wrk, iwrk,
dfitpack.error: (xb<=x[0]) failed for 1st keyword xb: curfit:xb=nan
2026-03-26 12:56:49,377 - root - ERROR - Chunk 29: No Data! Returning LmfitResult with None.
2026-03-26 12:56:49,411 - root - ERROR - NaN value detected in oversampled model function.
2026-03-26 12:56:49,413 - root - ERROR - <ParameterSet (values: 17)>
    cont_intercept  =  3230.2110969799623
    cont_slope      =  2.064250290347591
    iod_depth       =  0.5246100694863869
    lsf_left_1      =  2.2798509991271
    lsf_left_2      =  -19.196123851575923
    lsf_left_3      =  6.523321342509234
    lsf_left_4      =  -2.6642319806399923
    lsf_left_5      =  0.7623062136532847
    lsf_right1      =  4.912402617409283
    lsf_right2      =  -18.596568850739107
    lsf_right3      =  1.137272693272194
    lsf_right4      =  -2.50391620208728
    lsf_right5      =  0.4073817597351553
    tem_depth       =  0.7160471708890298
    velocity        =  -2141.4676754465927
    wave_intercept  =  5171.417483577786
    wave_slope      =  0.015667386664691314
2026-03-26 12:56:49,414 - root - ERROR - Evaluated LSF:
2026-03-26 12:56:49,415 - root - ERROR - [nan nan nan nan nan nan nan nan nan nan nan nan nan nan nan nan nan nan
 nan nan nan nan nan nan nan nan nan nan nan nan nan nan nan nan nan nan
 nan nan nan nan nan nan nan nan nan nan nan nan nan nan nan nan nan nan
 nan nan nan nan nan nan nan nan nan nan nan nan nan nan nan nan nan nan
 nan]
2026-03-26 12:56:49,777 - root - ERROR - Chunk 32: No Data! Returning LmfitResult with None.
2026-03-26 12:56:51,434 - root - ERROR - NaN value detected in oversampled model function.
2026-03-26 12:56:51,436 - root - ERROR - <ParameterSet (values: 17)>
    cont_intercept  =  5411.895855003663
    cont_slope      =  -0.3324156313908023
    iod_depth       =  0.7557441197436688
    lsf_left_1      =  9.141414578506739
    lsf_left_2      =  -19.39857006846284
    lsf_left_3      =  10.21156832913638
    lsf_left_4      =  -3.956299800236523
    lsf_left_5      =  0.22184126625792727
    lsf_right1      =  2.8524764189834255
    lsf_right2      =  -18.76895798203202
    lsf_right3      =  1.4880688100837818
    lsf_right4      =  -1.5345042815246752
    lsf_right5      =  1.1670721283840595
    tem_depth       =  0.82774540282406
    velocity        =  -2086.7899329138495
    wave_intercept  =  5194.41748534451
    wave_slope      =  0.013958598833382865
2026-03-26 12:56:51,437 - root - ERROR - Evaluated LSF:
2026-03-26 12:56:51,438 - root - ERROR - [nan nan nan nan nan nan nan nan nan nan nan nan nan nan nan nan nan nan
 nan nan nan nan nan nan nan nan nan nan nan nan nan nan nan nan nan nan
 nan nan nan nan nan nan nan nan nan nan nan nan nan nan nan nan nan nan
 nan nan nan nan nan nan nan nan nan nan nan nan nan nan nan nan nan nan
 nan]
2026-03-26 12:56:52,395 - root - ERROR - Chunk 47: No Data! Returning LmfitResult with None.
2026-03-26 12:56:55,086 - root - ERROR - NaN value detected in oversampled model function.
2026-03-26 12:56:55,088 - root - ERROR - <ParameterSet (values: 17)>
    cont_intercept  =  5929.158678136928
    cont_slope      =  5.999777856299307
    iod_depth       =  0.6546333969918923
    lsf_left_1      =  3.2049293711775295
    lsf_left_2      =  -10.787311174314508
    lsf_left_3      =  1.386334127355003
    lsf_left_4      =  -3.7066112440095726
    lsf_left_5      =  0.21134559532783853
    lsf_right1      =  5.075797477056181
    lsf_right2      =  -19.138932516004783
    lsf_right3      =  9.499953665760593
    lsf_right4      =  -3.9579307977280247
    lsf_right5      =  0.795270107056192
    tem_depth       =  0.6787779870621111
    velocity        =  -14109.870178445844
    wave_intercept  =  5231.392217700382
    wave_slope      =  0.014420132402783527
2026-03-26 12:56:55,089 - root - ERROR - Evaluated LSF:
2026-03-26 12:56:55,090 - root - ERROR - [nan nan nan nan nan nan nan nan nan nan nan nan nan nan nan nan nan nan
 nan nan nan nan nan nan nan nan nan nan nan nan nan nan nan nan nan nan
 nan nan nan nan nan nan nan nan nan nan nan nan nan nan nan nan nan nan
 nan nan nan nan nan nan nan nan nan nan nan nan nan nan nan nan nan nan
 nan]
2026-03-26 12:56:57,774 - root - ERROR - NaN value detected in oversampled model function.
2026-03-26 12:56:57,776 - root - ERROR - <ParameterSet (values: 17)>
    cont_intercept  =  3130.958034613826
    cont_slope      =  2.551398387550241
    iod_depth       =  0.4310958643544082
    lsf_left_1      =  5.628290109742829
    lsf_left_2      =  -16.720026981736563
    lsf_left_3      =  4.963793299022928
    lsf_left_4      =  -1.425777330875377
    lsf_left_5      =  0.13719732971610366
    lsf_right1      =  2.572280362260916
    lsf_right2      =  -19.039982568455077
    lsf_right3      =  1.3529240128287332
    lsf_right4      =  -3.447187544602901
    lsf_right5      =  0.1529617282616712
    tem_depth       =  0.7756342298232051
    velocity        =  -2424.3513119401555
    wave_intercept  =  5252.129009744045
    wave_slope      =  0.016576758544150593
2026-03-26 12:56:57,777 - root - ERROR - Evaluated LSF:
2026-03-26 12:56:57,779 - root - ERROR - [nan nan nan nan nan nan nan nan nan nan nan nan nan nan nan nan nan nan
 nan nan nan nan nan nan nan nan nan nan nan nan nan nan nan nan nan nan
 nan nan nan nan nan nan nan nan nan nan nan nan nan nan nan nan nan nan
 nan nan nan nan nan nan nan nan nan nan nan nan nan nan nan nan nan nan
 nan]
2026-03-26 12:56:58,183 - root - ERROR - NaN value detected in oversampled model function.
2026-03-26 12:56:58,185 - root - ERROR - <ParameterSet (values: 17)>
    cont_intercept  =  4180.011799633371
    cont_slope      =  2.3507577169588982
    iod_depth       =  0.61981124905559
    lsf_left_1      =  3.406297409569688
    lsf_left_2      =  -19.398076261286462
    lsf_left_3      =  1.6521622691538957
    lsf_left_4      =  -1.6638529802122641
    lsf_left_5      =  1.1919078922142388
    lsf_right1      =  8.219726863935861
    lsf_right2      =  -15.46379858258172
    lsf_right3      =  8.620347602163754
    lsf_right4      =  -3.314252522258552
    lsf_right5      =  0.3069294324082438
    tem_depth       =  0.5769723937969523
    velocity        =  -1752.46387894601
    wave_intercept  =  5258.507858579172
    wave_slope      =  0.016053967394161043
2026-03-26 12:56:58,186 - root - ERROR - Evaluated LSF:
2026-03-26 12:56:58,188 - root - ERROR - [nan nan nan nan nan nan nan nan nan nan nan nan nan nan nan nan nan nan
 nan nan nan nan nan nan nan nan nan nan nan nan nan nan nan nan nan nan
 nan nan nan nan nan nan nan nan nan nan nan nan nan nan nan nan nan nan
 nan nan nan nan nan nan nan nan nan nan nan nan nan nan nan nan nan nan
 nan]
2026-03-26 12:56:59,743 - root - ERROR - Chunk 87: No Data! Returning LmfitResult with None.
2026-03-26 12:56:59,997 - root - ERROR - NaN value detected in oversampled model function.
2026-03-26 12:56:59,998 - root - ERROR - <ParameterSet (values: 17)>
    cont_intercept  =  6742.102939494643
    cont_slope      =  -8.156773119163184
    iod_depth       =  0.6362025831877222
    lsf_left_1      =  3.985298395786372
    lsf_left_2      =  -19.37843971669202
    lsf_left_3      =  8.516635761089544
    lsf_left_4      =  -3.8134798947591104
    lsf_left_5      =  0.7098458030958216
    lsf_right1      =  8.903887610782126
    lsf_right2      =  -17.96506401954878
    lsf_right3      =  9.273988568226688
    lsf_right4      =  -3.94256258147754
    lsf_right5      =  0.48485460079135206
    tem_depth       =  -0.30993593613338066
    velocity        =  -25057.63925324135
    wave_intercept  =  5280.250269494061
    wave_slope      =  0.014100218749093849
2026-03-26 12:57:00,000 - root - ERROR - Evaluated LSF:
2026-03-26 12:57:00,001 - root - ERROR - [nan nan nan nan nan nan nan nan nan nan nan nan nan nan nan nan nan nan
 nan nan nan nan nan nan nan nan nan nan nan nan nan nan nan nan nan nan
 nan nan nan nan nan nan nan nan nan nan nan nan nan nan nan nan nan nan
 nan nan nan nan nan nan nan nan nan nan nan nan nan nan nan nan nan nan
 nan]
2026-03-26 12:57:02,327 - root - ERROR - NaN value detected in oversampled model function.
2026-03-26 12:57:02,328 - root - ERROR - <ParameterSet (values: 17)>
    cont_intercept  =  5049.077165916154
    cont_slope      =  2.9525987559163087
    iod_depth       =  0.6074141236108568
    lsf_left_1      =  2.215308946156689
    lsf_left_2      =  -12.533466197714565
    lsf_left_3      =  10.233963238481813
    lsf_left_4      =  -3.823280532628988
    lsf_left_5      =  0.15288551821843466
    lsf_right1      =  5.564154522630672
    lsf_right2      =  -18.453116490140648
    lsf_right3      =  1.1443085353051425
    lsf_right4      =  -3.717880612184717
    lsf_right5      =  0.4618760873889069
    tem_depth       =  0.7861252295094335
    velocity        =  -1865.958727454553
    wave_intercept  =  5306.354187787115
    wave_slope      =  0.01605052812376095
2026-03-26 12:57:02,329 - root - ERROR - Evaluated LSF:
2026-03-26 12:57:02,330 - root - ERROR - [nan nan nan nan nan nan nan nan nan nan nan nan nan nan nan nan nan nan
 nan nan nan nan nan nan nan nan nan nan nan nan nan nan nan nan nan nan
 nan nan nan nan nan nan nan nan nan nan nan nan nan nan nan nan nan nan
 nan nan nan nan nan nan nan nan nan nan nan nan nan nan nan nan nan nan
 nan]
2026-03-26 12:57:11,246 - root - ERROR - NaN value detected in oversampled model function.
2026-03-26 12:57:11,248 - root - ERROR - <ParameterSet (values: 17)>
    cont_intercept  =  6442.744641785074
    cont_slope      =  0.36279587071107267
    iod_depth       =  0.6336482559268672
    lsf_left_1      =  2.9773448469610075
    lsf_left_2      =  -16.04743143342708
    lsf_left_3      =  3.0457421260119775
    lsf_left_4      =  -2.787767297870941
    lsf_left_5      =  0.13413676207479433
    lsf_right1      =  2.4173599518134314
    lsf_right2      =  -6.477733533565862
    lsf_right3      =  1.7711955631158744
    lsf_right4      =  -0.7631558527531834
    lsf_right5      =  0.13363372629031117
    tem_depth       =  0.7749572789965707
    velocity        =  -2510.146271548019
    wave_intercept  =  5414.601260823195
    wave_slope      =  0.015218057717673523
2026-03-26 12:57:11,249 - root - ERROR - Evaluated LSF:
2026-03-26 12:57:11,250 - root - ERROR - [nan nan nan nan nan nan nan nan nan nan nan nan nan nan nan nan nan nan
 nan nan nan nan nan nan nan nan nan nan nan nan nan nan nan nan nan nan
 nan nan nan nan nan nan nan nan nan nan nan nan nan nan nan nan nan nan
 nan nan nan nan nan nan nan nan nan nan nan nan nan nan nan nan nan nan
 nan]
2026-03-26 12:57:13,020 - root - ERROR - NaN value detected in oversampled model function.
2026-03-26 12:57:13,021 - root - ERROR - <ParameterSet (values: 17)>
    cont_intercept  =  3157.827276864242
    cont_slope      =  6.187739794028257
    iod_depth       =  0.7567800407954778
    lsf_left_1      =  5.176759956072717
    lsf_left_2      =  -19.383254468406317
    lsf_left_3      =  10.102186253945082
    lsf_left_4      =  -3.903019671056585
    lsf_left_5      =  0.7256293113367268
    lsf_right1      =  4.601556916201784
    lsf_right2      =  -17.119970945040997
    lsf_right3      =  6.918284324995689
    lsf_right4      =  -3.7439269575502965
    lsf_right5      =  0.15525711343186063
    tem_depth       =  -0.3983545564570248
    velocity        =  -13579.724913263803
    wave_intercept  =  5437.486513865458
    wave_slope      =  0.017364834886686678
2026-03-26 12:57:13,023 - root - ERROR - Evaluated LSF:
2026-03-26 12:57:13,024 - root - ERROR - [nan nan nan nan nan nan nan nan nan nan nan nan nan nan nan nan nan nan
 nan nan nan nan nan nan nan nan nan nan nan nan nan nan nan nan nan nan
 nan nan nan nan nan nan nan nan nan nan nan nan nan nan nan nan nan nan
 nan nan nan nan nan nan nan nan nan nan nan nan nan nan nan nan nan nan
 nan]
2026-03-26 12:57:14,347 - root - ERROR - NaN value detected in oversampled model function.
2026-03-26 12:57:14,349 - root - ERROR - <ParameterSet (values: 17)>
    cont_intercept  =  6192.55005457411
    cont_slope      =  1.42052386112463
    iod_depth       =  0.8115445166912045
    lsf_left_1      =  7.620328691764612
    lsf_left_2      =  -17.257228784373112
    lsf_left_3      =  1.3935780022669362
    lsf_left_4      =  -0.9694527421029084
    lsf_left_5      =  0.14662104102618168
    lsf_right1      =  2.501339488911945
    lsf_right2      =  -10.685183225417289
    lsf_right3      =  4.087046200899451
    lsf_right4      =  -3.8359269927275195
    lsf_right5      =  0.26255601022748476
    tem_depth       =  0.16890963578867835
    velocity        =  -10499.313371421282
    wave_intercept  =  5454.799194259214
    wave_slope      =  0.016004782600234125
2026-03-26 12:57:14,350 - root - ERROR - Evaluated LSF:
2026-03-26 12:57:14,351 - root - ERROR - [nan nan nan nan nan nan nan nan nan nan nan nan nan nan nan nan nan nan
 nan nan nan nan nan nan nan nan nan nan nan nan nan nan nan nan nan nan
 nan nan nan nan nan nan nan nan nan nan nan nan nan nan nan nan nan nan
 nan nan nan nan nan nan nan nan nan nan nan nan nan nan nan nan nan nan
 nan]
2026-03-26 12:57:16,948 - root - ERROR - NaN value detected in oversampled model function.
2026-03-26 12:57:16,950 - root - ERROR - <ParameterSet (values: 17)>
    cont_intercept  =  5581.492360129717
    cont_slope      =  -1.3730804850268996
    iod_depth       =  0.6298642644525635
    lsf_left_1      =  3.477929673703672
    lsf_left_2      =  -19.30223459483571
    lsf_left_3      =  2.1941239996998134
    lsf_left_4      =  -0.7295063400427741
    lsf_left_5      =  0.5978307266463587
    lsf_right1      =  4.029537487889447
    lsf_right2      =  -8.572744762038289
    lsf_right3      =  1.3277185498001256
    lsf_right4      =  -3.95802204519393
    lsf_right5      =  0.16684866125158435
    tem_depth       =  0.8136380909128962
    velocity        =  -2298.2640140121116
    wave_intercept  =  5483.703718403181
    wave_slope      =  0.013686633018269287
2026-03-26 12:57:16,951 - root - ERROR - Evaluated LSF:
2026-03-26 12:57:16,952 - root - ERROR - [nan nan nan nan nan nan nan nan nan nan nan nan nan nan nan nan nan nan
 nan nan nan nan nan nan nan nan nan nan nan nan nan nan nan nan nan nan
 nan nan nan nan nan nan nan nan nan nan nan nan nan nan nan nan nan nan
 nan nan nan nan nan nan nan nan nan nan nan nan nan nan nan nan nan nan
 nan]
2026-03-26 12:57:19,680 - root - ERROR - NaN value detected in oversampled model function.
2026-03-26 12:57:19,682 - root - ERROR - <ParameterSet (values: 17)>
    cont_intercept  =  7838.773265979639
    cont_slope      =  1.7879672767305093
    iod_depth       =  0.7823078678710823
    lsf_left_1      =  3.1201223979446353
    lsf_left_2      =  -18.874440190355696
    lsf_left_3      =  4.621469629393593
    lsf_left_4      =  -3.3680247598662945
    lsf_left_5      =  0.13273859285248515
    lsf_right1      =  9.666276329052403
    lsf_right2      =  -19.290625325069843
    lsf_right3      =  1.3479050485198554
    lsf_right4      =  -3.019025056956494
    lsf_right5      =  0.2052985462931521
    tem_depth       =  0.01620482590846606
    velocity        =  -8342.406309956385
    wave_intercept  =  5516.148441966373
    wave_slope      =  0.01515458939140587
2026-03-26 12:57:19,683 - root - ERROR - Evaluated LSF:
2026-03-26 12:57:19,685 - root - ERROR - [nan nan nan nan nan nan nan nan nan nan nan nan nan nan nan nan nan nan
 nan nan nan nan nan nan nan nan nan nan nan nan nan nan nan nan nan nan
 nan nan nan nan nan nan nan nan nan nan nan nan nan nan nan nan nan nan
 nan nan nan nan nan nan nan nan nan nan nan nan nan nan nan nan nan nan
 nan]
2026-03-26 12:57:19,810 - root - ERROR - NaN value detected in oversampled model function.
2026-03-26 12:57:19,811 - root - ERROR - <ParameterSet (values: 17)>
    cont_intercept  =  7851.999291732461
    cont_slope      =  0.09199298139182593
    iod_depth       =  0.7284559114343729
    lsf_left_1      =  2.8764042249228803
    lsf_left_2      =  -18.62797188446732
    lsf_left_3      =  1.991614916525562
    lsf_left_4      =  -1.2993728815545502
    lsf_left_5      =  0.6943486430523732
    lsf_right1      =  3.9449063506463045
    lsf_right2      =  -9.727202133721594
    lsf_right3      =  1.171449779518317
    lsf_right4      =  -3.9559381199230432
    lsf_right5      =  0.1834800045050631
    tem_depth       =  0.9273367503851585
    velocity        =  -2193.9943423491736
    wave_intercept  =  5520.051279589188
    wave_slope      =  0.01485718974091826
2026-03-26 12:57:19,813 - root - ERROR - Evaluated LSF:
2026-03-26 12:57:19,814 - root - ERROR - [nan nan nan nan nan nan nan nan nan nan nan nan nan nan nan nan nan nan
 nan nan nan nan nan nan nan nan nan nan nan nan nan nan nan nan nan nan
 nan nan nan nan nan nan nan nan nan nan nan nan nan nan nan nan nan nan
 nan nan nan nan nan nan nan nan nan nan nan nan nan nan nan nan nan nan
 nan]
2026-03-26 12:57:21,214 - root - ERROR - NaN value detected in oversampled model function.
2026-03-26 12:57:21,216 - root - ERROR - <ParameterSet (values: 17)>
    cont_intercept  =  5897.597397753587
    cont_slope      =  -1.6368436327556204
    iod_depth       =  0.7222270870536837
    lsf_left_1      =  3.1637227946282387
    lsf_left_2      =  -17.474849085543703
    lsf_left_3      =  4.724261765248718
    lsf_left_4      =  -3.9094538071320195
    lsf_left_5      =  1.184288829514727
    lsf_right1      =  5.198861588462105
    lsf_right2      =  -13.35750236158519
    lsf_right3      =  1.853128270269805
    lsf_right4      =  -1.039495099337295
    lsf_right5      =  0.35930019821784925
    tem_depth       =  0.8259172167134284
    velocity        =  -2333.1442528910134
    wave_intercept  =  5533.102015236801
    wave_slope      =  0.013836865576164762
2026-03-26 12:57:21,217 - root - ERROR - Evaluated LSF:
2026-03-26 12:57:21,218 - root - ERROR - [nan nan nan nan nan nan nan nan nan nan nan nan nan nan nan nan nan nan
 nan nan nan nan nan nan nan nan nan nan nan nan nan nan nan nan nan nan
 nan nan nan nan nan nan nan nan nan nan nan nan nan nan nan nan nan nan
 nan nan nan nan nan nan nan nan nan nan nan nan nan nan nan nan nan nan
 nan]
2026-03-26 12:57:21,245 - root - ERROR - NaN value detected in oversampled model function.
2026-03-26 12:57:21,246 - root - ERROR - <ParameterSet (values: 17)>
    cont_intercept  =  5726.180235904142
    cont_slope      =  -1.9516148330595526
    iod_depth       =  0.6643311181619123
    lsf_left_1      =  8.943899579440094
    lsf_left_2      =  -19.07318924094818
    lsf_left_3      =  9.219353653922479
    lsf_left_4      =  -3.5449948016673343
    lsf_left_5      =  0.6712290490266698
    lsf_right1      =  2.1908149696998698
    lsf_right2      =  -9.816250213477224
    lsf_right3      =  6.413231268464498
    lsf_right4      =  -3.9471653021355313
    lsf_right5      =  1.1801929249319305
    tem_depth       =  0.7319229037229721
    velocity        =  -2309.38424700641
    wave_intercept  =  5534.885971696381
    wave_slope      =  0.013732465301106207
2026-03-26 12:57:21,248 - root - ERROR - Evaluated LSF:
2026-03-26 12:57:21,249 - root - ERROR - [nan nan nan nan nan nan nan nan nan nan nan nan nan nan nan nan nan nan
 nan nan nan nan nan nan nan nan nan nan nan nan nan nan nan nan nan nan
 nan nan nan nan nan nan nan nan nan nan nan nan nan nan nan nan nan nan
 nan nan nan nan nan nan nan nan nan nan nan nan nan nan nan nan nan nan
 nan]
2026-03-26 12:57:22,018 - root - ERROR - NaN value detected in oversampled model function.
2026-03-26 12:57:22,020 - root - ERROR - <ParameterSet (values: 17)>
    cont_intercept  =  5466.217950616691
    cont_slope      =  2.6917873146321805
    iod_depth       =  0.670181829212038
    lsf_left_1      =  3.3642230270620406
    lsf_left_2      =  -10.043132332329376
    lsf_left_3      =  1.5843600163894984
    lsf_left_4      =  -3.792686701602928
    lsf_left_5      =  0.4621536431717237
    lsf_right1      =  3.159160788050778
    lsf_right2      =  -19.013580661779702
    lsf_right3      =  2.386382044240352
    lsf_right4      =  -1.2864168581751207
    lsf_right5      =  0.8450410038573888
    tem_depth       =  0.9301225087886682
    velocity        =  -2362.198054545127
    wave_intercept  =  5547.532659285381
    wave_slope      =  0.016784621954098293
2026-03-26 12:57:22,021 - root - ERROR - Evaluated LSF:
2026-03-26 12:57:22,022 - root - ERROR - [nan nan nan nan nan nan nan nan nan nan nan nan nan nan nan nan nan nan
 nan nan nan nan nan nan nan nan nan nan nan nan nan nan nan nan nan nan
 nan nan nan nan nan nan nan nan nan nan nan nan nan nan nan nan nan nan
 nan nan nan nan nan nan nan nan nan nan nan nan nan nan nan nan nan nan
 nan]
2026-03-26 12:57:24,700 - root - ERROR - NaN value detected in oversampled model function.
2026-03-26 12:57:24,702 - root - ERROR - <ParameterSet (values: 17)>
    cont_intercept  =  6993.248746637873
    cont_slope      =  -1.438277653616367
    iod_depth       =  0.7273245754970451
    lsf_left_1      =  4.507118674799681
    lsf_left_2      =  -16.32991611092833
    lsf_left_3      =  1.6749456129142142
    lsf_left_4      =  -1.9468018292576335
    lsf_left_5      =  0.41776217763051465
    lsf_right1      =  5.825213186611245
    lsf_right2      =  -16.886529828440473
    lsf_right3      =  7.6519024721010656
    lsf_right4      =  -3.418719500061318
    lsf_right5      =  0.866242202865645
    tem_depth       =  0.7843292406953881
    velocity        =  -2286.611052354791
    wave_intercept  =  5579.73031811816
    wave_slope      =  0.01423506328169014
2026-03-26 12:57:24,704 - root - ERROR - Evaluated LSF:
2026-03-26 12:57:24,705 - root - ERROR - [nan nan nan nan nan nan nan nan nan nan nan nan nan nan nan nan nan nan
 nan nan nan nan nan nan nan nan nan nan nan nan nan nan nan nan nan nan
 nan nan nan nan nan nan nan nan nan nan nan nan nan nan nan nan nan nan
 nan nan nan nan nan nan nan nan nan nan nan nan nan nan nan nan nan nan
 nan]
2026-03-26 12:57:26,423 - root - ERROR - NaN value detected in oversampled model function.
2026-03-26 12:57:26,425 - root - ERROR - <ParameterSet (values: 17)>
    cont_intercept  =  5894.874370127198
    cont_slope      =  2.918336622168335
    iod_depth       =  0.7296100462493221
    lsf_left_1      =  2.978738635666704
    lsf_left_2      =  -8.88611290167494
    lsf_left_3      =  1.3177978550608014
    lsf_left_4      =  -1.8755237514012535
    lsf_left_5      =  0.16597143388254054
    lsf_right1      =  6.081041377748973
    lsf_right2      =  -14.355991646394013
    lsf_right3      =  1.1557375845575206
    lsf_right4      =  -1.1647260510942528
    lsf_right5      =  0.16853772965481822
    tem_depth       =  0.872861310219897
    velocity        =  -2191.8437635141945
    wave_intercept  =  5602.78626008906
    wave_slope      =  0.016609906252302253
2026-03-26 12:57:26,426 - root - ERROR - Evaluated LSF:
2026-03-26 12:57:26,427 - root - ERROR - [nan nan nan nan nan nan nan nan nan nan nan nan nan nan nan nan nan nan
 nan nan nan nan nan nan nan nan nan nan nan nan nan nan nan nan nan nan
 nan nan nan nan nan nan nan nan nan nan nan nan nan nan nan nan nan nan
 nan nan nan nan nan nan nan nan nan nan nan nan nan nan nan nan nan nan
 nan]
2026-03-26 12:57:26,662 - root - ERROR - NaN value detected in oversampled model function.
2026-03-26 12:57:26,663 - root - ERROR - <ParameterSet (values: 17)>
    cont_intercept  =  7933.1193682997455
    cont_slope      =  3.429526873081171
    iod_depth       =  0.8075286819027488
    lsf_left_1      =  2.370339440898113
    lsf_left_2      =  -9.46000188103512
    lsf_left_3      =  2.0930141019081527
    lsf_left_4      =  -2.8280086698873252
    lsf_left_5      =  1.1044658854244318
    lsf_right1      =  2.2796866768727773
    lsf_right2      =  -15.040962557294474
    lsf_right3      =  2.117961463565363
    lsf_right4      =  -3.9571600232278055
    lsf_right5      =  0.7373233194184224
    tem_depth       =  -0.5902635019633128
    velocity        =  -17762.280527035953
    wave_intercept  =  5609.159968748484
    wave_slope      =  0.01608197240039284
2026-03-26 12:57:26,664 - root - ERROR - Evaluated LSF:
2026-03-26 12:57:26,665 - root - ERROR - [nan nan nan nan nan nan nan nan nan nan nan nan nan nan nan nan nan nan
 nan nan nan nan nan nan nan nan nan nan nan nan nan nan nan nan nan nan
 nan nan nan nan nan nan nan nan nan nan nan nan nan nan nan nan nan nan
 nan nan nan nan nan nan nan nan nan nan nan nan nan nan nan nan nan nan
 nan]
2026-03-26 12:57:26,886 - root - ERROR - NaN value detected in oversampled model function.
2026-03-26 12:57:26,893 - root - ERROR - <ParameterSet (values: 17)>
    cont_intercept  =  7179.390466311797
    cont_slope      =  -0.3787836790007977
    iod_depth       =  0.7136730560291727
    lsf_left_1      =  3.1798616589331608
    lsf_left_2      =  -8.370338423947722
    lsf_left_3      =  2.060576267688788
    lsf_left_4      =  -3.4090536281333215
    lsf_left_5      =  0.19775125025225948
    lsf_right1      =  6.019944427671
    lsf_right2      =  -16.215557629027586
    lsf_right3      =  5.303204270787242
    lsf_right4      =  -2.1334105296764214
    lsf_right5      =  0.7666415255057768
    tem_depth       =  0.8514131276206718
    velocity        =  -2610.662631406459
    wave_intercept  =  5615.328544983388
    wave_slope      =  0.015636333169123936
2026-03-26 12:57:26,894 - root - ERROR - Evaluated LSF:
2026-03-26 12:57:26,895 - root - ERROR - [nan nan nan nan nan nan nan nan nan nan nan nan nan nan nan nan nan nan
 nan nan nan nan nan nan nan nan nan nan nan nan nan nan nan nan nan nan
 nan nan nan nan nan nan nan nan nan nan nan nan nan nan nan nan nan nan
 nan nan nan nan nan nan nan nan nan nan nan nan nan nan nan nan nan nan
 nan]
2026-03-26 12:57:30,055 - root - ERROR - Chunk 286: No Data! Returning LmfitResult with None.
2026-03-26 12:57:32,321 - root - ERROR - NaN value detected in oversampled model function.
2026-03-26 12:57:32,323 - root - ERROR - <ParameterSet (values: 17)>
    cont_intercept  =  6300.609798535495
    cont_slope      =  -2.133300364603325
    iod_depth       =  0.6335247068084096
    lsf_left_1      =  2.3651288793909377
    lsf_left_2      =  -14.057370195684621
    lsf_left_3      =  7.910515839788156
    lsf_left_4      =  -2.9695911411228852
    lsf_left_5      =  0.19353811548650857
    lsf_right1      =  3.1273807979215755
    lsf_right2      =  -5.953764241221997
    lsf_right3      =  1.6495404073629523
    lsf_right4      =  -3.66589010487738
    lsf_right5      =  0.2143692201051613
    tem_depth       =  0.8024449414508312
    velocity        =  -2096.655680573329
    wave_intercept  =  5686.804395219711
    wave_slope      =  0.0142337092657764
2026-03-26 12:57:32,324 - root - ERROR - Evaluated LSF:
2026-03-26 12:57:32,325 - root - ERROR - [nan nan nan nan nan nan nan nan nan nan nan nan nan nan nan nan nan nan
 nan nan nan nan nan nan nan nan nan nan nan nan nan nan nan nan nan nan
 nan nan nan nan nan nan nan nan nan nan nan nan nan nan nan nan nan nan
 nan nan nan nan nan nan nan nan nan nan nan nan nan nan nan nan nan nan
 nan]
2026-03-26 12:57:33,719 - root - ERROR - NaN value detected in oversampled model function.
2026-03-26 12:57:33,721 - root - ERROR - <ParameterSet (values: 17)>
    cont_intercept  =  6652.149016352056
    cont_slope      =  1.2688230449930877
    iod_depth       =  0.8002688808613436
    lsf_left_1      =  8.142399903733454
    lsf_left_2      =  -11.826742486577377
    lsf_left_3      =  1.1389940697074497
    lsf_left_4      =  -2.4276684038461642
    lsf_left_5      =  1.097284444075846
    lsf_right1      =  3.3692559294276934
    lsf_right2      =  -18.86739096813959
    lsf_right3      =  6.316657146401683
    lsf_right4      =  -3.1329186178038846
    lsf_right5      =  0.16799186241286884
    tem_depth       =  0.9062709991965637
    velocity        =  -2390.5868102087084
    wave_intercept  =  5707.507190908589
    wave_slope      =  0.016862083181087402
2026-03-26 12:57:33,722 - root - ERROR - Evaluated LSF:
2026-03-26 12:57:33,723 - root - ERROR - [nan nan nan nan nan nan nan nan nan nan nan nan nan nan nan nan nan nan
 nan nan nan nan nan nan nan nan nan nan nan nan nan nan nan nan nan nan
 nan nan nan nan nan nan nan nan nan nan nan nan nan nan nan nan nan nan
 nan nan nan nan nan nan nan nan nan nan nan nan nan nan nan nan nan nan
 nan]
2026-03-26 12:57:38,001 - root - ERROR - NaN value detected in oversampled model function.
2026-03-26 12:57:38,003 - root - ERROR - <ParameterSet (values: 17)>
    cont_intercept  =  7214.153106717035
    cont_slope      =  2.9983472079977114
    iod_depth       =  0.7987728422935292
    lsf_left_1      =  9.161541611871286
    lsf_left_2      =  -14.616327887036292
    lsf_left_3      =  5.884265594354
    lsf_left_4      =  -3.167687550602932
    lsf_left_5      =  0.956823814118164
    lsf_right1      =  3.280836242151481
    lsf_right2      =  -19.30692765230894
    lsf_right3      =  2.2489096760268934
    lsf_right4      =  -3.821800724846564
    lsf_right5      =  0.21253394854784302
    tem_depth       =  0.9153123560050125
    velocity        =  -2454.7885874051112
    wave_intercept  =  5761.354049645591
    wave_slope      =  0.01702869450364162
2026-03-26 12:57:38,005 - root - ERROR - Evaluated LSF:
2026-03-26 12:57:38,006 - root - ERROR - [nan nan nan nan nan nan nan nan nan nan nan nan nan nan nan nan nan nan
 nan nan nan nan nan nan nan nan nan nan nan nan nan nan nan nan nan nan
 nan nan nan nan nan nan nan nan nan nan nan nan nan nan nan nan nan nan
 nan nan nan nan nan nan nan nan nan nan nan nan nan nan nan nan nan nan
 nan]
2026-03-26 12:57:38,866 - root - ERROR - NaN value detected in oversampled model function.
2026-03-26 12:57:38,868 - root - ERROR - <ParameterSet (values: 17)>
    cont_intercept  =  8971.897609586082
    cont_slope      =  0.8529126709473225
    iod_depth       =  0.7444845187929532
    lsf_left_1      =  4.099217834379644
    lsf_left_2      =  -16.45505733929983
    lsf_left_3      =  8.400983179331426
    lsf_left_4      =  -3.9584655174993006
    lsf_left_5      =  0.6296886169519387
    lsf_right1      =  2.6754124267133106
    lsf_right2      =  -18.6005408035126
    lsf_right3      =  2.554128757852733
    lsf_right4      =  -2.0978581681547412
    lsf_right5      =  1.110191360819613
    tem_depth       =  0.9560221511878123
    velocity        =  -2081.0844035983514
    wave_intercept  =  5772.144937728102
    wave_slope      =  0.016240119498291013
2026-03-26 12:57:38,869 - root - ERROR - Evaluated LSF:
2026-03-26 12:57:38,870 - root - ERROR - [nan nan nan nan nan nan nan nan nan nan nan nan nan nan nan nan nan nan
 nan nan nan nan nan nan nan nan nan nan nan nan nan nan nan nan nan nan
 nan nan nan nan nan nan nan nan nan nan nan nan nan nan nan nan nan nan
 nan nan nan nan nan nan nan nan nan nan nan nan nan nan nan nan nan nan
 nan]
2026-03-26 12:57:39,751 - root - ERROR - Chunk 343: No Data! Returning LmfitResult with None.
2026-03-26 12:57:45,562 - root - ERROR - NaN value detected in oversampled model function.
2026-03-26 12:57:45,564 - root - ERROR - <ParameterSet (values: 17)>
    cont_intercept  =  7693.57721606618
    cont_slope      =  2.926979694603384
    iod_depth       =  0.7423671195875304
    lsf_left_1      =  2.5267425203493517
    lsf_left_2      =  -7.734498627584522
    lsf_left_3      =  4.256836011633582
    lsf_left_4      =  -2.891754052125009
    lsf_left_5      =  1.0612282843026568
    lsf_right1      =  2.126553942290178
    lsf_right2      =  -17.059331603454478
    lsf_right3      =  1.1414983216067178
    lsf_right4      =  -3.8851314124138443
    lsf_right5      =  1.178442925756781
    tem_depth       =  0.2338359374781413
    velocity        =  -8093.65121574418
    wave_intercept  =  5869.886552363093
    wave_slope      =  0.017532872184760934
2026-03-26 12:57:45,565 - root - ERROR - Evaluated LSF:
2026-03-26 12:57:45,566 - root - ERROR - [nan nan nan nan nan nan nan nan nan nan nan nan nan nan nan nan nan nan
 nan nan nan nan nan nan nan nan nan nan nan nan nan nan nan nan nan nan
 nan nan nan nan nan nan nan nan nan nan nan nan nan nan nan nan nan nan
 nan nan nan nan nan nan nan nan nan nan nan nan nan nan nan nan nan nan
 nan]
2026-03-26 12:57:45,768 - root - ERROR - NaN value detected in oversampled model function.
2026-03-26 12:57:45,770 - root - ERROR - <ParameterSet (values: 17)>
    cont_intercept  =  8616.122825582517
    cont_slope      =  0.21007223278852266
    iod_depth       =  0.21082577515945208
    lsf_left_1      =  2.085403611584873
    lsf_left_2      =  -14.576624239746756
    lsf_left_3      =  3.082892458683382
    lsf_left_4      =  -2.2708205802683006
    lsf_left_5      =  0.8980728076547831
    lsf_right1      =  2.532753596950063
    lsf_right2      =  -3.676138103536182
    lsf_right3      =  1.5353477474196642
    lsf_right4      =  -3.932398864810458
    lsf_right5      =  0.5645518874124527
    tem_depth       =  1.3370799237426265
    velocity        =  -1439.3499120910476
    wave_intercept  =  5874.401984913113
    wave_slope      =  0.017281585413435913
2026-03-26 12:57:45,771 - root - ERROR - Evaluated LSF:
2026-03-26 12:57:45,772 - root - ERROR - [nan nan nan nan nan nan nan nan nan nan nan nan nan nan nan nan nan nan
 nan nan nan nan nan nan nan nan nan nan nan nan nan nan nan nan nan nan
 nan nan nan nan nan nan nan nan nan nan nan nan nan nan nan nan nan nan
 nan nan nan nan nan nan nan nan nan nan nan nan nan nan nan nan nan nan
 nan]
2026-03-26 12:57:45,940 - root - ERROR - NaN value detected in oversampled model function.
2026-03-26 12:57:45,941 - root - ERROR - <ParameterSet (values: 17)>
    cont_intercept  =  9348.730869805671
    cont_slope      =  2.178090212972704
    iod_depth       =  0.7501345858187978
    lsf_left_1      =  2.091951628243032
    lsf_left_2      =  -19.068315131914265
    lsf_left_3      =  9.188663895307148
    lsf_left_4      =  -3.930164454510123
    lsf_left_5      =  1.1751881293046795
    lsf_right1      =  6.883485879976573
    lsf_right2      =  -17.40020347317484
    lsf_right3      =  1.1381987488202954
    lsf_right4      =  -1.1112068060315434
    lsf_right5      =  0.6244592563021275
    tem_depth       =  0.9792669618743911
    velocity        =  -2691.824812877545
    wave_intercept  =  5878.846583029011
    wave_slope      =  0.01689565195390261
2026-03-26 12:57:45,943 - root - ERROR - Evaluated LSF:
2026-03-26 12:57:45,944 - root - ERROR - [nan nan nan nan nan nan nan nan nan nan nan nan nan nan nan nan nan nan
 nan nan nan nan nan nan nan nan nan nan nan nan nan nan nan nan nan nan
 nan nan nan nan nan nan nan nan nan nan nan nan nan nan nan nan nan nan
 nan nan nan nan nan nan nan nan nan nan nan nan nan nan nan nan nan nan
 nan]
2026-03-26 12:57:45,961 - root - ERROR - NaN value detected in oversampled model function.
2026-03-26 12:57:45,962 - root - ERROR - <ParameterSet (values: 17)>
    cont_intercept  =  8942.47629852803
    cont_slope      =  0.7210369368648188
    iod_depth       =  0.8255042149558207
    lsf_left_1      =  8.71023807726008
    lsf_left_2      =  -19.200907613036602
    lsf_left_3      =  2.5755464764519047
    lsf_left_4      =  -1.5078722820646222
    lsf_left_5      =  0.7180557504437213
    lsf_right1      =  2.796967062658841
    lsf_right2      =  -11.146397727705892
    lsf_right3      =  7.501794360228082
    lsf_right4      =  -2.8546187072082514
    lsf_right5      =  0.5657946611850428
    tem_depth       =  0.9056724428280551
    velocity        =  -2608.8895487514883
    wave_intercept  =  5880.998392163548
    wave_slope      =  0.01675205364699347
2026-03-26 12:57:45,964 - root - ERROR - Evaluated LSF:
2026-03-26 12:57:45,965 - root - ERROR - [nan nan nan nan nan nan nan nan nan nan nan nan nan nan nan nan nan nan
 nan nan nan nan nan nan nan nan nan nan nan nan nan nan nan nan nan nan
 nan nan nan nan nan nan nan nan nan nan nan nan nan nan nan nan nan nan
 nan nan nan nan nan nan nan nan nan nan nan nan nan nan nan nan nan nan
 nan]
2026-03-26 12:57:46,605 - root - ERROR - NaN value detected in oversampled model function.
2026-03-26 12:57:46,607 - root - ERROR - <ParameterSet (values: 17)>
    cont_intercept  =  6803.005074621467
    cont_slope      =  -0.16054518416361163
    iod_depth       =  0.7644421509491881
    lsf_left_1      =  4.726223216070689
    lsf_left_2      =  -14.066563118733786
    lsf_left_3      =  3.152392240321292
    lsf_left_4      =  -3.955816439094985
    lsf_left_5      =  1.0648030385286826
    lsf_right1      =  4.444943443647679
    lsf_right2      =  -11.981951165850589
    lsf_right3      =  1.1372113664883847
    lsf_right4      =  -1.1019449009246625
    lsf_right5      =  0.590767073655218
    tem_depth       =  0.8369579092700379
    velocity        =  -1874.6729607857872
    wave_intercept  =  5891.583731158457
    wave_slope      =  0.01583737008053272
2026-03-26 12:57:46,608 - root - ERROR - Evaluated LSF:
2026-03-26 12:57:46,609 - root - ERROR - [nan nan nan nan nan nan nan nan nan nan nan nan nan nan nan nan nan nan
 nan nan nan nan nan nan nan nan nan nan nan nan nan nan nan nan nan nan
 nan nan nan nan nan nan nan nan nan nan nan nan nan nan nan nan nan nan
 nan nan nan nan nan nan nan nan nan nan nan nan nan nan nan nan nan nan
 nan]
2026-03-26 12:57:47,503 - root - ERROR - NaN value detected in oversampled model function.
2026-03-26 12:57:47,505 - root - ERROR - <ParameterSet (values: 17)>
    cont_intercept  =  7624.695956269529
    cont_slope      =  -2.2579991519384013
    iod_depth       =  0.7064652481240439
    lsf_left_1      =  3.636986564166585
    lsf_left_2      =  -19.13413703314017
    lsf_left_3      =  7.4195689699426985
    lsf_left_4      =  -3.9475695645881275
    lsf_left_5      =  1.1515505194503137
    lsf_right1      =  2.856362606010134
    lsf_right2      =  -12.97221228319288
    lsf_right3      =  7.97873467955796
    lsf_right4      =  -3.2957563796542204
    lsf_right5      =  0.6209084536890566
    tem_depth       =  0.8826983072903793
    velocity        =  -1965.6508904582508
    wave_intercept  =  5905.5016278671665
    wave_slope      =  0.014901214677211042
2026-03-26 12:57:47,506 - root - ERROR - Evaluated LSF:
2026-03-26 12:57:47,507 - root - ERROR - [nan nan nan nan nan nan nan nan nan nan nan nan nan nan nan nan nan nan
 nan nan nan nan nan nan nan nan nan nan nan nan nan nan nan nan nan nan
 nan nan nan nan nan nan nan nan nan nan nan nan nan nan nan nan nan nan
 nan nan nan nan nan nan nan nan nan nan nan nan nan nan nan nan nan nan
 nan]
2026-03-26 12:57:53,333 - root - ERROR - NaN value detected in oversampled model function.
2026-03-26 12:57:53,334 - root - ERROR - <ParameterSet (values: 17)>
    cont_intercept  =  7385.1408352223025
    cont_slope      =  -2.5334289472126885
    iod_depth       =  0.8763813793857944
    lsf_left_1      =  2.1421942807640235
    lsf_left_2      =  -19.078156597671864
    lsf_left_3      =  9.758442501732507
    lsf_left_4      =  -2.785346543682338
    lsf_left_5      =  0.1599125178051007
    lsf_right1      =  7.200963293627083
    lsf_right2      =  -15.694043877024656
    lsf_right3      =  10.13970440155631
    lsf_right4      =  -3.8039092260687544
    lsf_right5      =  0.8361396198797922
    tem_depth       =  -0.45388912403363646
    velocity        =  -6765.261911806178
    wave_intercept  =  5962.832521334287
    wave_slope      =  0.014888876038052654
2026-03-26 12:57:53,335 - root - ERROR - Evaluated LSF:
2026-03-26 12:57:53,336 - root - ERROR - [nan nan nan nan nan nan nan nan nan nan nan nan nan nan nan nan nan nan
 nan nan nan nan nan nan nan nan nan nan nan nan nan nan nan nan nan nan
 nan nan nan nan nan nan nan nan nan nan nan nan nan nan nan nan nan nan
 nan nan nan nan nan nan nan nan nan nan nan nan nan nan nan nan nan nan
 nan]
2026-03-26 12:57:57,322 - root - ERROR - Chunk 444: No Data! Returning LmfitResult with None.
2026-03-26 12:57:57,938 - root - ERROR - NaN value detected in oversampled model function.
2026-03-26 12:57:57,940 - root - ERROR - <ParameterSet (values: 17)>
    cont_intercept  =  7357.096789852193
    cont_slope      =  -3.1069016587749103
    iod_depth       =  0.29549499430194653
    lsf_left_1      =  4.095383291588891
    lsf_left_2      =  -15.85943887738507
    lsf_left_3      =  10.22951774220726
    lsf_left_4      =  -3.9580791453289326
    lsf_left_5      =  0.6256360058700214
    lsf_right1      =  4.5202014947863125
    lsf_right2      =  -8.919207852425718
    lsf_right3      =  1.4351800560729364
    lsf_right4      =  -0.9142522004420801
    lsf_right5      =  0.39007189660242797
    tem_depth       =  0.8409044074688361
    velocity        =  -2270.444212446707
    wave_intercept  =  6021.286558633775
    wave_slope      =  0.015177792425960668
2026-03-26 12:57:57,942 - root - ERROR - Evaluated LSF:
2026-03-26 12:57:57,943 - root - ERROR - [nan nan nan nan nan nan nan nan nan nan nan nan nan nan nan nan nan nan
 nan nan nan nan nan nan nan nan nan nan nan nan nan nan nan nan nan nan
 nan nan nan nan nan nan nan nan nan nan nan nan nan nan nan nan nan nan
 nan nan nan nan nan nan nan nan nan nan nan nan nan nan nan nan nan nan
 nan]
2026-03-26 12:57:59,107 - root - ERROR - NaN value detected in oversampled model function.
2026-03-26 12:57:59,109 - root - ERROR - <ParameterSet (values: 17)>
    cont_intercept  =  7458.919342775373
    cont_slope      =  3.9446559325687915
    iod_depth       =  0.817800917485368
    lsf_left_1      =  2.084449700526736
    lsf_left_2      =  -18.457975100386832
    lsf_left_3      =  4.044867235915671
    lsf_left_4      =  -0.9134619435796858
    lsf_left_5      =  0.15251025403176402
    lsf_right1      =  7.489861587159452
    lsf_right2      =  -16.2719229359207
    lsf_right3      =  2.054200724332345
    lsf_right4      =  -3.3990822009653536
    lsf_right5      =  0.27127668973636165
    tem_depth       =  1.0147325106516263
    velocity        =  -2778.0001026098316
    wave_intercept  =  6041.884614414431
    wave_slope      =  0.018243598553085705
2026-03-26 12:57:59,110 - root - ERROR - Evaluated LSF:
2026-03-26 12:57:59,111 - root - ERROR - [nan nan nan nan nan nan nan nan nan nan nan nan nan nan nan nan nan nan
 nan nan nan nan nan nan nan nan nan nan nan nan nan nan nan nan nan nan
 nan nan nan nan nan nan nan nan nan nan nan nan nan nan nan nan nan nan
 nan nan nan nan nan nan nan nan nan nan nan nan nan nan nan nan nan nan
 nan]
2026-03-26 12:58:00,996 - root - ERROR - NaN value detected in oversampled model function.
2026-03-26 12:58:00,998 - root - ERROR - <ParameterSet (values: 17)>
    cont_intercept  =  9934.177540295146
    cont_slope      =  1.8633191385061483
    iod_depth       =  1.3829157393549394
    lsf_left_1      =  5.286585781844542
    lsf_left_2      =  -11.308601519206315
    lsf_left_3      =  1.7208879267043078
    lsf_left_4      =  -3.467523377853337
    lsf_left_5      =  1.0203479175737722
    lsf_right1      =  2.62520901691754
    lsf_right2      =  -17.40035874964934
    lsf_right3      =  4.642878040249831
    lsf_right4      =  -1.4221067545849109
    lsf_right5      =  0.5354458615718027
    tem_depth       =  0.16400262230098978
    velocity        =  -13050.900334336966
    wave_intercept  =  6064.479120149824
    wave_slope      =  0.016149065034940832
2026-03-26 12:58:00,999 - root - ERROR - Evaluated LSF:
2026-03-26 12:58:01,000 - root - ERROR - [nan nan nan nan nan nan nan nan nan nan nan nan nan nan nan nan nan nan
 nan nan nan nan nan nan nan nan nan nan nan nan nan nan nan nan nan nan
 nan nan nan nan nan nan nan nan nan nan nan nan nan nan nan nan nan nan
 nan nan nan nan nan nan nan nan nan nan nan nan nan nan nan nan nan nan
 nan]
2026-03-26 12:58:07,037 - root - ERROR - NaN value detected in oversampled model function.
2026-03-26 12:58:07,039 - root - ERROR - <ParameterSet (values: 17)>
    cont_intercept  =  7733.570533370788
    cont_slope      =  -3.198013069406372
    iod_depth       =  0.35996095612090473
    lsf_left_1      =  2.252018376745261
    lsf_left_2      =  -18.298571053207304
    lsf_left_3      =  1.2322962774397441
    lsf_left_4      =  -3.9553714652945646
    lsf_left_5      =  0.13861767873449116
    lsf_right1      =  5.882912835253089
    lsf_right2      =  -16.15276639353226
    lsf_right3      =  10.222789719175262
    lsf_right4      =  -3.1437385444689707
    lsf_right5      =  0.23039549708393553
    tem_depth       =  0.9173838555570278
    velocity        =  671.5644455867381
    wave_intercept  =  6141.7190461295195
    wave_slope      =  0.01654163872568516
2026-03-26 12:58:07,040 - root - ERROR - Evaluated LSF:
2026-03-26 12:58:07,041 - root - ERROR - [nan nan nan nan nan nan nan nan nan nan nan nan nan nan nan nan nan nan
 nan nan nan nan nan nan nan nan nan nan nan nan nan nan nan nan nan nan
 nan nan nan nan nan nan nan nan nan nan nan nan nan nan nan nan nan nan
 nan nan nan nan nan nan nan nan nan nan nan nan nan nan nan nan nan nan
 nan]
2026-03-26 12:58:07,339 - root - ERROR - NaN value detected in oversampled model function.
2026-03-26 12:58:07,341 - root - ERROR - <ParameterSet (values: 17)>
    cont_intercept  =  4998.505063444998
    cont_slope      =  3.940752014062894
    iod_depth       =  0.09426268324290567
    lsf_left_1      =  2.324177891626348
    lsf_left_2      =  -4.929223409903964
    lsf_left_3      =  1.7110910718145749
    lsf_left_4      =  -3.958471020645812
    lsf_left_5      =  0.48367305906502456
    lsf_right1      =  4.581162790806738
    lsf_right2      =  -19.362044354683196
    lsf_right3      =  1.2327503662281587
    lsf_right4      =  -3.3006030218524622
    lsf_right5      =  1.194609930722537
    tem_depth       =  0.8641778959608638
    velocity        =  -2172.9041131483173
    wave_intercept  =  6151.552282098697
    wave_slope      =  0.01948641840672512
2026-03-26 12:58:07,342 - root - ERROR - Evaluated LSF:
2026-03-26 12:58:07,343 - root - ERROR - [nan nan nan nan nan nan nan nan nan nan nan nan nan nan nan nan nan nan
 nan nan nan nan nan nan nan nan nan nan nan nan nan nan nan nan nan nan
 nan nan nan nan nan nan nan nan nan nan nan nan nan nan nan nan nan nan
 nan nan nan nan nan nan nan nan nan nan nan nan nan nan nan nan nan nan
 nan]
2026-03-26 12:58:07,401 - root - ERROR - NaN value detected in oversampled model function.
2026-03-26 12:58:07,402 - root - ERROR - <ParameterSet (values: 17)>
    cont_intercept  =  5600.916230702182
    cont_slope      =  5.016427479820736
    iod_depth       =  0.1857887708086683
    lsf_left_1      =  3.6589540059382815
    lsf_left_2      =  -11.263781338420722
    lsf_left_3      =  9.886790966558351
    lsf_left_4      =  -3.954615559313344
    lsf_left_5      =  0.2061309733299967
    lsf_right1      =  2.8272554275398143
    lsf_right2      =  -14.199030363139304
    lsf_right3      =  3.2642675998616144
    lsf_right4      =  -0.4398334356990188
    lsf_right5      =  0.14218443144587703
    tem_depth       =  0.9767063022622479
    velocity        =  -2203.4063703533766
    wave_intercept  =  6154.072142415546
    wave_slope      =  0.019351119577270592
2026-03-26 12:58:07,403 - root - ERROR - Evaluated LSF:
2026-03-26 12:58:07,404 - root - ERROR - [nan nan nan nan nan nan nan nan nan nan nan nan nan nan nan nan nan nan
 nan nan nan nan nan nan nan nan nan nan nan nan nan nan nan nan nan nan
 nan nan nan nan nan nan nan nan nan nan nan nan nan nan nan nan nan nan
 nan nan nan nan nan nan nan nan nan nan nan nan nan nan nan nan nan nan
 nan]
2026-03-26 12:58:07,423 - root - ERROR - NaN value detected in oversampled model function.
2026-03-26 12:58:07,425 - root - ERROR - <ParameterSet (values: 17)>
    cont_intercept  =  6114.319416024619
    cont_slope      =  4.719615539197275
    iod_depth       =  0.7463602098507812
    lsf_left_1      =  3.7246086938708105
    lsf_left_2      =  -19.398755592979885
    lsf_left_3      =  7.726853667544995
    lsf_left_4      =  -2.694095810551845
    lsf_left_5      =  0.7141476298582783
    lsf_right1      =  4.630287369452024
    lsf_right2      =  -17.793691110453576
    lsf_right3      =  4.085820574900978
    lsf_right4      =  -3.093904691815387
    lsf_right5      =  0.6429438446985403
    tem_depth       =  0.9533450081693946
    velocity        =  -2234.15020527141
    wave_intercept  =  6156.575091917178
    wave_slope      =  0.019225716000089772
2026-03-26 12:58:07,426 - root - ERROR - Evaluated LSF:
2026-03-26 12:58:07,427 - root - ERROR - [nan nan nan nan nan nan nan nan nan nan nan nan nan nan nan nan nan nan
 nan nan nan nan nan nan nan nan nan nan nan nan nan nan nan nan nan nan
 nan nan nan nan nan nan nan nan nan nan nan nan nan nan nan nan nan nan
 nan nan nan nan nan nan nan nan nan nan nan nan nan nan nan nan nan nan
 nan]
2026-03-26 12:58:09,217 - root - ERROR - NaN value detected in oversampled model function.
2026-03-26 12:58:09,218 - root - ERROR - <ParameterSet (values: 17)>
    cont_intercept  =  10203.360126193369
    cont_slope      =  -0.25578682361056587
    iod_depth       =  0.5926374928875374
    lsf_left_1      =  4.377888334839987
    lsf_left_2      =  -17.56753383584417
    lsf_left_3      =  1.4621392233451165
    lsf_left_4      =  -0.6274164826400472
    lsf_left_5      =  0.37473529082600077
    lsf_right1      =  2.1154851507256183
    lsf_right2      =  -10.744948995292201
    lsf_right3      =  4.412666380891782
    lsf_right4      =  -3.861081160413518
    lsf_right5      =  0.610174222920427
    tem_depth       =  1.0160287420892788
    velocity        =  -365.87005915505887
    wave_intercept  =  6184.780099078237
    wave_slope      =  0.016919550388092366
2026-03-26 12:58:09,219 - root - ERROR - Evaluated LSF:
2026-03-26 12:58:09,220 - root - ERROR - [nan nan nan nan nan nan nan nan nan nan nan nan nan nan nan nan nan nan
 nan nan nan nan nan nan nan nan nan nan nan nan nan nan nan nan nan nan
 nan nan nan nan nan nan nan nan nan nan nan nan nan nan nan nan nan nan
 nan nan nan nan nan nan nan nan nan nan nan nan nan nan nan nan nan nan
 nan]
2026-03-26 12:58:10,018 - root - ERROR - Chunk 519: No Data! Returning LmfitResult with None.
2026-03-26 12:58:10,400 - root - ERROR - NaN value detected in oversampled model function.
2026-03-26 12:58:10,403 - root - ERROR - <ParameterSet (values: 17)>
    cont_intercept  =  7782.85799951846
    cont_slope      =  -3.3838945608134354
    iod_depth       =  0.8131829398189852
    lsf_left_1      =  2.1774344065196356
    lsf_left_2      =  -6.528805114597693
    lsf_left_3      =  7.025829827871273
    lsf_left_4      =  -3.897883067692383
    lsf_left_5      =  0.22966544200586697
    lsf_right1      =  2.2952332534567774
    lsf_right2      =  -17.458739684905467
    lsf_right3      =  3.095270793654489
    lsf_right4      =  -2.8522297922540996
    lsf_right5      =  0.16583175621304264
    tem_depth       =  -0.5183010189911275
    velocity        =  -4288.6771988984365
    wave_intercept  =  6203.761584378983
    wave_slope      =  0.015490104687508572
2026-03-26 12:58:10,404 - root - ERROR - Evaluated LSF:
2026-03-26 12:58:10,406 - root - ERROR - [nan nan nan nan nan nan nan nan nan nan nan nan nan nan nan nan nan nan
 nan nan nan nan nan nan nan nan nan nan nan nan nan nan nan nan nan nan
 nan nan nan nan nan nan nan nan nan nan nan nan nan nan nan nan nan nan
 nan nan nan nan nan nan nan nan nan nan nan nan nan nan nan nan nan nan
 nan]
2026-03-26 12:58:11,125 - root - ERROR - NaN value detected in oversampled model function.
2026-03-26 12:58:11,126 - root - ERROR - <ParameterSet (values: 17)>
    cont_intercept  =  6269.98909152641
    cont_slope      =  4.544559083237847
    iod_depth       =  0.5198949535216267
    lsf_left_1      =  2.394955141258991
    lsf_left_2      =  -18.253638391634556
    lsf_left_3      =  5.07757435467411
    lsf_left_4      =  -0.6583970992440924
    lsf_left_5      =  0.13622339875388512
    lsf_right1      =  8.865456617564723
    lsf_right2      =  -17.503014672190965
    lsf_right3      =  1.1707844489516992
    lsf_right4      =  -3.913796878566456
    lsf_right5      =  0.48568383271347015
    tem_depth       =  0.8926037624446084
    velocity        =  -1850.7101886663318
    wave_intercept  =  6219.404001836365
    wave_slope      =  0.01949498780862666
2026-03-26 12:58:11,127 - root - ERROR - Evaluated LSF:
2026-03-26 12:58:11,128 - root - ERROR - [nan nan nan nan nan nan nan nan nan nan nan nan nan nan nan nan nan nan
 nan nan nan nan nan nan nan nan nan nan nan nan nan nan nan nan nan nan
 nan nan nan nan nan nan nan nan nan nan nan nan nan nan nan nan nan nan
 nan nan nan nan nan nan nan nan nan nan nan nan nan nan nan nan nan nan
 nan]
2026-03-26 12:58:11,300 - root - ERROR - Chunk 529: No Data! Returning LmfitResult with None.
2026-03-26 12:58:11,814 - root - ERROR - NaN value detected in oversampled model function.
2026-03-26 12:58:11,816 - root - ERROR - <ParameterSet (values: 17)>
    cont_intercept  =  8162.3104297629825
    cont_slope      =  3.410053527911427
    iod_depth       =  0.4749577377424278
    lsf_left_1      =  6.4343880454251146
    lsf_left_2      =  -17.7208731540044
    lsf_left_3      =  1.7407065758113056
    lsf_left_4      =  -2.9134385267166714
    lsf_left_5      =  0.1391370510193487
    lsf_right1      =  2.0837213759035573
    lsf_right2      =  -8.036987968285523
    lsf_right3      =  1.7069649328845586
    lsf_right4      =  -2.3705107319788783
    lsf_right5      =  0.7665369506863821
    tem_depth       =  0.9367688909874462
    velocity        =  -2749.8556002418136
    wave_intercept  =  6231.661820487423
    wave_slope      =  0.018443620862321104
2026-03-26 12:58:11,817 - root - ERROR - Evaluated LSF:
2026-03-26 12:58:11,818 - root - ERROR - [nan nan nan nan nan nan nan nan nan nan nan nan nan nan nan nan nan nan
 nan nan nan nan nan nan nan nan nan nan nan nan nan nan nan nan nan nan
 nan nan nan nan nan nan nan nan nan nan nan nan nan nan nan nan nan nan
 nan nan nan nan nan nan nan nan nan nan nan nan nan nan nan nan nan nan
 nan]
2026-03-26 12:58:12,345 - root - ERROR - NaN value detected in oversampled model function.
2026-03-26 12:58:12,347 - root - ERROR - <ParameterSet (values: 17)>
    cont_intercept  =  9557.330603611334
    cont_slope      =  0.6901984974235421
    iod_depth       =  0.7113907866819452
    lsf_left_1      =  5.156503811883546
    lsf_left_2      =  -19.39995340702065
    lsf_left_3      =  1.4920145686766273
    lsf_left_4      =  -3.616828847434226
    lsf_left_5      =  1.1847357436892023
    lsf_right1      =  3.2751439870963845
    lsf_right2      =  -9.941196338515367
    lsf_right3      =  7.723047963859632
    lsf_right4      =  -3.8865348444453476
    lsf_right5      =  0.22085102026127246
    tem_depth       =  1.0173299430021603
    velocity        =  -2420.4078637737134
    wave_intercept  =  6241.082538787339
    wave_slope      =  0.017656936117638015
2026-03-26 12:58:12,348 - root - ERROR - Evaluated LSF:
2026-03-26 12:58:12,349 - root - ERROR - [nan nan nan nan nan nan nan nan nan nan nan nan nan nan nan nan nan nan
 nan nan nan nan nan nan nan nan nan nan nan nan nan nan nan nan nan nan
 nan nan nan nan nan nan nan nan nan nan nan nan nan nan nan nan nan nan
 nan nan nan nan nan nan nan nan nan nan nan nan nan nan nan nan nan nan
 nan]
2026-03-26 12:58:13,921 - root - ERROR - NaN value detected in oversampled model function.
2026-03-26 12:58:13,923 - root - ERROR - <ParameterSet (values: 17)>
    cont_intercept  =  8831.955575370468
    cont_slope      =  -1.2959766741764227
    iod_depth       =  0.26909679874675524
    lsf_left_1      =  9.145429239851952
    lsf_left_2      =  -18.77610592191916
    lsf_left_3      =  4.025814067341437
    lsf_left_4      =  -1.754093005256312
    lsf_left_5      =  0.5099898290218928
    lsf_right1      =  7.583398437333051
    lsf_right2      =  -18.804327227781975
    lsf_right3      =  4.8767598739309115
    lsf_right4      =  -2.5637789020018467
    lsf_right5      =  0.2214151678296351
    tem_depth       =  0.8712221202516996
    velocity        =  -3126.600064610084
    wave_intercept  =  6258.741332251503
    wave_slope      =  0.01647970428065446
2026-03-26 12:58:13,924 - root - ERROR - Evaluated LSF:
2026-03-26 12:58:13,925 - root - ERROR - [nan nan nan nan nan nan nan nan nan nan nan nan nan nan nan nan nan nan
 nan nan nan nan nan nan nan nan nan nan nan nan nan nan nan nan nan nan
 nan nan nan nan nan nan nan nan nan nan nan nan nan nan nan nan nan nan
 nan nan nan nan nan nan nan nan nan nan nan nan nan nan nan nan nan nan
 nan]
2026-03-26 12:58:13,961 - root - ERROR - NaN value detected in oversampled model function.
2026-03-26 12:58:13,963 - root - ERROR - <ParameterSet (values: 17)>
    cont_intercept  =  8905.147913663146
    cont_slope      =  -0.701426915339469
    iod_depth       =  0.6304538415913472
    lsf_left_1      =  8.471258819063273
    lsf_left_2      =  -18.878867405162367
    lsf_left_3      =  1.4933915358755687
    lsf_left_4      =  -3.95367399980207
    lsf_left_5      =  0.13288567433996853
    lsf_right1      =  2.3554867826416674
    lsf_right2      =  -14.787370083110654
    lsf_right3      =  8.056061695502658
    lsf_right4      =  -3.8742724992870805
    lsf_right5      =  0.30252850557122557
    tem_depth       =  0.9721676721267154
    velocity        =  -2644.3700743970403
    wave_intercept  =  6260.84478613448
    wave_slope      =  0.0161358315563253
2026-03-26 12:58:13,964 - root - ERROR - Evaluated LSF:
2026-03-26 12:58:13,965 - root - ERROR - [nan nan nan nan nan nan nan nan nan nan nan nan nan nan nan nan nan nan
 nan nan nan nan nan nan nan nan nan nan nan nan nan nan nan nan nan nan
 nan nan nan nan nan nan nan nan nan nan nan nan nan nan nan nan nan nan
 nan nan nan nan nan nan nan nan nan nan nan nan nan nan nan nan nan nan
 nan]
2026-03-26 12:58:14,593 - root - ERROR - Chunk 549: No Data! Returning LmfitResult with None.
2026-03-26 12:58:15,401 - root - ERROR - NaN value detected in oversampled model function.
2026-03-26 12:58:15,402 - root - ERROR - <ParameterSet (values: 17)>
    cont_intercept  =  7505.054860500512
    cont_slope      =  2.961949827718416
    iod_depth       =  0.5654010918010288
    lsf_left_1      =  2.324121645436107
    lsf_left_2      =  -10.320747977288258
    lsf_left_3      =  1.1914151084711142
    lsf_left_4      =  -0.650515771317516
    lsf_left_5      =  0.14337426665719208
    lsf_right1      =  10.270168247850885
    lsf_right2      =  -18.971369263708205
    lsf_right3      =  6.161866033157228
    lsf_right4      =  -3.7843248728135754
    lsf_right5      =  1.1915586624687404
    tem_depth       =  1.0530118419455319
    velocity        =  -2652.085147075657
    wave_intercept  =  6288.552112416066
    wave_slope      =  0.019069605008053284
2026-03-26 12:58:15,404 - root - ERROR - Evaluated LSF:
2026-03-26 12:58:15,404 - root - ERROR - [nan nan nan nan nan nan nan nan nan nan nan nan nan nan nan nan nan nan
 nan nan nan nan nan nan nan nan nan nan nan nan nan nan nan nan nan nan
 nan nan nan nan nan nan nan nan nan nan nan nan nan nan nan nan nan nan
 nan nan nan nan nan nan nan nan nan nan nan nan nan nan nan nan nan nan
 nan]
2026-03-26 12:58:15,703 - root - ERROR - Chunk 557: No Data! Returning LmfitResult with None.
2026-03-26 12:58:15,748 - root - ERROR - NaN value detected in oversampled model function.
2026-03-26 12:58:15,750 - root - ERROR - <ParameterSet (values: 17)>
    cont_intercept  =  8857.519070675047
    cont_slope      =  1.862003291561385
    iod_depth       =  0.5476422662332262
    lsf_left_1      =  2.2022525392622794
    lsf_left_2      =  -19.038971853788
    lsf_left_3      =  10.111619691807576
    lsf_left_4      =  -3.505976537919665
    lsf_left_5      =  0.4753900120455764
    lsf_right1      =  3.0195888593928197
    lsf_right2      =  -12.275478685486288
    lsf_right3      =  2.1210464439722796
    lsf_right4      =  -3.8227779595377913
    lsf_right5      =  0.46370099556907945
    tem_depth       =  0.9645471730742703
    velocity        =  -3100.5143531853396
    wave_intercept  =  6298.356067035197
    wave_slope      =  0.01831068614566844
2026-03-26 12:58:15,752 - root - ERROR - Evaluated LSF:
2026-03-26 12:58:15,753 - root - ERROR - [nan nan nan nan nan nan nan nan nan nan nan nan nan nan nan nan nan nan
 nan nan nan nan nan nan nan nan nan nan nan nan nan nan nan nan nan nan
 nan nan nan nan nan nan nan nan nan nan nan nan nan nan nan nan nan nan
 nan nan nan nan nan nan nan nan nan nan nan nan nan nan nan nan nan nan
 nan]
2026-03-26 12:58:16,181 - root - ERROR - NaN value detected in oversampled model function.
2026-03-26 12:58:16,183 - root - ERROR - <ParameterSet (values: 17)>
    cont_intercept  =  8714.18916970881
    cont_slope      =  0.28529332257982526
    iod_depth       =  0.5252309077896858
    lsf_left_1      =  2.50068599718061
    lsf_left_2      =  -5.617550742800882
    lsf_left_3      =  1.7878609504946281
    lsf_left_4      =  -2.6510077078539136
    lsf_left_5      =  0.899977130411273
    lsf_right1      =  4.01967778333463
    lsf_right2      =  -11.737332053437441
    lsf_right3      =  1.311425488857513
    lsf_right4      =  -1.2659555945153973
    lsf_right5      =  0.6436685134980863
    tem_depth       =  0.9387672891669983
    velocity        =  -223.49685791731503
    wave_intercept  =  6303.092231252425
    wave_slope      =  0.018733478824505677
2026-03-26 12:58:16,184 - root - ERROR - Evaluated LSF:
2026-03-26 12:58:16,185 - root - ERROR - [nan nan nan nan nan nan nan nan nan nan nan nan nan nan nan nan nan nan
 nan nan nan nan nan nan nan nan nan nan nan nan nan nan nan nan nan nan
 nan nan nan nan nan nan nan nan nan nan nan nan nan nan nan nan nan nan
 nan nan nan nan nan nan nan nan nan nan nan nan nan nan nan nan nan nan
 nan]
2026-03-26 12:58:18,432 - root - ERROR - NaN value detected in oversampled model function.
2026-03-26 12:58:18,434 - root - ERROR - <ParameterSet (values: 17)>
    cont_intercept  =  8323.558213545928
    cont_slope      =  -2.529532805526663
    iod_depth       =  0.33416299785655057
    lsf_left_1      =  7.742677557196219
    lsf_left_2      =  -14.17713555577509
    lsf_left_3      =  3.648447574391762
    lsf_left_4      =  -3.438553110337468
    lsf_left_5      =  1.1713583575896536
    lsf_right1      =  4.158424052475631
    lsf_right2      =  -15.350384874016527
    lsf_right3      =  4.85188045628331
    lsf_right4      =  -2.252407825153343
    lsf_right5      =  0.26037655040188146
    tem_depth       =  0.8027135454424946
    velocity        =  -3209.059432404637
    wave_intercept  =  6327.497457056046
    wave_slope      =  0.01565650925829277
2026-03-26 12:58:18,435 - root - ERROR - Evaluated LSF:
2026-03-26 12:58:18,436 - root - ERROR - [nan nan nan nan nan nan nan nan nan nan nan nan nan nan nan nan nan nan
 nan nan nan nan nan nan nan nan nan nan nan nan nan nan nan nan nan nan
 nan nan nan nan nan nan nan nan nan nan nan nan nan nan nan nan nan nan
 nan nan nan nan nan nan nan nan nan nan nan nan nan nan nan nan nan nan
 nan]
2026-03-26 12:58:18,472 - root - ERROR - NaN value detected in oversampled model function.
2026-03-26 12:58:18,474 - root - ERROR - <ParameterSet (values: 17)>
    cont_intercept  =  8148.722606458736
    cont_slope      =  -2.866443352592064
    iod_depth       =  0.6964304823285637
    lsf_left_1      =  2.4784577246992177
    lsf_left_2      =  -14.631692826203542
    lsf_left_3      =  1.2385601288054582
    lsf_left_4      =  -0.4706564111883802
    lsf_left_5      =  0.17881885186360313
    lsf_right1      =  2.8280180070075893
    lsf_right2      =  -18.97669561897343
    lsf_right3      =  5.443358239170781
    lsf_right4      =  -3.8588582619328315
    lsf_right5      =  0.6594882183293428
    tem_depth       =  0.13792455439303908
    velocity        =  -6798.379885011292
    wave_intercept  =  6329.608521141337
    wave_slope      =  0.016028633270961094
2026-03-26 12:58:18,475 - root - ERROR - Evaluated LSF:
2026-03-26 12:58:18,476 - root - ERROR - [nan nan nan nan nan nan nan nan nan nan nan nan nan nan nan nan nan nan
 nan nan nan nan nan nan nan nan nan nan nan nan nan nan nan nan nan nan
 nan nan nan nan nan nan nan nan nan nan nan nan nan nan nan nan nan nan
 nan nan nan nan nan nan nan nan nan nan nan nan nan nan nan nan nan nan
 nan]
2026-03-26 12:58:18,513 - root - ERROR - NaN value detected in oversampled model function.
2026-03-26 12:58:18,514 - root - ERROR - <ParameterSet (values: 17)>
    cont_intercept  =  7504.920907113729
    cont_slope      =  1.3624120876637569
    iod_depth       =  0.4869529420399885
    lsf_left_1      =  2.0826781633662694
    lsf_left_2      =  -18.484083416459036
    lsf_left_3      =  1.2695617363110763
    lsf_left_4      =  -3.1196074938069507
    lsf_left_5      =  0.46404752353950707
    lsf_right1      =  6.878883643308613
    lsf_right2      =  -13.856454414400481
    lsf_right3      =  3.0197828204141652
    lsf_right4      =  -3.922238844174289
    lsf_right5      =  1.092463020088771
    tem_depth       =  -0.2335578504576762
    velocity        =  -10072.221539461978
    wave_intercept  =  6331.651539803762
    wave_slope      =  0.015070617913070346
2026-03-26 12:58:18,515 - root - ERROR - Evaluated LSF:
2026-03-26 12:58:18,516 - root - ERROR - [nan nan nan nan nan nan nan nan nan nan nan nan nan nan nan nan nan nan
 nan nan nan nan nan nan nan nan nan nan nan nan nan nan nan nan nan nan
 nan nan nan nan nan nan nan nan nan nan nan nan nan nan nan nan nan nan
 nan nan nan nan nan nan nan nan nan nan nan nan nan nan nan nan nan nan
 nan]
2026-03-26 12:58:25,385 - root - ERROR - NaN value detected in iodine function.
2026-03-26 12:58:25,387 - root - ERROR - Chunk could not be plotted
Traceback (most recent call last):
  File "/Users/jaklusmeyer/SONG/pyodine/pyodine/plot_lib.py", line 62, in plot_chunkmodel
    sp = fit_results[chunk_nr].fitted_spectrum
  File "/Users/jaklusmeyer/SONG/pyodine/pyodine/fitters/base.py", line 45, in fitted_spectrum
    return self.model.eval_spectrum(self.chunk, self.params, chunk_ind=self.chunk_ind)
  File "/Users/jaklusmeyer/SONG/pyodine/pyodine/models/base.py", line 79, in eval_spectrum
    flux = self.eval(chunk, params, chunk_ind=chunk_ind, **kwargs)
  File "/Users/jaklusmeyer/SONG/pyodine/pyodine/models/spectrum.py", line 138, in eval
    tck = splrep(tem.wave * doppler, flux_tem, s=0)
  File "/Users/jaklusmeyer/miniconda/envs/pyodine_env/lib/python3.9/site-packages/scipy/interpolate/_fitpack_py.py", line 295, in splrep
    res = _impl.splrep(x, y, w, xb, xe, k, task, s, t, full_output, per, quiet)
  File "/Users/jaklusmeyer/miniconda/envs/pyodine_env/lib/python3.9/site-packages/scipy/interpolate/_fitpack_impl.py", line 276, in splrep
    n, c, fp, ier = dfitpack.curfit(task, x, y, w, t, wrk, iwrk,
dfitpack.error: (xb<=x[0]) failed for 1st keyword xb: curfit:xb=nan
