2026-03-10 09:22:54,640 - root - ERROR - Chunk 0: No Data! Returning LmfitResult with None.
2026-03-10 09:22:54,641 - root - ERROR - Chunk 1: No Data! Returning LmfitResult with None.
2026-03-10 09:22:54,642 - root - ERROR - Chunk 2: No Data! Returning LmfitResult with None.
2026-03-10 09:22:54,643 - root - ERROR - Chunk 3: No Data! Returning LmfitResult with None.
2026-03-10 09:22:54,644 - root - ERROR - Chunk 4: No Data! Returning LmfitResult with None.
2026-03-10 09:22:54,645 - root - ERROR - Chunk 5: No Data! Returning LmfitResult with None.
2026-03-10 09:22:54,646 - root - ERROR - Chunk 6: No Data! Returning LmfitResult with None.
2026-03-10 09:22:54,647 - root - ERROR - Chunk 7: No Data! Returning LmfitResult with None.
2026-03-10 09:22:54,648 - root - ERROR - Chunk 8: No Data! Returning LmfitResult with None.
2026-03-10 09:22:54,649 - root - ERROR - Chunk 9: No Data! Returning LmfitResult with None.
2026-03-10 09:22:54,651 - root - ERROR - Chunk 10: No Data! Returning LmfitResult with None.
2026-03-10 09:22:54,652 - root - ERROR - Chunk 11: No Data! Returning LmfitResult with None.
2026-03-10 09:22:54,653 - root - ERROR - Chunk 12: No Data! Returning LmfitResult with None.
2026-03-10 09:22:54,654 - root - ERROR - Chunk 13: No Data! Returning LmfitResult with None.
2026-03-10 09:22:54,655 - root - ERROR - Chunk 14: No Data! Returning LmfitResult with None.
2026-03-10 09:22:54,656 - root - ERROR - Chunk 15: No Data! Returning LmfitResult with None.
2026-03-10 09:22:54,657 - root - ERROR - Chunk 16: No Data! Returning LmfitResult with None.
2026-03-10 09:22:54,658 - root - ERROR - Chunk 17: No Data! Returning LmfitResult with None.
2026-03-10 09:22:54,659 - root - ERROR - Chunk 18: No Data! Returning LmfitResult with None.
2026-03-10 09:22:54,660 - root - ERROR - Chunk 19: No Data! Returning LmfitResult with None.
2026-03-10 09:22:54,661 - root - ERROR - Chunk 20: No Data! Returning LmfitResult with None.
2026-03-10 09:22:54,662 - root - ERROR - Chunk 21: No Data! Returning LmfitResult with None.
2026-03-10 09:22:54,663 - root - ERROR - Chunk 22: No Data! Returning LmfitResult with None.
2026-03-10 09:22:54,664 - root - ERROR - Chunk 23: No Data! Returning LmfitResult with None.
2026-03-10 09:22:54,665 - root - ERROR - Chunk 24: No Data! Returning LmfitResult with None.
2026-03-10 09:22:54,666 - root - ERROR - Chunk 25: No Data! Returning LmfitResult with None.
2026-03-10 09:22:54,667 - root - ERROR - Chunk 26: No Data! Returning LmfitResult with None.
2026-03-10 09:22:54,668 - root - ERROR - Chunk 27: No Data! Returning LmfitResult with None.
2026-03-10 09:22:54,669 - root - ERROR - Chunk 28: No Data! Returning LmfitResult with None.
2026-03-10 09:22:54,670 - root - ERROR - Chunk 29: No Data! Returning LmfitResult with None.
2026-03-10 09:22:54,671 - root - ERROR - Chunk 30: No Data! Returning LmfitResult with None.
2026-03-10 09:22:54,672 - root - ERROR - Chunk 31: No Data! Returning LmfitResult with None.
2026-03-10 09:22:54,673 - root - ERROR - Chunk 32: No Data! Returning LmfitResult with None.
2026-03-10 09:22:54,674 - root - ERROR - Chunk 33: No Data! Returning LmfitResult with None.
2026-03-10 09:22:54,675 - root - ERROR - Chunk 34: No Data! Returning LmfitResult with None.
2026-03-10 09:22:54,676 - root - ERROR - Chunk 35: No Data! Returning LmfitResult with None.
2026-03-10 09:22:54,677 - root - ERROR - Chunk 36: No Data! Returning LmfitResult with None.
2026-03-10 09:22:54,678 - root - ERROR - Chunk 37: No Data! Returning LmfitResult with None.
2026-03-10 09:22:54,680 - root - ERROR - Chunk 38: No Data! Returning LmfitResult with None.
2026-03-10 09:22:54,681 - root - ERROR - Chunk 39: No Data! Returning LmfitResult with None.
2026-03-10 09:22:54,682 - root - ERROR - Chunk 40: No Data! Returning LmfitResult with None.
2026-03-10 09:22:54,683 - root - ERROR - Chunk 41: No Data! Returning LmfitResult with None.
2026-03-10 09:22:54,684 - root - ERROR - Chunk 42: No Data! Returning LmfitResult with None.
2026-03-10 09:22:54,685 - root - ERROR - Chunk 43: No Data! Returning LmfitResult with None.
2026-03-10 09:22:54,686 - root - ERROR - Chunk 44: No Data! Returning LmfitResult with None.
2026-03-10 09:22:54,686 - root - ERROR - Chunk 45: No Data! Returning LmfitResult with None.
2026-03-10 09:22:54,687 - root - ERROR - Chunk 46: No Data! Returning LmfitResult with None.
2026-03-10 09:22:54,688 - root - ERROR - Chunk 47: No Data! Returning LmfitResult with None.
2026-03-10 09:22:54,691 - root - ERROR - Chunk 48: No Data! Returning LmfitResult with None.
2026-03-10 09:22:54,692 - root - ERROR - Chunk 49: No Data! Returning LmfitResult with None.
2026-03-10 09:22:54,693 - root - ERROR - Chunk 50: No Data! Returning LmfitResult with None.
2026-03-10 09:22:54,694 - root - ERROR - Chunk 51: No Data! Returning LmfitResult with None.
2026-03-10 09:22:54,695 - root - ERROR - Chunk 52: No Data! Returning LmfitResult with None.
2026-03-10 09:22:54,696 - root - ERROR - Chunk 53: No Data! Returning LmfitResult with None.
2026-03-10 09:22:54,697 - root - ERROR - Chunk 54: No Data! Returning LmfitResult with None.
2026-03-10 09:22:54,698 - root - ERROR - Chunk 55: No Data! Returning LmfitResult with None.
2026-03-10 09:22:54,699 - root - ERROR - Chunk 56: No Data! Returning LmfitResult with None.
2026-03-10 09:22:54,700 - root - ERROR - Chunk 57: No Data! Returning LmfitResult with None.
2026-03-10 09:22:54,701 - root - ERROR - Chunk 58: No Data! Returning LmfitResult with None.
2026-03-10 09:22:54,702 - root - ERROR - Chunk 59: No Data! Returning LmfitResult with None.
2026-03-10 09:22:54,703 - root - ERROR - Chunk 60: No Data! Returning LmfitResult with None.
2026-03-10 09:22:54,704 - root - ERROR - Chunk 61: No Data! Returning LmfitResult with None.
2026-03-10 09:22:54,705 - root - ERROR - Chunk 62: No Data! Returning LmfitResult with None.
2026-03-10 09:22:54,706 - root - ERROR - Chunk 63: No Data! Returning LmfitResult with None.
2026-03-10 09:22:54,707 - root - ERROR - Chunk 64: No Data! Returning LmfitResult with None.
2026-03-10 09:22:54,708 - root - ERROR - Chunk 65: No Data! Returning LmfitResult with None.
2026-03-10 09:22:54,710 - root - ERROR - Chunk 66: No Data! Returning LmfitResult with None.
2026-03-10 09:22:54,711 - root - ERROR - Chunk 67: No Data! Returning LmfitResult with None.
2026-03-10 09:22:54,712 - root - ERROR - Chunk 68: No Data! Returning LmfitResult with None.
2026-03-10 09:22:54,713 - root - ERROR - Chunk 69: No Data! Returning LmfitResult with None.
2026-03-10 09:22:54,713 - root - ERROR - Chunk 70: No Data! Returning LmfitResult with None.
2026-03-10 09:22:54,714 - root - ERROR - Chunk 71: No Data! Returning LmfitResult with None.
2026-03-10 09:22:54,715 - root - ERROR - Chunk 72: No Data! Returning LmfitResult with None.
2026-03-10 09:22:54,716 - root - ERROR - Chunk 73: No Data! Returning LmfitResult with None.
2026-03-10 09:22:54,717 - root - ERROR - Chunk 74: No Data! Returning LmfitResult with None.
2026-03-10 09:22:54,718 - root - ERROR - Chunk 75: No Data! Returning LmfitResult with None.
2026-03-10 09:22:54,719 - root - ERROR - Chunk 76: No Data! Returning LmfitResult with None.
2026-03-10 09:22:54,720 - root - ERROR - Chunk 77: No Data! Returning LmfitResult with None.
2026-03-10 09:22:54,721 - root - ERROR - Chunk 78: No Data! Returning LmfitResult with None.
2026-03-10 09:22:54,722 - root - ERROR - Chunk 79: No Data! Returning LmfitResult with None.
2026-03-10 09:22:54,723 - root - ERROR - Chunk 80: No Data! Returning LmfitResult with None.
2026-03-10 09:22:54,724 - root - ERROR - Chunk 81: No Data! Returning LmfitResult with None.
2026-03-10 09:22:54,725 - root - ERROR - Chunk 82: No Data! Returning LmfitResult with None.
2026-03-10 09:22:54,726 - root - ERROR - Chunk 83: No Data! Returning LmfitResult with None.
2026-03-10 09:22:54,727 - root - ERROR - Chunk 84: No Data! Returning LmfitResult with None.
2026-03-10 09:22:54,728 - root - ERROR - Chunk 85: No Data! Returning LmfitResult with None.
2026-03-10 09:22:54,729 - root - ERROR - Chunk 86: No Data! Returning LmfitResult with None.
2026-03-10 09:22:54,730 - root - ERROR - Chunk 87: No Data! Returning LmfitResult with None.
2026-03-10 09:22:54,731 - root - ERROR - Chunk 88: No Data! Returning LmfitResult with None.
2026-03-10 09:22:54,732 - root - ERROR - Chunk 89: No Data! Returning LmfitResult with None.
2026-03-10 09:22:54,733 - root - ERROR - Chunk 90: No Data! Returning LmfitResult with None.
2026-03-10 09:22:54,734 - root - ERROR - Chunk 91: No Data! Returning LmfitResult with None.
2026-03-10 09:22:54,735 - root - ERROR - Chunk 92: No Data! Returning LmfitResult with None.
2026-03-10 09:22:54,736 - root - ERROR - Chunk 93: No Data! Returning LmfitResult with None.
2026-03-10 09:22:54,737 - root - ERROR - Chunk 94: No Data! Returning LmfitResult with None.
2026-03-10 09:22:54,738 - root - ERROR - Chunk 95: No Data! Returning LmfitResult with None.
2026-03-10 09:22:54,739 - root - ERROR - Chunk 96: No Data! Returning LmfitResult with None.
2026-03-10 09:22:54,740 - root - ERROR - Chunk 97: No Data! Returning LmfitResult with None.
2026-03-10 09:22:54,741 - root - ERROR - Chunk 98: No Data! Returning LmfitResult with None.
2026-03-10 09:22:54,742 - root - ERROR - Chunk 99: No Data! Returning LmfitResult with None.
2026-03-10 09:22:54,743 - root - ERROR - Chunk 100: No Data! Returning LmfitResult with None.
2026-03-10 09:22:54,744 - root - ERROR - Chunk 101: No Data! Returning LmfitResult with None.
2026-03-10 09:22:54,745 - root - ERROR - Chunk 102: No Data! Returning LmfitResult with None.
2026-03-10 09:22:54,746 - root - ERROR - Chunk 103: No Data! Returning LmfitResult with None.
2026-03-10 09:22:54,747 - root - ERROR - Chunk 104: No Data! Returning LmfitResult with None.
2026-03-10 09:22:54,748 - root - ERROR - Chunk 105: No Data! Returning LmfitResult with None.
2026-03-10 09:22:54,749 - root - ERROR - Chunk 106: No Data! Returning LmfitResult with None.
2026-03-10 09:22:54,750 - root - ERROR - Chunk 107: No Data! Returning LmfitResult with None.
2026-03-10 09:22:54,751 - root - ERROR - Chunk 108: No Data! Returning LmfitResult with None.
2026-03-10 09:22:54,752 - root - ERROR - Chunk 109: No Data! Returning LmfitResult with None.
2026-03-10 09:22:54,753 - root - ERROR - Chunk 110: No Data! Returning LmfitResult with None.
2026-03-10 09:22:54,754 - root - ERROR - Chunk 111: No Data! Returning LmfitResult with None.
2026-03-10 09:22:54,757 - root - ERROR - Chunk 112: No Data! Returning LmfitResult with None.
2026-03-10 09:22:54,758 - root - ERROR - Chunk 113: No Data! Returning LmfitResult with None.
2026-03-10 09:22:54,760 - root - ERROR - Chunk 114: No Data! Returning LmfitResult with None.
2026-03-10 09:22:54,761 - root - ERROR - Chunk 115: No Data! Returning LmfitResult with None.
2026-03-10 09:22:54,762 - root - ERROR - Chunk 116: No Data! Returning LmfitResult with None.
2026-03-10 09:22:54,763 - root - ERROR - Chunk 117: No Data! Returning LmfitResult with None.
2026-03-10 09:22:54,764 - root - ERROR - Chunk 118: No Data! Returning LmfitResult with None.
2026-03-10 09:22:54,765 - root - ERROR - Chunk 119: No Data! Returning LmfitResult with None.
2026-03-10 09:22:54,766 - root - ERROR - Chunk 120: No Data! Returning LmfitResult with None.
2026-03-10 09:22:54,767 - root - ERROR - Chunk 121: No Data! Returning LmfitResult with None.
2026-03-10 09:22:54,768 - root - ERROR - Chunk 122: No Data! Returning LmfitResult with None.
2026-03-10 09:22:54,769 - root - ERROR - Chunk 123: No Data! Returning LmfitResult with None.
2026-03-10 09:22:54,770 - root - ERROR - Chunk 124: No Data! Returning LmfitResult with None.
2026-03-10 09:22:54,771 - root - ERROR - Chunk 125: No Data! Returning LmfitResult with None.
2026-03-10 09:22:54,772 - root - ERROR - Chunk 126: No Data! Returning LmfitResult with None.
2026-03-10 09:22:54,773 - root - ERROR - Chunk 127: No Data! Returning LmfitResult with None.
2026-03-10 09:22:54,774 - root - ERROR - Chunk 128: No Data! Returning LmfitResult with None.
2026-03-10 09:22:54,775 - root - ERROR - Chunk 129: No Data! Returning LmfitResult with None.
2026-03-10 09:22:54,776 - root - ERROR - Chunk 130: No Data! Returning LmfitResult with None.
2026-03-10 09:22:54,778 - root - ERROR - Chunk 131: No Data! Returning LmfitResult with None.
2026-03-10 09:22:54,781 - root - ERROR - Chunk 132: No Data! Returning LmfitResult with None.
2026-03-10 09:22:54,783 - root - ERROR - Chunk 133: No Data! Returning LmfitResult with None.
2026-03-10 09:22:54,785 - root - ERROR - Chunk 134: No Data! Returning LmfitResult with None.
2026-03-10 09:22:54,786 - root - ERROR - Chunk 135: No Data! Returning LmfitResult with None.
2026-03-10 09:22:54,787 - root - ERROR - Chunk 136: No Data! Returning LmfitResult with None.
2026-03-10 09:22:54,789 - root - ERROR - Chunk 137: No Data! Returning LmfitResult with None.
2026-03-10 09:22:54,790 - root - ERROR - Chunk 138: No Data! Returning LmfitResult with None.
2026-03-10 09:22:54,791 - root - ERROR - Chunk 139: No Data! Returning LmfitResult with None.
2026-03-10 09:22:54,792 - root - ERROR - Chunk 140: No Data! Returning LmfitResult with None.
2026-03-10 09:22:54,794 - root - ERROR - Chunk 141: No Data! Returning LmfitResult with None.
2026-03-10 09:22:54,795 - root - ERROR - Chunk 142: No Data! Returning LmfitResult with None.
2026-03-10 09:22:54,798 - root - ERROR - Chunk 143: No Data! Returning LmfitResult with None.
2026-03-10 09:22:54,799 - root - ERROR - Chunk 144: No Data! Returning LmfitResult with None.
2026-03-10 09:22:54,801 - root - ERROR - Chunk 145: No Data! Returning LmfitResult with None.
2026-03-10 09:22:54,803 - root - ERROR - Chunk 146: No Data! Returning LmfitResult with None.
2026-03-10 09:22:54,804 - root - ERROR - Chunk 147: No Data! Returning LmfitResult with None.
2026-03-10 09:22:54,806 - root - ERROR - Chunk 148: No Data! Returning LmfitResult with None.
2026-03-10 09:22:54,808 - root - ERROR - Chunk 149: No Data! Returning LmfitResult with None.
2026-03-10 09:22:54,811 - root - ERROR - Chunk 150: No Data! Returning LmfitResult with None.
2026-03-10 09:22:54,813 - root - ERROR - Chunk 151: No Data! Returning LmfitResult with None.
2026-03-10 09:22:54,816 - root - ERROR - Chunk 152: No Data! Returning LmfitResult with None.
2026-03-10 09:22:54,818 - root - ERROR - Chunk 153: No Data! Returning LmfitResult with None.
2026-03-10 09:22:54,819 - root - ERROR - Chunk 154: No Data! Returning LmfitResult with None.
2026-03-10 09:22:54,821 - root - ERROR - Chunk 155: No Data! Returning LmfitResult with None.
2026-03-10 09:22:54,829 - root - ERROR - Chunk 156: No Data! Returning LmfitResult with None.
2026-03-10 09:22:54,832 - root - ERROR - Chunk 157: No Data! Returning LmfitResult with None.
2026-03-10 09:22:54,835 - root - ERROR - Chunk 158: No Data! Returning LmfitResult with None.
2026-03-10 09:22:54,842 - root - ERROR - Chunk 159: No Data! Returning LmfitResult with None.
2026-03-10 09:22:54,844 - root - ERROR - Chunk 160: No Data! Returning LmfitResult with None.
2026-03-10 09:22:54,845 - root - ERROR - Chunk 161: No Data! Returning LmfitResult with None.
2026-03-10 09:22:54,848 - root - ERROR - Chunk 162: No Data! Returning LmfitResult with None.
2026-03-10 09:22:54,849 - root - ERROR - Chunk 163: No Data! Returning LmfitResult with None.
2026-03-10 09:22:54,889 - root - ERROR - Chunk 164: No Data! Returning LmfitResult with None.
2026-03-10 09:22:54,898 - root - ERROR - Chunk 165: No Data! Returning LmfitResult with None.
2026-03-10 09:22:54,900 - root - ERROR - Chunk 166: No Data! Returning LmfitResult with None.
2026-03-10 09:22:54,903 - root - ERROR - Chunk 167: No Data! Returning LmfitResult with None.
2026-03-10 09:22:54,905 - root - ERROR - Chunk 168: No Data! Returning LmfitResult with None.
2026-03-10 09:22:54,907 - root - ERROR - Chunk 169: No Data! Returning LmfitResult with None.
2026-03-10 09:22:54,909 - root - ERROR - Chunk 170: No Data! Returning LmfitResult with None.
2026-03-10 09:22:54,911 - root - ERROR - Chunk 171: No Data! Returning LmfitResult with None.
2026-03-10 09:22:54,913 - root - ERROR - Chunk 172: No Data! Returning LmfitResult with None.
2026-03-10 09:22:54,915 - root - ERROR - Chunk 173: No Data! Returning LmfitResult with None.
2026-03-10 09:22:54,917 - root - ERROR - Chunk 174: No Data! Returning LmfitResult with None.
2026-03-10 09:22:54,921 - root - ERROR - Chunk 175: No Data! Returning LmfitResult with None.
2026-03-10 09:22:54,922 - root - ERROR - Chunk 176: No Data! Returning LmfitResult with None.
2026-03-10 09:22:54,924 - root - ERROR - Chunk 177: No Data! Returning LmfitResult with None.
2026-03-10 09:22:54,926 - root - ERROR - Chunk 178: No Data! Returning LmfitResult with None.
2026-03-10 09:22:54,928 - root - ERROR - Chunk 179: No Data! Returning LmfitResult with None.
2026-03-10 09:22:54,929 - root - ERROR - Chunk 180: No Data! Returning LmfitResult with None.
2026-03-10 09:22:54,932 - root - ERROR - Chunk 181: No Data! Returning LmfitResult with None.
2026-03-10 09:22:54,933 - root - ERROR - Chunk 182: No Data! Returning LmfitResult with None.
2026-03-10 09:22:54,935 - root - ERROR - Chunk 183: No Data! Returning LmfitResult with None.
2026-03-10 09:22:54,937 - root - ERROR - Chunk 184: No Data! Returning LmfitResult with None.
2026-03-10 09:22:54,938 - root - ERROR - Chunk 185: No Data! Returning LmfitResult with None.
2026-03-10 09:22:54,939 - root - ERROR - Chunk 186: No Data! Returning LmfitResult with None.
2026-03-10 09:22:54,941 - root - ERROR - Chunk 187: No Data! Returning LmfitResult with None.
2026-03-10 09:22:54,942 - root - ERROR - Chunk 188: No Data! Returning LmfitResult with None.
2026-03-10 09:22:54,944 - root - ERROR - Chunk 189: No Data! Returning LmfitResult with None.
2026-03-10 09:22:54,946 - root - ERROR - Chunk 190: No Data! Returning LmfitResult with None.
2026-03-10 09:22:54,949 - root - ERROR - Chunk 191: No Data! Returning LmfitResult with None.
2026-03-10 09:22:54,950 - root - ERROR - Chunk 192: No Data! Returning LmfitResult with None.
2026-03-10 09:22:54,962 - root - ERROR - Chunk 193: No Data! Returning LmfitResult with None.
2026-03-10 09:22:54,964 - root - ERROR - Chunk 194: No Data! Returning LmfitResult with None.
2026-03-10 09:22:54,965 - root - ERROR - Chunk 195: No Data! Returning LmfitResult with None.
2026-03-10 09:22:54,966 - root - ERROR - Chunk 196: No Data! Returning LmfitResult with None.
2026-03-10 09:22:54,967 - root - ERROR - Chunk 197: No Data! Returning LmfitResult with None.
2026-03-10 09:22:54,968 - root - ERROR - Chunk 198: No Data! Returning LmfitResult with None.
2026-03-10 09:22:54,969 - root - ERROR - Chunk 199: No Data! Returning LmfitResult with None.
2026-03-10 09:22:54,970 - root - ERROR - Chunk 200: No Data! Returning LmfitResult with None.
2026-03-10 09:22:54,972 - root - ERROR - Chunk 201: No Data! Returning LmfitResult with None.
2026-03-10 09:22:54,973 - root - ERROR - Chunk 202: No Data! Returning LmfitResult with None.
2026-03-10 09:22:54,974 - root - ERROR - Chunk 203: No Data! Returning LmfitResult with None.
2026-03-10 09:22:54,975 - root - ERROR - Chunk 204: No Data! Returning LmfitResult with None.
2026-03-10 09:22:54,976 - root - ERROR - Chunk 205: No Data! Returning LmfitResult with None.
2026-03-10 09:22:54,977 - root - ERROR - Chunk 206: No Data! Returning LmfitResult with None.
2026-03-10 09:22:54,980 - root - ERROR - Chunk 207: No Data! Returning LmfitResult with None.
2026-03-10 09:22:54,981 - root - ERROR - Chunk 208: No Data! Returning LmfitResult with None.
2026-03-10 09:22:54,982 - root - ERROR - Chunk 209: No Data! Returning LmfitResult with None.
2026-03-10 09:22:54,983 - root - ERROR - Chunk 210: No Data! Returning LmfitResult with None.
2026-03-10 09:22:54,984 - root - ERROR - Chunk 211: No Data! Returning LmfitResult with None.
2026-03-10 09:22:54,985 - root - ERROR - Chunk 212: No Data! Returning LmfitResult with None.
2026-03-10 09:22:54,986 - root - ERROR - Chunk 213: No Data! Returning LmfitResult with None.
2026-03-10 09:22:54,987 - root - ERROR - Chunk 214: No Data! Returning LmfitResult with None.
2026-03-10 09:22:54,988 - root - ERROR - Chunk 215: No Data! Returning LmfitResult with None.
2026-03-10 09:22:54,990 - root - ERROR - Chunk 216: No Data! Returning LmfitResult with None.
2026-03-10 09:22:54,992 - root - ERROR - Chunk 217: No Data! Returning LmfitResult with None.
2026-03-10 09:22:54,993 - root - ERROR - Chunk 218: No Data! Returning LmfitResult with None.
2026-03-10 09:22:54,995 - root - ERROR - Chunk 219: No Data! Returning LmfitResult with None.
2026-03-10 09:22:54,996 - root - ERROR - Chunk 220: No Data! Returning LmfitResult with None.
2026-03-10 09:22:54,996 - root - ERROR - Chunk 221: No Data! Returning LmfitResult with None.
2026-03-10 09:22:54,997 - root - ERROR - Chunk 222: No Data! Returning LmfitResult with None.
2026-03-10 09:22:54,998 - root - ERROR - Chunk 223: No Data! Returning LmfitResult with None.
2026-03-10 09:22:54,999 - root - ERROR - Chunk 224: No Data! Returning LmfitResult with None.
2026-03-10 09:22:55,000 - root - ERROR - Chunk 225: No Data! Returning LmfitResult with None.
2026-03-10 09:22:55,002 - root - ERROR - Chunk 226: No Data! Returning LmfitResult with None.
2026-03-10 09:22:55,003 - root - ERROR - Chunk 227: No Data! Returning LmfitResult with None.
2026-03-10 09:22:55,005 - root - ERROR - Chunk 228: No Data! Returning LmfitResult with None.
2026-03-10 09:22:55,007 - root - ERROR - Chunk 229: No Data! Returning LmfitResult with None.
2026-03-10 09:22:55,008 - root - ERROR - Chunk 230: No Data! Returning LmfitResult with None.
2026-03-10 09:22:55,010 - root - ERROR - Chunk 231: No Data! Returning LmfitResult with None.
2026-03-10 09:22:55,011 - root - ERROR - Chunk 232: No Data! Returning LmfitResult with None.
2026-03-10 09:22:55,012 - root - ERROR - Chunk 233: No Data! Returning LmfitResult with None.
2026-03-10 09:22:55,013 - root - ERROR - Chunk 234: No Data! Returning LmfitResult with None.
2026-03-10 09:22:55,014 - root - ERROR - Chunk 235: No Data! Returning LmfitResult with None.
2026-03-10 09:22:55,015 - root - ERROR - Chunk 236: No Data! Returning LmfitResult with None.
2026-03-10 09:22:55,016 - root - ERROR - Chunk 237: No Data! Returning LmfitResult with None.
2026-03-10 09:22:55,017 - root - ERROR - Chunk 238: No Data! Returning LmfitResult with None.
2026-03-10 09:22:55,020 - root - ERROR - Chunk 239: No Data! Returning LmfitResult with None.
2026-03-10 09:22:55,021 - root - ERROR - Chunk 240: No Data! Returning LmfitResult with None.
2026-03-10 09:22:55,023 - root - ERROR - Chunk 241: No Data! Returning LmfitResult with None.
2026-03-10 09:22:55,024 - root - ERROR - Chunk 242: No Data! Returning LmfitResult with None.
2026-03-10 09:22:55,026 - root - ERROR - Chunk 243: No Data! Returning LmfitResult with None.
2026-03-10 09:22:55,027 - root - ERROR - Chunk 244: No Data! Returning LmfitResult with None.
2026-03-10 09:22:55,029 - root - ERROR - Chunk 245: No Data! Returning LmfitResult with None.
2026-03-10 09:22:55,030 - root - ERROR - Chunk 246: No Data! Returning LmfitResult with None.
2026-03-10 09:22:55,031 - root - ERROR - Chunk 247: No Data! Returning LmfitResult with None.
2026-03-10 09:22:55,032 - root - ERROR - Chunk 248: No Data! Returning LmfitResult with None.
2026-03-10 09:22:55,035 - root - ERROR - Chunk 249: No Data! Returning LmfitResult with None.
2026-03-10 09:22:55,036 - root - ERROR - Chunk 250: No Data! Returning LmfitResult with None.
2026-03-10 09:22:55,038 - root - ERROR - Chunk 251: No Data! Returning LmfitResult with None.
2026-03-10 09:22:55,039 - root - ERROR - Chunk 252: No Data! Returning LmfitResult with None.
2026-03-10 09:22:55,040 - root - ERROR - Chunk 253: No Data! Returning LmfitResult with None.
2026-03-10 09:22:55,043 - root - ERROR - Chunk 254: No Data! Returning LmfitResult with None.
2026-03-10 09:22:55,044 - root - ERROR - Chunk 255: No Data! Returning LmfitResult with None.
2026-03-10 09:22:55,045 - root - ERROR - Chunk 256: No Data! Returning LmfitResult with None.
2026-03-10 09:22:55,046 - root - ERROR - Chunk 257: No Data! Returning LmfitResult with None.
2026-03-10 09:22:55,047 - root - ERROR - Chunk 258: No Data! Returning LmfitResult with None.
2026-03-10 09:22:55,048 - root - ERROR - Chunk 259: No Data! Returning LmfitResult with None.
2026-03-10 09:22:55,049 - root - ERROR - Chunk 260: No Data! Returning LmfitResult with None.
2026-03-10 09:22:55,050 - root - ERROR - Chunk 261: No Data! Returning LmfitResult with None.
2026-03-10 09:22:55,051 - root - ERROR - Chunk 262: No Data! Returning LmfitResult with None.
2026-03-10 09:22:55,052 - root - ERROR - Chunk 263: No Data! Returning LmfitResult with None.
2026-03-10 09:22:55,053 - root - ERROR - Chunk 264: No Data! Returning LmfitResult with None.
2026-03-10 09:22:55,054 - root - ERROR - Chunk 265: No Data! Returning LmfitResult with None.
2026-03-10 09:22:55,055 - root - ERROR - Chunk 266: No Data! Returning LmfitResult with None.
2026-03-10 09:22:55,056 - root - ERROR - Chunk 267: No Data! Returning LmfitResult with None.
2026-03-10 09:22:55,057 - root - ERROR - Chunk 268: No Data! Returning LmfitResult with None.
2026-03-10 09:22:55,058 - root - ERROR - Chunk 269: No Data! Returning LmfitResult with None.
2026-03-10 09:22:55,058 - root - ERROR - Chunk 270: No Data! Returning LmfitResult with None.
2026-03-10 09:22:55,059 - root - ERROR - Chunk 271: No Data! Returning LmfitResult with None.
2026-03-10 09:22:55,060 - root - ERROR - Chunk 272: No Data! Returning LmfitResult with None.
2026-03-10 09:22:55,061 - root - ERROR - Chunk 273: No Data! Returning LmfitResult with None.
2026-03-10 09:22:55,062 - root - ERROR - Chunk 274: No Data! Returning LmfitResult with None.
2026-03-10 09:22:55,063 - root - ERROR - Chunk 275: No Data! Returning LmfitResult with None.
2026-03-10 09:22:55,064 - root - ERROR - Chunk 276: No Data! Returning LmfitResult with None.
2026-03-10 09:22:55,065 - root - ERROR - Chunk 277: No Data! Returning LmfitResult with None.
2026-03-10 09:22:55,066 - root - ERROR - Chunk 278: No Data! Returning LmfitResult with None.
2026-03-10 09:22:55,067 - root - ERROR - Chunk 279: No Data! Returning LmfitResult with None.
2026-03-10 09:22:55,068 - root - ERROR - Chunk 280: No Data! Returning LmfitResult with None.
2026-03-10 09:23:19,612 - root - ERROR - Polynomial fitting failed. Falling back to input values
Traceback (most recent call last):
  File "/Users/jaklusmeyer/SONG/pyodine/pyodine/lib/misc.py", line 529, in fit_polynomial
    pfit, stats = np.polynomial.Polynomial.fit(
  File "/Users/jaklusmeyer/miniconda/envs/pyodine_env/lib/python3.9/site-packages/numpy/polynomial/_polybase.py", line 1036, in fit
    xnew = pu.mapdomain(x, domain, window)
  File "/Users/jaklusmeyer/miniconda/envs/pyodine_env/lib/python3.9/site-packages/numpy/polynomial/polyutils.py", line 371, in mapdomain
    off, scl = mapparms(old, new)
  File "/Users/jaklusmeyer/miniconda/envs/pyodine_env/lib/python3.9/site-packages/numpy/polynomial/polyutils.py", line 303, in mapparms
    off = (old[1]*new[0] - old[0]*new[1])/oldlen
ZeroDivisionError: division by zero
2026-03-10 09:23:19,614 - root - ERROR - Polynomial fitting failed. Falling back to input values
Traceback (most recent call last):
  File "/Users/jaklusmeyer/SONG/pyodine/pyodine/lib/misc.py", line 529, in fit_polynomial
    pfit, stats = np.polynomial.Polynomial.fit(
  File "/Users/jaklusmeyer/miniconda/envs/pyodine_env/lib/python3.9/site-packages/numpy/polynomial/_polybase.py", line 1036, in fit
    xnew = pu.mapdomain(x, domain, window)
  File "/Users/jaklusmeyer/miniconda/envs/pyodine_env/lib/python3.9/site-packages/numpy/polynomial/polyutils.py", line 371, in mapdomain
    off, scl = mapparms(old, new)
  File "/Users/jaklusmeyer/miniconda/envs/pyodine_env/lib/python3.9/site-packages/numpy/polynomial/polyutils.py", line 303, in mapparms
    off = (old[1]*new[0] - old[0]*new[1])/oldlen
ZeroDivisionError: division by zero
2026-03-10 09:23:19,616 - root - ERROR - Polynomial fitting failed. Falling back to input values
Traceback (most recent call last):
  File "/Users/jaklusmeyer/SONG/pyodine/pyodine/lib/misc.py", line 529, in fit_polynomial
    pfit, stats = np.polynomial.Polynomial.fit(
  File "/Users/jaklusmeyer/miniconda/envs/pyodine_env/lib/python3.9/site-packages/numpy/polynomial/_polybase.py", line 1036, in fit
    xnew = pu.mapdomain(x, domain, window)
  File "/Users/jaklusmeyer/miniconda/envs/pyodine_env/lib/python3.9/site-packages/numpy/polynomial/polyutils.py", line 371, in mapdomain
    off, scl = mapparms(old, new)
  File "/Users/jaklusmeyer/miniconda/envs/pyodine_env/lib/python3.9/site-packages/numpy/polynomial/polyutils.py", line 303, in mapparms
    off = (old[1]*new[0] - old[0]*new[1])/oldlen
ZeroDivisionError: division by zero
2026-03-10 09:23:19,617 - root - ERROR - Polynomial fitting failed. Falling back to input values
Traceback (most recent call last):
  File "/Users/jaklusmeyer/SONG/pyodine/pyodine/lib/misc.py", line 529, in fit_polynomial
    pfit, stats = np.polynomial.Polynomial.fit(
  File "/Users/jaklusmeyer/miniconda/envs/pyodine_env/lib/python3.9/site-packages/numpy/polynomial/_polybase.py", line 1036, in fit
    xnew = pu.mapdomain(x, domain, window)
  File "/Users/jaklusmeyer/miniconda/envs/pyodine_env/lib/python3.9/site-packages/numpy/polynomial/polyutils.py", line 371, in mapdomain
    off, scl = mapparms(old, new)
  File "/Users/jaklusmeyer/miniconda/envs/pyodine_env/lib/python3.9/site-packages/numpy/polynomial/polyutils.py", line 303, in mapparms
    off = (old[1]*new[0] - old[0]*new[1])/oldlen
ZeroDivisionError: division by zero
2026-03-10 09:23:19,618 - root - ERROR - Polynomial fitting failed. Falling back to input values
Traceback (most recent call last):
  File "/Users/jaklusmeyer/SONG/pyodine/pyodine/lib/misc.py", line 529, in fit_polynomial
    pfit, stats = np.polynomial.Polynomial.fit(
  File "/Users/jaklusmeyer/miniconda/envs/pyodine_env/lib/python3.9/site-packages/numpy/polynomial/_polybase.py", line 1036, in fit
    xnew = pu.mapdomain(x, domain, window)
  File "/Users/jaklusmeyer/miniconda/envs/pyodine_env/lib/python3.9/site-packages/numpy/polynomial/polyutils.py", line 371, in mapdomain
    off, scl = mapparms(old, new)
  File "/Users/jaklusmeyer/miniconda/envs/pyodine_env/lib/python3.9/site-packages/numpy/polynomial/polyutils.py", line 303, in mapparms
    off = (old[1]*new[0] - old[0]*new[1])/oldlen
ZeroDivisionError: division by zero
2026-03-10 09:23:19,619 - root - ERROR - Polynomial fitting failed. Falling back to input values
Traceback (most recent call last):
  File "/Users/jaklusmeyer/SONG/pyodine/pyodine/lib/misc.py", line 529, in fit_polynomial
    pfit, stats = np.polynomial.Polynomial.fit(
  File "/Users/jaklusmeyer/miniconda/envs/pyodine_env/lib/python3.9/site-packages/numpy/polynomial/_polybase.py", line 1036, in fit
    xnew = pu.mapdomain(x, domain, window)
  File "/Users/jaklusmeyer/miniconda/envs/pyodine_env/lib/python3.9/site-packages/numpy/polynomial/polyutils.py", line 371, in mapdomain
    off, scl = mapparms(old, new)
  File "/Users/jaklusmeyer/miniconda/envs/pyodine_env/lib/python3.9/site-packages/numpy/polynomial/polyutils.py", line 303, in mapparms
    off = (old[1]*new[0] - old[0]*new[1])/oldlen
ZeroDivisionError: division by zero
2026-03-10 09:23:19,621 - root - ERROR - Polynomial fitting failed. Falling back to input values
Traceback (most recent call last):
  File "/Users/jaklusmeyer/SONG/pyodine/pyodine/lib/misc.py", line 529, in fit_polynomial
    pfit, stats = np.polynomial.Polynomial.fit(
  File "/Users/jaklusmeyer/miniconda/envs/pyodine_env/lib/python3.9/site-packages/numpy/polynomial/_polybase.py", line 1036, in fit
    xnew = pu.mapdomain(x, domain, window)
  File "/Users/jaklusmeyer/miniconda/envs/pyodine_env/lib/python3.9/site-packages/numpy/polynomial/polyutils.py", line 371, in mapdomain
    off, scl = mapparms(old, new)
  File "/Users/jaklusmeyer/miniconda/envs/pyodine_env/lib/python3.9/site-packages/numpy/polynomial/polyutils.py", line 303, in mapparms
    off = (old[1]*new[0] - old[0]*new[1])/oldlen
ZeroDivisionError: division by zero
2026-03-10 09:23:19,628 - root - ERROR - Polynomial fitting failed. Falling back to input values
Traceback (most recent call last):
  File "/Users/jaklusmeyer/SONG/pyodine/pyodine/lib/misc.py", line 529, in fit_polynomial
    pfit, stats = np.polynomial.Polynomial.fit(
  File "/Users/jaklusmeyer/miniconda/envs/pyodine_env/lib/python3.9/site-packages/numpy/polynomial/_polybase.py", line 1036, in fit
    xnew = pu.mapdomain(x, domain, window)
  File "/Users/jaklusmeyer/miniconda/envs/pyodine_env/lib/python3.9/site-packages/numpy/polynomial/polyutils.py", line 371, in mapdomain
    off, scl = mapparms(old, new)
  File "/Users/jaklusmeyer/miniconda/envs/pyodine_env/lib/python3.9/site-packages/numpy/polynomial/polyutils.py", line 303, in mapparms
    off = (old[1]*new[0] - old[0]*new[1])/oldlen
ZeroDivisionError: division by zero
2026-03-10 09:23:19,630 - root - ERROR - Polynomial fitting failed. Falling back to input values
Traceback (most recent call last):
  File "/Users/jaklusmeyer/SONG/pyodine/pyodine/lib/misc.py", line 529, in fit_polynomial
    pfit, stats = np.polynomial.Polynomial.fit(
  File "/Users/jaklusmeyer/miniconda/envs/pyodine_env/lib/python3.9/site-packages/numpy/polynomial/_polybase.py", line 1036, in fit
    xnew = pu.mapdomain(x, domain, window)
  File "/Users/jaklusmeyer/miniconda/envs/pyodine_env/lib/python3.9/site-packages/numpy/polynomial/polyutils.py", line 371, in mapdomain
    off, scl = mapparms(old, new)
  File "/Users/jaklusmeyer/miniconda/envs/pyodine_env/lib/python3.9/site-packages/numpy/polynomial/polyutils.py", line 303, in mapparms
    off = (old[1]*new[0] - old[0]*new[1])/oldlen
ZeroDivisionError: division by zero
2026-03-10 09:23:19,631 - root - ERROR - Polynomial fitting failed. Falling back to input values
Traceback (most recent call last):
  File "/Users/jaklusmeyer/SONG/pyodine/pyodine/lib/misc.py", line 529, in fit_polynomial
    pfit, stats = np.polynomial.Polynomial.fit(
  File "/Users/jaklusmeyer/miniconda/envs/pyodine_env/lib/python3.9/site-packages/numpy/polynomial/_polybase.py", line 1036, in fit
    xnew = pu.mapdomain(x, domain, window)
  File "/Users/jaklusmeyer/miniconda/envs/pyodine_env/lib/python3.9/site-packages/numpy/polynomial/polyutils.py", line 371, in mapdomain
    off, scl = mapparms(old, new)
  File "/Users/jaklusmeyer/miniconda/envs/pyodine_env/lib/python3.9/site-packages/numpy/polynomial/polyutils.py", line 303, in mapparms
    off = (old[1]*new[0] - old[0]*new[1])/oldlen
ZeroDivisionError: division by zero
2026-03-10 09:23:19,632 - root - ERROR - Polynomial fitting failed. Falling back to input values
Traceback (most recent call last):
  File "/Users/jaklusmeyer/SONG/pyodine/pyodine/lib/misc.py", line 529, in fit_polynomial
    pfit, stats = np.polynomial.Polynomial.fit(
  File "/Users/jaklusmeyer/miniconda/envs/pyodine_env/lib/python3.9/site-packages/numpy/polynomial/_polybase.py", line 1036, in fit
    xnew = pu.mapdomain(x, domain, window)
  File "/Users/jaklusmeyer/miniconda/envs/pyodine_env/lib/python3.9/site-packages/numpy/polynomial/polyutils.py", line 371, in mapdomain
    off, scl = mapparms(old, new)
  File "/Users/jaklusmeyer/miniconda/envs/pyodine_env/lib/python3.9/site-packages/numpy/polynomial/polyutils.py", line 303, in mapparms
    off = (old[1]*new[0] - old[0]*new[1])/oldlen
ZeroDivisionError: division by zero
2026-03-10 09:23:19,634 - root - ERROR - Polynomial fitting failed. Falling back to input values
Traceback (most recent call last):
  File "/Users/jaklusmeyer/SONG/pyodine/pyodine/lib/misc.py", line 529, in fit_polynomial
    pfit, stats = np.polynomial.Polynomial.fit(
  File "/Users/jaklusmeyer/miniconda/envs/pyodine_env/lib/python3.9/site-packages/numpy/polynomial/_polybase.py", line 1036, in fit
    xnew = pu.mapdomain(x, domain, window)
  File "/Users/jaklusmeyer/miniconda/envs/pyodine_env/lib/python3.9/site-packages/numpy/polynomial/polyutils.py", line 371, in mapdomain
    off, scl = mapparms(old, new)
  File "/Users/jaklusmeyer/miniconda/envs/pyodine_env/lib/python3.9/site-packages/numpy/polynomial/polyutils.py", line 303, in mapparms
    off = (old[1]*new[0] - old[0]*new[1])/oldlen
ZeroDivisionError: division by zero
2026-03-10 09:23:19,635 - root - ERROR - Polynomial fitting failed. Falling back to input values
Traceback (most recent call last):
  File "/Users/jaklusmeyer/SONG/pyodine/pyodine/lib/misc.py", line 529, in fit_polynomial
    pfit, stats = np.polynomial.Polynomial.fit(
  File "/Users/jaklusmeyer/miniconda/envs/pyodine_env/lib/python3.9/site-packages/numpy/polynomial/_polybase.py", line 1036, in fit
    xnew = pu.mapdomain(x, domain, window)
  File "/Users/jaklusmeyer/miniconda/envs/pyodine_env/lib/python3.9/site-packages/numpy/polynomial/polyutils.py", line 371, in mapdomain
    off, scl = mapparms(old, new)
  File "/Users/jaklusmeyer/miniconda/envs/pyodine_env/lib/python3.9/site-packages/numpy/polynomial/polyutils.py", line 303, in mapparms
    off = (old[1]*new[0] - old[0]*new[1])/oldlen
ZeroDivisionError: division by zero
2026-03-10 09:23:19,636 - root - ERROR - Polynomial fitting failed. Falling back to input values
Traceback (most recent call last):
  File "/Users/jaklusmeyer/SONG/pyodine/pyodine/lib/misc.py", line 529, in fit_polynomial
    pfit, stats = np.polynomial.Polynomial.fit(
  File "/Users/jaklusmeyer/miniconda/envs/pyodine_env/lib/python3.9/site-packages/numpy/polynomial/_polybase.py", line 1036, in fit
    xnew = pu.mapdomain(x, domain, window)
  File "/Users/jaklusmeyer/miniconda/envs/pyodine_env/lib/python3.9/site-packages/numpy/polynomial/polyutils.py", line 371, in mapdomain
    off, scl = mapparms(old, new)
  File "/Users/jaklusmeyer/miniconda/envs/pyodine_env/lib/python3.9/site-packages/numpy/polynomial/polyutils.py", line 303, in mapparms
    off = (old[1]*new[0] - old[0]*new[1])/oldlen
ZeroDivisionError: division by zero
2026-03-10 09:23:22,250 - root - ERROR - NaN value detected in iodine function.
2026-03-10 09:23:22,251 - root - ERROR - Chunk could not be plotted
Traceback (most recent call last):
  File "/Users/jaklusmeyer/SONG/pyodine/pyodine/plot_lib.py", line 62, in plot_chunkmodel
    sp = fit_results[chunk_nr].fitted_spectrum
  File "/Users/jaklusmeyer/SONG/pyodine/pyodine/fitters/base.py", line 45, in fitted_spectrum
    return self.model.eval_spectrum(self.chunk, self.params, chunk_ind=self.chunk_ind)
  File "/Users/jaklusmeyer/SONG/pyodine/pyodine/models/base.py", line 79, in eval_spectrum
    flux = self.eval(chunk, params, chunk_ind=chunk_ind, **kwargs)
  File "/Users/jaklusmeyer/SONG/pyodine/pyodine/models/spectrum.py", line 138, in eval
    tck = splrep(tem.wave * doppler, flux_tem, s=0)
  File "/Users/jaklusmeyer/miniconda/envs/pyodine_env/lib/python3.9/site-packages/scipy/interpolate/_fitpack_py.py", line 295, in splrep
    res = _impl.splrep(x, y, w, xb, xe, k, task, s, t, full_output, per, quiet)
  File "/Users/jaklusmeyer/miniconda/envs/pyodine_env/lib/python3.9/site-packages/scipy/interpolate/_fitpack_impl.py", line 276, in splrep
    n, c, fp, ier = dfitpack.curfit(task, x, y, w, t, wrk, iwrk,
dfitpack.error: (xb<=x[0]) failed for 1st keyword xb: curfit:xb=nan
2026-03-10 09:23:22,547 - root - ERROR - NaN value detected in iodine function.
2026-03-10 09:23:22,548 - root - ERROR - Chunk could not be plotted
Traceback (most recent call last):
  File "/Users/jaklusmeyer/SONG/pyodine/pyodine/plot_lib.py", line 62, in plot_chunkmodel
    sp = fit_results[chunk_nr].fitted_spectrum
  File "/Users/jaklusmeyer/SONG/pyodine/pyodine/fitters/base.py", line 45, in fitted_spectrum
    return self.model.eval_spectrum(self.chunk, self.params, chunk_ind=self.chunk_ind)
  File "/Users/jaklusmeyer/SONG/pyodine/pyodine/models/base.py", line 79, in eval_spectrum
    flux = self.eval(chunk, params, chunk_ind=chunk_ind, **kwargs)
  File "/Users/jaklusmeyer/SONG/pyodine/pyodine/models/spectrum.py", line 138, in eval
    tck = splrep(tem.wave * doppler, flux_tem, s=0)
  File "/Users/jaklusmeyer/miniconda/envs/pyodine_env/lib/python3.9/site-packages/scipy/interpolate/_fitpack_py.py", line 295, in splrep
    res = _impl.splrep(x, y, w, xb, xe, k, task, s, t, full_output, per, quiet)
  File "/Users/jaklusmeyer/miniconda/envs/pyodine_env/lib/python3.9/site-packages/scipy/interpolate/_fitpack_impl.py", line 276, in splrep
    n, c, fp, ier = dfitpack.curfit(task, x, y, w, t, wrk, iwrk,
dfitpack.error: (xb<=x[0]) failed for 1st keyword xb: curfit:xb=nan
2026-03-10 09:23:26,066 - root - ERROR - Chunk 0: No Data! Returning LmfitResult with None.
2026-03-10 09:23:26,067 - root - ERROR - Chunk 1: No Data! Returning LmfitResult with None.
2026-03-10 09:23:26,068 - root - ERROR - Chunk 2: No Data! Returning LmfitResult with None.
2026-03-10 09:23:26,070 - root - ERROR - Chunk 3: No Data! Returning LmfitResult with None.
2026-03-10 09:23:26,071 - root - ERROR - Chunk 4: No Data! Returning LmfitResult with None.
2026-03-10 09:23:26,072 - root - ERROR - Chunk 5: No Data! Returning LmfitResult with None.
2026-03-10 09:23:26,073 - root - ERROR - Chunk 6: No Data! Returning LmfitResult with None.
2026-03-10 09:23:26,074 - root - ERROR - Chunk 7: No Data! Returning LmfitResult with None.
2026-03-10 09:23:26,075 - root - ERROR - Chunk 8: No Data! Returning LmfitResult with None.
2026-03-10 09:23:26,076 - root - ERROR - Chunk 9: No Data! Returning LmfitResult with None.
2026-03-10 09:23:26,077 - root - ERROR - Chunk 10: No Data! Returning LmfitResult with None.
2026-03-10 09:23:26,078 - root - ERROR - Chunk 11: No Data! Returning LmfitResult with None.
2026-03-10 09:23:26,079 - root - ERROR - Chunk 12: No Data! Returning LmfitResult with None.
2026-03-10 09:23:26,080 - root - ERROR - Chunk 13: No Data! Returning LmfitResult with None.
2026-03-10 09:23:26,081 - root - ERROR - Chunk 14: No Data! Returning LmfitResult with None.
2026-03-10 09:23:26,082 - root - ERROR - Chunk 15: No Data! Returning LmfitResult with None.
2026-03-10 09:23:26,083 - root - ERROR - Chunk 16: No Data! Returning LmfitResult with None.
2026-03-10 09:23:26,084 - root - ERROR - Chunk 17: No Data! Returning LmfitResult with None.
2026-03-10 09:23:26,085 - root - ERROR - Chunk 18: No Data! Returning LmfitResult with None.
2026-03-10 09:23:26,086 - root - ERROR - Chunk 19: No Data! Returning LmfitResult with None.
2026-03-10 09:23:26,087 - root - ERROR - Chunk 20: No Data! Returning LmfitResult with None.
2026-03-10 09:23:26,088 - root - ERROR - Chunk 21: No Data! Returning LmfitResult with None.
2026-03-10 09:23:26,089 - root - ERROR - Chunk 22: No Data! Returning LmfitResult with None.
2026-03-10 09:23:26,090 - root - ERROR - Chunk 23: No Data! Returning LmfitResult with None.
2026-03-10 09:23:26,091 - root - ERROR - Chunk 24: No Data! Returning LmfitResult with None.
2026-03-10 09:23:26,092 - root - ERROR - Chunk 25: No Data! Returning LmfitResult with None.
2026-03-10 09:23:26,093 - root - ERROR - Chunk 26: No Data! Returning LmfitResult with None.
2026-03-10 09:23:26,094 - root - ERROR - Chunk 27: No Data! Returning LmfitResult with None.
2026-03-10 09:23:26,095 - root - ERROR - Chunk 28: No Data! Returning LmfitResult with None.
2026-03-10 09:23:26,097 - root - ERROR - Chunk 29: No Data! Returning LmfitResult with None.
2026-03-10 09:23:26,098 - root - ERROR - Chunk 30: No Data! Returning LmfitResult with None.
2026-03-10 09:23:26,099 - root - ERROR - Chunk 31: No Data! Returning LmfitResult with None.
2026-03-10 09:23:26,100 - root - ERROR - Chunk 32: No Data! Returning LmfitResult with None.
2026-03-10 09:23:26,101 - root - ERROR - Chunk 33: No Data! Returning LmfitResult with None.
2026-03-10 09:23:26,102 - root - ERROR - Chunk 34: No Data! Returning LmfitResult with None.
2026-03-10 09:23:26,103 - root - ERROR - Chunk 35: No Data! Returning LmfitResult with None.
2026-03-10 09:23:26,104 - root - ERROR - Chunk 36: No Data! Returning LmfitResult with None.
2026-03-10 09:23:26,105 - root - ERROR - Chunk 37: No Data! Returning LmfitResult with None.
2026-03-10 09:23:26,106 - root - ERROR - Chunk 38: No Data! Returning LmfitResult with None.
2026-03-10 09:23:26,107 - root - ERROR - Chunk 39: No Data! Returning LmfitResult with None.
2026-03-10 09:23:26,108 - root - ERROR - Chunk 40: No Data! Returning LmfitResult with None.
2026-03-10 09:23:26,109 - root - ERROR - Chunk 41: No Data! Returning LmfitResult with None.
2026-03-10 09:23:26,110 - root - ERROR - Chunk 42: No Data! Returning LmfitResult with None.
2026-03-10 09:23:26,111 - root - ERROR - Chunk 43: No Data! Returning LmfitResult with None.
2026-03-10 09:23:26,112 - root - ERROR - Chunk 44: No Data! Returning LmfitResult with None.
2026-03-10 09:23:26,113 - root - ERROR - Chunk 45: No Data! Returning LmfitResult with None.
2026-03-10 09:23:26,114 - root - ERROR - Chunk 46: No Data! Returning LmfitResult with None.
2026-03-10 09:23:26,115 - root - ERROR - Chunk 47: No Data! Returning LmfitResult with None.
2026-03-10 09:23:26,118 - root - ERROR - Chunk 48: No Data! Returning LmfitResult with None.
2026-03-10 09:23:26,119 - root - ERROR - Chunk 49: No Data! Returning LmfitResult with None.
2026-03-10 09:23:26,120 - root - ERROR - Chunk 50: No Data! Returning LmfitResult with None.
2026-03-10 09:23:26,121 - root - ERROR - Chunk 51: No Data! Returning LmfitResult with None.
2026-03-10 09:23:26,122 - root - ERROR - Chunk 52: No Data! Returning LmfitResult with None.
2026-03-10 09:23:26,123 - root - ERROR - Chunk 53: No Data! Returning LmfitResult with None.
2026-03-10 09:23:26,124 - root - ERROR - Chunk 54: No Data! Returning LmfitResult with None.
2026-03-10 09:23:26,125 - root - ERROR - Chunk 55: No Data! Returning LmfitResult with None.
2026-03-10 09:23:26,126 - root - ERROR - Chunk 56: No Data! Returning LmfitResult with None.
2026-03-10 09:23:26,127 - root - ERROR - Chunk 57: No Data! Returning LmfitResult with None.
2026-03-10 09:23:26,128 - root - ERROR - Chunk 58: No Data! Returning LmfitResult with None.
2026-03-10 09:23:26,129 - root - ERROR - Chunk 59: No Data! Returning LmfitResult with None.
2026-03-10 09:23:26,130 - root - ERROR - Chunk 60: No Data! Returning LmfitResult with None.
2026-03-10 09:23:26,131 - root - ERROR - Chunk 61: No Data! Returning LmfitResult with None.
2026-03-10 09:23:26,132 - root - ERROR - Chunk 62: No Data! Returning LmfitResult with None.
2026-03-10 09:23:26,133 - root - ERROR - Chunk 63: No Data! Returning LmfitResult with None.
2026-03-10 09:23:26,134 - root - ERROR - Chunk 64: No Data! Returning LmfitResult with None.
2026-03-10 09:23:26,135 - root - ERROR - Chunk 65: No Data! Returning LmfitResult with None.
2026-03-10 09:23:26,136 - root - ERROR - Chunk 66: No Data! Returning LmfitResult with None.
2026-03-10 09:23:26,137 - root - ERROR - Chunk 67: No Data! Returning LmfitResult with None.
2026-03-10 09:23:26,138 - root - ERROR - Chunk 68: No Data! Returning LmfitResult with None.
2026-03-10 09:23:26,139 - root - ERROR - Chunk 69: No Data! Returning LmfitResult with None.
2026-03-10 09:23:26,140 - root - ERROR - Chunk 70: No Data! Returning LmfitResult with None.
2026-03-10 09:23:26,141 - root - ERROR - Chunk 71: No Data! Returning LmfitResult with None.
2026-03-10 09:23:26,142 - root - ERROR - Chunk 72: No Data! Returning LmfitResult with None.
2026-03-10 09:23:26,143 - root - ERROR - Chunk 73: No Data! Returning LmfitResult with None.
2026-03-10 09:23:26,144 - root - ERROR - Chunk 74: No Data! Returning LmfitResult with None.
2026-03-10 09:23:26,145 - root - ERROR - Chunk 75: No Data! Returning LmfitResult with None.
2026-03-10 09:23:26,146 - root - ERROR - Chunk 76: No Data! Returning LmfitResult with None.
2026-03-10 09:23:26,147 - root - ERROR - Chunk 77: No Data! Returning LmfitResult with None.
2026-03-10 09:23:26,148 - root - ERROR - Chunk 78: No Data! Returning LmfitResult with None.
2026-03-10 09:23:26,149 - root - ERROR - Chunk 79: No Data! Returning LmfitResult with None.
2026-03-10 09:23:26,151 - root - ERROR - Chunk 80: No Data! Returning LmfitResult with None.
2026-03-10 09:23:26,152 - root - ERROR - Chunk 81: No Data! Returning LmfitResult with None.
2026-03-10 09:23:26,153 - root - ERROR - Chunk 82: No Data! Returning LmfitResult with None.
2026-03-10 09:23:26,154 - root - ERROR - Chunk 83: No Data! Returning LmfitResult with None.
2026-03-10 09:23:26,155 - root - ERROR - Chunk 84: No Data! Returning LmfitResult with None.
2026-03-10 09:23:26,155 - root - ERROR - Chunk 85: No Data! Returning LmfitResult with None.
2026-03-10 09:23:26,156 - root - ERROR - Chunk 86: No Data! Returning LmfitResult with None.
2026-03-10 09:23:26,157 - root - ERROR - Chunk 87: No Data! Returning LmfitResult with None.
2026-03-10 09:23:26,158 - root - ERROR - Chunk 88: No Data! Returning LmfitResult with None.
2026-03-10 09:23:26,159 - root - ERROR - Chunk 89: No Data! Returning LmfitResult with None.
2026-03-10 09:23:26,160 - root - ERROR - Chunk 90: No Data! Returning LmfitResult with None.
2026-03-10 09:23:26,161 - root - ERROR - Chunk 91: No Data! Returning LmfitResult with None.
2026-03-10 09:23:26,162 - root - ERROR - Chunk 92: No Data! Returning LmfitResult with None.
2026-03-10 09:23:26,163 - root - ERROR - Chunk 93: No Data! Returning LmfitResult with None.
2026-03-10 09:23:26,164 - root - ERROR - Chunk 94: No Data! Returning LmfitResult with None.
2026-03-10 09:23:26,165 - root - ERROR - Chunk 95: No Data! Returning LmfitResult with None.
2026-03-10 09:23:26,166 - root - ERROR - Chunk 96: No Data! Returning LmfitResult with None.
2026-03-10 09:23:26,167 - root - ERROR - Chunk 97: No Data! Returning LmfitResult with None.
2026-03-10 09:23:26,168 - root - ERROR - Chunk 98: No Data! Returning LmfitResult with None.
2026-03-10 09:23:26,170 - root - ERROR - Chunk 99: No Data! Returning LmfitResult with None.
2026-03-10 09:23:26,171 - root - ERROR - Chunk 100: No Data! Returning LmfitResult with None.
2026-03-10 09:23:26,172 - root - ERROR - Chunk 101: No Data! Returning LmfitResult with None.
2026-03-10 09:23:26,173 - root - ERROR - Chunk 102: No Data! Returning LmfitResult with None.
2026-03-10 09:23:26,173 - root - ERROR - Chunk 103: No Data! Returning LmfitResult with None.
2026-03-10 09:23:26,174 - root - ERROR - Chunk 104: No Data! Returning LmfitResult with None.
2026-03-10 09:23:26,176 - root - ERROR - Chunk 105: No Data! Returning LmfitResult with None.
2026-03-10 09:23:26,177 - root - ERROR - Chunk 106: No Data! Returning LmfitResult with None.
2026-03-10 09:23:26,178 - root - ERROR - Chunk 107: No Data! Returning LmfitResult with None.
2026-03-10 09:23:26,179 - root - ERROR - Chunk 108: No Data! Returning LmfitResult with None.
2026-03-10 09:23:26,180 - root - ERROR - Chunk 109: No Data! Returning LmfitResult with None.
2026-03-10 09:23:26,181 - root - ERROR - Chunk 110: No Data! Returning LmfitResult with None.
2026-03-10 09:23:26,182 - root - ERROR - Chunk 111: No Data! Returning LmfitResult with None.
2026-03-10 09:23:26,185 - root - ERROR - Chunk 112: No Data! Returning LmfitResult with None.
2026-03-10 09:23:26,186 - root - ERROR - Chunk 113: No Data! Returning LmfitResult with None.
2026-03-10 09:23:26,187 - root - ERROR - Chunk 114: No Data! Returning LmfitResult with None.
2026-03-10 09:23:26,188 - root - ERROR - Chunk 115: No Data! Returning LmfitResult with None.
2026-03-10 09:23:26,189 - root - ERROR - Chunk 116: No Data! Returning LmfitResult with None.
2026-03-10 09:23:26,190 - root - ERROR - Chunk 117: No Data! Returning LmfitResult with None.
2026-03-10 09:23:26,191 - root - ERROR - Chunk 118: No Data! Returning LmfitResult with None.
2026-03-10 09:23:26,192 - root - ERROR - Chunk 119: No Data! Returning LmfitResult with None.
2026-03-10 09:23:26,193 - root - ERROR - Chunk 120: No Data! Returning LmfitResult with None.
2026-03-10 09:23:26,194 - root - ERROR - Chunk 121: No Data! Returning LmfitResult with None.
2026-03-10 09:23:26,195 - root - ERROR - Chunk 122: No Data! Returning LmfitResult with None.
2026-03-10 09:23:26,196 - root - ERROR - Chunk 123: No Data! Returning LmfitResult with None.
2026-03-10 09:23:26,197 - root - ERROR - Chunk 124: No Data! Returning LmfitResult with None.
2026-03-10 09:23:26,198 - root - ERROR - Chunk 125: No Data! Returning LmfitResult with None.
2026-03-10 09:23:26,199 - root - ERROR - Chunk 126: No Data! Returning LmfitResult with None.
2026-03-10 09:23:26,200 - root - ERROR - Chunk 127: No Data! Returning LmfitResult with None.
2026-03-10 09:23:26,202 - root - ERROR - Chunk 128: No Data! Returning LmfitResult with None.
2026-03-10 09:23:26,203 - root - ERROR - Chunk 129: No Data! Returning LmfitResult with None.
2026-03-10 09:23:26,204 - root - ERROR - Chunk 130: No Data! Returning LmfitResult with None.
2026-03-10 09:23:26,205 - root - ERROR - Chunk 131: No Data! Returning LmfitResult with None.
2026-03-10 09:23:26,206 - root - ERROR - Chunk 132: No Data! Returning LmfitResult with None.
2026-03-10 09:23:26,207 - root - ERROR - Chunk 133: No Data! Returning LmfitResult with None.
2026-03-10 09:23:26,208 - root - ERROR - Chunk 134: No Data! Returning LmfitResult with None.
2026-03-10 09:23:26,209 - root - ERROR - Chunk 135: No Data! Returning LmfitResult with None.
2026-03-10 09:23:26,210 - root - ERROR - Chunk 136: No Data! Returning LmfitResult with None.
2026-03-10 09:23:26,211 - root - ERROR - Chunk 137: No Data! Returning LmfitResult with None.
2026-03-10 09:23:26,212 - root - ERROR - Chunk 138: No Data! Returning LmfitResult with None.
2026-03-10 09:23:26,213 - root - ERROR - Chunk 139: No Data! Returning LmfitResult with None.
2026-03-10 09:23:26,214 - root - ERROR - Chunk 140: No Data! Returning LmfitResult with None.
2026-03-10 09:23:26,215 - root - ERROR - Chunk 141: No Data! Returning LmfitResult with None.
2026-03-10 09:23:26,216 - root - ERROR - Chunk 142: No Data! Returning LmfitResult with None.
2026-03-10 09:23:26,218 - root - ERROR - Chunk 143: No Data! Returning LmfitResult with None.
2026-03-10 09:23:26,219 - root - ERROR - Chunk 144: No Data! Returning LmfitResult with None.
2026-03-10 09:23:26,220 - root - ERROR - Chunk 145: No Data! Returning LmfitResult with None.
2026-03-10 09:23:26,221 - root - ERROR - Chunk 146: No Data! Returning LmfitResult with None.
2026-03-10 09:23:26,222 - root - ERROR - Chunk 147: No Data! Returning LmfitResult with None.
2026-03-10 09:23:26,223 - root - ERROR - Chunk 148: No Data! Returning LmfitResult with None.
2026-03-10 09:23:26,224 - root - ERROR - Chunk 149: No Data! Returning LmfitResult with None.
2026-03-10 09:23:26,225 - root - ERROR - Chunk 150: No Data! Returning LmfitResult with None.
2026-03-10 09:23:26,226 - root - ERROR - Chunk 151: No Data! Returning LmfitResult with None.
2026-03-10 09:23:26,227 - root - ERROR - Chunk 152: No Data! Returning LmfitResult with None.
2026-03-10 09:23:26,228 - root - ERROR - Chunk 153: No Data! Returning LmfitResult with None.
2026-03-10 09:23:26,229 - root - ERROR - Chunk 154: No Data! Returning LmfitResult with None.
2026-03-10 09:23:26,230 - root - ERROR - Chunk 155: No Data! Returning LmfitResult with None.
2026-03-10 09:23:26,231 - root - ERROR - Chunk 156: No Data! Returning LmfitResult with None.
2026-03-10 09:23:26,232 - root - ERROR - Chunk 157: No Data! Returning LmfitResult with None.
2026-03-10 09:23:26,233 - root - ERROR - Chunk 158: No Data! Returning LmfitResult with None.
2026-03-10 09:23:26,236 - root - ERROR - Chunk 159: No Data! Returning LmfitResult with None.
2026-03-10 09:23:26,237 - root - ERROR - Chunk 160: No Data! Returning LmfitResult with None.
2026-03-10 09:23:26,238 - root - ERROR - Chunk 161: No Data! Returning LmfitResult with None.
2026-03-10 09:23:26,239 - root - ERROR - Chunk 162: No Data! Returning LmfitResult with None.
2026-03-10 09:23:26,240 - root - ERROR - Chunk 163: No Data! Returning LmfitResult with None.
2026-03-10 09:23:26,241 - root - ERROR - Chunk 164: No Data! Returning LmfitResult with None.
2026-03-10 09:23:26,242 - root - ERROR - Chunk 165: No Data! Returning LmfitResult with None.
2026-03-10 09:23:26,243 - root - ERROR - Chunk 166: No Data! Returning LmfitResult with None.
2026-03-10 09:23:26,244 - root - ERROR - Chunk 167: No Data! Returning LmfitResult with None.
2026-03-10 09:23:26,245 - root - ERROR - Chunk 168: No Data! Returning LmfitResult with None.
2026-03-10 09:23:26,246 - root - ERROR - Chunk 169: No Data! Returning LmfitResult with None.
2026-03-10 09:23:26,247 - root - ERROR - Chunk 170: No Data! Returning LmfitResult with None.
2026-03-10 09:23:26,248 - root - ERROR - Chunk 171: No Data! Returning LmfitResult with None.
2026-03-10 09:23:26,249 - root - ERROR - Chunk 172: No Data! Returning LmfitResult with None.
2026-03-10 09:23:26,250 - root - ERROR - Chunk 173: No Data! Returning LmfitResult with None.
2026-03-10 09:23:26,252 - root - ERROR - Chunk 174: No Data! Returning LmfitResult with None.
2026-03-10 09:23:26,253 - root - ERROR - Chunk 175: No Data! Returning LmfitResult with None.
2026-03-10 09:23:26,254 - root - ERROR - Chunk 176: No Data! Returning LmfitResult with None.
2026-03-10 09:23:26,255 - root - ERROR - Chunk 177: No Data! Returning LmfitResult with None.
2026-03-10 09:23:26,256 - root - ERROR - Chunk 178: No Data! Returning LmfitResult with None.
2026-03-10 09:23:26,257 - root - ERROR - Chunk 179: No Data! Returning LmfitResult with None.
2026-03-10 09:23:26,258 - root - ERROR - Chunk 180: No Data! Returning LmfitResult with None.
2026-03-10 09:23:26,259 - root - ERROR - Chunk 181: No Data! Returning LmfitResult with None.
2026-03-10 09:23:26,260 - root - ERROR - Chunk 182: No Data! Returning LmfitResult with None.
2026-03-10 09:23:26,270 - root - ERROR - Chunk 183: No Data! Returning LmfitResult with None.
2026-03-10 09:23:26,292 - root - ERROR - Chunk 184: No Data! Returning LmfitResult with None.
2026-03-10 09:23:26,306 - root - ERROR - Chunk 185: No Data! Returning LmfitResult with None.
2026-03-10 09:23:26,308 - root - ERROR - Chunk 186: No Data! Returning LmfitResult with None.
2026-03-10 09:23:26,310 - root - ERROR - Chunk 187: No Data! Returning LmfitResult with None.
2026-03-10 09:23:26,311 - root - ERROR - Chunk 188: No Data! Returning LmfitResult with None.
2026-03-10 09:23:26,313 - root - ERROR - Chunk 189: No Data! Returning LmfitResult with None.
2026-03-10 09:23:26,314 - root - ERROR - Chunk 190: No Data! Returning LmfitResult with None.
2026-03-10 09:23:26,331 - root - ERROR - Chunk 191: No Data! Returning LmfitResult with None.
2026-03-10 09:23:26,333 - root - ERROR - Chunk 192: No Data! Returning LmfitResult with None.
2026-03-10 09:23:26,336 - root - ERROR - Chunk 193: No Data! Returning LmfitResult with None.
2026-03-10 09:23:26,338 - root - ERROR - Chunk 194: No Data! Returning LmfitResult with None.
2026-03-10 09:23:26,340 - root - ERROR - Chunk 195: No Data! Returning LmfitResult with None.
2026-03-10 09:23:26,346 - root - ERROR - Chunk 196: No Data! Returning LmfitResult with None.
2026-03-10 09:23:26,348 - root - ERROR - Chunk 197: No Data! Returning LmfitResult with None.
2026-03-10 09:23:26,350 - root - ERROR - Chunk 198: No Data! Returning LmfitResult with None.
2026-03-10 09:23:26,353 - root - ERROR - Chunk 199: No Data! Returning LmfitResult with None.
2026-03-10 09:23:26,355 - root - ERROR - Chunk 200: No Data! Returning LmfitResult with None.
2026-03-10 09:23:26,358 - root - ERROR - Chunk 201: No Data! Returning LmfitResult with None.
2026-03-10 09:23:26,361 - root - ERROR - Chunk 202: No Data! Returning LmfitResult with None.
2026-03-10 09:23:26,363 - root - ERROR - Chunk 203: No Data! Returning LmfitResult with None.
2026-03-10 09:23:26,366 - root - ERROR - Chunk 204: No Data! Returning LmfitResult with None.
2026-03-10 09:23:26,368 - root - ERROR - Chunk 205: No Data! Returning LmfitResult with None.
2026-03-10 09:23:26,370 - root - ERROR - Chunk 206: No Data! Returning LmfitResult with None.
2026-03-10 09:23:26,372 - root - ERROR - Chunk 207: No Data! Returning LmfitResult with None.
2026-03-10 09:23:26,374 - root - ERROR - Chunk 208: No Data! Returning LmfitResult with None.
2026-03-10 09:23:26,377 - root - ERROR - Chunk 209: No Data! Returning LmfitResult with None.
2026-03-10 09:23:26,379 - root - ERROR - Chunk 210: No Data! Returning LmfitResult with None.
2026-03-10 09:23:26,381 - root - ERROR - Chunk 211: No Data! Returning LmfitResult with None.
2026-03-10 09:23:26,394 - root - ERROR - Chunk 212: No Data! Returning LmfitResult with None.
2026-03-10 09:23:26,397 - root - ERROR - Chunk 213: No Data! Returning LmfitResult with None.
2026-03-10 09:23:26,424 - root - ERROR - Chunk 214: No Data! Returning LmfitResult with None.
2026-03-10 09:23:26,427 - root - ERROR - Chunk 215: No Data! Returning LmfitResult with None.
2026-03-10 09:23:26,443 - root - ERROR - Chunk 216: No Data! Returning LmfitResult with None.
2026-03-10 09:23:26,445 - root - ERROR - Chunk 217: No Data! Returning LmfitResult with None.
2026-03-10 09:23:26,447 - root - ERROR - Chunk 218: No Data! Returning LmfitResult with None.
2026-03-10 09:23:26,450 - root - ERROR - Chunk 219: No Data! Returning LmfitResult with None.
2026-03-10 09:23:26,451 - root - ERROR - Chunk 220: No Data! Returning LmfitResult with None.
2026-03-10 09:23:26,453 - root - ERROR - Chunk 221: No Data! Returning LmfitResult with None.
2026-03-10 09:23:26,455 - root - ERROR - Chunk 222: No Data! Returning LmfitResult with None.
2026-03-10 09:23:26,456 - root - ERROR - Chunk 223: No Data! Returning LmfitResult with None.
2026-03-10 09:23:26,458 - root - ERROR - Chunk 224: No Data! Returning LmfitResult with None.
2026-03-10 09:23:26,459 - root - ERROR - Chunk 225: No Data! Returning LmfitResult with None.
2026-03-10 09:23:26,461 - root - ERROR - Chunk 226: No Data! Returning LmfitResult with None.
2026-03-10 09:23:26,464 - root - ERROR - Chunk 227: No Data! Returning LmfitResult with None.
2026-03-10 09:23:26,466 - root - ERROR - Chunk 228: No Data! Returning LmfitResult with None.
2026-03-10 09:23:26,467 - root - ERROR - Chunk 229: No Data! Returning LmfitResult with None.
2026-03-10 09:23:26,469 - root - ERROR - Chunk 230: No Data! Returning LmfitResult with None.
2026-03-10 09:23:26,470 - root - ERROR - Chunk 231: No Data! Returning LmfitResult with None.
2026-03-10 09:23:26,472 - root - ERROR - Chunk 232: No Data! Returning LmfitResult with None.
2026-03-10 09:23:26,473 - root - ERROR - Chunk 233: No Data! Returning LmfitResult with None.
2026-03-10 09:23:26,474 - root - ERROR - Chunk 234: No Data! Returning LmfitResult with None.
2026-03-10 09:23:26,475 - root - ERROR - Chunk 235: No Data! Returning LmfitResult with None.
2026-03-10 09:23:26,476 - root - ERROR - Chunk 236: No Data! Returning LmfitResult with None.
2026-03-10 09:23:26,477 - root - ERROR - Chunk 237: No Data! Returning LmfitResult with None.
2026-03-10 09:23:26,479 - root - ERROR - Chunk 238: No Data! Returning LmfitResult with None.
2026-03-10 09:23:26,481 - root - ERROR - Chunk 239: No Data! Returning LmfitResult with None.
2026-03-10 09:23:26,483 - root - ERROR - Chunk 240: No Data! Returning LmfitResult with None.
2026-03-10 09:23:26,484 - root - ERROR - Chunk 241: No Data! Returning LmfitResult with None.
2026-03-10 09:23:26,485 - root - ERROR - Chunk 242: No Data! Returning LmfitResult with None.
2026-03-10 09:23:26,486 - root - ERROR - Chunk 243: No Data! Returning LmfitResult with None.
2026-03-10 09:23:26,488 - root - ERROR - Chunk 244: No Data! Returning LmfitResult with None.
2026-03-10 09:23:26,489 - root - ERROR - Chunk 245: No Data! Returning LmfitResult with None.
2026-03-10 09:23:26,489 - root - ERROR - Chunk 246: No Data! Returning LmfitResult with None.
2026-03-10 09:23:26,491 - root - ERROR - Chunk 247: No Data! Returning LmfitResult with None.
2026-03-10 09:23:26,493 - root - ERROR - Chunk 248: No Data! Returning LmfitResult with None.
2026-03-10 09:23:26,495 - root - ERROR - Chunk 249: No Data! Returning LmfitResult with None.
2026-03-10 09:23:26,497 - root - ERROR - Chunk 250: No Data! Returning LmfitResult with None.
2026-03-10 09:23:26,498 - root - ERROR - Chunk 251: No Data! Returning LmfitResult with None.
2026-03-10 09:23:26,500 - root - ERROR - Chunk 252: No Data! Returning LmfitResult with None.
2026-03-10 09:23:26,501 - root - ERROR - Chunk 253: No Data! Returning LmfitResult with None.
2026-03-10 09:23:26,504 - root - ERROR - Chunk 254: No Data! Returning LmfitResult with None.
2026-03-10 09:23:26,506 - root - ERROR - Chunk 255: No Data! Returning LmfitResult with None.
2026-03-10 09:23:26,507 - root - ERROR - Chunk 256: No Data! Returning LmfitResult with None.
2026-03-10 09:23:26,510 - root - ERROR - Chunk 257: No Data! Returning LmfitResult with None.
2026-03-10 09:23:26,511 - root - ERROR - Chunk 258: No Data! Returning LmfitResult with None.
2026-03-10 09:23:26,513 - root - ERROR - Chunk 259: No Data! Returning LmfitResult with None.
2026-03-10 09:23:26,515 - root - ERROR - Chunk 260: No Data! Returning LmfitResult with None.
2026-03-10 09:23:26,517 - root - ERROR - Chunk 261: No Data! Returning LmfitResult with None.
2026-03-10 09:23:26,519 - root - ERROR - Chunk 262: No Data! Returning LmfitResult with None.
2026-03-10 09:23:26,521 - root - ERROR - Chunk 263: No Data! Returning LmfitResult with None.
2026-03-10 09:23:26,522 - root - ERROR - Chunk 264: No Data! Returning LmfitResult with None.
2026-03-10 09:23:26,523 - root - ERROR - Chunk 265: No Data! Returning LmfitResult with None.
2026-03-10 09:23:26,525 - root - ERROR - Chunk 266: No Data! Returning LmfitResult with None.
2026-03-10 09:23:26,526 - root - ERROR - Chunk 267: No Data! Returning LmfitResult with None.
2026-03-10 09:23:26,527 - root - ERROR - Chunk 268: No Data! Returning LmfitResult with None.
2026-03-10 09:23:26,528 - root - ERROR - Chunk 269: No Data! Returning LmfitResult with None.
2026-03-10 09:23:26,529 - root - ERROR - Chunk 270: No Data! Returning LmfitResult with None.
2026-03-10 09:23:26,530 - root - ERROR - Chunk 271: No Data! Returning LmfitResult with None.
2026-03-10 09:23:26,531 - root - ERROR - Chunk 272: No Data! Returning LmfitResult with None.
2026-03-10 09:23:26,532 - root - ERROR - Chunk 273: No Data! Returning LmfitResult with None.
2026-03-10 09:23:26,533 - root - ERROR - Chunk 274: No Data! Returning LmfitResult with None.
2026-03-10 09:23:26,534 - root - ERROR - Chunk 275: No Data! Returning LmfitResult with None.
2026-03-10 09:23:26,535 - root - ERROR - Chunk 276: No Data! Returning LmfitResult with None.
2026-03-10 09:23:26,536 - root - ERROR - Chunk 277: No Data! Returning LmfitResult with None.
2026-03-10 09:23:26,537 - root - ERROR - Chunk 278: No Data! Returning LmfitResult with None.
2026-03-10 09:23:26,538 - root - ERROR - Chunk 279: No Data! Returning LmfitResult with None.
2026-03-10 09:23:26,539 - root - ERROR - Chunk 280: No Data! Returning LmfitResult with None.
2026-03-10 09:23:26,554 - root - ERROR - NaN value detected in oversampled model function.
2026-03-10 09:23:26,555 - root - ERROR - <ParameterSet (values: 17)>
    cont_intercept  =  14149.960444643659
    cont_slope      =  -6.493539007597741
    iod_depth       =  1.6151805342992114
    lsf_left_1      =  2.5427333615114716
    lsf_left_2      =  -10.937012095032728
    lsf_left_3      =  6.543209141873183
    lsf_left_4      =  -2.1844155288637994
    lsf_left_5      =  0.38024171089838676
    lsf_right1      =  3.329745415051346
    lsf_right2      =  -12.697252283501609
    lsf_right3      =  5.79708580060526
    lsf_right4      =  -2.189855385456023
    lsf_right5      =  0.5838545568666158
    tem_depth       =  0.9838997601133617
    velocity        =  -27170.84239410206
    wave_intercept  =  4982.156687605041
    wave_slope      =  0.013383211879555544
2026-03-10 09:23:26,556 - root - ERROR - Evaluated LSF:
2026-03-10 09:23:26,557 - root - ERROR - [nan nan nan nan nan nan nan nan nan nan nan nan nan nan nan nan nan nan
 nan nan nan nan nan nan nan nan nan nan nan nan nan nan nan nan nan nan
 nan nan nan nan nan nan nan nan nan nan nan nan nan nan nan nan nan nan
 nan nan nan nan nan nan nan nan nan nan nan nan nan nan nan nan nan nan
 nan]
2026-03-10 09:23:27,212 - root - ERROR - NaN value detected in oversampled model function.
2026-03-10 09:23:27,213 - root - ERROR - <ParameterSet (values: 17)>
    cont_intercept  =  10667.051718630108
    cont_slope      =  -7.970201709071057
    iod_depth       =  0.9544490953965243
    lsf_left_1      =  10.141050598457717
    lsf_left_2      =  -17.8089785430778
    lsf_left_3      =  3.2191345509614786
    lsf_left_4      =  -3.9192580089659073
    lsf_left_5      =  0.6837930866687599
    lsf_right1      =  2.2825776205106454
    lsf_right2      =  -18.826155950374474
    lsf_right3      =  1.480976351760631
    lsf_right4      =  -3.8033101735795616
    lsf_right5      =  0.6797307907159115
    tem_depth       =  0.9667706301953948
    velocity        =  -26097.365172234084
    wave_intercept  =  4997.453887102192
    wave_slope      =  0.012184764149988323
2026-03-10 09:23:27,214 - root - ERROR - Evaluated LSF:
2026-03-10 09:23:27,215 - root - ERROR - [nan nan nan nan nan nan nan nan nan nan nan nan nan nan nan nan nan nan
 nan nan nan nan nan nan nan nan nan nan nan nan nan nan nan nan nan nan
 nan nan nan nan nan nan nan nan nan nan nan nan nan nan nan nan nan nan
 nan nan nan nan nan nan nan nan nan nan nan nan nan nan nan nan nan nan
 nan]
2026-03-10 09:23:27,736 - root - ERROR - NaN value detected in oversampled model function.
2026-03-10 09:23:27,738 - root - ERROR - <ParameterSet (values: 17)>
    cont_intercept  =  3663.739933780715
    cont_slope      =  -4.4404374635406825
    iod_depth       =  0.9623641401164276
    lsf_left_1      =  4.536261852365097
    lsf_left_2      =  -8.15447715981514
    lsf_left_3      =  1.3276092543325428
    lsf_left_4      =  -3.8224855244823783
    lsf_left_5      =  0.5716418799317194
    lsf_right1      =  3.2986114819064003
    lsf_right2      =  -18.276452874026084
    lsf_right3      =  1.2653804639418982
    lsf_right4      =  -3.6376089275140555
    lsf_right5      =  0.5757115973134737
    tem_depth       =  0.9637951963229331
    velocity        =  -25797.325768379338
    wave_intercept  =  5009.998073333926
    wave_slope      =  0.011133465190725356
2026-03-10 09:23:27,739 - root - ERROR - Evaluated LSF:
2026-03-10 09:23:27,740 - root - ERROR - [nan nan nan nan nan nan nan nan nan nan nan nan nan nan nan nan nan nan
 nan nan nan nan nan nan nan nan nan nan nan nan nan nan nan nan nan nan
 nan nan nan nan nan nan nan nan nan nan nan nan nan nan nan nan nan nan
 nan nan nan nan nan nan nan nan nan nan nan nan nan nan nan nan nan nan
 nan]
2026-03-10 09:23:34,464 - root - ERROR - NaN value detected in oversampled model function.
2026-03-10 09:23:34,472 - root - ERROR - <ParameterSet (values: 17)>
    cont_intercept  =  6050.485871295509
    cont_slope      =  -5.026955753415784
    iod_depth       =  1.025705540732675
    lsf_left_1      =  3.4346585888965087
    lsf_left_2      =  -14.961097271649086
    lsf_left_3      =  1.2257323560292952
    lsf_left_4      =  -3.194836128387384
    lsf_left_5      =  0.16664989169512817
    lsf_right1      =  4.31875822329407
    lsf_right2      =  -8.068748633878343
    lsf_right3      =  1.3297829233219143
    lsf_right4      =  -3.8332242252467092
    lsf_right5      =  1.2501123443813922
    tem_depth       =  0.9877455997711844
    velocity        =  -25987.581968906088
    wave_intercept  =  5090.05585087909
    wave_slope      =  0.011520798163602606
2026-03-10 09:23:34,477 - root - ERROR - Evaluated LSF:
2026-03-10 09:23:34,479 - root - ERROR - [nan nan nan nan nan nan nan nan nan nan nan nan nan nan nan nan nan nan
 nan nan nan nan nan nan nan nan nan nan nan nan nan nan nan nan nan nan
 nan nan nan nan nan nan nan nan nan nan nan nan nan nan nan nan nan nan
 nan nan nan nan nan nan nan nan nan nan nan nan nan nan nan nan nan nan
 nan]
2026-03-10 09:23:35,895 - root - ERROR - NaN value detected in oversampled model function.
2026-03-10 09:23:35,896 - root - ERROR - <ParameterSet (values: 17)>
    cont_intercept  =  16266.22657009072
    cont_slope      =  9.889715085854036
    iod_depth       =  1.1168617209573455
    lsf_left_1      =  5.148394621635543
    lsf_left_2      =  -16.165951635939432
    lsf_left_3      =  2.2204098031931623
    lsf_left_4      =  -3.9196876560469995
    lsf_left_5      =  0.5668143441832474
    lsf_right1      =  3.6800127182310574
    lsf_right2      =  -16.556284389638325
    lsf_right3      =  1.4363991717033202
    lsf_right4      =  -3.031045038803891
    lsf_right5      =  0.2731030821511664
    tem_depth       =  1.0413601212260621
    velocity        =  -26087.748343418625
    wave_intercept  =  5091.306452028877
    wave_slope      =  0.01491124078852396
2026-03-10 09:23:35,897 - root - ERROR - Evaluated LSF:
2026-03-10 09:23:35,898 - root - ERROR - [nan nan nan nan nan nan nan nan nan nan nan nan nan nan nan nan nan nan
 nan nan nan nan nan nan nan nan nan nan nan nan nan nan nan nan nan nan
 nan nan nan nan nan nan nan nan nan nan nan nan nan nan nan nan nan nan
 nan nan nan nan nan nan nan nan nan nan nan nan nan nan nan nan nan nan
 nan]
2026-03-10 09:23:48,828 - root - ERROR - NaN value detected in oversampled model function.
2026-03-10 09:23:48,829 - root - ERROR - <ParameterSet (values: 17)>
    cont_intercept  =  22020.33477956486
    cont_slope      =  8.998155413988513
    iod_depth       =  0.8682449501918561
    lsf_left_1      =  2.909717049156611
    lsf_left_2      =  -17.274087584297273
    lsf_left_3      =  5.182234158177595
    lsf_left_4      =  -2.2200011390939878
    lsf_left_5      =  0.9247893697131395
    lsf_right1      =  2.3745583539221085
    lsf_right2      =  -8.496805103175499
    lsf_right3      =  1.2247590597516484
    lsf_right4      =  -0.5936382538097296
    lsf_right5      =  0.19046414928117264
    tem_depth       =  1.0190527230673398
    velocity        =  -25825.532665044822
    wave_intercept  =  5220.005861041889
    wave_slope      =  0.015440410424138882
2026-03-10 09:23:48,830 - root - ERROR - Evaluated LSF:
2026-03-10 09:23:48,831 - root - ERROR - [nan nan nan nan nan nan nan nan nan nan nan nan nan nan nan nan nan nan
 nan nan nan nan nan nan nan nan nan nan nan nan nan nan nan nan nan nan
 nan nan nan nan nan nan nan nan nan nan nan nan nan nan nan nan nan nan
 nan nan nan nan nan nan nan nan nan nan nan nan nan nan nan nan nan nan
 nan]
2026-03-10 09:23:55,377 - root - ERROR - NaN value detected in oversampled model function.
2026-03-10 09:23:55,378 - root - ERROR - <ParameterSet (values: 17)>
    cont_intercept  =  17152.584870685358
    cont_slope      =  -12.027693278977512
    iod_depth       =  0.9620677539739346
    lsf_left_1      =  2.4459734858474373
    lsf_left_2      =  -13.053256445818128
    lsf_left_3      =  1.740179473039861
    lsf_left_4      =  -1.8744904775558089
    lsf_left_5      =  0.6654456119716631
    lsf_right1      =  3.0922500773879853
    lsf_right2      =  -8.62675357813168
    lsf_right3      =  2.727725679267456
    lsf_right4      =  -3.9119636574082413
    lsf_right5      =  1.1645575517576066
    tem_depth       =  0.9864386715044146
    velocity        =  -25946.496810107594
    wave_intercept  =  5300.5423509760485
    wave_slope      =  0.01277527594035026
2026-03-10 09:23:55,379 - root - ERROR - Evaluated LSF:
2026-03-10 09:23:55,380 - root - ERROR - [nan nan nan nan nan nan nan nan nan nan nan nan nan nan nan nan nan nan
 nan nan nan nan nan nan nan nan nan nan nan nan nan nan nan nan nan nan
 nan nan nan nan nan nan nan nan nan nan nan nan nan nan nan nan nan nan
 nan nan nan nan nan nan nan nan nan nan nan nan nan nan nan nan nan nan
 nan]
2026-03-10 09:23:59,435 - root - ERROR - NaN value detected in oversampled model function.
2026-03-10 09:23:59,436 - root - ERROR - <ParameterSet (values: 17)>
    cont_intercept  =  13527.352291023008
    cont_slope      =  -11.418408154376465
    iod_depth       =  0.9814545684116892
    lsf_left_1      =  5.404172314971314
    lsf_left_2      =  -16.60216741337594
    lsf_left_3      =  10.756587302374818
    lsf_left_4      =  -3.643212014403488
    lsf_left_5      =  0.33719213233537676
    lsf_right1      =  4.434759455733719
    lsf_right2      =  -9.129226362884962
    lsf_right3      =  1.8980221338889578
    lsf_right4      =  -1.200945842177525
    lsf_right5      =  0.4419237937646057
    tem_depth       =  1.038113588694803
    velocity        =  -24937.16283500421
    wave_intercept  =  5354.140393151219
    wave_slope      =  0.012242287930714572
2026-03-10 09:23:59,437 - root - ERROR - Evaluated LSF:
2026-03-10 09:23:59,438 - root - ERROR - [nan nan nan nan nan nan nan nan nan nan nan nan nan nan nan nan nan nan
 nan nan nan nan nan nan nan nan nan nan nan nan nan nan nan nan nan nan
 nan nan nan nan nan nan nan nan nan nan nan nan nan nan nan nan nan nan
 nan nan nan nan nan nan nan nan nan nan nan nan nan nan nan nan nan nan
 nan]
2026-03-10 09:24:00,369 - root - ERROR - NaN value detected in oversampled model function.
2026-03-10 09:24:00,370 - root - ERROR - <ParameterSet (values: 17)>
    cont_intercept  =  17423.523822218034
    cont_slope      =  17.283022227380627
    iod_depth       =  1.026257286349859
    lsf_left_1      =  2.2825539030556787
    lsf_left_2      =  -15.32730062217946
    lsf_left_3      =  9.78249328701369
    lsf_left_4      =  -3.9196588666236134
    lsf_left_5      =  0.15799396371788413
    lsf_right1      =  3.0922245255381497
    lsf_right2      =  -18.548317229898256
    lsf_right3      =  1.6547579225559503
    lsf_right4      =  -2.18979738848045
    lsf_right5      =  0.49830346111285856
    tem_depth       =  0.994568076620865
    velocity        =  -26053.453238370654
    wave_intercept  =  5349.648744206992
    wave_slope      =  0.016459024028596832
2026-03-10 09:24:00,371 - root - ERROR - Evaluated LSF:
2026-03-10 09:24:00,372 - root - ERROR - [nan nan nan nan nan nan nan nan nan nan nan nan nan nan nan nan nan nan
 nan nan nan nan nan nan nan nan nan nan nan nan nan nan nan nan nan nan
 nan nan nan nan nan nan nan nan nan nan nan nan nan nan nan nan nan nan
 nan nan nan nan nan nan nan nan nan nan nan nan nan nan nan nan nan nan
 nan]
2026-03-10 09:24:04,505 - root - ERROR - NaN value detected in oversampled model function.
2026-03-10 09:24:04,506 - root - ERROR - <ParameterSet (values: 17)>
    cont_intercept  =  26660.34306472487
    cont_slope      =  5.24951578214177
    iod_depth       =  1.0543870750590083
    lsf_left_1      =  6.754122979811021
    lsf_left_2      =  -12.220491304641834
    lsf_left_3      =  3.2518883205048277
    lsf_left_4      =  -2.7346026215102777
    lsf_left_5      =  1.0197784395527383
    lsf_right1      =  2.727765994741833
    lsf_right2      =  -10.572992775667428
    lsf_right3      =  2.364196963573169
    lsf_right4      =  -3.074817040460503
    lsf_right5      =  0.5651634823443903
    tem_depth       =  0.9717060610713646
    velocity        =  -25903.924757754874
    wave_intercept  =  5402.876549180737
    wave_slope      =  0.01613482058077225
2026-03-10 09:24:04,508 - root - ERROR - Evaluated LSF:
2026-03-10 09:24:04,509 - root - ERROR - [nan nan nan nan nan nan nan nan nan nan nan nan nan nan nan nan nan nan
 nan nan nan nan nan nan nan nan nan nan nan nan nan nan nan nan nan nan
 nan nan nan nan nan nan nan nan nan nan nan nan nan nan nan nan nan nan
 nan nan nan nan nan nan nan nan nan nan nan nan nan nan nan nan nan nan
 nan]
2026-03-10 09:24:15,765 - root - ERROR - NaN value detected in oversampled model function.
2026-03-10 09:24:15,766 - root - ERROR - <ParameterSet (values: 17)>
    cont_intercept  =  14414.157988390401
    cont_slope      =  -12.377459962165936
    iod_depth       =  0.951660593348998
    lsf_left_1      =  4.289114964097624
    lsf_left_2      =  -11.101381044714566
    lsf_left_3      =  4.145304174378337
    lsf_left_4      =  -2.095491108863798
    lsf_left_5      =  0.2214173805048938
    lsf_right1      =  2.364373373442282
    lsf_right2      =  -9.5938444866082
    lsf_right3      =  2.7348111453204345
    lsf_right4      =  -3.396023958377693
    lsf_right5      =  0.7929092715611584
    tem_depth       =  0.958426476561646
    velocity        =  -25869.829845930424
    wave_intercept  =  5547.074344208282
    wave_slope      =  0.012685387802879967
2026-03-10 09:24:15,767 - root - ERROR - Evaluated LSF:
2026-03-10 09:24:15,768 - root - ERROR - [nan nan nan nan nan nan nan nan nan nan nan nan nan nan nan nan nan nan
 nan nan nan nan nan nan nan nan nan nan nan nan nan nan nan nan nan nan
 nan nan nan nan nan nan nan nan nan nan nan nan nan nan nan nan nan nan
 nan nan nan nan nan nan nan nan nan nan nan nan nan nan nan nan nan nan
 nan]
2026-03-10 09:24:34,894 - root - ERROR - NaN value detected in oversampled model function.
2026-03-10 09:24:34,896 - root - ERROR - <ParameterSet (values: 17)>
    cont_intercept  =  24861.234591165907
    cont_slope      =  21.25760069425007
    iod_depth       =  0.9736242798004142
    lsf_left_1      =  7.083713342131614
    lsf_left_2      =  -17.98045860640732
    lsf_left_3      =  9.892743628363956
    lsf_left_4      =  -3.8730741572414114
    lsf_left_5      =  0.25444365282868187
    lsf_right1      =  3.2073471759081498
    lsf_right2      =  -16.63197434528628
    lsf_right3      =  2.3576229157505346
    lsf_right4      =  -3.531066928516035
    lsf_right5      =  1.2408556747665247
    tem_depth       =  1.1698255432869076
    velocity        =  -25827.180567155836
    wave_intercept  =  5749.149249930686
    wave_slope      =  0.017991247232550897
2026-03-10 09:24:34,897 - root - ERROR - Evaluated LSF:
2026-03-10 09:24:34,898 - root - ERROR - [nan nan nan nan nan nan nan nan nan nan nan nan nan nan nan nan nan nan
 nan nan nan nan nan nan nan nan nan nan nan nan nan nan nan nan nan nan
 nan nan nan nan nan nan nan nan nan nan nan nan nan nan nan nan nan nan
 nan nan nan nan nan nan nan nan nan nan nan nan nan nan nan nan nan nan
 nan]
2026-03-10 09:24:44,190 - root - ERROR - NaN value detected in oversampled model function.
2026-03-10 09:24:44,191 - root - ERROR - <ParameterSet (values: 17)>
    cont_intercept  =  58788.67553354511
    cont_slope      =  27.819214541109147
    iod_depth       =  1.0478603909347382
    lsf_left_1      =  4.4992382140237845
    lsf_left_2      =  -16.690834454725362
    lsf_left_3      =  2.287574944471777
    lsf_left_4      =  -0.6421102525230213
    lsf_left_5      =  0.36271674357905115
    lsf_right1      =  8.282056516299814
    lsf_right2      =  -15.583533201297417
    lsf_right3      =  1.6366474353148053
    lsf_right4      =  -3.481438097906083
    lsf_right5      =  1.1499090305950403
    tem_depth       =  1.5449925665815911
    velocity        =  -25766.704882061593
    wave_intercept  =  5874.587932603182
    wave_slope      =  0.017209569954365563
2026-03-10 09:24:44,193 - root - ERROR - Evaluated LSF:
2026-03-10 09:24:44,194 - root - ERROR - [nan nan nan nan nan nan nan nan nan nan nan nan nan nan nan nan nan nan
 nan nan nan nan nan nan nan nan nan nan nan nan nan nan nan nan nan nan
 nan nan nan nan nan nan nan nan nan nan nan nan nan nan nan nan nan nan
 nan nan nan nan nan nan nan nan nan nan nan nan nan nan nan nan nan nan
 nan]
2026-03-10 09:24:45,100 - root - ERROR - NaN value detected in oversampled model function.
2026-03-10 09:24:45,101 - root - ERROR - <ParameterSet (values: 17)>
    cont_intercept  =  41657.33970116933
    cont_slope      =  6.479400086407422
    iod_depth       =  1.0525550894424467
    lsf_left_1      =  2.3948342549219563
    lsf_left_2      =  -5.481334298203901
    lsf_left_3      =  2.999247644313985
    lsf_left_4      =  -3.919688494699246
    lsf_left_5      =  0.787687291149866
    lsf_right1      =  4.3466744918633475
    lsf_right2      =  -14.167500126653197
    lsf_right3      =  7.180183013209725
    lsf_right4      =  -2.7005027095844385
    lsf_right5      =  0.273733360612488
    tem_depth       =  0.9673618543809872
    velocity        =  -25748.79931231533
    wave_intercept  =  5890.449597746303
    wave_slope      =  0.015938670912585003
2026-03-10 09:24:45,102 - root - ERROR - Evaluated LSF:
2026-03-10 09:24:45,103 - root - ERROR - [nan nan nan nan nan nan nan nan nan nan nan nan nan nan nan nan nan nan
 nan nan nan nan nan nan nan nan nan nan nan nan nan nan nan nan nan nan
 nan nan nan nan nan nan nan nan nan nan nan nan nan nan nan nan nan nan
 nan nan nan nan nan nan nan nan nan nan nan nan nan nan nan nan nan nan
 nan]
2026-03-10 09:24:45,120 - root - ERROR - NaN value detected in oversampled model function.
2026-03-10 09:24:45,121 - root - ERROR - <ParameterSet (values: 17)>
    cont_intercept  =  54812.59262840006
    cont_slope      =  -3.6339658296214665
    iod_depth       =  1.103732651232027
    lsf_left_1      =  8.624495416801926
    lsf_left_2      =  -18.789120934990088
    lsf_left_3      =  8.13120072637462
    lsf_left_4      =  -2.637163463589255
    lsf_left_5      =  0.2135630067933377
    lsf_right1      =  2.295325849567321
    lsf_right2      =  -16.89886086606666
    lsf_right3      =  5.258433068012087
    lsf_right4      =  -3.739553499961
    lsf_right5      =  0.9477735957514036
    tem_depth       =  0.9869862335370099
    velocity        =  -25935.14111448164
    wave_intercept  =  5892.346398815899
    wave_slope      =  0.015786210289570373
2026-03-10 09:24:45,122 - root - ERROR - Evaluated LSF:
2026-03-10 09:24:45,123 - root - ERROR - [nan nan nan nan nan nan nan nan nan nan nan nan nan nan nan nan nan nan
 nan nan nan nan nan nan nan nan nan nan nan nan nan nan nan nan nan nan
 nan nan nan nan nan nan nan nan nan nan nan nan nan nan nan nan nan nan
 nan nan nan nan nan nan nan nan nan nan nan nan nan nan nan nan nan nan
 nan]
2026-03-10 09:24:47,166 - root - ERROR - NaN value detected in oversampled model function.
2026-03-10 09:24:47,167 - root - ERROR - <ParameterSet (values: 17)>
    cont_intercept  =  33293.97917682141
    cont_slope      =  31.247353876538476
    iod_depth       =  1.0359755133153532
    lsf_left_1      =  2.8780421755477357
    lsf_left_2      =  -12.06281117427948
    lsf_left_3      =  1.6238077861815055
    lsf_left_4      =  -2.6700925386183374
    lsf_left_5      =  0.5232242131809961
    lsf_right1      =  2.5842803207079275
    lsf_right2      =  -16.729083575478413
    lsf_right3      =  6.069745156090765
    lsf_right4      =  -3.428145395497862
    lsf_right5      =  0.9775123577869453
    tem_depth       =  1.0137049938042186
    velocity        =  -26084.604707524333
    wave_intercept  =  5916.602704491256
    wave_slope      =  0.018551160718570443
2026-03-10 09:24:47,168 - root - ERROR - Evaluated LSF:
2026-03-10 09:24:47,169 - root - ERROR - [nan nan nan nan nan nan nan nan nan nan nan nan nan nan nan nan nan nan
 nan nan nan nan nan nan nan nan nan nan nan nan nan nan nan nan nan nan
 nan nan nan nan nan nan nan nan nan nan nan nan nan nan nan nan nan nan
 nan nan nan nan nan nan nan nan nan nan nan nan nan nan nan nan nan nan
 nan]
2026-03-10 09:24:52,680 - root - ERROR - NaN value detected in oversampled model function.
2026-03-10 09:24:52,682 - root - ERROR - <ParameterSet (values: 17)>
    cont_intercept  =  63593.87687519835
    cont_slope      =  -3.7309509059515067
    iod_depth       =  1.016051688535014
    lsf_left_1      =  4.95451767241271
    lsf_left_2      =  -16.178726170855644
    lsf_left_3      =  8.46293255885136
    lsf_left_4      =  -3.841596209158866
    lsf_left_5      =  0.15712561228580302
    lsf_right1      =  5.18912985251014
    lsf_right2      =  -17.306440413215263
    lsf_right3      =  2.056115557600436
    lsf_right4      =  -2.459893376950918
    lsf_right5      =  0.44759046737639424
    tem_depth       =  1.0303031715224986
    velocity        =  -25665.52314440424
    wave_intercept  =  6000.027392440443
    wave_slope      =  0.01671305497091459
2026-03-10 09:24:52,683 - root - ERROR - Evaluated LSF:
2026-03-10 09:24:52,684 - root - ERROR - [nan nan nan nan nan nan nan nan nan nan nan nan nan nan nan nan nan nan
 nan nan nan nan nan nan nan nan nan nan nan nan nan nan nan nan nan nan
 nan nan nan nan nan nan nan nan nan nan nan nan nan nan nan nan nan nan
 nan nan nan nan nan nan nan nan nan nan nan nan nan nan nan nan nan nan
 nan]
2026-03-10 09:24:54,844 - root - ERROR - NaN value detected in oversampled model function.
2026-03-10 09:24:54,845 - root - ERROR - <ParameterSet (values: 17)>
    cont_intercept  =  30238.58251045863
    cont_slope      =  37.40805041745049
    iod_depth       =  0.35711873037189834
    lsf_left_1      =  2.5932930620532355
    lsf_left_2      =  -18.828366288011896
    lsf_left_3      =  1.7761796574532553
    lsf_left_4      =  -0.6931255245940107
    lsf_left_5      =  0.6246576825556407
    lsf_right1      =  11.632085537974957
    lsf_right2      =  -18.823078658324693
    lsf_right3      =  1.2243076527016763
    lsf_right4      =  -3.9178212922104376
    lsf_right5      =  0.5478623517542109
    tem_depth       =  0.8523822151271375
    velocity        =  -25946.66258795002
    wave_intercept  =  6029.251608598524
    wave_slope      =  0.019300664464983117
2026-03-10 09:24:54,846 - root - ERROR - Evaluated LSF:
2026-03-10 09:24:54,847 - root - ERROR - [nan nan nan nan nan nan nan nan nan nan nan nan nan nan nan nan nan nan
 nan nan nan nan nan nan nan nan nan nan nan nan nan nan nan nan nan nan
 nan nan nan nan nan nan nan nan nan nan nan nan nan nan nan nan nan nan
 nan nan nan nan nan nan nan nan nan nan nan nan nan nan nan nan nan nan
 nan]
2026-03-10 09:24:57,298 - root - ERROR - NaN value detected in oversampled model function.
2026-03-10 09:24:57,300 - root - ERROR - <ParameterSet (values: 17)>
    cont_intercept  =  62284.55858028432
    cont_slope      =  -22.814814167503183
    iod_depth       =  1.0460982323640344
    lsf_left_1      =  3.1683484574733725
    lsf_left_2      =  -15.642332241265194
    lsf_left_3      =  2.03284776036986
    lsf_left_4      =  -0.5043280005038437
    lsf_left_5      =  0.14644304595196816
    lsf_right1      =  4.559641248147466
    lsf_right2      =  -11.083196013275167
    lsf_right3      =  1.7822794837404092
    lsf_right4      =  -3.808405739405158
    lsf_right5      =  0.48367432624228757
    tem_depth       =  0.7943576822082145
    velocity        =  -26003.466545409094
    wave_intercept  =  6073.121496029633
    wave_slope      =  0.015833096263006826
2026-03-10 09:24:57,301 - root - ERROR - Evaluated LSF:
2026-03-10 09:24:57,303 - root - ERROR - [nan nan nan nan nan nan nan nan nan nan nan nan nan nan nan nan nan nan
 nan nan nan nan nan nan nan nan nan nan nan nan nan nan nan nan nan nan
 nan nan nan nan nan nan nan nan nan nan nan nan nan nan nan nan nan nan
 nan nan nan nan nan nan nan nan nan nan nan nan nan nan nan nan nan nan
 nan]
2026-03-10 09:24:59,254 - root - ERROR - NaN value detected in oversampled model function.
2026-03-10 09:24:59,255 - root - ERROR - <ParameterSet (values: 17)>
    cont_intercept  =  42745.99793885859
    cont_slope      =  35.65926021757046
    iod_depth       =  0.8262411184115499
    lsf_left_1      =  2.335777616263572
    lsf_left_2      =  -18.647279248298652
    lsf_left_3      =  4.926228040511116
    lsf_left_4      =  -1.090903898013479
    lsf_left_5      =  0.30270916007469506
    lsf_right1      =  2.347800836275409
    lsf_right2      =  -18.646078078649886
    lsf_right3      =  1.999260153552334
    lsf_right4      =  -0.6564850996594171
    lsf_right5      =  0.21112363153887756
    tem_depth       =  0.9876083305316299
    velocity        =  -25804.990793373363
    wave_intercept  =  6096.389085922893
    wave_slope      =  0.018922592332210303
2026-03-10 09:24:59,256 - root - ERROR - Evaluated LSF:
2026-03-10 09:24:59,257 - root - ERROR - [nan nan nan nan nan nan nan nan nan nan nan nan nan nan nan nan nan nan
 nan nan nan nan nan nan nan nan nan nan nan nan nan nan nan nan nan nan
 nan nan nan nan nan nan nan nan nan nan nan nan nan nan nan nan nan nan
 nan nan nan nan nan nan nan nan nan nan nan nan nan nan nan nan nan nan
 nan]
2026-03-10 09:25:02,903 - root - ERROR - NaN value detected in oversampled model function.
2026-03-10 09:25:02,905 - root - ERROR - <ParameterSet (values: 17)>
    cont_intercept  =  29549.19003669737
    cont_slope      =  35.38807057689676
    iod_depth       =  0.13470544359078632
    lsf_left_1      =  2.2825336300464767
    lsf_left_2      =  -13.509511879927356
    lsf_left_3      =  1.3917676461788817
    lsf_left_4      =  -3.7257663448984326
    lsf_left_5      =  1.1483169676693712
    lsf_right1      =  6.357603276758151
    lsf_right2      =  -16.99445181214167
    lsf_right3      =  1.2691543347715497
    lsf_right4      =  -3.4105594368682404
    lsf_right5      =  0.13936385940742774
    tem_depth       =  0.9359013440132944
    velocity        =  -25608.035206247336
    wave_intercept  =  6151.060360992233
    wave_slope      =  0.019159550178690123
2026-03-10 09:25:02,906 - root - ERROR - Evaluated LSF:
2026-03-10 09:25:02,908 - root - ERROR - [nan nan nan nan nan nan nan nan nan nan nan nan nan nan nan nan nan nan
 nan nan nan nan nan nan nan nan nan nan nan nan nan nan nan nan nan nan
 nan nan nan nan nan nan nan nan nan nan nan nan nan nan nan nan nan nan
 nan nan nan nan nan nan nan nan nan nan nan nan nan nan nan nan nan nan
 nan]
2026-03-10 09:25:04,732 - root - ERROR - NaN value detected in oversampled model function.
2026-03-10 09:25:04,733 - root - ERROR - <ParameterSet (values: 17)>
    cont_intercept  =  72150.56706812297
    cont_slope      =  -1.047881568323417
    iod_depth       =  0.8577122818206611
    lsf_left_1      =  2.4935803002882007
    lsf_left_2      =  -10.55518036210173
    lsf_left_3      =  7.1878976858901575
    lsf_left_4      =  -3.722681550608663
    lsf_left_5      =  1.2491205842818949
    lsf_right1      =  7.4851396336276395
    lsf_right2      =  -18.302458833490398
    lsf_right3      =  8.171143293847045
    lsf_right4      =  -2.962388276879978
    lsf_right5      =  0.23726259350280138
    tem_depth       =  1.0107591345403466
    velocity        =  -25834.116595389693
    wave_intercept  =  6185.928912013028
    wave_slope      =  0.016933319679937286
2026-03-10 09:25:04,734 - root - ERROR - Evaluated LSF:
2026-03-10 09:25:04,735 - root - ERROR - [nan nan nan nan nan nan nan nan nan nan nan nan nan nan nan nan nan nan
 nan nan nan nan nan nan nan nan nan nan nan nan nan nan nan nan nan nan
 nan nan nan nan nan nan nan nan nan nan nan nan nan nan nan nan nan nan
 nan nan nan nan nan nan nan nan nan nan nan nan nan nan nan nan nan nan
 nan]
2026-03-10 09:25:09,728 - root - ERROR - Polynomial fitting failed. Falling back to input values
Traceback (most recent call last):
  File "/Users/jaklusmeyer/SONG/pyodine/pyodine/lib/misc.py", line 529, in fit_polynomial
    pfit, stats = np.polynomial.Polynomial.fit(
  File "/Users/jaklusmeyer/miniconda/envs/pyodine_env/lib/python3.9/site-packages/numpy/polynomial/_polybase.py", line 1036, in fit
    xnew = pu.mapdomain(x, domain, window)
  File "/Users/jaklusmeyer/miniconda/envs/pyodine_env/lib/python3.9/site-packages/numpy/polynomial/polyutils.py", line 371, in mapdomain
    off, scl = mapparms(old, new)
  File "/Users/jaklusmeyer/miniconda/envs/pyodine_env/lib/python3.9/site-packages/numpy/polynomial/polyutils.py", line 303, in mapparms
    off = (old[1]*new[0] - old[0]*new[1])/oldlen
ZeroDivisionError: division by zero
2026-03-10 09:25:09,730 - root - ERROR - Polynomial fitting failed. Falling back to input values
Traceback (most recent call last):
  File "/Users/jaklusmeyer/SONG/pyodine/pyodine/lib/misc.py", line 529, in fit_polynomial
    pfit, stats = np.polynomial.Polynomial.fit(
  File "/Users/jaklusmeyer/miniconda/envs/pyodine_env/lib/python3.9/site-packages/numpy/polynomial/_polybase.py", line 1036, in fit
    xnew = pu.mapdomain(x, domain, window)
  File "/Users/jaklusmeyer/miniconda/envs/pyodine_env/lib/python3.9/site-packages/numpy/polynomial/polyutils.py", line 371, in mapdomain
    off, scl = mapparms(old, new)
  File "/Users/jaklusmeyer/miniconda/envs/pyodine_env/lib/python3.9/site-packages/numpy/polynomial/polyutils.py", line 303, in mapparms
    off = (old[1]*new[0] - old[0]*new[1])/oldlen
ZeroDivisionError: division by zero
2026-03-10 09:25:09,731 - root - ERROR - Polynomial fitting failed. Falling back to input values
Traceback (most recent call last):
  File "/Users/jaklusmeyer/SONG/pyodine/pyodine/lib/misc.py", line 529, in fit_polynomial
    pfit, stats = np.polynomial.Polynomial.fit(
  File "/Users/jaklusmeyer/miniconda/envs/pyodine_env/lib/python3.9/site-packages/numpy/polynomial/_polybase.py", line 1036, in fit
    xnew = pu.mapdomain(x, domain, window)
  File "/Users/jaklusmeyer/miniconda/envs/pyodine_env/lib/python3.9/site-packages/numpy/polynomial/polyutils.py", line 371, in mapdomain
    off, scl = mapparms(old, new)
  File "/Users/jaklusmeyer/miniconda/envs/pyodine_env/lib/python3.9/site-packages/numpy/polynomial/polyutils.py", line 303, in mapparms
    off = (old[1]*new[0] - old[0]*new[1])/oldlen
ZeroDivisionError: division by zero
2026-03-10 09:25:09,732 - root - ERROR - Polynomial fitting failed. Falling back to input values
Traceback (most recent call last):
  File "/Users/jaklusmeyer/SONG/pyodine/pyodine/lib/misc.py", line 529, in fit_polynomial
    pfit, stats = np.polynomial.Polynomial.fit(
  File "/Users/jaklusmeyer/miniconda/envs/pyodine_env/lib/python3.9/site-packages/numpy/polynomial/_polybase.py", line 1036, in fit
    xnew = pu.mapdomain(x, domain, window)
  File "/Users/jaklusmeyer/miniconda/envs/pyodine_env/lib/python3.9/site-packages/numpy/polynomial/polyutils.py", line 371, in mapdomain
    off, scl = mapparms(old, new)
  File "/Users/jaklusmeyer/miniconda/envs/pyodine_env/lib/python3.9/site-packages/numpy/polynomial/polyutils.py", line 303, in mapparms
    off = (old[1]*new[0] - old[0]*new[1])/oldlen
ZeroDivisionError: division by zero
2026-03-10 09:25:09,734 - root - ERROR - Polynomial fitting failed. Falling back to input values
Traceback (most recent call last):
  File "/Users/jaklusmeyer/SONG/pyodine/pyodine/lib/misc.py", line 529, in fit_polynomial
    pfit, stats = np.polynomial.Polynomial.fit(
  File "/Users/jaklusmeyer/miniconda/envs/pyodine_env/lib/python3.9/site-packages/numpy/polynomial/_polybase.py", line 1036, in fit
    xnew = pu.mapdomain(x, domain, window)
  File "/Users/jaklusmeyer/miniconda/envs/pyodine_env/lib/python3.9/site-packages/numpy/polynomial/polyutils.py", line 371, in mapdomain
    off, scl = mapparms(old, new)
  File "/Users/jaklusmeyer/miniconda/envs/pyodine_env/lib/python3.9/site-packages/numpy/polynomial/polyutils.py", line 303, in mapparms
    off = (old[1]*new[0] - old[0]*new[1])/oldlen
ZeroDivisionError: division by zero
2026-03-10 09:25:09,735 - root - ERROR - Polynomial fitting failed. Falling back to input values
Traceback (most recent call last):
  File "/Users/jaklusmeyer/SONG/pyodine/pyodine/lib/misc.py", line 529, in fit_polynomial
    pfit, stats = np.polynomial.Polynomial.fit(
  File "/Users/jaklusmeyer/miniconda/envs/pyodine_env/lib/python3.9/site-packages/numpy/polynomial/_polybase.py", line 1036, in fit
    xnew = pu.mapdomain(x, domain, window)
  File "/Users/jaklusmeyer/miniconda/envs/pyodine_env/lib/python3.9/site-packages/numpy/polynomial/polyutils.py", line 371, in mapdomain
    off, scl = mapparms(old, new)
  File "/Users/jaklusmeyer/miniconda/envs/pyodine_env/lib/python3.9/site-packages/numpy/polynomial/polyutils.py", line 303, in mapparms
    off = (old[1]*new[0] - old[0]*new[1])/oldlen
ZeroDivisionError: division by zero
2026-03-10 09:25:09,736 - root - ERROR - Polynomial fitting failed. Falling back to input values
Traceback (most recent call last):
  File "/Users/jaklusmeyer/SONG/pyodine/pyodine/lib/misc.py", line 529, in fit_polynomial
    pfit, stats = np.polynomial.Polynomial.fit(
  File "/Users/jaklusmeyer/miniconda/envs/pyodine_env/lib/python3.9/site-packages/numpy/polynomial/_polybase.py", line 1036, in fit
    xnew = pu.mapdomain(x, domain, window)
  File "/Users/jaklusmeyer/miniconda/envs/pyodine_env/lib/python3.9/site-packages/numpy/polynomial/polyutils.py", line 371, in mapdomain
    off, scl = mapparms(old, new)
  File "/Users/jaklusmeyer/miniconda/envs/pyodine_env/lib/python3.9/site-packages/numpy/polynomial/polyutils.py", line 303, in mapparms
    off = (old[1]*new[0] - old[0]*new[1])/oldlen
ZeroDivisionError: division by zero
2026-03-10 09:25:09,746 - root - ERROR - Polynomial fitting failed. Falling back to input values
Traceback (most recent call last):
  File "/Users/jaklusmeyer/SONG/pyodine/pyodine/lib/misc.py", line 529, in fit_polynomial
    pfit, stats = np.polynomial.Polynomial.fit(
  File "/Users/jaklusmeyer/miniconda/envs/pyodine_env/lib/python3.9/site-packages/numpy/polynomial/_polybase.py", line 1036, in fit
    xnew = pu.mapdomain(x, domain, window)
  File "/Users/jaklusmeyer/miniconda/envs/pyodine_env/lib/python3.9/site-packages/numpy/polynomial/polyutils.py", line 371, in mapdomain
    off, scl = mapparms(old, new)
  File "/Users/jaklusmeyer/miniconda/envs/pyodine_env/lib/python3.9/site-packages/numpy/polynomial/polyutils.py", line 303, in mapparms
    off = (old[1]*new[0] - old[0]*new[1])/oldlen
ZeroDivisionError: division by zero
2026-03-10 09:25:09,748 - root - ERROR - Polynomial fitting failed. Falling back to input values
Traceback (most recent call last):
  File "/Users/jaklusmeyer/SONG/pyodine/pyodine/lib/misc.py", line 529, in fit_polynomial
    pfit, stats = np.polynomial.Polynomial.fit(
  File "/Users/jaklusmeyer/miniconda/envs/pyodine_env/lib/python3.9/site-packages/numpy/polynomial/_polybase.py", line 1036, in fit
    xnew = pu.mapdomain(x, domain, window)
  File "/Users/jaklusmeyer/miniconda/envs/pyodine_env/lib/python3.9/site-packages/numpy/polynomial/polyutils.py", line 371, in mapdomain
    off, scl = mapparms(old, new)
  File "/Users/jaklusmeyer/miniconda/envs/pyodine_env/lib/python3.9/site-packages/numpy/polynomial/polyutils.py", line 303, in mapparms
    off = (old[1]*new[0] - old[0]*new[1])/oldlen
ZeroDivisionError: division by zero
2026-03-10 09:25:09,749 - root - ERROR - Polynomial fitting failed. Falling back to input values
Traceback (most recent call last):
  File "/Users/jaklusmeyer/SONG/pyodine/pyodine/lib/misc.py", line 529, in fit_polynomial
    pfit, stats = np.polynomial.Polynomial.fit(
  File "/Users/jaklusmeyer/miniconda/envs/pyodine_env/lib/python3.9/site-packages/numpy/polynomial/_polybase.py", line 1036, in fit
    xnew = pu.mapdomain(x, domain, window)
  File "/Users/jaklusmeyer/miniconda/envs/pyodine_env/lib/python3.9/site-packages/numpy/polynomial/polyutils.py", line 371, in mapdomain
    off, scl = mapparms(old, new)
  File "/Users/jaklusmeyer/miniconda/envs/pyodine_env/lib/python3.9/site-packages/numpy/polynomial/polyutils.py", line 303, in mapparms
    off = (old[1]*new[0] - old[0]*new[1])/oldlen
ZeroDivisionError: division by zero
2026-03-10 09:25:09,751 - root - ERROR - Polynomial fitting failed. Falling back to input values
Traceback (most recent call last):
  File "/Users/jaklusmeyer/SONG/pyodine/pyodine/lib/misc.py", line 529, in fit_polynomial
    pfit, stats = np.polynomial.Polynomial.fit(
  File "/Users/jaklusmeyer/miniconda/envs/pyodine_env/lib/python3.9/site-packages/numpy/polynomial/_polybase.py", line 1036, in fit
    xnew = pu.mapdomain(x, domain, window)
  File "/Users/jaklusmeyer/miniconda/envs/pyodine_env/lib/python3.9/site-packages/numpy/polynomial/polyutils.py", line 371, in mapdomain
    off, scl = mapparms(old, new)
  File "/Users/jaklusmeyer/miniconda/envs/pyodine_env/lib/python3.9/site-packages/numpy/polynomial/polyutils.py", line 303, in mapparms
    off = (old[1]*new[0] - old[0]*new[1])/oldlen
ZeroDivisionError: division by zero
2026-03-10 09:25:09,752 - root - ERROR - Polynomial fitting failed. Falling back to input values
Traceback (most recent call last):
  File "/Users/jaklusmeyer/SONG/pyodine/pyodine/lib/misc.py", line 529, in fit_polynomial
    pfit, stats = np.polynomial.Polynomial.fit(
  File "/Users/jaklusmeyer/miniconda/envs/pyodine_env/lib/python3.9/site-packages/numpy/polynomial/_polybase.py", line 1036, in fit
    xnew = pu.mapdomain(x, domain, window)
  File "/Users/jaklusmeyer/miniconda/envs/pyodine_env/lib/python3.9/site-packages/numpy/polynomial/polyutils.py", line 371, in mapdomain
    off, scl = mapparms(old, new)
  File "/Users/jaklusmeyer/miniconda/envs/pyodine_env/lib/python3.9/site-packages/numpy/polynomial/polyutils.py", line 303, in mapparms
    off = (old[1]*new[0] - old[0]*new[1])/oldlen
ZeroDivisionError: division by zero
2026-03-10 09:25:09,753 - root - ERROR - Polynomial fitting failed. Falling back to input values
Traceback (most recent call last):
  File "/Users/jaklusmeyer/SONG/pyodine/pyodine/lib/misc.py", line 529, in fit_polynomial
    pfit, stats = np.polynomial.Polynomial.fit(
  File "/Users/jaklusmeyer/miniconda/envs/pyodine_env/lib/python3.9/site-packages/numpy/polynomial/_polybase.py", line 1036, in fit
    xnew = pu.mapdomain(x, domain, window)
  File "/Users/jaklusmeyer/miniconda/envs/pyodine_env/lib/python3.9/site-packages/numpy/polynomial/polyutils.py", line 371, in mapdomain
    off, scl = mapparms(old, new)
  File "/Users/jaklusmeyer/miniconda/envs/pyodine_env/lib/python3.9/site-packages/numpy/polynomial/polyutils.py", line 303, in mapparms
    off = (old[1]*new[0] - old[0]*new[1])/oldlen
ZeroDivisionError: division by zero
2026-03-10 09:25:09,755 - root - ERROR - Polynomial fitting failed. Falling back to input values
Traceback (most recent call last):
  File "/Users/jaklusmeyer/SONG/pyodine/pyodine/lib/misc.py", line 529, in fit_polynomial
    pfit, stats = np.polynomial.Polynomial.fit(
  File "/Users/jaklusmeyer/miniconda/envs/pyodine_env/lib/python3.9/site-packages/numpy/polynomial/_polybase.py", line 1036, in fit
    xnew = pu.mapdomain(x, domain, window)
  File "/Users/jaklusmeyer/miniconda/envs/pyodine_env/lib/python3.9/site-packages/numpy/polynomial/polyutils.py", line 371, in mapdomain
    off, scl = mapparms(old, new)
  File "/Users/jaklusmeyer/miniconda/envs/pyodine_env/lib/python3.9/site-packages/numpy/polynomial/polyutils.py", line 303, in mapparms
    off = (old[1]*new[0] - old[0]*new[1])/oldlen
ZeroDivisionError: division by zero
2026-03-10 09:25:12,367 - root - ERROR - NaN value detected in iodine function.
2026-03-10 09:25:12,368 - root - ERROR - Chunk could not be plotted
Traceback (most recent call last):
  File "/Users/jaklusmeyer/SONG/pyodine/pyodine/plot_lib.py", line 62, in plot_chunkmodel
    sp = fit_results[chunk_nr].fitted_spectrum
  File "/Users/jaklusmeyer/SONG/pyodine/pyodine/fitters/base.py", line 45, in fitted_spectrum
    return self.model.eval_spectrum(self.chunk, self.params, chunk_ind=self.chunk_ind)
  File "/Users/jaklusmeyer/SONG/pyodine/pyodine/models/base.py", line 79, in eval_spectrum
    flux = self.eval(chunk, params, chunk_ind=chunk_ind, **kwargs)
  File "/Users/jaklusmeyer/SONG/pyodine/pyodine/models/spectrum.py", line 138, in eval
    tck = splrep(tem.wave * doppler, flux_tem, s=0)
  File "/Users/jaklusmeyer/miniconda/envs/pyodine_env/lib/python3.9/site-packages/scipy/interpolate/_fitpack_py.py", line 295, in splrep
    res = _impl.splrep(x, y, w, xb, xe, k, task, s, t, full_output, per, quiet)
  File "/Users/jaklusmeyer/miniconda/envs/pyodine_env/lib/python3.9/site-packages/scipy/interpolate/_fitpack_impl.py", line 276, in splrep
    n, c, fp, ier = dfitpack.curfit(task, x, y, w, t, wrk, iwrk,
dfitpack.error: (xb<=x[0]) failed for 1st keyword xb: curfit:xb=nan
2026-03-10 09:25:12,657 - root - ERROR - NaN value detected in iodine function.
2026-03-10 09:25:12,659 - root - ERROR - Chunk could not be plotted
Traceback (most recent call last):
  File "/Users/jaklusmeyer/SONG/pyodine/pyodine/plot_lib.py", line 62, in plot_chunkmodel
    sp = fit_results[chunk_nr].fitted_spectrum
  File "/Users/jaklusmeyer/SONG/pyodine/pyodine/fitters/base.py", line 45, in fitted_spectrum
    return self.model.eval_spectrum(self.chunk, self.params, chunk_ind=self.chunk_ind)
  File "/Users/jaklusmeyer/SONG/pyodine/pyodine/models/base.py", line 79, in eval_spectrum
    flux = self.eval(chunk, params, chunk_ind=chunk_ind, **kwargs)
  File "/Users/jaklusmeyer/SONG/pyodine/pyodine/models/spectrum.py", line 138, in eval
    tck = splrep(tem.wave * doppler, flux_tem, s=0)
  File "/Users/jaklusmeyer/miniconda/envs/pyodine_env/lib/python3.9/site-packages/scipy/interpolate/_fitpack_py.py", line 295, in splrep
    res = _impl.splrep(x, y, w, xb, xe, k, task, s, t, full_output, per, quiet)
  File "/Users/jaklusmeyer/miniconda/envs/pyodine_env/lib/python3.9/site-packages/scipy/interpolate/_fitpack_impl.py", line 276, in splrep
    n, c, fp, ier = dfitpack.curfit(task, x, y, w, t, wrk, iwrk,
dfitpack.error: (xb<=x[0]) failed for 1st keyword xb: curfit:xb=nan
