2026-03-10 09:29:51,319 - root - ERROR - Chunk 0: No Data! Returning LmfitResult with None.
2026-03-10 09:29:51,320 - root - ERROR - Chunk 1: No Data! Returning LmfitResult with None.
2026-03-10 09:29:51,321 - root - ERROR - Chunk 2: No Data! Returning LmfitResult with None.
2026-03-10 09:29:51,322 - root - ERROR - Chunk 3: No Data! Returning LmfitResult with None.
2026-03-10 09:29:51,323 - root - ERROR - Chunk 4: No Data! Returning LmfitResult with None.
2026-03-10 09:29:51,324 - root - ERROR - Chunk 5: No Data! Returning LmfitResult with None.
2026-03-10 09:29:51,325 - root - ERROR - Chunk 6: No Data! Returning LmfitResult with None.
2026-03-10 09:29:51,326 - root - ERROR - Chunk 7: No Data! Returning LmfitResult with None.
2026-03-10 09:29:51,327 - root - ERROR - Chunk 8: No Data! Returning LmfitResult with None.
2026-03-10 09:29:51,328 - root - ERROR - Chunk 9: No Data! Returning LmfitResult with None.
2026-03-10 09:29:51,329 - root - ERROR - Chunk 10: No Data! Returning LmfitResult with None.
2026-03-10 09:29:51,330 - root - ERROR - Chunk 11: No Data! Returning LmfitResult with None.
2026-03-10 09:29:51,331 - root - ERROR - Chunk 12: No Data! Returning LmfitResult with None.
2026-03-10 09:29:51,332 - root - ERROR - Chunk 13: No Data! Returning LmfitResult with None.
2026-03-10 09:29:51,333 - root - ERROR - Chunk 14: No Data! Returning LmfitResult with None.
2026-03-10 09:29:51,334 - root - ERROR - Chunk 15: No Data! Returning LmfitResult with None.
2026-03-10 09:29:51,336 - root - ERROR - Chunk 16: No Data! Returning LmfitResult with None.
2026-03-10 09:29:51,337 - root - ERROR - Chunk 17: No Data! Returning LmfitResult with None.
2026-03-10 09:29:51,338 - root - ERROR - Chunk 18: No Data! Returning LmfitResult with None.
2026-03-10 09:29:51,339 - root - ERROR - Chunk 19: No Data! Returning LmfitResult with None.
2026-03-10 09:29:51,340 - root - ERROR - Chunk 20: No Data! Returning LmfitResult with None.
2026-03-10 09:29:51,341 - root - ERROR - Chunk 21: No Data! Returning LmfitResult with None.
2026-03-10 09:29:51,342 - root - ERROR - Chunk 22: No Data! Returning LmfitResult with None.
2026-03-10 09:29:51,343 - root - ERROR - Chunk 23: No Data! Returning LmfitResult with None.
2026-03-10 09:29:51,344 - root - ERROR - Chunk 24: No Data! Returning LmfitResult with None.
2026-03-10 09:29:51,345 - root - ERROR - Chunk 25: No Data! Returning LmfitResult with None.
2026-03-10 09:29:51,346 - root - ERROR - Chunk 26: No Data! Returning LmfitResult with None.
2026-03-10 09:29:51,347 - root - ERROR - Chunk 27: No Data! Returning LmfitResult with None.
2026-03-10 09:29:51,348 - root - ERROR - Chunk 28: No Data! Returning LmfitResult with None.
2026-03-10 09:29:51,349 - root - ERROR - Chunk 29: No Data! Returning LmfitResult with None.
2026-03-10 09:29:51,350 - root - ERROR - Chunk 30: No Data! Returning LmfitResult with None.
2026-03-10 09:29:51,351 - root - ERROR - Chunk 31: No Data! Returning LmfitResult with None.
2026-03-10 09:29:51,352 - root - ERROR - Chunk 32: No Data! Returning LmfitResult with None.
2026-03-10 09:29:51,353 - root - ERROR - Chunk 33: No Data! Returning LmfitResult with None.
2026-03-10 09:29:51,354 - root - ERROR - Chunk 34: No Data! Returning LmfitResult with None.
2026-03-10 09:29:51,355 - root - ERROR - Chunk 35: No Data! Returning LmfitResult with None.
2026-03-10 09:29:51,356 - root - ERROR - Chunk 36: No Data! Returning LmfitResult with None.
2026-03-10 09:29:51,357 - root - ERROR - Chunk 37: No Data! Returning LmfitResult with None.
2026-03-10 09:29:51,358 - root - ERROR - Chunk 38: No Data! Returning LmfitResult with None.
2026-03-10 09:29:51,359 - root - ERROR - Chunk 39: No Data! Returning LmfitResult with None.
2026-03-10 09:29:51,360 - root - ERROR - Chunk 40: No Data! Returning LmfitResult with None.
2026-03-10 09:29:51,361 - root - ERROR - Chunk 41: No Data! Returning LmfitResult with None.
2026-03-10 09:29:51,362 - root - ERROR - Chunk 42: No Data! Returning LmfitResult with None.
2026-03-10 09:29:51,363 - root - ERROR - Chunk 43: No Data! Returning LmfitResult with None.
2026-03-10 09:29:51,364 - root - ERROR - Chunk 44: No Data! Returning LmfitResult with None.
2026-03-10 09:29:51,365 - root - ERROR - Chunk 45: No Data! Returning LmfitResult with None.
2026-03-10 09:29:51,366 - root - ERROR - Chunk 46: No Data! Returning LmfitResult with None.
2026-03-10 09:29:51,367 - root - ERROR - Chunk 47: No Data! Returning LmfitResult with None.
2026-03-10 09:29:51,370 - root - ERROR - Chunk 48: No Data! Returning LmfitResult with None.
2026-03-10 09:29:51,371 - root - ERROR - Chunk 49: No Data! Returning LmfitResult with None.
2026-03-10 09:29:51,372 - root - ERROR - Chunk 50: No Data! Returning LmfitResult with None.
2026-03-10 09:29:51,373 - root - ERROR - Chunk 51: No Data! Returning LmfitResult with None.
2026-03-10 09:29:51,383 - root - ERROR - Chunk 52: No Data! Returning LmfitResult with None.
2026-03-10 09:29:51,385 - root - ERROR - Chunk 53: No Data! Returning LmfitResult with None.
2026-03-10 09:29:51,393 - root - ERROR - Chunk 54: No Data! Returning LmfitResult with None.
2026-03-10 09:29:51,395 - root - ERROR - Chunk 55: No Data! Returning LmfitResult with None.
2026-03-10 09:29:51,397 - root - ERROR - Chunk 56: No Data! Returning LmfitResult with None.
2026-03-10 09:29:51,402 - root - ERROR - Chunk 57: No Data! Returning LmfitResult with None.
2026-03-10 09:29:51,405 - root - ERROR - Chunk 58: No Data! Returning LmfitResult with None.
2026-03-10 09:29:51,407 - root - ERROR - Chunk 59: No Data! Returning LmfitResult with None.
2026-03-10 09:29:51,410 - root - ERROR - Chunk 60: No Data! Returning LmfitResult with None.
2026-03-10 09:29:51,412 - root - ERROR - Chunk 61: No Data! Returning LmfitResult with None.
2026-03-10 09:29:51,413 - root - ERROR - Chunk 62: No Data! Returning LmfitResult with None.
2026-03-10 09:29:51,414 - root - ERROR - Chunk 63: No Data! Returning LmfitResult with None.
2026-03-10 09:29:51,414 - root - ERROR - Chunk 64: No Data! Returning LmfitResult with None.
2026-03-10 09:29:51,415 - root - ERROR - Chunk 65: No Data! Returning LmfitResult with None.
2026-03-10 09:29:51,417 - root - ERROR - Chunk 66: No Data! Returning LmfitResult with None.
2026-03-10 09:29:51,418 - root - ERROR - Chunk 67: No Data! Returning LmfitResult with None.
2026-03-10 09:29:51,421 - root - ERROR - Chunk 68: No Data! Returning LmfitResult with None.
2026-03-10 09:29:51,424 - root - ERROR - Chunk 69: No Data! Returning LmfitResult with None.
2026-03-10 09:29:51,426 - root - ERROR - Chunk 70: No Data! Returning LmfitResult with None.
2026-03-10 09:29:51,427 - root - ERROR - Chunk 71: No Data! Returning LmfitResult with None.
2026-03-10 09:29:51,428 - root - ERROR - Chunk 72: No Data! Returning LmfitResult with None.
2026-03-10 09:29:51,429 - root - ERROR - Chunk 73: No Data! Returning LmfitResult with None.
2026-03-10 09:29:51,430 - root - ERROR - Chunk 74: No Data! Returning LmfitResult with None.
2026-03-10 09:29:51,431 - root - ERROR - Chunk 75: No Data! Returning LmfitResult with None.
2026-03-10 09:29:51,432 - root - ERROR - Chunk 76: No Data! Returning LmfitResult with None.
2026-03-10 09:29:51,433 - root - ERROR - Chunk 77: No Data! Returning LmfitResult with None.
2026-03-10 09:29:51,434 - root - ERROR - Chunk 78: No Data! Returning LmfitResult with None.
2026-03-10 09:29:51,435 - root - ERROR - Chunk 79: No Data! Returning LmfitResult with None.
2026-03-10 09:29:51,438 - root - ERROR - Chunk 80: No Data! Returning LmfitResult with None.
2026-03-10 09:29:51,439 - root - ERROR - Chunk 81: No Data! Returning LmfitResult with None.
2026-03-10 09:29:51,440 - root - ERROR - Chunk 82: No Data! Returning LmfitResult with None.
2026-03-10 09:29:51,441 - root - ERROR - Chunk 83: No Data! Returning LmfitResult with None.
2026-03-10 09:29:51,442 - root - ERROR - Chunk 84: No Data! Returning LmfitResult with None.
2026-03-10 09:29:51,443 - root - ERROR - Chunk 85: No Data! Returning LmfitResult with None.
2026-03-10 09:29:51,443 - root - ERROR - Chunk 86: No Data! Returning LmfitResult with None.
2026-03-10 09:29:51,444 - root - ERROR - Chunk 87: No Data! Returning LmfitResult with None.
2026-03-10 09:29:51,445 - root - ERROR - Chunk 88: No Data! Returning LmfitResult with None.
2026-03-10 09:29:51,446 - root - ERROR - Chunk 89: No Data! Returning LmfitResult with None.
2026-03-10 09:29:51,447 - root - ERROR - Chunk 90: No Data! Returning LmfitResult with None.
2026-03-10 09:29:51,448 - root - ERROR - Chunk 91: No Data! Returning LmfitResult with None.
2026-03-10 09:29:51,449 - root - ERROR - Chunk 92: No Data! Returning LmfitResult with None.
2026-03-10 09:29:51,450 - root - ERROR - Chunk 93: No Data! Returning LmfitResult with None.
2026-03-10 09:29:51,451 - root - ERROR - Chunk 94: No Data! Returning LmfitResult with None.
2026-03-10 09:29:51,452 - root - ERROR - Chunk 95: No Data! Returning LmfitResult with None.
2026-03-10 09:29:51,453 - root - ERROR - Chunk 96: No Data! Returning LmfitResult with None.
2026-03-10 09:29:51,454 - root - ERROR - Chunk 97: No Data! Returning LmfitResult with None.
2026-03-10 09:29:51,455 - root - ERROR - Chunk 98: No Data! Returning LmfitResult with None.
2026-03-10 09:29:51,455 - root - ERROR - Chunk 99: No Data! Returning LmfitResult with None.
2026-03-10 09:29:51,456 - root - ERROR - Chunk 100: No Data! Returning LmfitResult with None.
2026-03-10 09:29:51,457 - root - ERROR - Chunk 101: No Data! Returning LmfitResult with None.
2026-03-10 09:29:51,458 - root - ERROR - Chunk 102: No Data! Returning LmfitResult with None.
2026-03-10 09:29:51,459 - root - ERROR - Chunk 103: No Data! Returning LmfitResult with None.
2026-03-10 09:29:51,460 - root - ERROR - Chunk 104: No Data! Returning LmfitResult with None.
2026-03-10 09:29:51,461 - root - ERROR - Chunk 105: No Data! Returning LmfitResult with None.
2026-03-10 09:29:51,461 - root - ERROR - Chunk 106: No Data! Returning LmfitResult with None.
2026-03-10 09:29:51,462 - root - ERROR - Chunk 107: No Data! Returning LmfitResult with None.
2026-03-10 09:29:51,463 - root - ERROR - Chunk 108: No Data! Returning LmfitResult with None.
2026-03-10 09:29:51,464 - root - ERROR - Chunk 109: No Data! Returning LmfitResult with None.
2026-03-10 09:29:51,465 - root - ERROR - Chunk 110: No Data! Returning LmfitResult with None.
2026-03-10 09:29:51,466 - root - ERROR - Chunk 111: No Data! Returning LmfitResult with None.
2026-03-10 09:29:51,467 - root - ERROR - Chunk 112: No Data! Returning LmfitResult with None.
2026-03-10 09:29:51,468 - root - ERROR - Chunk 113: No Data! Returning LmfitResult with None.
2026-03-10 09:29:51,469 - root - ERROR - Chunk 114: No Data! Returning LmfitResult with None.
2026-03-10 09:29:51,470 - root - ERROR - Chunk 115: No Data! Returning LmfitResult with None.
2026-03-10 09:29:51,470 - root - ERROR - Chunk 116: No Data! Returning LmfitResult with None.
2026-03-10 09:29:51,471 - root - ERROR - Chunk 117: No Data! Returning LmfitResult with None.
2026-03-10 09:29:51,472 - root - ERROR - Chunk 118: No Data! Returning LmfitResult with None.
2026-03-10 09:29:51,473 - root - ERROR - Chunk 119: No Data! Returning LmfitResult with None.
2026-03-10 09:29:51,475 - root - ERROR - Chunk 120: No Data! Returning LmfitResult with None.
2026-03-10 09:29:51,476 - root - ERROR - Chunk 121: No Data! Returning LmfitResult with None.
2026-03-10 09:29:51,477 - root - ERROR - Chunk 122: No Data! Returning LmfitResult with None.
2026-03-10 09:29:51,478 - root - ERROR - Chunk 123: No Data! Returning LmfitResult with None.
2026-03-10 09:29:51,479 - root - ERROR - Chunk 124: No Data! Returning LmfitResult with None.
2026-03-10 09:29:51,480 - root - ERROR - Chunk 125: No Data! Returning LmfitResult with None.
2026-03-10 09:29:51,481 - root - ERROR - Chunk 126: No Data! Returning LmfitResult with None.
2026-03-10 09:29:51,482 - root - ERROR - Chunk 127: No Data! Returning LmfitResult with None.
2026-03-10 09:29:51,483 - root - ERROR - Chunk 128: No Data! Returning LmfitResult with None.
2026-03-10 09:29:51,484 - root - ERROR - Chunk 129: No Data! Returning LmfitResult with None.
2026-03-10 09:29:51,485 - root - ERROR - Chunk 130: No Data! Returning LmfitResult with None.
2026-03-10 09:29:51,486 - root - ERROR - Chunk 131: No Data! Returning LmfitResult with None.
2026-03-10 09:29:51,487 - root - ERROR - Chunk 132: No Data! Returning LmfitResult with None.
2026-03-10 09:29:51,488 - root - ERROR - Chunk 133: No Data! Returning LmfitResult with None.
2026-03-10 09:29:51,489 - root - ERROR - Chunk 134: No Data! Returning LmfitResult with None.
2026-03-10 09:29:51,490 - root - ERROR - Chunk 135: No Data! Returning LmfitResult with None.
2026-03-10 09:29:51,491 - root - ERROR - Chunk 136: No Data! Returning LmfitResult with None.
2026-03-10 09:29:51,492 - root - ERROR - Chunk 137: No Data! Returning LmfitResult with None.
2026-03-10 09:29:51,496 - root - ERROR - Chunk 138: No Data! Returning LmfitResult with None.
2026-03-10 09:29:51,502 - root - ERROR - Chunk 139: No Data! Returning LmfitResult with None.
2026-03-10 09:29:51,505 - root - ERROR - Chunk 140: No Data! Returning LmfitResult with None.
2026-03-10 09:29:51,508 - root - ERROR - Chunk 141: No Data! Returning LmfitResult with None.
2026-03-10 09:29:51,510 - root - ERROR - Chunk 142: No Data! Returning LmfitResult with None.
2026-03-10 09:29:51,524 - root - ERROR - Chunk 143: No Data! Returning LmfitResult with None.
2026-03-10 09:29:51,527 - root - ERROR - Chunk 144: No Data! Returning LmfitResult with None.
2026-03-10 09:29:51,529 - root - ERROR - Chunk 145: No Data! Returning LmfitResult with None.
2026-03-10 09:29:51,533 - root - ERROR - Chunk 146: No Data! Returning LmfitResult with None.
2026-03-10 09:29:51,535 - root - ERROR - Chunk 147: No Data! Returning LmfitResult with None.
2026-03-10 09:29:51,536 - root - ERROR - Chunk 148: No Data! Returning LmfitResult with None.
2026-03-10 09:29:51,537 - root - ERROR - Chunk 149: No Data! Returning LmfitResult with None.
2026-03-10 09:29:51,538 - root - ERROR - Chunk 150: No Data! Returning LmfitResult with None.
2026-03-10 09:29:51,539 - root - ERROR - Chunk 151: No Data! Returning LmfitResult with None.
2026-03-10 09:29:51,540 - root - ERROR - Chunk 152: No Data! Returning LmfitResult with None.
2026-03-10 09:29:51,543 - root - ERROR - Chunk 153: No Data! Returning LmfitResult with None.
2026-03-10 09:29:51,545 - root - ERROR - Chunk 154: No Data! Returning LmfitResult with None.
2026-03-10 09:29:51,547 - root - ERROR - Chunk 155: No Data! Returning LmfitResult with None.
2026-03-10 09:29:51,549 - root - ERROR - Chunk 156: No Data! Returning LmfitResult with None.
2026-03-10 09:29:51,551 - root - ERROR - Chunk 157: No Data! Returning LmfitResult with None.
2026-03-10 09:29:51,552 - root - ERROR - Chunk 158: No Data! Returning LmfitResult with None.
2026-03-10 09:29:51,553 - root - ERROR - Chunk 159: No Data! Returning LmfitResult with None.
2026-03-10 09:29:51,554 - root - ERROR - Chunk 160: No Data! Returning LmfitResult with None.
2026-03-10 09:29:51,556 - root - ERROR - Chunk 161: No Data! Returning LmfitResult with None.
2026-03-10 09:29:51,557 - root - ERROR - Chunk 162: No Data! Returning LmfitResult with None.
2026-03-10 09:29:51,558 - root - ERROR - Chunk 163: No Data! Returning LmfitResult with None.
2026-03-10 09:29:51,559 - root - ERROR - Chunk 164: No Data! Returning LmfitResult with None.
2026-03-10 09:29:51,560 - root - ERROR - Chunk 165: No Data! Returning LmfitResult with None.
2026-03-10 09:29:51,561 - root - ERROR - Chunk 166: No Data! Returning LmfitResult with None.
2026-03-10 09:29:51,562 - root - ERROR - Chunk 167: No Data! Returning LmfitResult with None.
2026-03-10 09:29:51,563 - root - ERROR - Chunk 168: No Data! Returning LmfitResult with None.
2026-03-10 09:29:51,564 - root - ERROR - Chunk 169: No Data! Returning LmfitResult with None.
2026-03-10 09:29:51,565 - root - ERROR - Chunk 170: No Data! Returning LmfitResult with None.
2026-03-10 09:29:51,566 - root - ERROR - Chunk 171: No Data! Returning LmfitResult with None.
2026-03-10 09:29:51,567 - root - ERROR - Chunk 172: No Data! Returning LmfitResult with None.
2026-03-10 09:29:51,568 - root - ERROR - Chunk 173: No Data! Returning LmfitResult with None.
2026-03-10 09:29:51,570 - root - ERROR - Chunk 174: No Data! Returning LmfitResult with None.
2026-03-10 09:29:51,574 - root - ERROR - Chunk 175: No Data! Returning LmfitResult with None.
2026-03-10 09:29:51,575 - root - ERROR - Chunk 176: No Data! Returning LmfitResult with None.
2026-03-10 09:29:51,576 - root - ERROR - Chunk 177: No Data! Returning LmfitResult with None.
2026-03-10 09:29:51,577 - root - ERROR - Chunk 178: No Data! Returning LmfitResult with None.
2026-03-10 09:29:51,578 - root - ERROR - Chunk 179: No Data! Returning LmfitResult with None.
2026-03-10 09:29:51,579 - root - ERROR - Chunk 180: No Data! Returning LmfitResult with None.
2026-03-10 09:29:51,581 - root - ERROR - Chunk 181: No Data! Returning LmfitResult with None.
2026-03-10 09:29:51,582 - root - ERROR - Chunk 182: No Data! Returning LmfitResult with None.
2026-03-10 09:29:51,583 - root - ERROR - Chunk 183: No Data! Returning LmfitResult with None.
2026-03-10 09:29:51,584 - root - ERROR - Chunk 184: No Data! Returning LmfitResult with None.
2026-03-10 09:29:51,585 - root - ERROR - Chunk 185: No Data! Returning LmfitResult with None.
2026-03-10 09:29:51,586 - root - ERROR - Chunk 186: No Data! Returning LmfitResult with None.
2026-03-10 09:29:51,587 - root - ERROR - Chunk 187: No Data! Returning LmfitResult with None.
2026-03-10 09:29:51,588 - root - ERROR - Chunk 188: No Data! Returning LmfitResult with None.
2026-03-10 09:29:51,589 - root - ERROR - Chunk 189: No Data! Returning LmfitResult with None.
2026-03-10 09:29:51,590 - root - ERROR - Chunk 190: No Data! Returning LmfitResult with None.
2026-03-10 09:29:51,592 - root - ERROR - Chunk 191: No Data! Returning LmfitResult with None.
2026-03-10 09:29:51,595 - root - ERROR - Chunk 192: No Data! Returning LmfitResult with None.
2026-03-10 09:29:51,597 - root - ERROR - Chunk 193: No Data! Returning LmfitResult with None.
2026-03-10 09:29:51,602 - root - ERROR - Chunk 194: No Data! Returning LmfitResult with None.
2026-03-10 09:29:51,607 - root - ERROR - Chunk 195: No Data! Returning LmfitResult with None.
2026-03-10 09:29:51,610 - root - ERROR - Chunk 196: No Data! Returning LmfitResult with None.
2026-03-10 09:29:51,612 - root - ERROR - Chunk 197: No Data! Returning LmfitResult with None.
2026-03-10 09:29:51,615 - root - ERROR - Chunk 198: No Data! Returning LmfitResult with None.
2026-03-10 09:29:51,617 - root - ERROR - Chunk 199: No Data! Returning LmfitResult with None.
2026-03-10 09:29:51,620 - root - ERROR - Chunk 200: No Data! Returning LmfitResult with None.
2026-03-10 09:29:51,622 - root - ERROR - Chunk 201: No Data! Returning LmfitResult with None.
2026-03-10 09:29:51,624 - root - ERROR - Chunk 202: No Data! Returning LmfitResult with None.
2026-03-10 09:29:51,629 - root - ERROR - Chunk 203: No Data! Returning LmfitResult with None.
2026-03-10 09:29:51,630 - root - ERROR - Chunk 204: No Data! Returning LmfitResult with None.
2026-03-10 09:29:51,631 - root - ERROR - Chunk 205: No Data! Returning LmfitResult with None.
2026-03-10 09:29:51,632 - root - ERROR - Chunk 206: No Data! Returning LmfitResult with None.
2026-03-10 09:29:51,636 - root - ERROR - Chunk 207: No Data! Returning LmfitResult with None.
2026-03-10 09:29:51,637 - root - ERROR - Chunk 208: No Data! Returning LmfitResult with None.
2026-03-10 09:29:51,639 - root - ERROR - Chunk 209: No Data! Returning LmfitResult with None.
2026-03-10 09:29:51,642 - root - ERROR - Chunk 210: No Data! Returning LmfitResult with None.
2026-03-10 09:29:51,643 - root - ERROR - Chunk 211: No Data! Returning LmfitResult with None.
2026-03-10 09:29:51,645 - root - ERROR - Chunk 212: No Data! Returning LmfitResult with None.
2026-03-10 09:29:51,647 - root - ERROR - Chunk 213: No Data! Returning LmfitResult with None.
2026-03-10 09:29:51,648 - root - ERROR - Chunk 214: No Data! Returning LmfitResult with None.
2026-03-10 09:29:51,649 - root - ERROR - Chunk 215: No Data! Returning LmfitResult with None.
2026-03-10 09:29:51,650 - root - ERROR - Chunk 216: No Data! Returning LmfitResult with None.
2026-03-10 09:29:51,651 - root - ERROR - Chunk 217: No Data! Returning LmfitResult with None.
2026-03-10 09:29:51,652 - root - ERROR - Chunk 218: No Data! Returning LmfitResult with None.
2026-03-10 09:29:51,653 - root - ERROR - Chunk 219: No Data! Returning LmfitResult with None.
2026-03-10 09:29:51,654 - root - ERROR - Chunk 220: No Data! Returning LmfitResult with None.
2026-03-10 09:29:51,655 - root - ERROR - Chunk 221: No Data! Returning LmfitResult with None.
2026-03-10 09:29:51,656 - root - ERROR - Chunk 222: No Data! Returning LmfitResult with None.
2026-03-10 09:29:51,657 - root - ERROR - Chunk 223: No Data! Returning LmfitResult with None.
2026-03-10 09:29:51,658 - root - ERROR - Chunk 224: No Data! Returning LmfitResult with None.
2026-03-10 09:29:51,659 - root - ERROR - Chunk 225: No Data! Returning LmfitResult with None.
2026-03-10 09:29:51,660 - root - ERROR - Chunk 226: No Data! Returning LmfitResult with None.
2026-03-10 09:29:51,661 - root - ERROR - Chunk 227: No Data! Returning LmfitResult with None.
2026-03-10 09:29:51,662 - root - ERROR - Chunk 228: No Data! Returning LmfitResult with None.
2026-03-10 09:29:51,663 - root - ERROR - Chunk 229: No Data! Returning LmfitResult with None.
2026-03-10 09:29:51,664 - root - ERROR - Chunk 230: No Data! Returning LmfitResult with None.
2026-03-10 09:29:51,665 - root - ERROR - Chunk 231: No Data! Returning LmfitResult with None.
2026-03-10 09:29:51,666 - root - ERROR - Chunk 232: No Data! Returning LmfitResult with None.
2026-03-10 09:29:51,667 - root - ERROR - Chunk 233: No Data! Returning LmfitResult with None.
2026-03-10 09:29:51,668 - root - ERROR - Chunk 234: No Data! Returning LmfitResult with None.
2026-03-10 09:29:51,670 - root - ERROR - Chunk 235: No Data! Returning LmfitResult with None.
2026-03-10 09:29:51,671 - root - ERROR - Chunk 236: No Data! Returning LmfitResult with None.
2026-03-10 09:29:51,672 - root - ERROR - Chunk 237: No Data! Returning LmfitResult with None.
2026-03-10 09:29:51,673 - root - ERROR - Chunk 238: No Data! Returning LmfitResult with None.
2026-03-10 09:29:51,674 - root - ERROR - Chunk 239: No Data! Returning LmfitResult with None.
2026-03-10 09:29:51,675 - root - ERROR - Chunk 240: No Data! Returning LmfitResult with None.
2026-03-10 09:29:51,676 - root - ERROR - Chunk 241: No Data! Returning LmfitResult with None.
2026-03-10 09:29:51,677 - root - ERROR - Chunk 242: No Data! Returning LmfitResult with None.
2026-03-10 09:29:51,678 - root - ERROR - Chunk 243: No Data! Returning LmfitResult with None.
2026-03-10 09:29:51,679 - root - ERROR - Chunk 244: No Data! Returning LmfitResult with None.
2026-03-10 09:29:51,680 - root - ERROR - Chunk 245: No Data! Returning LmfitResult with None.
2026-03-10 09:29:51,681 - root - ERROR - Chunk 246: No Data! Returning LmfitResult with None.
2026-03-10 09:29:51,682 - root - ERROR - Chunk 247: No Data! Returning LmfitResult with None.
2026-03-10 09:29:51,683 - root - ERROR - Chunk 248: No Data! Returning LmfitResult with None.
2026-03-10 09:29:51,684 - root - ERROR - Chunk 249: No Data! Returning LmfitResult with None.
2026-03-10 09:29:51,685 - root - ERROR - Chunk 250: No Data! Returning LmfitResult with None.
2026-03-10 09:29:51,686 - root - ERROR - Chunk 251: No Data! Returning LmfitResult with None.
2026-03-10 09:29:51,687 - root - ERROR - Chunk 252: No Data! Returning LmfitResult with None.
2026-03-10 09:29:51,688 - root - ERROR - Chunk 253: No Data! Returning LmfitResult with None.
2026-03-10 09:29:51,692 - root - ERROR - Chunk 254: No Data! Returning LmfitResult with None.
2026-03-10 09:29:51,693 - root - ERROR - Chunk 255: No Data! Returning LmfitResult with None.
2026-03-10 09:29:51,694 - root - ERROR - Chunk 256: No Data! Returning LmfitResult with None.
2026-03-10 09:29:51,695 - root - ERROR - Chunk 257: No Data! Returning LmfitResult with None.
2026-03-10 09:29:51,696 - root - ERROR - Chunk 258: No Data! Returning LmfitResult with None.
2026-03-10 09:29:51,697 - root - ERROR - Chunk 259: No Data! Returning LmfitResult with None.
2026-03-10 09:29:51,698 - root - ERROR - Chunk 260: No Data! Returning LmfitResult with None.
2026-03-10 09:29:51,699 - root - ERROR - Chunk 261: No Data! Returning LmfitResult with None.
2026-03-10 09:29:51,701 - root - ERROR - Chunk 262: No Data! Returning LmfitResult with None.
2026-03-10 09:29:51,702 - root - ERROR - Chunk 263: No Data! Returning LmfitResult with None.
2026-03-10 09:29:51,703 - root - ERROR - Chunk 264: No Data! Returning LmfitResult with None.
2026-03-10 09:29:51,704 - root - ERROR - Chunk 265: No Data! Returning LmfitResult with None.
2026-03-10 09:29:51,705 - root - ERROR - Chunk 266: No Data! Returning LmfitResult with None.
2026-03-10 09:29:51,707 - root - ERROR - Chunk 267: No Data! Returning LmfitResult with None.
2026-03-10 09:29:51,708 - root - ERROR - Chunk 268: No Data! Returning LmfitResult with None.
2026-03-10 09:29:51,709 - root - ERROR - Chunk 269: No Data! Returning LmfitResult with None.
2026-03-10 09:29:51,710 - root - ERROR - Chunk 270: No Data! Returning LmfitResult with None.
2026-03-10 09:29:51,711 - root - ERROR - Chunk 271: No Data! Returning LmfitResult with None.
2026-03-10 09:29:51,715 - root - ERROR - Chunk 272: No Data! Returning LmfitResult with None.
2026-03-10 09:29:51,718 - root - ERROR - Chunk 273: No Data! Returning LmfitResult with None.
2026-03-10 09:29:51,721 - root - ERROR - Chunk 274: No Data! Returning LmfitResult with None.
2026-03-10 09:29:51,723 - root - ERROR - Chunk 275: No Data! Returning LmfitResult with None.
2026-03-10 09:29:51,730 - root - ERROR - Chunk 276: No Data! Returning LmfitResult with None.
2026-03-10 09:29:51,732 - root - ERROR - Chunk 277: No Data! Returning LmfitResult with None.
2026-03-10 09:29:51,734 - root - ERROR - Chunk 278: No Data! Returning LmfitResult with None.
2026-03-10 09:29:51,737 - root - ERROR - Chunk 279: No Data! Returning LmfitResult with None.
2026-03-10 09:29:51,739 - root - ERROR - Chunk 280: No Data! Returning LmfitResult with None.
2026-03-10 09:30:15,974 - root - ERROR - Polynomial fitting failed. Falling back to input values
Traceback (most recent call last):
  File "/Users/jaklusmeyer/SONG/pyodine/pyodine/lib/misc.py", line 529, in fit_polynomial
    pfit, stats = np.polynomial.Polynomial.fit(
  File "/Users/jaklusmeyer/miniconda/envs/pyodine_env/lib/python3.9/site-packages/numpy/polynomial/_polybase.py", line 1036, in fit
    xnew = pu.mapdomain(x, domain, window)
  File "/Users/jaklusmeyer/miniconda/envs/pyodine_env/lib/python3.9/site-packages/numpy/polynomial/polyutils.py", line 371, in mapdomain
    off, scl = mapparms(old, new)
  File "/Users/jaklusmeyer/miniconda/envs/pyodine_env/lib/python3.9/site-packages/numpy/polynomial/polyutils.py", line 303, in mapparms
    off = (old[1]*new[0] - old[0]*new[1])/oldlen
ZeroDivisionError: division by zero
2026-03-10 09:30:15,976 - root - ERROR - Polynomial fitting failed. Falling back to input values
Traceback (most recent call last):
  File "/Users/jaklusmeyer/SONG/pyodine/pyodine/lib/misc.py", line 529, in fit_polynomial
    pfit, stats = np.polynomial.Polynomial.fit(
  File "/Users/jaklusmeyer/miniconda/envs/pyodine_env/lib/python3.9/site-packages/numpy/polynomial/_polybase.py", line 1036, in fit
    xnew = pu.mapdomain(x, domain, window)
  File "/Users/jaklusmeyer/miniconda/envs/pyodine_env/lib/python3.9/site-packages/numpy/polynomial/polyutils.py", line 371, in mapdomain
    off, scl = mapparms(old, new)
  File "/Users/jaklusmeyer/miniconda/envs/pyodine_env/lib/python3.9/site-packages/numpy/polynomial/polyutils.py", line 303, in mapparms
    off = (old[1]*new[0] - old[0]*new[1])/oldlen
ZeroDivisionError: division by zero
2026-03-10 09:30:15,977 - root - ERROR - Polynomial fitting failed. Falling back to input values
Traceback (most recent call last):
  File "/Users/jaklusmeyer/SONG/pyodine/pyodine/lib/misc.py", line 529, in fit_polynomial
    pfit, stats = np.polynomial.Polynomial.fit(
  File "/Users/jaklusmeyer/miniconda/envs/pyodine_env/lib/python3.9/site-packages/numpy/polynomial/_polybase.py", line 1036, in fit
    xnew = pu.mapdomain(x, domain, window)
  File "/Users/jaklusmeyer/miniconda/envs/pyodine_env/lib/python3.9/site-packages/numpy/polynomial/polyutils.py", line 371, in mapdomain
    off, scl = mapparms(old, new)
  File "/Users/jaklusmeyer/miniconda/envs/pyodine_env/lib/python3.9/site-packages/numpy/polynomial/polyutils.py", line 303, in mapparms
    off = (old[1]*new[0] - old[0]*new[1])/oldlen
ZeroDivisionError: division by zero
2026-03-10 09:30:15,978 - root - ERROR - Polynomial fitting failed. Falling back to input values
Traceback (most recent call last):
  File "/Users/jaklusmeyer/SONG/pyodine/pyodine/lib/misc.py", line 529, in fit_polynomial
    pfit, stats = np.polynomial.Polynomial.fit(
  File "/Users/jaklusmeyer/miniconda/envs/pyodine_env/lib/python3.9/site-packages/numpy/polynomial/_polybase.py", line 1036, in fit
    xnew = pu.mapdomain(x, domain, window)
  File "/Users/jaklusmeyer/miniconda/envs/pyodine_env/lib/python3.9/site-packages/numpy/polynomial/polyutils.py", line 371, in mapdomain
    off, scl = mapparms(old, new)
  File "/Users/jaklusmeyer/miniconda/envs/pyodine_env/lib/python3.9/site-packages/numpy/polynomial/polyutils.py", line 303, in mapparms
    off = (old[1]*new[0] - old[0]*new[1])/oldlen
ZeroDivisionError: division by zero
2026-03-10 09:30:15,979 - root - ERROR - Polynomial fitting failed. Falling back to input values
Traceback (most recent call last):
  File "/Users/jaklusmeyer/SONG/pyodine/pyodine/lib/misc.py", line 529, in fit_polynomial
    pfit, stats = np.polynomial.Polynomial.fit(
  File "/Users/jaklusmeyer/miniconda/envs/pyodine_env/lib/python3.9/site-packages/numpy/polynomial/_polybase.py", line 1036, in fit
    xnew = pu.mapdomain(x, domain, window)
  File "/Users/jaklusmeyer/miniconda/envs/pyodine_env/lib/python3.9/site-packages/numpy/polynomial/polyutils.py", line 371, in mapdomain
    off, scl = mapparms(old, new)
  File "/Users/jaklusmeyer/miniconda/envs/pyodine_env/lib/python3.9/site-packages/numpy/polynomial/polyutils.py", line 303, in mapparms
    off = (old[1]*new[0] - old[0]*new[1])/oldlen
ZeroDivisionError: division by zero
2026-03-10 09:30:15,980 - root - ERROR - Polynomial fitting failed. Falling back to input values
Traceback (most recent call last):
  File "/Users/jaklusmeyer/SONG/pyodine/pyodine/lib/misc.py", line 529, in fit_polynomial
    pfit, stats = np.polynomial.Polynomial.fit(
  File "/Users/jaklusmeyer/miniconda/envs/pyodine_env/lib/python3.9/site-packages/numpy/polynomial/_polybase.py", line 1036, in fit
    xnew = pu.mapdomain(x, domain, window)
  File "/Users/jaklusmeyer/miniconda/envs/pyodine_env/lib/python3.9/site-packages/numpy/polynomial/polyutils.py", line 371, in mapdomain
    off, scl = mapparms(old, new)
  File "/Users/jaklusmeyer/miniconda/envs/pyodine_env/lib/python3.9/site-packages/numpy/polynomial/polyutils.py", line 303, in mapparms
    off = (old[1]*new[0] - old[0]*new[1])/oldlen
ZeroDivisionError: division by zero
2026-03-10 09:30:15,981 - root - ERROR - Polynomial fitting failed. Falling back to input values
Traceback (most recent call last):
  File "/Users/jaklusmeyer/SONG/pyodine/pyodine/lib/misc.py", line 529, in fit_polynomial
    pfit, stats = np.polynomial.Polynomial.fit(
  File "/Users/jaklusmeyer/miniconda/envs/pyodine_env/lib/python3.9/site-packages/numpy/polynomial/_polybase.py", line 1036, in fit
    xnew = pu.mapdomain(x, domain, window)
  File "/Users/jaklusmeyer/miniconda/envs/pyodine_env/lib/python3.9/site-packages/numpy/polynomial/polyutils.py", line 371, in mapdomain
    off, scl = mapparms(old, new)
  File "/Users/jaklusmeyer/miniconda/envs/pyodine_env/lib/python3.9/site-packages/numpy/polynomial/polyutils.py", line 303, in mapparms
    off = (old[1]*new[0] - old[0]*new[1])/oldlen
ZeroDivisionError: division by zero
2026-03-10 09:30:15,988 - root - ERROR - Polynomial fitting failed. Falling back to input values
Traceback (most recent call last):
  File "/Users/jaklusmeyer/SONG/pyodine/pyodine/lib/misc.py", line 529, in fit_polynomial
    pfit, stats = np.polynomial.Polynomial.fit(
  File "/Users/jaklusmeyer/miniconda/envs/pyodine_env/lib/python3.9/site-packages/numpy/polynomial/_polybase.py", line 1036, in fit
    xnew = pu.mapdomain(x, domain, window)
  File "/Users/jaklusmeyer/miniconda/envs/pyodine_env/lib/python3.9/site-packages/numpy/polynomial/polyutils.py", line 371, in mapdomain
    off, scl = mapparms(old, new)
  File "/Users/jaklusmeyer/miniconda/envs/pyodine_env/lib/python3.9/site-packages/numpy/polynomial/polyutils.py", line 303, in mapparms
    off = (old[1]*new[0] - old[0]*new[1])/oldlen
ZeroDivisionError: division by zero
2026-03-10 09:30:15,989 - root - ERROR - Polynomial fitting failed. Falling back to input values
Traceback (most recent call last):
  File "/Users/jaklusmeyer/SONG/pyodine/pyodine/lib/misc.py", line 529, in fit_polynomial
    pfit, stats = np.polynomial.Polynomial.fit(
  File "/Users/jaklusmeyer/miniconda/envs/pyodine_env/lib/python3.9/site-packages/numpy/polynomial/_polybase.py", line 1036, in fit
    xnew = pu.mapdomain(x, domain, window)
  File "/Users/jaklusmeyer/miniconda/envs/pyodine_env/lib/python3.9/site-packages/numpy/polynomial/polyutils.py", line 371, in mapdomain
    off, scl = mapparms(old, new)
  File "/Users/jaklusmeyer/miniconda/envs/pyodine_env/lib/python3.9/site-packages/numpy/polynomial/polyutils.py", line 303, in mapparms
    off = (old[1]*new[0] - old[0]*new[1])/oldlen
ZeroDivisionError: division by zero
2026-03-10 09:30:15,991 - root - ERROR - Polynomial fitting failed. Falling back to input values
Traceback (most recent call last):
  File "/Users/jaklusmeyer/SONG/pyodine/pyodine/lib/misc.py", line 529, in fit_polynomial
    pfit, stats = np.polynomial.Polynomial.fit(
  File "/Users/jaklusmeyer/miniconda/envs/pyodine_env/lib/python3.9/site-packages/numpy/polynomial/_polybase.py", line 1036, in fit
    xnew = pu.mapdomain(x, domain, window)
  File "/Users/jaklusmeyer/miniconda/envs/pyodine_env/lib/python3.9/site-packages/numpy/polynomial/polyutils.py", line 371, in mapdomain
    off, scl = mapparms(old, new)
  File "/Users/jaklusmeyer/miniconda/envs/pyodine_env/lib/python3.9/site-packages/numpy/polynomial/polyutils.py", line 303, in mapparms
    off = (old[1]*new[0] - old[0]*new[1])/oldlen
ZeroDivisionError: division by zero
2026-03-10 09:30:15,992 - root - ERROR - Polynomial fitting failed. Falling back to input values
Traceback (most recent call last):
  File "/Users/jaklusmeyer/SONG/pyodine/pyodine/lib/misc.py", line 529, in fit_polynomial
    pfit, stats = np.polynomial.Polynomial.fit(
  File "/Users/jaklusmeyer/miniconda/envs/pyodine_env/lib/python3.9/site-packages/numpy/polynomial/_polybase.py", line 1036, in fit
    xnew = pu.mapdomain(x, domain, window)
  File "/Users/jaklusmeyer/miniconda/envs/pyodine_env/lib/python3.9/site-packages/numpy/polynomial/polyutils.py", line 371, in mapdomain
    off, scl = mapparms(old, new)
  File "/Users/jaklusmeyer/miniconda/envs/pyodine_env/lib/python3.9/site-packages/numpy/polynomial/polyutils.py", line 303, in mapparms
    off = (old[1]*new[0] - old[0]*new[1])/oldlen
ZeroDivisionError: division by zero
2026-03-10 09:30:15,993 - root - ERROR - Polynomial fitting failed. Falling back to input values
Traceback (most recent call last):
  File "/Users/jaklusmeyer/SONG/pyodine/pyodine/lib/misc.py", line 529, in fit_polynomial
    pfit, stats = np.polynomial.Polynomial.fit(
  File "/Users/jaklusmeyer/miniconda/envs/pyodine_env/lib/python3.9/site-packages/numpy/polynomial/_polybase.py", line 1036, in fit
    xnew = pu.mapdomain(x, domain, window)
  File "/Users/jaklusmeyer/miniconda/envs/pyodine_env/lib/python3.9/site-packages/numpy/polynomial/polyutils.py", line 371, in mapdomain
    off, scl = mapparms(old, new)
  File "/Users/jaklusmeyer/miniconda/envs/pyodine_env/lib/python3.9/site-packages/numpy/polynomial/polyutils.py", line 303, in mapparms
    off = (old[1]*new[0] - old[0]*new[1])/oldlen
ZeroDivisionError: division by zero
2026-03-10 09:30:15,994 - root - ERROR - Polynomial fitting failed. Falling back to input values
Traceback (most recent call last):
  File "/Users/jaklusmeyer/SONG/pyodine/pyodine/lib/misc.py", line 529, in fit_polynomial
    pfit, stats = np.polynomial.Polynomial.fit(
  File "/Users/jaklusmeyer/miniconda/envs/pyodine_env/lib/python3.9/site-packages/numpy/polynomial/_polybase.py", line 1036, in fit
    xnew = pu.mapdomain(x, domain, window)
  File "/Users/jaklusmeyer/miniconda/envs/pyodine_env/lib/python3.9/site-packages/numpy/polynomial/polyutils.py", line 371, in mapdomain
    off, scl = mapparms(old, new)
  File "/Users/jaklusmeyer/miniconda/envs/pyodine_env/lib/python3.9/site-packages/numpy/polynomial/polyutils.py", line 303, in mapparms
    off = (old[1]*new[0] - old[0]*new[1])/oldlen
ZeroDivisionError: division by zero
2026-03-10 09:30:15,995 - root - ERROR - Polynomial fitting failed. Falling back to input values
Traceback (most recent call last):
  File "/Users/jaklusmeyer/SONG/pyodine/pyodine/lib/misc.py", line 529, in fit_polynomial
    pfit, stats = np.polynomial.Polynomial.fit(
  File "/Users/jaklusmeyer/miniconda/envs/pyodine_env/lib/python3.9/site-packages/numpy/polynomial/_polybase.py", line 1036, in fit
    xnew = pu.mapdomain(x, domain, window)
  File "/Users/jaklusmeyer/miniconda/envs/pyodine_env/lib/python3.9/site-packages/numpy/polynomial/polyutils.py", line 371, in mapdomain
    off, scl = mapparms(old, new)
  File "/Users/jaklusmeyer/miniconda/envs/pyodine_env/lib/python3.9/site-packages/numpy/polynomial/polyutils.py", line 303, in mapparms
    off = (old[1]*new[0] - old[0]*new[1])/oldlen
ZeroDivisionError: division by zero
2026-03-10 09:30:18,579 - root - ERROR - NaN value detected in iodine function.
2026-03-10 09:30:18,580 - root - ERROR - Chunk could not be plotted
Traceback (most recent call last):
  File "/Users/jaklusmeyer/SONG/pyodine/pyodine/plot_lib.py", line 62, in plot_chunkmodel
    sp = fit_results[chunk_nr].fitted_spectrum
  File "/Users/jaklusmeyer/SONG/pyodine/pyodine/fitters/base.py", line 45, in fitted_spectrum
    return self.model.eval_spectrum(self.chunk, self.params, chunk_ind=self.chunk_ind)
  File "/Users/jaklusmeyer/SONG/pyodine/pyodine/models/base.py", line 79, in eval_spectrum
    flux = self.eval(chunk, params, chunk_ind=chunk_ind, **kwargs)
  File "/Users/jaklusmeyer/SONG/pyodine/pyodine/models/spectrum.py", line 138, in eval
    tck = splrep(tem.wave * doppler, flux_tem, s=0)
  File "/Users/jaklusmeyer/miniconda/envs/pyodine_env/lib/python3.9/site-packages/scipy/interpolate/_fitpack_py.py", line 295, in splrep
    res = _impl.splrep(x, y, w, xb, xe, k, task, s, t, full_output, per, quiet)
  File "/Users/jaklusmeyer/miniconda/envs/pyodine_env/lib/python3.9/site-packages/scipy/interpolate/_fitpack_impl.py", line 276, in splrep
    n, c, fp, ier = dfitpack.curfit(task, x, y, w, t, wrk, iwrk,
dfitpack.error: (xb<=x[0]) failed for 1st keyword xb: curfit:xb=nan
2026-03-10 09:30:18,839 - root - ERROR - NaN value detected in iodine function.
2026-03-10 09:30:18,840 - root - ERROR - Chunk could not be plotted
Traceback (most recent call last):
  File "/Users/jaklusmeyer/SONG/pyodine/pyodine/plot_lib.py", line 62, in plot_chunkmodel
    sp = fit_results[chunk_nr].fitted_spectrum
  File "/Users/jaklusmeyer/SONG/pyodine/pyodine/fitters/base.py", line 45, in fitted_spectrum
    return self.model.eval_spectrum(self.chunk, self.params, chunk_ind=self.chunk_ind)
  File "/Users/jaklusmeyer/SONG/pyodine/pyodine/models/base.py", line 79, in eval_spectrum
    flux = self.eval(chunk, params, chunk_ind=chunk_ind, **kwargs)
  File "/Users/jaklusmeyer/SONG/pyodine/pyodine/models/spectrum.py", line 138, in eval
    tck = splrep(tem.wave * doppler, flux_tem, s=0)
  File "/Users/jaklusmeyer/miniconda/envs/pyodine_env/lib/python3.9/site-packages/scipy/interpolate/_fitpack_py.py", line 295, in splrep
    res = _impl.splrep(x, y, w, xb, xe, k, task, s, t, full_output, per, quiet)
  File "/Users/jaklusmeyer/miniconda/envs/pyodine_env/lib/python3.9/site-packages/scipy/interpolate/_fitpack_impl.py", line 276, in splrep
    n, c, fp, ier = dfitpack.curfit(task, x, y, w, t, wrk, iwrk,
dfitpack.error: (xb<=x[0]) failed for 1st keyword xb: curfit:xb=nan
2026-03-10 09:30:21,457 - root - ERROR - Chunk 0: No Data! Returning LmfitResult with None.
2026-03-10 09:30:21,459 - root - ERROR - Chunk 1: No Data! Returning LmfitResult with None.
2026-03-10 09:30:21,460 - root - ERROR - Chunk 2: No Data! Returning LmfitResult with None.
2026-03-10 09:30:21,461 - root - ERROR - Chunk 3: No Data! Returning LmfitResult with None.
2026-03-10 09:30:21,462 - root - ERROR - Chunk 4: No Data! Returning LmfitResult with None.
2026-03-10 09:30:21,463 - root - ERROR - Chunk 5: No Data! Returning LmfitResult with None.
2026-03-10 09:30:21,464 - root - ERROR - Chunk 6: No Data! Returning LmfitResult with None.
2026-03-10 09:30:21,465 - root - ERROR - Chunk 7: No Data! Returning LmfitResult with None.
2026-03-10 09:30:21,466 - root - ERROR - Chunk 8: No Data! Returning LmfitResult with None.
2026-03-10 09:30:21,466 - root - ERROR - Chunk 9: No Data! Returning LmfitResult with None.
2026-03-10 09:30:21,467 - root - ERROR - Chunk 10: No Data! Returning LmfitResult with None.
2026-03-10 09:30:21,468 - root - ERROR - Chunk 11: No Data! Returning LmfitResult with None.
2026-03-10 09:30:21,469 - root - ERROR - Chunk 12: No Data! Returning LmfitResult with None.
2026-03-10 09:30:21,470 - root - ERROR - Chunk 13: No Data! Returning LmfitResult with None.
2026-03-10 09:30:21,471 - root - ERROR - Chunk 14: No Data! Returning LmfitResult with None.
2026-03-10 09:30:21,473 - root - ERROR - Chunk 15: No Data! Returning LmfitResult with None.
2026-03-10 09:30:21,474 - root - ERROR - Chunk 16: No Data! Returning LmfitResult with None.
2026-03-10 09:30:21,475 - root - ERROR - Chunk 17: No Data! Returning LmfitResult with None.
2026-03-10 09:30:21,476 - root - ERROR - Chunk 18: No Data! Returning LmfitResult with None.
2026-03-10 09:30:21,477 - root - ERROR - Chunk 19: No Data! Returning LmfitResult with None.
2026-03-10 09:30:21,478 - root - ERROR - Chunk 20: No Data! Returning LmfitResult with None.
2026-03-10 09:30:21,479 - root - ERROR - Chunk 21: No Data! Returning LmfitResult with None.
2026-03-10 09:30:21,480 - root - ERROR - Chunk 22: No Data! Returning LmfitResult with None.
2026-03-10 09:30:21,481 - root - ERROR - Chunk 23: No Data! Returning LmfitResult with None.
2026-03-10 09:30:21,482 - root - ERROR - Chunk 24: No Data! Returning LmfitResult with None.
2026-03-10 09:30:21,483 - root - ERROR - Chunk 25: No Data! Returning LmfitResult with None.
2026-03-10 09:30:21,483 - root - ERROR - Chunk 26: No Data! Returning LmfitResult with None.
2026-03-10 09:30:21,484 - root - ERROR - Chunk 27: No Data! Returning LmfitResult with None.
2026-03-10 09:30:21,485 - root - ERROR - Chunk 28: No Data! Returning LmfitResult with None.
2026-03-10 09:30:21,486 - root - ERROR - Chunk 29: No Data! Returning LmfitResult with None.
2026-03-10 09:30:21,487 - root - ERROR - Chunk 30: No Data! Returning LmfitResult with None.
2026-03-10 09:30:21,488 - root - ERROR - Chunk 31: No Data! Returning LmfitResult with None.
2026-03-10 09:30:21,489 - root - ERROR - Chunk 32: No Data! Returning LmfitResult with None.
2026-03-10 09:30:21,490 - root - ERROR - Chunk 33: No Data! Returning LmfitResult with None.
2026-03-10 09:30:21,491 - root - ERROR - Chunk 34: No Data! Returning LmfitResult with None.
2026-03-10 09:30:21,492 - root - ERROR - Chunk 35: No Data! Returning LmfitResult with None.
2026-03-10 09:30:21,493 - root - ERROR - Chunk 36: No Data! Returning LmfitResult with None.
2026-03-10 09:30:21,494 - root - ERROR - Chunk 37: No Data! Returning LmfitResult with None.
2026-03-10 09:30:21,495 - root - ERROR - Chunk 38: No Data! Returning LmfitResult with None.
2026-03-10 09:30:21,496 - root - ERROR - Chunk 39: No Data! Returning LmfitResult with None.
2026-03-10 09:30:21,497 - root - ERROR - Chunk 40: No Data! Returning LmfitResult with None.
2026-03-10 09:30:21,497 - root - ERROR - Chunk 41: No Data! Returning LmfitResult with None.
2026-03-10 09:30:21,498 - root - ERROR - Chunk 42: No Data! Returning LmfitResult with None.
2026-03-10 09:30:21,499 - root - ERROR - Chunk 43: No Data! Returning LmfitResult with None.
2026-03-10 09:30:21,501 - root - ERROR - Chunk 44: No Data! Returning LmfitResult with None.
2026-03-10 09:30:21,529 - root - ERROR - Chunk 45: No Data! Returning LmfitResult with None.
2026-03-10 09:30:21,531 - root - ERROR - Chunk 46: No Data! Returning LmfitResult with None.
2026-03-10 09:30:21,532 - root - ERROR - Chunk 47: No Data! Returning LmfitResult with None.
2026-03-10 09:30:21,535 - root - ERROR - Chunk 48: No Data! Returning LmfitResult with None.
2026-03-10 09:30:21,536 - root - ERROR - Chunk 49: No Data! Returning LmfitResult with None.
2026-03-10 09:30:21,538 - root - ERROR - Chunk 50: No Data! Returning LmfitResult with None.
2026-03-10 09:30:21,546 - root - ERROR - Chunk 51: No Data! Returning LmfitResult with None.
2026-03-10 09:30:21,547 - root - ERROR - Chunk 52: No Data! Returning LmfitResult with None.
2026-03-10 09:30:21,549 - root - ERROR - Chunk 53: No Data! Returning LmfitResult with None.
2026-03-10 09:30:21,549 - root - ERROR - Chunk 54: No Data! Returning LmfitResult with None.
2026-03-10 09:30:21,550 - root - ERROR - Chunk 55: No Data! Returning LmfitResult with None.
2026-03-10 09:30:21,551 - root - ERROR - Chunk 56: No Data! Returning LmfitResult with None.
2026-03-10 09:30:21,552 - root - ERROR - Chunk 57: No Data! Returning LmfitResult with None.
2026-03-10 09:30:21,553 - root - ERROR - Chunk 58: No Data! Returning LmfitResult with None.
2026-03-10 09:30:21,554 - root - ERROR - Chunk 59: No Data! Returning LmfitResult with None.
2026-03-10 09:30:21,555 - root - ERROR - Chunk 60: No Data! Returning LmfitResult with None.
2026-03-10 09:30:21,556 - root - ERROR - Chunk 61: No Data! Returning LmfitResult with None.
2026-03-10 09:30:21,557 - root - ERROR - Chunk 62: No Data! Returning LmfitResult with None.
2026-03-10 09:30:21,558 - root - ERROR - Chunk 63: No Data! Returning LmfitResult with None.
2026-03-10 09:30:21,559 - root - ERROR - Chunk 64: No Data! Returning LmfitResult with None.
2026-03-10 09:30:21,560 - root - ERROR - Chunk 65: No Data! Returning LmfitResult with None.
2026-03-10 09:30:21,561 - root - ERROR - Chunk 66: No Data! Returning LmfitResult with None.
2026-03-10 09:30:21,562 - root - ERROR - Chunk 67: No Data! Returning LmfitResult with None.
2026-03-10 09:30:21,563 - root - ERROR - Chunk 68: No Data! Returning LmfitResult with None.
2026-03-10 09:30:21,564 - root - ERROR - Chunk 69: No Data! Returning LmfitResult with None.
2026-03-10 09:30:21,565 - root - ERROR - Chunk 70: No Data! Returning LmfitResult with None.
2026-03-10 09:30:21,566 - root - ERROR - Chunk 71: No Data! Returning LmfitResult with None.
2026-03-10 09:30:21,567 - root - ERROR - Chunk 72: No Data! Returning LmfitResult with None.
2026-03-10 09:30:21,567 - root - ERROR - Chunk 73: No Data! Returning LmfitResult with None.
2026-03-10 09:30:21,568 - root - ERROR - Chunk 74: No Data! Returning LmfitResult with None.
2026-03-10 09:30:21,569 - root - ERROR - Chunk 75: No Data! Returning LmfitResult with None.
2026-03-10 09:30:21,619 - root - ERROR - Chunk 76: No Data! Returning LmfitResult with None.
2026-03-10 09:30:21,795 - root - ERROR - Chunk 77: No Data! Returning LmfitResult with None.
2026-03-10 09:30:21,800 - root - ERROR - Chunk 78: No Data! Returning LmfitResult with None.
2026-03-10 09:30:21,801 - root - ERROR - Chunk 79: No Data! Returning LmfitResult with None.
2026-03-10 09:30:21,812 - root - ERROR - Chunk 80: No Data! Returning LmfitResult with None.
2026-03-10 09:30:21,813 - root - ERROR - Chunk 81: No Data! Returning LmfitResult with None.
2026-03-10 09:30:21,814 - root - ERROR - Chunk 82: No Data! Returning LmfitResult with None.
2026-03-10 09:30:21,816 - root - ERROR - Chunk 83: No Data! Returning LmfitResult with None.
2026-03-10 09:30:21,817 - root - ERROR - Chunk 84: No Data! Returning LmfitResult with None.
2026-03-10 09:30:21,818 - root - ERROR - Chunk 85: No Data! Returning LmfitResult with None.
2026-03-10 09:30:21,819 - root - ERROR - Chunk 86: No Data! Returning LmfitResult with None.
2026-03-10 09:30:21,820 - root - ERROR - Chunk 87: No Data! Returning LmfitResult with None.
2026-03-10 09:30:21,829 - root - ERROR - Chunk 88: No Data! Returning LmfitResult with None.
2026-03-10 09:30:21,831 - root - ERROR - Chunk 89: No Data! Returning LmfitResult with None.
2026-03-10 09:30:21,832 - root - ERROR - Chunk 90: No Data! Returning LmfitResult with None.
2026-03-10 09:30:21,833 - root - ERROR - Chunk 91: No Data! Returning LmfitResult with None.
2026-03-10 09:30:21,833 - root - ERROR - Chunk 92: No Data! Returning LmfitResult with None.
2026-03-10 09:30:21,835 - root - ERROR - Chunk 93: No Data! Returning LmfitResult with None.
2026-03-10 09:30:21,836 - root - ERROR - Chunk 94: No Data! Returning LmfitResult with None.
2026-03-10 09:30:21,883 - root - ERROR - Chunk 95: No Data! Returning LmfitResult with None.
2026-03-10 09:30:21,886 - root - ERROR - Chunk 96: No Data! Returning LmfitResult with None.
2026-03-10 09:30:21,889 - root - ERROR - Chunk 97: No Data! Returning LmfitResult with None.
2026-03-10 09:30:21,890 - root - ERROR - Chunk 98: No Data! Returning LmfitResult with None.
2026-03-10 09:30:21,892 - root - ERROR - Chunk 99: No Data! Returning LmfitResult with None.
2026-03-10 09:30:21,893 - root - ERROR - Chunk 100: No Data! Returning LmfitResult with None.
2026-03-10 09:30:21,895 - root - ERROR - Chunk 101: No Data! Returning LmfitResult with None.
2026-03-10 09:30:21,899 - root - ERROR - Chunk 102: No Data! Returning LmfitResult with None.
2026-03-10 09:30:21,914 - root - ERROR - Chunk 103: No Data! Returning LmfitResult with None.
2026-03-10 09:30:21,952 - root - ERROR - Chunk 104: No Data! Returning LmfitResult with None.
2026-03-10 09:30:21,954 - root - ERROR - Chunk 105: No Data! Returning LmfitResult with None.
2026-03-10 09:30:21,956 - root - ERROR - Chunk 106: No Data! Returning LmfitResult with None.
2026-03-10 09:30:21,960 - root - ERROR - Chunk 107: No Data! Returning LmfitResult with None.
2026-03-10 09:30:21,961 - root - ERROR - Chunk 108: No Data! Returning LmfitResult with None.
2026-03-10 09:30:21,962 - root - ERROR - Chunk 109: No Data! Returning LmfitResult with None.
2026-03-10 09:30:21,963 - root - ERROR - Chunk 110: No Data! Returning LmfitResult with None.
2026-03-10 09:30:21,964 - root - ERROR - Chunk 111: No Data! Returning LmfitResult with None.
2026-03-10 09:30:21,970 - root - ERROR - Chunk 112: No Data! Returning LmfitResult with None.
2026-03-10 09:30:21,971 - root - ERROR - Chunk 113: No Data! Returning LmfitResult with None.
2026-03-10 09:30:21,973 - root - ERROR - Chunk 114: No Data! Returning LmfitResult with None.
2026-03-10 09:30:21,978 - root - ERROR - Chunk 115: No Data! Returning LmfitResult with None.
2026-03-10 09:30:21,979 - root - ERROR - Chunk 116: No Data! Returning LmfitResult with None.
2026-03-10 09:30:21,980 - root - ERROR - Chunk 117: No Data! Returning LmfitResult with None.
2026-03-10 09:30:21,981 - root - ERROR - Chunk 118: No Data! Returning LmfitResult with None.
2026-03-10 09:30:21,982 - root - ERROR - Chunk 119: No Data! Returning LmfitResult with None.
2026-03-10 09:30:21,983 - root - ERROR - Chunk 120: No Data! Returning LmfitResult with None.
2026-03-10 09:30:21,984 - root - ERROR - Chunk 121: No Data! Returning LmfitResult with None.
2026-03-10 09:30:21,985 - root - ERROR - Chunk 122: No Data! Returning LmfitResult with None.
2026-03-10 09:30:21,986 - root - ERROR - Chunk 123: No Data! Returning LmfitResult with None.
2026-03-10 09:30:21,987 - root - ERROR - Chunk 124: No Data! Returning LmfitResult with None.
2026-03-10 09:30:21,988 - root - ERROR - Chunk 125: No Data! Returning LmfitResult with None.
2026-03-10 09:30:21,988 - root - ERROR - Chunk 126: No Data! Returning LmfitResult with None.
2026-03-10 09:30:21,989 - root - ERROR - Chunk 127: No Data! Returning LmfitResult with None.
2026-03-10 09:30:21,990 - root - ERROR - Chunk 128: No Data! Returning LmfitResult with None.
2026-03-10 09:30:21,991 - root - ERROR - Chunk 129: No Data! Returning LmfitResult with None.
2026-03-10 09:30:21,992 - root - ERROR - Chunk 130: No Data! Returning LmfitResult with None.
2026-03-10 09:30:21,993 - root - ERROR - Chunk 131: No Data! Returning LmfitResult with None.
2026-03-10 09:30:21,994 - root - ERROR - Chunk 132: No Data! Returning LmfitResult with None.
2026-03-10 09:30:21,994 - root - ERROR - Chunk 133: No Data! Returning LmfitResult with None.
2026-03-10 09:30:21,995 - root - ERROR - Chunk 134: No Data! Returning LmfitResult with None.
2026-03-10 09:30:21,996 - root - ERROR - Chunk 135: No Data! Returning LmfitResult with None.
2026-03-10 09:30:21,997 - root - ERROR - Chunk 136: No Data! Returning LmfitResult with None.
2026-03-10 09:30:21,998 - root - ERROR - Chunk 137: No Data! Returning LmfitResult with None.
2026-03-10 09:30:21,999 - root - ERROR - Chunk 138: No Data! Returning LmfitResult with None.
2026-03-10 09:30:22,000 - root - ERROR - Chunk 139: No Data! Returning LmfitResult with None.
2026-03-10 09:30:22,001 - root - ERROR - Chunk 140: No Data! Returning LmfitResult with None.
2026-03-10 09:30:22,001 - root - ERROR - Chunk 141: No Data! Returning LmfitResult with None.
2026-03-10 09:30:22,002 - root - ERROR - Chunk 142: No Data! Returning LmfitResult with None.
2026-03-10 09:30:22,003 - root - ERROR - Chunk 143: No Data! Returning LmfitResult with None.
2026-03-10 09:30:22,004 - root - ERROR - Chunk 144: No Data! Returning LmfitResult with None.
2026-03-10 09:30:22,005 - root - ERROR - Chunk 145: No Data! Returning LmfitResult with None.
2026-03-10 09:30:22,006 - root - ERROR - Chunk 146: No Data! Returning LmfitResult with None.
2026-03-10 09:30:22,007 - root - ERROR - Chunk 147: No Data! Returning LmfitResult with None.
2026-03-10 09:30:22,008 - root - ERROR - Chunk 148: No Data! Returning LmfitResult with None.
2026-03-10 09:30:22,009 - root - ERROR - Chunk 149: No Data! Returning LmfitResult with None.
2026-03-10 09:30:22,009 - root - ERROR - Chunk 150: No Data! Returning LmfitResult with None.
2026-03-10 09:30:22,010 - root - ERROR - Chunk 151: No Data! Returning LmfitResult with None.
2026-03-10 09:30:22,011 - root - ERROR - Chunk 152: No Data! Returning LmfitResult with None.
2026-03-10 09:30:22,016 - root - ERROR - Chunk 153: No Data! Returning LmfitResult with None.
2026-03-10 09:30:22,019 - root - ERROR - Chunk 154: No Data! Returning LmfitResult with None.
2026-03-10 09:30:22,020 - root - ERROR - Chunk 155: No Data! Returning LmfitResult with None.
2026-03-10 09:30:22,021 - root - ERROR - Chunk 156: No Data! Returning LmfitResult with None.
2026-03-10 09:30:22,022 - root - ERROR - Chunk 157: No Data! Returning LmfitResult with None.
2026-03-10 09:30:22,022 - root - ERROR - Chunk 158: No Data! Returning LmfitResult with None.
2026-03-10 09:30:22,025 - root - ERROR - Chunk 159: No Data! Returning LmfitResult with None.
2026-03-10 09:30:22,026 - root - ERROR - Chunk 160: No Data! Returning LmfitResult with None.
2026-03-10 09:30:22,027 - root - ERROR - Chunk 161: No Data! Returning LmfitResult with None.
2026-03-10 09:30:22,028 - root - ERROR - Chunk 162: No Data! Returning LmfitResult with None.
2026-03-10 09:30:22,029 - root - ERROR - Chunk 163: No Data! Returning LmfitResult with None.
2026-03-10 09:30:22,029 - root - ERROR - Chunk 164: No Data! Returning LmfitResult with None.
2026-03-10 09:30:22,030 - root - ERROR - Chunk 165: No Data! Returning LmfitResult with None.
2026-03-10 09:30:22,031 - root - ERROR - Chunk 166: No Data! Returning LmfitResult with None.
2026-03-10 09:30:22,032 - root - ERROR - Chunk 167: No Data! Returning LmfitResult with None.
2026-03-10 09:30:22,033 - root - ERROR - Chunk 168: No Data! Returning LmfitResult with None.
2026-03-10 09:30:22,034 - root - ERROR - Chunk 169: No Data! Returning LmfitResult with None.
2026-03-10 09:30:22,035 - root - ERROR - Chunk 170: No Data! Returning LmfitResult with None.
2026-03-10 09:30:22,036 - root - ERROR - Chunk 171: No Data! Returning LmfitResult with None.
2026-03-10 09:30:22,037 - root - ERROR - Chunk 172: No Data! Returning LmfitResult with None.
2026-03-10 09:30:22,039 - root - ERROR - Chunk 173: No Data! Returning LmfitResult with None.
2026-03-10 09:30:22,040 - root - ERROR - Chunk 174: No Data! Returning LmfitResult with None.
2026-03-10 09:30:22,041 - root - ERROR - Chunk 175: No Data! Returning LmfitResult with None.
2026-03-10 09:30:22,042 - root - ERROR - Chunk 176: No Data! Returning LmfitResult with None.
2026-03-10 09:30:22,043 - root - ERROR - Chunk 177: No Data! Returning LmfitResult with None.
2026-03-10 09:30:22,044 - root - ERROR - Chunk 178: No Data! Returning LmfitResult with None.
2026-03-10 09:30:22,045 - root - ERROR - Chunk 179: No Data! Returning LmfitResult with None.
2026-03-10 09:30:22,046 - root - ERROR - Chunk 180: No Data! Returning LmfitResult with None.
2026-03-10 09:30:22,047 - root - ERROR - Chunk 181: No Data! Returning LmfitResult with None.
2026-03-10 09:30:22,048 - root - ERROR - Chunk 182: No Data! Returning LmfitResult with None.
2026-03-10 09:30:22,050 - root - ERROR - Chunk 183: No Data! Returning LmfitResult with None.
2026-03-10 09:30:22,051 - root - ERROR - Chunk 184: No Data! Returning LmfitResult with None.
2026-03-10 09:30:22,052 - root - ERROR - Chunk 185: No Data! Returning LmfitResult with None.
2026-03-10 09:30:22,053 - root - ERROR - Chunk 186: No Data! Returning LmfitResult with None.
2026-03-10 09:30:22,054 - root - ERROR - Chunk 187: No Data! Returning LmfitResult with None.
2026-03-10 09:30:22,056 - root - ERROR - Chunk 188: No Data! Returning LmfitResult with None.
2026-03-10 09:30:22,057 - root - ERROR - Chunk 189: No Data! Returning LmfitResult with None.
2026-03-10 09:30:22,058 - root - ERROR - Chunk 190: No Data! Returning LmfitResult with None.
2026-03-10 09:30:22,059 - root - ERROR - Chunk 191: No Data! Returning LmfitResult with None.
2026-03-10 09:30:22,059 - root - ERROR - Chunk 192: No Data! Returning LmfitResult with None.
2026-03-10 09:30:22,060 - root - ERROR - Chunk 193: No Data! Returning LmfitResult with None.
2026-03-10 09:30:22,061 - root - ERROR - Chunk 194: No Data! Returning LmfitResult with None.
2026-03-10 09:30:22,062 - root - ERROR - Chunk 195: No Data! Returning LmfitResult with None.
2026-03-10 09:30:22,063 - root - ERROR - Chunk 196: No Data! Returning LmfitResult with None.
2026-03-10 09:30:22,064 - root - ERROR - Chunk 197: No Data! Returning LmfitResult with None.
2026-03-10 09:30:22,065 - root - ERROR - Chunk 198: No Data! Returning LmfitResult with None.
2026-03-10 09:30:22,066 - root - ERROR - Chunk 199: No Data! Returning LmfitResult with None.
2026-03-10 09:30:22,067 - root - ERROR - Chunk 200: No Data! Returning LmfitResult with None.
2026-03-10 09:30:22,068 - root - ERROR - Chunk 201: No Data! Returning LmfitResult with None.
2026-03-10 09:30:22,070 - root - ERROR - Chunk 202: No Data! Returning LmfitResult with None.
2026-03-10 09:30:22,071 - root - ERROR - Chunk 203: No Data! Returning LmfitResult with None.
2026-03-10 09:30:22,072 - root - ERROR - Chunk 204: No Data! Returning LmfitResult with None.
2026-03-10 09:30:22,073 - root - ERROR - Chunk 205: No Data! Returning LmfitResult with None.
2026-03-10 09:30:22,074 - root - ERROR - Chunk 206: No Data! Returning LmfitResult with None.
2026-03-10 09:30:22,077 - root - ERROR - Chunk 207: No Data! Returning LmfitResult with None.
2026-03-10 09:30:22,078 - root - ERROR - Chunk 208: No Data! Returning LmfitResult with None.
2026-03-10 09:30:22,079 - root - ERROR - Chunk 209: No Data! Returning LmfitResult with None.
2026-03-10 09:30:22,080 - root - ERROR - Chunk 210: No Data! Returning LmfitResult with None.
2026-03-10 09:30:22,081 - root - ERROR - Chunk 211: No Data! Returning LmfitResult with None.
2026-03-10 09:30:22,082 - root - ERROR - Chunk 212: No Data! Returning LmfitResult with None.
2026-03-10 09:30:22,083 - root - ERROR - Chunk 213: No Data! Returning LmfitResult with None.
2026-03-10 09:30:22,084 - root - ERROR - Chunk 214: No Data! Returning LmfitResult with None.
2026-03-10 09:30:22,085 - root - ERROR - Chunk 215: No Data! Returning LmfitResult with None.
2026-03-10 09:30:22,086 - root - ERROR - Chunk 216: No Data! Returning LmfitResult with None.
2026-03-10 09:30:22,087 - root - ERROR - Chunk 217: No Data! Returning LmfitResult with None.
2026-03-10 09:30:22,088 - root - ERROR - Chunk 218: No Data! Returning LmfitResult with None.
2026-03-10 09:30:22,089 - root - ERROR - Chunk 219: No Data! Returning LmfitResult with None.
2026-03-10 09:30:22,090 - root - ERROR - Chunk 220: No Data! Returning LmfitResult with None.
2026-03-10 09:30:22,091 - root - ERROR - Chunk 221: No Data! Returning LmfitResult with None.
2026-03-10 09:30:22,091 - root - ERROR - Chunk 222: No Data! Returning LmfitResult with None.
2026-03-10 09:30:22,092 - root - ERROR - Chunk 223: No Data! Returning LmfitResult with None.
2026-03-10 09:30:22,093 - root - ERROR - Chunk 224: No Data! Returning LmfitResult with None.
2026-03-10 09:30:22,094 - root - ERROR - Chunk 225: No Data! Returning LmfitResult with None.
2026-03-10 09:30:22,095 - root - ERROR - Chunk 226: No Data! Returning LmfitResult with None.
2026-03-10 09:30:22,096 - root - ERROR - Chunk 227: No Data! Returning LmfitResult with None.
2026-03-10 09:30:22,097 - root - ERROR - Chunk 228: No Data! Returning LmfitResult with None.
2026-03-10 09:30:22,099 - root - ERROR - Chunk 229: No Data! Returning LmfitResult with None.
2026-03-10 09:30:22,100 - root - ERROR - Chunk 230: No Data! Returning LmfitResult with None.
2026-03-10 09:30:22,101 - root - ERROR - Chunk 231: No Data! Returning LmfitResult with None.
2026-03-10 09:30:22,102 - root - ERROR - Chunk 232: No Data! Returning LmfitResult with None.
2026-03-10 09:30:22,103 - root - ERROR - Chunk 233: No Data! Returning LmfitResult with None.
2026-03-10 09:30:22,104 - root - ERROR - Chunk 234: No Data! Returning LmfitResult with None.
2026-03-10 09:30:22,106 - root - ERROR - Chunk 235: No Data! Returning LmfitResult with None.
2026-03-10 09:30:22,107 - root - ERROR - Chunk 236: No Data! Returning LmfitResult with None.
2026-03-10 09:30:22,108 - root - ERROR - Chunk 237: No Data! Returning LmfitResult with None.
2026-03-10 09:30:22,109 - root - ERROR - Chunk 238: No Data! Returning LmfitResult with None.
2026-03-10 09:30:22,110 - root - ERROR - Chunk 239: No Data! Returning LmfitResult with None.
2026-03-10 09:30:22,111 - root - ERROR - Chunk 240: No Data! Returning LmfitResult with None.
2026-03-10 09:30:22,112 - root - ERROR - Chunk 241: No Data! Returning LmfitResult with None.
2026-03-10 09:30:22,113 - root - ERROR - Chunk 242: No Data! Returning LmfitResult with None.
2026-03-10 09:30:22,114 - root - ERROR - Chunk 243: No Data! Returning LmfitResult with None.
2026-03-10 09:30:22,115 - root - ERROR - Chunk 244: No Data! Returning LmfitResult with None.
2026-03-10 09:30:22,116 - root - ERROR - Chunk 245: No Data! Returning LmfitResult with None.
2026-03-10 09:30:22,117 - root - ERROR - Chunk 246: No Data! Returning LmfitResult with None.
2026-03-10 09:30:22,118 - root - ERROR - Chunk 247: No Data! Returning LmfitResult with None.
2026-03-10 09:30:22,118 - root - ERROR - Chunk 248: No Data! Returning LmfitResult with None.
2026-03-10 09:30:22,119 - root - ERROR - Chunk 249: No Data! Returning LmfitResult with None.
2026-03-10 09:30:22,120 - root - ERROR - Chunk 250: No Data! Returning LmfitResult with None.
2026-03-10 09:30:22,121 - root - ERROR - Chunk 251: No Data! Returning LmfitResult with None.
2026-03-10 09:30:22,122 - root - ERROR - Chunk 252: No Data! Returning LmfitResult with None.
2026-03-10 09:30:22,123 - root - ERROR - Chunk 253: No Data! Returning LmfitResult with None.
2026-03-10 09:30:22,124 - root - ERROR - Chunk 254: No Data! Returning LmfitResult with None.
2026-03-10 09:30:22,125 - root - ERROR - Chunk 255: No Data! Returning LmfitResult with None.
2026-03-10 09:30:22,125 - root - ERROR - Chunk 256: No Data! Returning LmfitResult with None.
2026-03-10 09:30:22,126 - root - ERROR - Chunk 257: No Data! Returning LmfitResult with None.
2026-03-10 09:30:22,127 - root - ERROR - Chunk 258: No Data! Returning LmfitResult with None.
2026-03-10 09:30:22,128 - root - ERROR - Chunk 259: No Data! Returning LmfitResult with None.
2026-03-10 09:30:22,129 - root - ERROR - Chunk 260: No Data! Returning LmfitResult with None.
2026-03-10 09:30:22,130 - root - ERROR - Chunk 261: No Data! Returning LmfitResult with None.
2026-03-10 09:30:22,130 - root - ERROR - Chunk 262: No Data! Returning LmfitResult with None.
2026-03-10 09:30:22,131 - root - ERROR - Chunk 263: No Data! Returning LmfitResult with None.
2026-03-10 09:30:22,132 - root - ERROR - Chunk 264: No Data! Returning LmfitResult with None.
2026-03-10 09:30:22,133 - root - ERROR - Chunk 265: No Data! Returning LmfitResult with None.
2026-03-10 09:30:22,134 - root - ERROR - Chunk 266: No Data! Returning LmfitResult with None.
2026-03-10 09:30:22,135 - root - ERROR - Chunk 267: No Data! Returning LmfitResult with None.
2026-03-10 09:30:22,136 - root - ERROR - Chunk 268: No Data! Returning LmfitResult with None.
2026-03-10 09:30:22,137 - root - ERROR - Chunk 269: No Data! Returning LmfitResult with None.
2026-03-10 09:30:22,140 - root - ERROR - Chunk 270: No Data! Returning LmfitResult with None.
2026-03-10 09:30:22,141 - root - ERROR - Chunk 271: No Data! Returning LmfitResult with None.
2026-03-10 09:30:22,142 - root - ERROR - Chunk 272: No Data! Returning LmfitResult with None.
2026-03-10 09:30:22,143 - root - ERROR - Chunk 273: No Data! Returning LmfitResult with None.
2026-03-10 09:30:22,145 - root - ERROR - Chunk 274: No Data! Returning LmfitResult with None.
2026-03-10 09:30:22,146 - root - ERROR - Chunk 275: No Data! Returning LmfitResult with None.
2026-03-10 09:30:22,147 - root - ERROR - Chunk 276: No Data! Returning LmfitResult with None.
2026-03-10 09:30:22,149 - root - ERROR - Chunk 277: No Data! Returning LmfitResult with None.
2026-03-10 09:30:22,152 - root - ERROR - Chunk 278: No Data! Returning LmfitResult with None.
2026-03-10 09:30:22,153 - root - ERROR - Chunk 279: No Data! Returning LmfitResult with None.
2026-03-10 09:30:22,155 - root - ERROR - Chunk 280: No Data! Returning LmfitResult with None.
2026-03-10 09:30:22,471 - root - ERROR - NaN value detected in oversampled model function.
2026-03-10 09:30:22,495 - root - ERROR - <ParameterSet (values: 17)>
    cont_intercept  =  19894.152181743164
    cont_slope      =  -7.623442523052477
    iod_depth       =  3.1247629402377783
    lsf_left_1      =  4.783398076818246
    lsf_left_2      =  -15.080090471486493
    lsf_left_3      =  10.417051851225516
    lsf_left_4      =  -3.120863212393912
    lsf_left_5      =  0.21797822294281843
    lsf_right1      =  2.292432475543492
    lsf_right2      =  -14.758973846169766
    lsf_right3      =  6.6196441563680075
    lsf_right4      =  -3.594420481185513
    lsf_right5      =  0.2348453588397028
    tem_depth       =  0.9878403687468591
    velocity        =  -23897.065784084207
    wave_intercept  =  4983.815260965352
    wave_slope      =  0.013252434213324909
2026-03-10 09:30:22,510 - root - ERROR - Evaluated LSF:
2026-03-10 09:30:22,511 - root - ERROR - [nan nan nan nan nan nan nan nan nan nan nan nan nan nan nan nan nan nan
 nan nan nan nan nan nan nan nan nan nan nan nan nan nan nan nan nan nan
 nan nan nan nan nan nan nan nan nan nan nan nan nan nan nan nan nan nan
 nan nan nan nan nan nan nan nan nan nan nan nan nan nan nan nan nan nan
 nan]
2026-03-10 09:30:22,723 - root - ERROR - NaN value detected in oversampled model function.
2026-03-10 09:30:22,742 - root - ERROR - <ParameterSet (values: 17)>
    cont_intercept  =  18984.49803940442
    cont_slope      =  -8.048409090115525
    iod_depth       =  1.7739429360115078
    lsf_left_1      =  2.4418492640039617
    lsf_left_2      =  -18.678493846379716
    lsf_left_3      =  2.0543842215876893
    lsf_left_4      =  -3.538351660488182
    lsf_left_5      =  0.993983115660689
    lsf_right1      =  2.4708589134584305
    lsf_right2      =  -13.3319222339263
    lsf_right3      =  6.831662766907631
    lsf_right4      =  -3.0832755571783252
    lsf_right5      =  0.16487600700591842
    tem_depth       =  0.9970150098725057
    velocity        =  -25562.26590099219
    wave_intercept  =  4988.480129776604
    wave_slope      =  0.01287963634679477
2026-03-10 09:30:22,744 - root - ERROR - Evaluated LSF:
2026-03-10 09:30:22,745 - root - ERROR - [nan nan nan nan nan nan nan nan nan nan nan nan nan nan nan nan nan nan
 nan nan nan nan nan nan nan nan nan nan nan nan nan nan nan nan nan nan
 nan nan nan nan nan nan nan nan nan nan nan nan nan nan nan nan nan nan
 nan nan nan nan nan nan nan nan nan nan nan nan nan nan nan nan nan nan
 nan]
2026-03-10 09:30:29,512 - root - ERROR - NaN value detected in oversampled model function.
2026-03-10 09:30:29,513 - root - ERROR - <ParameterSet (values: 17)>
    cont_intercept  =  26079.856586548492
    cont_slope      =  1.7923601158045355
    iod_depth       =  1.090030853893245
    lsf_left_1      =  2.3568515311836196
    lsf_left_2      =  -17.9352046227496
    lsf_left_3      =  5.503390661016891
    lsf_left_4      =  -3.5649000912750366
    lsf_left_5      =  0.31510061389595256
    lsf_right1      =  3.314560091013284
    lsf_right2      =  -15.255112614542178
    lsf_right3      =  2.0461394016754224
    lsf_right4      =  -3.2124444350341195
    lsf_right5      =  1.141730589321766
    tem_depth       =  0.9834038806764177
    velocity        =  -25646.21909128037
    wave_intercept  =  5061.235402802808
    wave_slope      =  0.013851900878463674
2026-03-10 09:30:29,515 - root - ERROR - Evaluated LSF:
2026-03-10 09:30:29,515 - root - ERROR - [nan nan nan nan nan nan nan nan nan nan nan nan nan nan nan nan nan nan
 nan nan nan nan nan nan nan nan nan nan nan nan nan nan nan nan nan nan
 nan nan nan nan nan nan nan nan nan nan nan nan nan nan nan nan nan nan
 nan nan nan nan nan nan nan nan nan nan nan nan nan nan nan nan nan nan
 nan]
2026-03-10 09:30:29,789 - root - ERROR - NaN value detected in oversampled model function.
2026-03-10 09:30:29,790 - root - ERROR - <ParameterSet (values: 17)>
    cont_intercept  =  20323.437412932686
    cont_slope      =  -6.921728489550711
    iod_depth       =  1.0398287018918473
    lsf_left_1      =  11.401415644984024
    lsf_left_2      =  -17.6023776683343
    lsf_left_3      =  2.860738309215512
    lsf_left_4      =  -3.9149589293037668
    lsf_left_5      =  0.31754073273349337
    lsf_right1      =  2.9856270629949906
    lsf_right2      =  -18.792533462421947
    lsf_right3      =  1.2349305610627073
    lsf_right4      =  -3.2294634297072964
    lsf_right5      =  0.6294832671578876
    tem_depth       =  0.9999971307732017
    velocity        =  -25559.11654541028
    wave_intercept  =  5067.739477174055
    wave_slope      =  0.0133377388458394
2026-03-10 09:30:29,791 - root - ERROR - Evaluated LSF:
2026-03-10 09:30:29,792 - root - ERROR - [nan nan nan nan nan nan nan nan nan nan nan nan nan nan nan nan nan nan
 nan nan nan nan nan nan nan nan nan nan nan nan nan nan nan nan nan nan
 nan nan nan nan nan nan nan nan nan nan nan nan nan nan nan nan nan nan
 nan nan nan nan nan nan nan nan nan nan nan nan nan nan nan nan nan nan
 nan]
2026-03-10 09:30:31,476 - root - ERROR - NaN value detected in oversampled model function.
2026-03-10 09:30:31,477 - root - ERROR - <ParameterSet (values: 17)>
    cont_intercept  =  6858.25437259558
    cont_slope      =  10.771946949798684
    iod_depth       =  0.9991620115874214
    lsf_left_1      =  6.046268662663555
    lsf_left_2      =  -10.362266434251985
    lsf_left_3      =  1.7940808034816011
    lsf_left_4      =  -2.047772213251541
    lsf_left_5      =  0.2515399336505043
    lsf_right1      =  4.135490767322375
    lsf_right2      =  -18.765276587135233
    lsf_right3      =  7.4994830835946775
    lsf_right4      =  -3.9086637597711262
    lsf_right5      =  0.8967312890777626
    tem_depth       =  0.9960765471625977
    velocity        =  -25737.65140998112
    wave_intercept  =  5074.587749865008
    wave_slope      =  0.01640991955904326
2026-03-10 09:30:31,478 - root - ERROR - Evaluated LSF:
2026-03-10 09:30:31,479 - root - ERROR - [nan nan nan nan nan nan nan nan nan nan nan nan nan nan nan nan nan nan
 nan nan nan nan nan nan nan nan nan nan nan nan nan nan nan nan nan nan
 nan nan nan nan nan nan nan nan nan nan nan nan nan nan nan nan nan nan
 nan nan nan nan nan nan nan nan nan nan nan nan nan nan nan nan nan nan
 nan]
2026-03-10 09:30:38,525 - root - ERROR - NaN value detected in oversampled model function.
2026-03-10 09:30:38,535 - root - ERROR - <ParameterSet (values: 17)>
    cont_intercept  =  24335.005030470325
    cont_slope      =  3.3084405960698695
    iod_depth       =  0.9808602618545889
    lsf_left_1      =  3.0595598705909506
    lsf_left_2      =  -16.51270575936232
    lsf_left_3      =  6.748360944409539
    lsf_left_4      =  -3.655834713501848
    lsf_left_5      =  0.7705651835641422
    lsf_right1      =  3.81764567445269
    lsf_right2      =  -9.136386101801559
    lsf_right3      =  5.311172318058716
    lsf_right4      =  -3.917913334652077
    lsf_right5      =  0.14165936171126267
    tem_depth       =  0.968260479062149
    velocity        =  -25558.79880876348
    wave_intercept  =  5144.60011752829
    wave_slope      =  0.014232797709971524
2026-03-10 09:30:38,538 - root - ERROR - Evaluated LSF:
2026-03-10 09:30:38,549 - root - ERROR - [nan nan nan nan nan nan nan nan nan nan nan nan nan nan nan nan nan nan
 nan nan nan nan nan nan nan nan nan nan nan nan nan nan nan nan nan nan
 nan nan nan nan nan nan nan nan nan nan nan nan nan nan nan nan nan nan
 nan nan nan nan nan nan nan nan nan nan nan nan nan nan nan nan nan nan
 nan]
2026-03-10 09:30:41,356 - root - ERROR - NaN value detected in oversampled model function.
2026-03-10 09:30:41,358 - root - ERROR - <ParameterSet (values: 17)>
    cont_intercept  =  9023.282040731965
    cont_slope      =  11.713735449269175
    iod_depth       =  1.0121182198884329
    lsf_left_1      =  6.9333706521542755
    lsf_left_2      =  -18.773355896846255
    lsf_left_3      =  1.7010883673496915
    lsf_left_4      =  -3.9076674644322664
    lsf_left_5      =  0.658590462656768
    lsf_right1      =  8.592956099946171
    lsf_right2      =  -15.528124004559407
    lsf_right3      =  1.854492364100053
    lsf_right4      =  -3.9025966682406237
    lsf_right5      =  0.9471329104136209
    tem_depth       =  0.9992427045325538
    velocity        =  -25688.78440441391
    wave_intercept  =  5162.506359515678
    wave_slope      =  0.01635521222509341
2026-03-10 09:30:41,359 - root - ERROR - Evaluated LSF:
2026-03-10 09:30:41,360 - root - ERROR - [nan nan nan nan nan nan nan nan nan nan nan nan nan nan nan nan nan nan
 nan nan nan nan nan nan nan nan nan nan nan nan nan nan nan nan nan nan
 nan nan nan nan nan nan nan nan nan nan nan nan nan nan nan nan nan nan
 nan nan nan nan nan nan nan nan nan nan nan nan nan nan nan nan nan nan
 nan]
2026-03-10 09:30:42,290 - root - ERROR - NaN value detected in oversampled model function.
2026-03-10 09:30:42,291 - root - ERROR - <ParameterSet (values: 17)>
    cont_intercept  =  15627.133055226528
    cont_slope      =  6.405607150257336
    iod_depth       =  1.0370315110690271
    lsf_left_1      =  5.359259960772112
    lsf_left_2      =  -11.342500771249494
    lsf_left_3      =  1.3164805638199157
    lsf_left_4      =  -2.7861121897116563
    lsf_left_5      =  0.31350165772504
    lsf_right1      =  2.8995987044643687
    lsf_right2      =  -17.092028245775822
    lsf_right3      =  2.7653318560047353
    lsf_right4      =  -0.6148198864640899
    lsf_right5      =  0.28903511643383417
    tem_depth       =  0.9889028336232898
    velocity        =  -25826.76786546802
    wave_intercept  =  5173.932421982057
    wave_slope      =  0.015446565528004734
2026-03-10 09:30:42,292 - root - ERROR - Evaluated LSF:
2026-03-10 09:30:42,293 - root - ERROR - [nan nan nan nan nan nan nan nan nan nan nan nan nan nan nan nan nan nan
 nan nan nan nan nan nan nan nan nan nan nan nan nan nan nan nan nan nan
 nan nan nan nan nan nan nan nan nan nan nan nan nan nan nan nan nan nan
 nan nan nan nan nan nan nan nan nan nan nan nan nan nan nan nan nan nan
 nan]
2026-03-10 09:30:45,380 - root - ERROR - NaN value detected in oversampled model function.
2026-03-10 09:30:45,381 - root - ERROR - <ParameterSet (values: 17)>
    cont_intercept  =  7304.60332142004
    cont_slope      =  6.299076258366059
    iod_depth       =  1.0110671043497979
    lsf_left_1      =  7.619218066102189
    lsf_left_2      =  -16.310050434092222
    lsf_left_3      =  6.17026384742766
    lsf_left_4      =  -2.824883171587874
    lsf_left_5      =  1.0586626325926618
    lsf_right1      =  3.7210712336475833
    lsf_right2      =  -18.773102351644948
    lsf_right3      =  4.986023249264276
    lsf_right4      =  -1.1260133486357287
    lsf_right5      =  0.3621483283105319
    tem_depth       =  0.9744975385892648
    velocity        =  -25355.740037272746
    wave_intercept  =  5204.6903448687235
    wave_slope      =  0.01663635654393466
2026-03-10 09:30:45,382 - root - ERROR - Evaluated LSF:
2026-03-10 09:30:45,383 - root - ERROR - [nan nan nan nan nan nan nan nan nan nan nan nan nan nan nan nan nan nan
 nan nan nan nan nan nan nan nan nan nan nan nan nan nan nan nan nan nan
 nan nan nan nan nan nan nan nan nan nan nan nan nan nan nan nan nan nan
 nan nan nan nan nan nan nan nan nan nan nan nan nan nan nan nan nan nan
 nan]
2026-03-10 09:30:48,128 - root - ERROR - NaN value detected in oversampled model function.
2026-03-10 09:30:48,130 - root - ERROR - <ParameterSet (values: 17)>
    cont_intercept  =  28968.628160796234
    cont_slope      =  -13.232139005349765
    iod_depth       =  1.0260485963647086
    lsf_left_1      =  2.3207342032503395
    lsf_left_2      =  -3.6728516820922987
    lsf_left_3      =  1.401517371604275
    lsf_left_4      =  -3.070077242405275
    lsf_left_5      =  1.1083010443412797
    lsf_right1      =  4.373225972922146
    lsf_right2      =  -18.775579210860275
    lsf_right3      =  3.804114949807901
    lsf_right4      =  -1.9990643258402647
    lsf_right5      =  0.24880263014983534
    tem_depth       =  0.9798292154292038
    velocity        =  -25714.47590702456
    wave_intercept  =  5242.648370409798
    wave_slope      =  0.013659911301944348
2026-03-10 09:30:48,131 - root - ERROR - Evaluated LSF:
2026-03-10 09:30:48,132 - root - ERROR - [nan nan nan nan nan nan nan nan nan nan nan nan nan nan nan nan nan nan
 nan nan nan nan nan nan nan nan nan nan nan nan nan nan nan nan nan nan
 nan nan nan nan nan nan nan nan nan nan nan nan nan nan nan nan nan nan
 nan nan nan nan nan nan nan nan nan nan nan nan nan nan nan nan nan nan
 nan]
2026-03-10 09:31:03,113 - root - ERROR - NaN value detected in oversampled model function.
2026-03-10 09:31:03,115 - root - ERROR - <ParameterSet (values: 17)>
    cont_intercept  =  8850.809239448643
    cont_slope      =  -9.308062812383472
    iod_depth       =  0.9303724837336629
    lsf_left_1      =  2.3677485275181125
    lsf_left_2      =  -9.975777091209693
    lsf_left_3      =  1.7980375976000889
    lsf_left_4      =  -3.1358413795500617
    lsf_left_5      =  1.0540089692865071
    lsf_right1      =  9.583142078611358
    lsf_right2      =  -17.947755777380994
    lsf_right3      =  3.917941161702865
    lsf_right4      =  -3.879694803712317
    lsf_right5      =  0.599920866700042
    tem_depth       =  0.9675750620028643
    velocity        =  -25525.382746327025
    wave_intercept  =  5406.904319282611
    wave_slope      =  0.011839212187217441
2026-03-10 09:31:03,117 - root - ERROR - Evaluated LSF:
2026-03-10 09:31:03,117 - root - ERROR - [nan nan nan nan nan nan nan nan nan nan nan nan nan nan nan nan nan nan
 nan nan nan nan nan nan nan nan nan nan nan nan nan nan nan nan nan nan
 nan nan nan nan nan nan nan nan nan nan nan nan nan nan nan nan nan nan
 nan nan nan nan nan nan nan nan nan nan nan nan nan nan nan nan nan nan
 nan]
2026-03-10 09:31:04,909 - root - ERROR - NaN value detected in oversampled model function.
2026-03-10 09:31:04,910 - root - ERROR - <ParameterSet (values: 17)>
    cont_intercept  =  37124.93284158363
    cont_slope      =  10.710340568640781
    iod_depth       =  0.8897775876614101
    lsf_left_1      =  3.1272223989439274
    lsf_left_2      =  -6.308932402672861
    lsf_left_3      =  5.3433158138782
    lsf_left_4      =  -3.2069731637028407
    lsf_left_5      =  0.5525451700023025
    lsf_right1      =  2.756208990775355
    lsf_right2      =  -18.674623455393608
    lsf_right3      =  1.3545412211171048
    lsf_right4      =  -3.474395958538635
    lsf_right5      =  0.900115787400456
    tem_depth       =  0.9742925291326605
    velocity        =  -25776.187965985908
    wave_intercept  =  5414.152403560624
    wave_slope      =  0.015248522500547717
2026-03-10 09:31:04,911 - root - ERROR - Evaluated LSF:
2026-03-10 09:31:04,912 - root - ERROR - [nan nan nan nan nan nan nan nan nan nan nan nan nan nan nan nan nan nan
 nan nan nan nan nan nan nan nan nan nan nan nan nan nan nan nan nan nan
 nan nan nan nan nan nan nan nan nan nan nan nan nan nan nan nan nan nan
 nan nan nan nan nan nan nan nan nan nan nan nan nan nan nan nan nan nan
 nan]
2026-03-10 09:31:07,973 - root - ERROR - NaN value detected in oversampled model function.
2026-03-10 09:31:07,975 - root - ERROR - <ParameterSet (values: 17)>
    cont_intercept  =  22631.809944074783
    cont_slope      =  21.175121865846286
    iod_depth       =  1.0599167860212906
    lsf_left_1      =  8.74572739109241
    lsf_left_2      =  -16.41605959032509
    lsf_left_3      =  3.1092085037934885
    lsf_left_4      =  -3.261531272903063
    lsf_left_5      =  0.5500213096890172
    lsf_right1      =  6.0126118394404795
    lsf_right2      =  -18.80652019385102
    lsf_right3      =  2.6622111817792176
    lsf_right4      =  -3.308834903177118
    lsf_right5      =  0.22699936599647125
    tem_depth       =  0.9995076716438901
    velocity        =  -25675.115879718753
    wave_intercept  =  5445.189023715987
    wave_slope      =  0.01671854060481578
2026-03-10 09:31:07,976 - root - ERROR - Evaluated LSF:
2026-03-10 09:31:07,977 - root - ERROR - [nan nan nan nan nan nan nan nan nan nan nan nan nan nan nan nan nan nan
 nan nan nan nan nan nan nan nan nan nan nan nan nan nan nan nan nan nan
 nan nan nan nan nan nan nan nan nan nan nan nan nan nan nan nan nan nan
 nan nan nan nan nan nan nan nan nan nan nan nan nan nan nan nan nan nan
 nan]
2026-03-10 09:31:19,986 - root - ERROR - NaN value detected in oversampled model function.
2026-03-10 09:31:19,987 - root - ERROR - <ParameterSet (values: 17)>
    cont_intercept  =  47655.35731798717
    cont_slope      =  3.1099508657568053
    iod_depth       =  1.1345123979579408
    lsf_left_1      =  2.370148583215268
    lsf_left_2      =  -17.579537581608044
    lsf_left_3      =  5.201969440572837
    lsf_left_4      =  -3.873830003160323
    lsf_left_5      =  0.1719905068681378
    lsf_right1      =  5.6843706309338975
    lsf_right2      =  -18.070956814123974
    lsf_right3      =  7.9382220685534834
    lsf_right4      =  -3.5696167270230252
    lsf_right5      =  1.1176979885042027
    tem_depth       =  1.04035809044677
    velocity        =  -24777.955921122506
    wave_intercept  =  5607.078786380454
    wave_slope      =  0.01625084568054472
2026-03-10 09:31:19,988 - root - ERROR - Evaluated LSF:
2026-03-10 09:31:19,989 - root - ERROR - [nan nan nan nan nan nan nan nan nan nan nan nan nan nan nan nan nan nan
 nan nan nan nan nan nan nan nan nan nan nan nan nan nan nan nan nan nan
 nan nan nan nan nan nan nan nan nan nan nan nan nan nan nan nan nan nan
 nan nan nan nan nan nan nan nan nan nan nan nan nan nan nan nan nan nan
 nan]
2026-03-10 09:31:21,328 - root - ERROR - NaN value detected in oversampled model function.
2026-03-10 09:31:21,330 - root - ERROR - <ParameterSet (values: 17)>
    cont_intercept  =  43247.54679429799
    cont_slope      =  -11.375844442986528
    iod_depth       =  1.0397167402684104
    lsf_left_1      =  3.980034501531186
    lsf_left_2      =  -17.254091461746953
    lsf_left_3      =  3.441364571573022
    lsf_left_4      =  -1.8437284851817268
    lsf_left_5      =  0.2526977903874543
    lsf_right1      =  4.26865285591216
    lsf_right2      =  -14.820563506620417
    lsf_right3      =  2.5208888625169292
    lsf_right4      =  -2.390149533534144
    lsf_right5      =  1.2082688435311004
    tem_depth       =  1.0740662811560338
    velocity        =  -27334.682900368156
    wave_intercept  =  5630.898936167447
    wave_slope      =  0.014372822569134244
2026-03-10 09:31:21,331 - root - ERROR - Evaluated LSF:
2026-03-10 09:31:21,332 - root - ERROR - [nan nan nan nan nan nan nan nan nan nan nan nan nan nan nan nan nan nan
 nan nan nan nan nan nan nan nan nan nan nan nan nan nan nan nan nan nan
 nan nan nan nan nan nan nan nan nan nan nan nan nan nan nan nan nan nan
 nan nan nan nan nan nan nan nan nan nan nan nan nan nan nan nan nan nan
 nan]
2026-03-10 09:31:29,288 - root - ERROR - NaN value detected in oversampled model function.
2026-03-10 09:31:29,293 - root - ERROR - <ParameterSet (values: 17)>
    cont_intercept  =  37321.04654205951
    cont_slope      =  4.618714283992616
    iod_depth       =  0.8772637437206849
    lsf_left_1      =  2.3691394688598897
    lsf_left_2      =  -14.553182901415346
    lsf_left_3      =  1.5988925496255857
    lsf_left_4      =  -3.8000516076051376
    lsf_left_5      =  1.0824147361392278
    lsf_right1      =  2.303018291664075
    lsf_right2      =  -17.351684800319674
    lsf_right3      =  7.834430011322338
    lsf_right4      =  -1.8005403708571168
    lsf_right5      =  0.212441637956412
    tem_depth       =  0.9876609276946113
    velocity        =  -25581.428338242215
    wave_intercept  =  5707.877139846729
    wave_slope      =  0.016844633245432193
2026-03-10 09:31:29,295 - root - ERROR - Evaluated LSF:
2026-03-10 09:31:29,299 - root - ERROR - [nan nan nan nan nan nan nan nan nan nan nan nan nan nan nan nan nan nan
 nan nan nan nan nan nan nan nan nan nan nan nan nan nan nan nan nan nan
 nan nan nan nan nan nan nan nan nan nan nan nan nan nan nan nan nan nan
 nan nan nan nan nan nan nan nan nan nan nan nan nan nan nan nan nan nan
 nan]
2026-03-10 09:31:38,652 - root - ERROR - NaN value detected in oversampled model function.
2026-03-10 09:31:38,655 - root - ERROR - <ParameterSet (values: 17)>
    cont_intercept  =  42091.06784735863
    cont_slope      =  36.248065949311155
    iod_depth       =  0.9970780483381999
    lsf_left_1      =  2.3352752690982994
    lsf_left_2      =  -18.67028928200411
    lsf_left_3      =  11.03253088484404
    lsf_left_4      =  -2.826734748740118
    lsf_left_5      =  0.2744351633164849
    lsf_right1      =  4.423629350185303
    lsf_right2      =  -17.774024916900828
    lsf_right3      =  1.548125702263433
    lsf_right4      =  -0.4580855297013753
    lsf_right5      =  0.5191049555341688
    tem_depth       =  1.099565554057549
    velocity        =  -24785.171565338278
    wave_intercept  =  5810.344752157123
    wave_slope      =  0.01768233525135851
2026-03-10 09:31:38,656 - root - ERROR - Evaluated LSF:
2026-03-10 09:31:38,657 - root - ERROR - [nan nan nan nan nan nan nan nan nan nan nan nan nan nan nan nan nan nan
 nan nan nan nan nan nan nan nan nan nan nan nan nan nan nan nan nan nan
 nan nan nan nan nan nan nan nan nan nan nan nan nan nan nan nan nan nan
 nan nan nan nan nan nan nan nan nan nan nan nan nan nan nan nan nan nan
 nan]
2026-03-10 09:31:40,664 - root - ERROR - NaN value detected in oversampled model function.
2026-03-10 09:31:40,666 - root - ERROR - <ParameterSet (values: 17)>
    cont_intercept  =  58642.91393501119
    cont_slope      =  -26.820687410583982
    iod_depth       =  0.999355118543386
    lsf_left_1      =  2.7956594173078657
    lsf_left_2      =  -11.438633780134568
    lsf_left_3      =  3.220003311267984
    lsf_left_4      =  -3.8888171254976345
    lsf_left_5      =  0.18412503179452994
    lsf_right1      =  7.47864449181933
    lsf_right2      =  -18.716714278009917
    lsf_right3      =  8.07580161476021
    lsf_right4      =  -3.9136588488529878
    lsf_right5      =  0.5136176320390775
    tem_depth       =  0.9703398683016112
    velocity        =  -25634.796875489086
    wave_intercept  =  5843.529914533699
    wave_slope      =  0.015092076354748985
2026-03-10 09:31:40,685 - root - ERROR - Evaluated LSF:
2026-03-10 09:31:40,687 - root - ERROR - [nan nan nan nan nan nan nan nan nan nan nan nan nan nan nan nan nan nan
 nan nan nan nan nan nan nan nan nan nan nan nan nan nan nan nan nan nan
 nan nan nan nan nan nan nan nan nan nan nan nan nan nan nan nan nan nan
 nan nan nan nan nan nan nan nan nan nan nan nan nan nan nan nan nan nan
 nan]
2026-03-10 09:31:43,587 - root - ERROR - NaN value detected in oversampled model function.
2026-03-10 09:31:43,590 - root - ERROR - <ParameterSet (values: 17)>
    cont_intercept  =  60545.38268840345
    cont_slope      =  -18.193685996235555
    iod_depth       =  0.9956641429032951
    lsf_left_1      =  2.9450208820720043
    lsf_left_2      =  -18.759821723529292
    lsf_left_3      =  1.2320874065963028
    lsf_left_4      =  -1.120838563389535
    lsf_left_5      =  0.8251108594579579
    lsf_right1      =  5.6540459725497225
    lsf_right2      =  -15.473772943379492
    lsf_right3      =  7.486274871413167
    lsf_right4      =  -3.5652778199796114
    lsf_right5      =  1.2306020352720082
    tem_depth       =  1.0414785471935537
    velocity        =  -25557.451025908882
    wave_intercept  =  5880.6854740707495
    wave_slope      =  0.016656614370908783
2026-03-10 09:31:43,591 - root - ERROR - Evaluated LSF:
2026-03-10 09:31:43,592 - root - ERROR - [nan nan nan nan nan nan nan nan nan nan nan nan nan nan nan nan nan nan
 nan nan nan nan nan nan nan nan nan nan nan nan nan nan nan nan nan nan
 nan nan nan nan nan nan nan nan nan nan nan nan nan nan nan nan nan nan
 nan nan nan nan nan nan nan nan nan nan nan nan nan nan nan nan nan nan
 nan]
2026-03-10 09:31:46,815 - root - ERROR - NaN value detected in oversampled model function.
2026-03-10 09:31:46,817 - root - ERROR - <ParameterSet (values: 17)>
    cont_intercept  =  28457.278451933278
    cont_slope      =  31.289487081587158
    iod_depth       =  0.9601329733779089
    lsf_left_1      =  2.868307837448758
    lsf_left_2      =  -11.340039703406083
    lsf_left_3      =  3.0216343951673394
    lsf_left_4      =  -3.0238095669038847
    lsf_left_5      =  1.0779903301196812
    lsf_right1      =  6.325680580122243
    lsf_right2      =  -15.624259437183497
    lsf_right3      =  4.593382310151053
    lsf_right4      =  -2.4645423803947013
    lsf_right5      =  1.060905942848268
    tem_depth       =  0.29505798026824187
    velocity        =  -30086.924771456757
    wave_intercept  =  5912.166042680977
    wave_slope      =  0.018935994333110617
2026-03-10 09:31:46,818 - root - ERROR - Evaluated LSF:
2026-03-10 09:31:46,818 - root - ERROR - [nan nan nan nan nan nan nan nan nan nan nan nan nan nan nan nan nan nan
 nan nan nan nan nan nan nan nan nan nan nan nan nan nan nan nan nan nan
 nan nan nan nan nan nan nan nan nan nan nan nan nan nan nan nan nan nan
 nan nan nan nan nan nan nan nan nan nan nan nan nan nan nan nan nan nan
 nan]
2026-03-10 09:31:47,548 - root - ERROR - NaN value detected in oversampled model function.
2026-03-10 09:31:47,549 - root - ERROR - <ParameterSet (values: 17)>
    cont_intercept  =  60028.662367188204
    cont_slope      =  21.50687512166359
    iod_depth       =  0.9637277777427238
    lsf_left_1      =  2.411753039283154
    lsf_left_2      =  -15.794537130991971
    lsf_left_3      =  8.502792118237195
    lsf_left_4      =  -3.9055399340526797
    lsf_left_5      =  1.1287972772621941
    lsf_right1      =  2.4061425707870403
    lsf_right2      =  -18.608200749434253
    lsf_right3      =  6.950299079469217
    lsf_right4      =  -2.6972781974537132
    lsf_right5      =  0.18836594008197638
    tem_depth       =  0.6198443394519313
    velocity        =  -27691.087614775504
    wave_intercept  =  5931.63997351124
    wave_slope      =  0.017369914460515355
2026-03-10 09:31:47,550 - root - ERROR - Evaluated LSF:
2026-03-10 09:31:47,551 - root - ERROR - [nan nan nan nan nan nan nan nan nan nan nan nan nan nan nan nan nan nan
 nan nan nan nan nan nan nan nan nan nan nan nan nan nan nan nan nan nan
 nan nan nan nan nan nan nan nan nan nan nan nan nan nan nan nan nan nan
 nan nan nan nan nan nan nan nan nan nan nan nan nan nan nan nan nan nan
 nan]
2026-03-10 09:31:49,019 - root - ERROR - NaN value detected in oversampled model function.
2026-03-10 09:31:49,020 - root - ERROR - <ParameterSet (values: 17)>
    cont_intercept  =  51352.24549229867
    cont_slope      =  -25.214455119256822
    iod_depth       =  0.9964741761885084
    lsf_left_1      =  2.6432874906953403
    lsf_left_2      =  -18.572520959799213
    lsf_left_3      =  1.2323672753180392
    lsf_left_4      =  -2.618894344766356
    lsf_left_5      =  0.8413490537008966
    lsf_right1      =  4.410309372804724
    lsf_right2      =  -18.51934314504964
    lsf_right3      =  3.437019262603312
    lsf_right4      =  -3.9055140820899963
    lsf_right5      =  0.3493776989680353
    tem_depth       =  1.0635801293358844
    velocity        =  -24904.19410702644
    wave_intercept  =  5960.7032241748575
    wave_slope      =  0.015088685594976965
2026-03-10 09:31:49,021 - root - ERROR - Evaluated LSF:
2026-03-10 09:31:49,022 - root - ERROR - [nan nan nan nan nan nan nan nan nan nan nan nan nan nan nan nan nan nan
 nan nan nan nan nan nan nan nan nan nan nan nan nan nan nan nan nan nan
 nan nan nan nan nan nan nan nan nan nan nan nan nan nan nan nan nan nan
 nan nan nan nan nan nan nan nan nan nan nan nan nan nan nan nan nan nan
 nan]
2026-03-10 09:31:53,658 - root - ERROR - NaN value detected in oversampled model function.
2026-03-10 09:31:53,660 - root - ERROR - <ParameterSet (values: 17)>
    cont_intercept  =  31027.85536194031
    cont_slope      =  39.463884975510815
    iod_depth       =  0.3592083355144844
    lsf_left_1      =  8.408775077129931
    lsf_left_2      =  -18.5712764627995
    lsf_left_3      =  1.2373859585631994
    lsf_left_4      =  -0.7428867918559252
    lsf_left_5      =  0.25043014420268733
    lsf_right1      =  2.5778429652350625
    lsf_right2      =  -17.621587947336373
    lsf_right3      =  3.1786945639188193
    lsf_right4      =  -1.7917016832712673
    lsf_right5      =  0.5318697828300891
    tem_depth       =  0.8408448956488294
    velocity        =  -25500.002830934645
    wave_intercept  =  6029.2514568680235
    wave_slope      =  0.01931817153430208
2026-03-10 09:31:53,661 - root - ERROR - Evaluated LSF:
2026-03-10 09:31:53,662 - root - ERROR - [nan nan nan nan nan nan nan nan nan nan nan nan nan nan nan nan nan nan
 nan nan nan nan nan nan nan nan nan nan nan nan nan nan nan nan nan nan
 nan nan nan nan nan nan nan nan nan nan nan nan nan nan nan nan nan nan
 nan nan nan nan nan nan nan nan nan nan nan nan nan nan nan nan nan nan
 nan]
2026-03-10 09:31:55,838 - root - ERROR - NaN value detected in oversampled model function.
2026-03-10 09:31:55,840 - root - ERROR - <ParameterSet (values: 17)>
    cont_intercept  =  68385.13303772769
    cont_slope      =  -6.170081820251884
    iod_depth       =  0.9508949572128567
    lsf_left_1      =  2.523696125989047
    lsf_left_2      =  -14.877336809160681
    lsf_left_3      =  1.3914027365383153
    lsf_left_4      =  -3.91386436575394
    lsf_left_5      =  0.9402884671024359
    lsf_right1      =  3.830550497125254
    lsf_right2      =  -17.310021987287225
    lsf_right3      =  5.221136140299899
    lsf_right4      =  -3.312025081329653
    lsf_right5      =  0.9017511660540758
    tem_depth       =  0.9772037630723702
    velocity        =  -25562.918736551524
    wave_intercept  =  6065.420415664052
    wave_slope      =  0.016366814429284265
2026-03-10 09:31:55,841 - root - ERROR - Evaluated LSF:
2026-03-10 09:31:55,842 - root - ERROR - [nan nan nan nan nan nan nan nan nan nan nan nan nan nan nan nan nan nan
 nan nan nan nan nan nan nan nan nan nan nan nan nan nan nan nan nan nan
 nan nan nan nan nan nan nan nan nan nan nan nan nan nan nan nan nan nan
 nan nan nan nan nan nan nan nan nan nan nan nan nan nan nan nan nan nan
 nan]
2026-03-10 09:31:57,167 - root - ERROR - NaN value detected in oversampled model function.
2026-03-10 09:31:57,168 - root - ERROR - <ParameterSet (values: 17)>
    cont_intercept  =  33376.48127915437
    cont_slope      =  -24.61688357971641
    iod_depth       =  0.8835470366337904
    lsf_left_1      =  3.37472314183115
    lsf_left_2      =  -18.18672706184649
    lsf_left_3      =  1.231826138425539
    lsf_left_4      =  -2.070560892105466
    lsf_left_5      =  0.21563402177138713
    lsf_right1      =  2.769709338241754
    lsf_right2      =  -18.299619978792084
    lsf_right3      =  1.8720314402953169
    lsf_right4      =  -3.793146381735846
    lsf_right5      =  0.822268669580687
    tem_depth       =  0.9838151730043402
    velocity        =  -25613.1509292513
    wave_intercept  =  6091.180839573298
    wave_slope      =  0.014376407695485413
2026-03-10 09:31:57,169 - root - ERROR - Evaluated LSF:
2026-03-10 09:31:57,170 - root - ERROR - [nan nan nan nan nan nan nan nan nan nan nan nan nan nan nan nan nan nan
 nan nan nan nan nan nan nan nan nan nan nan nan nan nan nan nan nan nan
 nan nan nan nan nan nan nan nan nan nan nan nan nan nan nan nan nan nan
 nan nan nan nan nan nan nan nan nan nan nan nan nan nan nan nan nan nan
 nan]
2026-03-10 09:31:57,868 - root - ERROR - NaN value detected in oversampled model function.
2026-03-10 09:31:57,869 - root - ERROR - <ParameterSet (values: 17)>
    cont_intercept  =  29187.371672050416
    cont_slope      =  27.61189027013687
    iod_depth       =  0.48326195612476175
    lsf_left_1      =  2.8228372783271216
    lsf_left_2      =  -17.732341648971023
    lsf_left_3      =  9.633517594970591
    lsf_left_4      =  -2.473234412302177
    lsf_left_5      =  0.3463719392537043
    lsf_right1      =  10.163941239987263
    lsf_right2      =  -18.420432330193254
    lsf_right3      =  4.154035170018271
    lsf_right4      =  -3.9131721907487984
    lsf_right5      =  1.1650431344541157
    tem_depth       =  0.9420054295151433
    velocity        =  -25229.677480581595
    wave_intercept  =  6089.533666680141
    wave_slope      =  0.019236267239426532
2026-03-10 09:31:57,870 - root - ERROR - Evaluated LSF:
2026-03-10 09:31:57,871 - root - ERROR - [nan nan nan nan nan nan nan nan nan nan nan nan nan nan nan nan nan nan
 nan nan nan nan nan nan nan nan nan nan nan nan nan nan nan nan nan nan
 nan nan nan nan nan nan nan nan nan nan nan nan nan nan nan nan nan nan
 nan nan nan nan nan nan nan nan nan nan nan nan nan nan nan nan nan nan
 nan]
2026-03-10 09:31:59,275 - root - ERROR - NaN value detected in oversampled model function.
2026-03-10 09:31:59,276 - root - ERROR - <ParameterSet (values: 17)>
    cont_intercept  =  65043.65106238228
    cont_slope      =  -0.880355150276136
    iod_depth       =  1.0101615766662984
    lsf_left_1      =  4.6843892712623125
    lsf_left_2      =  -17.710113471705323
    lsf_left_3      =  9.718343255072625
    lsf_left_4      =  -3.4532377571518635
    lsf_left_5      =  0.9382584794531138
    lsf_right1      =  6.0833442624501615
    lsf_right2      =  -18.46069025991307
    lsf_right3      =  6.620754933492438
    lsf_right4      =  -3.500618238500968
    lsf_right5      =  1.0183840330347653
    tem_depth       =  0.9905276945764673
    velocity        =  -25438.478090585755
    wave_intercept  =  6122.057411468958
    wave_slope      =  0.016891074958537686
2026-03-10 09:31:59,278 - root - ERROR - Evaluated LSF:
2026-03-10 09:31:59,279 - root - ERROR - [nan nan nan nan nan nan nan nan nan nan nan nan nan nan nan nan nan nan
 nan nan nan nan nan nan nan nan nan nan nan nan nan nan nan nan nan nan
 nan nan nan nan nan nan nan nan nan nan nan nan nan nan nan nan nan nan
 nan nan nan nan nan nan nan nan nan nan nan nan nan nan nan nan nan nan
 nan]
2026-03-10 09:32:00,356 - root - ERROR - NaN value detected in oversampled model function.
2026-03-10 09:32:00,357 - root - ERROR - <ParameterSet (values: 17)>
    cont_intercept  =  39507.93807388608
    cont_slope      =  -29.369624237546226
    iod_depth       =  0.9544050156725902
    lsf_left_1      =  4.829673583560539
    lsf_left_2      =  -15.837955227551445
    lsf_left_3      =  4.453376610181885
    lsf_left_4      =  -2.7907658232059216
    lsf_left_5      =  0.21068803149471366
    lsf_right1      =  2.2977705192450686
    lsf_right2      =  -8.18364083091433
    lsf_right3      =  4.120953165732051
    lsf_right4      =  -3.9086437774509117
    lsf_right5      =  0.15595237355942254
    tem_depth       =  1.0095924101763163
    velocity        =  -25967.96886222821
    wave_intercept  =  6148.587507760954
    wave_slope      =  0.014686219321130548
2026-03-10 09:32:00,358 - root - ERROR - Evaluated LSF:
2026-03-10 09:32:00,359 - root - ERROR - [nan nan nan nan nan nan nan nan nan nan nan nan nan nan nan nan nan nan
 nan nan nan nan nan nan nan nan nan nan nan nan nan nan nan nan nan nan
 nan nan nan nan nan nan nan nan nan nan nan nan nan nan nan nan nan nan
 nan nan nan nan nan nan nan nan nan nan nan nan nan nan nan nan nan nan
 nan]
2026-03-10 09:32:01,200 - root - ERROR - NaN value detected in oversampled model function.
2026-03-10 09:32:01,202 - root - ERROR - <ParameterSet (values: 17)>
    cont_intercept  =  29996.631754074086
    cont_slope      =  33.529107947937526
    iod_depth       =  0.1421174064376121
    lsf_left_1      =  9.331170254215351
    lsf_left_2      =  -18.781025233023698
    lsf_left_3      =  1.3767300590620577
    lsf_left_4      =  -3.914784242590238
    lsf_left_5      =  0.8739498684258172
    lsf_right1      =  2.337226042119113
    lsf_right2      =  -18.647271329988584
    lsf_right3      =  10.202721684170442
    lsf_right4      =  -3.173581872620432
    lsf_right5      =  0.41864290969972623
    tem_depth       =  0.9575174014335474
    velocity        =  -25425.46871027265
    wave_intercept  =  6151.053260225412
    wave_slope      =  0.020045336093466776
2026-03-10 09:32:01,203 - root - ERROR - Evaluated LSF:
2026-03-10 09:32:01,204 - root - ERROR - [nan nan nan nan nan nan nan nan nan nan nan nan nan nan nan nan nan nan
 nan nan nan nan nan nan nan nan nan nan nan nan nan nan nan nan nan nan
 nan nan nan nan nan nan nan nan nan nan nan nan nan nan nan nan nan nan
 nan nan nan nan nan nan nan nan nan nan nan nan nan nan nan nan nan nan
 nan]
2026-03-10 09:32:01,604 - root - ERROR - NaN value detected in oversampled model function.
2026-03-10 09:32:01,606 - root - ERROR - <ParameterSet (values: 17)>
    cont_intercept  =  43642.72582796273
    cont_slope      =  25.01888354869301
    iod_depth       =  0.9767602187582779
    lsf_left_1      =  4.357235935974769
    lsf_left_2      =  -18.487499925977694
    lsf_left_3      =  9.752839208683376
    lsf_left_4      =  -3.885659318499019
    lsf_left_5      =  0.30199299918562794
    lsf_right1      =  6.337165383100134
    lsf_right2      =  -13.160843758509422
    lsf_right3      =  1.3606002815846285
    lsf_right4      =  -3.045176518384593
    lsf_right5      =  1.0856274425722048
    tem_depth       =  1.0035220081912832
    velocity        =  -25244.98810186113
    wave_intercept  =  6162.478180083544
    wave_slope      =  0.01874208000310428
2026-03-10 09:32:01,607 - root - ERROR - Evaluated LSF:
2026-03-10 09:32:01,608 - root - ERROR - [nan nan nan nan nan nan nan nan nan nan nan nan nan nan nan nan nan nan
 nan nan nan nan nan nan nan nan nan nan nan nan nan nan nan nan nan nan
 nan nan nan nan nan nan nan nan nan nan nan nan nan nan nan nan nan nan
 nan nan nan nan nan nan nan nan nan nan nan nan nan nan nan nan nan nan
 nan]
2026-03-10 09:32:02,451 - root - ERROR - NaN value detected in oversampled model function.
2026-03-10 09:32:02,453 - root - ERROR - <ParameterSet (values: 17)>
    cont_intercept  =  75350.7181681351
    cont_slope      =  7.579411146723353
    iod_depth       =  0.9291125052606499
    lsf_left_1      =  2.5772760417397564
    lsf_left_2      =  -18.219429217820707
    lsf_left_3      =  4.365358967149673
    lsf_left_4      =  -3.875006048593936
    lsf_left_5      =  0.8040069564709839
    lsf_right1      =  2.459214792875533
    lsf_right2      =  -18.661842371809772
    lsf_right3      =  2.369869757321744
    lsf_right4      =  -3.6140132143761523
    lsf_right5      =  1.2623587917426153
    tem_depth       =  1.0521819993857593
    velocity        =  -25424.698471133015
    wave_intercept  =  6181.861800113796
    wave_slope      =  0.01725405417067625
2026-03-10 09:32:02,454 - root - ERROR - Evaluated LSF:
2026-03-10 09:32:02,455 - root - ERROR - [nan nan nan nan nan nan nan nan nan nan nan nan nan nan nan nan nan nan
 nan nan nan nan nan nan nan nan nan nan nan nan nan nan nan nan nan nan
 nan nan nan nan nan nan nan nan nan nan nan nan nan nan nan nan nan nan
 nan nan nan nan nan nan nan nan nan nan nan nan nan nan nan nan nan nan
 nan]
2026-03-10 09:32:02,772 - root - ERROR - NaN value detected in oversampled model function.
2026-03-10 09:32:02,774 - root - ERROR - <ParameterSet (values: 17)>
    cont_intercept  =  63356.29727506483
    cont_slope      =  -7.399065784576361
    iod_depth       =  1.0140088506743152
    lsf_left_1      =  2.802850384571342
    lsf_left_2      =  -15.28432001772121
    lsf_left_3      =  7.2966228213872455
    lsf_left_4      =  -3.9069366471627953
    lsf_left_5      =  0.6412480926525321
    lsf_right1      =  5.60320122779757
    lsf_right2      =  -14.921928195984037
    lsf_right3      =  4.791165765107806
    lsf_right4      =  -2.6827111204409926
    lsf_right5      =  0.8221629318779858
    tem_depth       =  0.9942395162419648
    velocity        =  -25516.71002899028
    wave_intercept  =  6189.958537753158
    wave_slope      =  0.016588146799177143
2026-03-10 09:32:02,775 - root - ERROR - Evaluated LSF:
2026-03-10 09:32:02,776 - root - ERROR - [nan nan nan nan nan nan nan nan nan nan nan nan nan nan nan nan nan nan
 nan nan nan nan nan nan nan nan nan nan nan nan nan nan nan nan nan nan
 nan nan nan nan nan nan nan nan nan nan nan nan nan nan nan nan nan nan
 nan nan nan nan nan nan nan nan nan nan nan nan nan nan nan nan nan nan
 nan]
2026-03-10 09:32:09,116 - root - ERROR - Polynomial fitting failed. Falling back to input values
Traceback (most recent call last):
  File "/Users/jaklusmeyer/SONG/pyodine/pyodine/lib/misc.py", line 529, in fit_polynomial
    pfit, stats = np.polynomial.Polynomial.fit(
  File "/Users/jaklusmeyer/miniconda/envs/pyodine_env/lib/python3.9/site-packages/numpy/polynomial/_polybase.py", line 1036, in fit
    xnew = pu.mapdomain(x, domain, window)
  File "/Users/jaklusmeyer/miniconda/envs/pyodine_env/lib/python3.9/site-packages/numpy/polynomial/polyutils.py", line 371, in mapdomain
    off, scl = mapparms(old, new)
  File "/Users/jaklusmeyer/miniconda/envs/pyodine_env/lib/python3.9/site-packages/numpy/polynomial/polyutils.py", line 303, in mapparms
    off = (old[1]*new[0] - old[0]*new[1])/oldlen
ZeroDivisionError: division by zero
2026-03-10 09:32:09,118 - root - ERROR - Polynomial fitting failed. Falling back to input values
Traceback (most recent call last):
  File "/Users/jaklusmeyer/SONG/pyodine/pyodine/lib/misc.py", line 529, in fit_polynomial
    pfit, stats = np.polynomial.Polynomial.fit(
  File "/Users/jaklusmeyer/miniconda/envs/pyodine_env/lib/python3.9/site-packages/numpy/polynomial/_polybase.py", line 1036, in fit
    xnew = pu.mapdomain(x, domain, window)
  File "/Users/jaklusmeyer/miniconda/envs/pyodine_env/lib/python3.9/site-packages/numpy/polynomial/polyutils.py", line 371, in mapdomain
    off, scl = mapparms(old, new)
  File "/Users/jaklusmeyer/miniconda/envs/pyodine_env/lib/python3.9/site-packages/numpy/polynomial/polyutils.py", line 303, in mapparms
    off = (old[1]*new[0] - old[0]*new[1])/oldlen
ZeroDivisionError: division by zero
2026-03-10 09:32:09,119 - root - ERROR - Polynomial fitting failed. Falling back to input values
Traceback (most recent call last):
  File "/Users/jaklusmeyer/SONG/pyodine/pyodine/lib/misc.py", line 529, in fit_polynomial
    pfit, stats = np.polynomial.Polynomial.fit(
  File "/Users/jaklusmeyer/miniconda/envs/pyodine_env/lib/python3.9/site-packages/numpy/polynomial/_polybase.py", line 1036, in fit
    xnew = pu.mapdomain(x, domain, window)
  File "/Users/jaklusmeyer/miniconda/envs/pyodine_env/lib/python3.9/site-packages/numpy/polynomial/polyutils.py", line 371, in mapdomain
    off, scl = mapparms(old, new)
  File "/Users/jaklusmeyer/miniconda/envs/pyodine_env/lib/python3.9/site-packages/numpy/polynomial/polyutils.py", line 303, in mapparms
    off = (old[1]*new[0] - old[0]*new[1])/oldlen
ZeroDivisionError: division by zero
2026-03-10 09:32:09,121 - root - ERROR - Polynomial fitting failed. Falling back to input values
Traceback (most recent call last):
  File "/Users/jaklusmeyer/SONG/pyodine/pyodine/lib/misc.py", line 529, in fit_polynomial
    pfit, stats = np.polynomial.Polynomial.fit(
  File "/Users/jaklusmeyer/miniconda/envs/pyodine_env/lib/python3.9/site-packages/numpy/polynomial/_polybase.py", line 1036, in fit
    xnew = pu.mapdomain(x, domain, window)
  File "/Users/jaklusmeyer/miniconda/envs/pyodine_env/lib/python3.9/site-packages/numpy/polynomial/polyutils.py", line 371, in mapdomain
    off, scl = mapparms(old, new)
  File "/Users/jaklusmeyer/miniconda/envs/pyodine_env/lib/python3.9/site-packages/numpy/polynomial/polyutils.py", line 303, in mapparms
    off = (old[1]*new[0] - old[0]*new[1])/oldlen
ZeroDivisionError: division by zero
2026-03-10 09:32:09,123 - root - ERROR - Polynomial fitting failed. Falling back to input values
Traceback (most recent call last):
  File "/Users/jaklusmeyer/SONG/pyodine/pyodine/lib/misc.py", line 529, in fit_polynomial
    pfit, stats = np.polynomial.Polynomial.fit(
  File "/Users/jaklusmeyer/miniconda/envs/pyodine_env/lib/python3.9/site-packages/numpy/polynomial/_polybase.py", line 1036, in fit
    xnew = pu.mapdomain(x, domain, window)
  File "/Users/jaklusmeyer/miniconda/envs/pyodine_env/lib/python3.9/site-packages/numpy/polynomial/polyutils.py", line 371, in mapdomain
    off, scl = mapparms(old, new)
  File "/Users/jaklusmeyer/miniconda/envs/pyodine_env/lib/python3.9/site-packages/numpy/polynomial/polyutils.py", line 303, in mapparms
    off = (old[1]*new[0] - old[0]*new[1])/oldlen
ZeroDivisionError: division by zero
2026-03-10 09:32:09,124 - root - ERROR - Polynomial fitting failed. Falling back to input values
Traceback (most recent call last):
  File "/Users/jaklusmeyer/SONG/pyodine/pyodine/lib/misc.py", line 529, in fit_polynomial
    pfit, stats = np.polynomial.Polynomial.fit(
  File "/Users/jaklusmeyer/miniconda/envs/pyodine_env/lib/python3.9/site-packages/numpy/polynomial/_polybase.py", line 1036, in fit
    xnew = pu.mapdomain(x, domain, window)
  File "/Users/jaklusmeyer/miniconda/envs/pyodine_env/lib/python3.9/site-packages/numpy/polynomial/polyutils.py", line 371, in mapdomain
    off, scl = mapparms(old, new)
  File "/Users/jaklusmeyer/miniconda/envs/pyodine_env/lib/python3.9/site-packages/numpy/polynomial/polyutils.py", line 303, in mapparms
    off = (old[1]*new[0] - old[0]*new[1])/oldlen
ZeroDivisionError: division by zero
2026-03-10 09:32:09,125 - root - ERROR - Polynomial fitting failed. Falling back to input values
Traceback (most recent call last):
  File "/Users/jaklusmeyer/SONG/pyodine/pyodine/lib/misc.py", line 529, in fit_polynomial
    pfit, stats = np.polynomial.Polynomial.fit(
  File "/Users/jaklusmeyer/miniconda/envs/pyodine_env/lib/python3.9/site-packages/numpy/polynomial/_polybase.py", line 1036, in fit
    xnew = pu.mapdomain(x, domain, window)
  File "/Users/jaklusmeyer/miniconda/envs/pyodine_env/lib/python3.9/site-packages/numpy/polynomial/polyutils.py", line 371, in mapdomain
    off, scl = mapparms(old, new)
  File "/Users/jaklusmeyer/miniconda/envs/pyodine_env/lib/python3.9/site-packages/numpy/polynomial/polyutils.py", line 303, in mapparms
    off = (old[1]*new[0] - old[0]*new[1])/oldlen
ZeroDivisionError: division by zero
2026-03-10 09:32:09,141 - root - ERROR - Polynomial fitting failed. Falling back to input values
Traceback (most recent call last):
  File "/Users/jaklusmeyer/SONG/pyodine/pyodine/lib/misc.py", line 529, in fit_polynomial
    pfit, stats = np.polynomial.Polynomial.fit(
  File "/Users/jaklusmeyer/miniconda/envs/pyodine_env/lib/python3.9/site-packages/numpy/polynomial/_polybase.py", line 1036, in fit
    xnew = pu.mapdomain(x, domain, window)
  File "/Users/jaklusmeyer/miniconda/envs/pyodine_env/lib/python3.9/site-packages/numpy/polynomial/polyutils.py", line 371, in mapdomain
    off, scl = mapparms(old, new)
  File "/Users/jaklusmeyer/miniconda/envs/pyodine_env/lib/python3.9/site-packages/numpy/polynomial/polyutils.py", line 303, in mapparms
    off = (old[1]*new[0] - old[0]*new[1])/oldlen
ZeroDivisionError: division by zero
2026-03-10 09:32:09,144 - root - ERROR - Polynomial fitting failed. Falling back to input values
Traceback (most recent call last):
  File "/Users/jaklusmeyer/SONG/pyodine/pyodine/lib/misc.py", line 529, in fit_polynomial
    pfit, stats = np.polynomial.Polynomial.fit(
  File "/Users/jaklusmeyer/miniconda/envs/pyodine_env/lib/python3.9/site-packages/numpy/polynomial/_polybase.py", line 1036, in fit
    xnew = pu.mapdomain(x, domain, window)
  File "/Users/jaklusmeyer/miniconda/envs/pyodine_env/lib/python3.9/site-packages/numpy/polynomial/polyutils.py", line 371, in mapdomain
    off, scl = mapparms(old, new)
  File "/Users/jaklusmeyer/miniconda/envs/pyodine_env/lib/python3.9/site-packages/numpy/polynomial/polyutils.py", line 303, in mapparms
    off = (old[1]*new[0] - old[0]*new[1])/oldlen
ZeroDivisionError: division by zero
2026-03-10 09:32:09,148 - root - ERROR - Polynomial fitting failed. Falling back to input values
Traceback (most recent call last):
  File "/Users/jaklusmeyer/SONG/pyodine/pyodine/lib/misc.py", line 529, in fit_polynomial
    pfit, stats = np.polynomial.Polynomial.fit(
  File "/Users/jaklusmeyer/miniconda/envs/pyodine_env/lib/python3.9/site-packages/numpy/polynomial/_polybase.py", line 1036, in fit
    xnew = pu.mapdomain(x, domain, window)
  File "/Users/jaklusmeyer/miniconda/envs/pyodine_env/lib/python3.9/site-packages/numpy/polynomial/polyutils.py", line 371, in mapdomain
    off, scl = mapparms(old, new)
  File "/Users/jaklusmeyer/miniconda/envs/pyodine_env/lib/python3.9/site-packages/numpy/polynomial/polyutils.py", line 303, in mapparms
    off = (old[1]*new[0] - old[0]*new[1])/oldlen
ZeroDivisionError: division by zero
2026-03-10 09:32:09,152 - root - ERROR - Polynomial fitting failed. Falling back to input values
Traceback (most recent call last):
  File "/Users/jaklusmeyer/SONG/pyodine/pyodine/lib/misc.py", line 529, in fit_polynomial
    pfit, stats = np.polynomial.Polynomial.fit(
  File "/Users/jaklusmeyer/miniconda/envs/pyodine_env/lib/python3.9/site-packages/numpy/polynomial/_polybase.py", line 1036, in fit
    xnew = pu.mapdomain(x, domain, window)
  File "/Users/jaklusmeyer/miniconda/envs/pyodine_env/lib/python3.9/site-packages/numpy/polynomial/polyutils.py", line 371, in mapdomain
    off, scl = mapparms(old, new)
  File "/Users/jaklusmeyer/miniconda/envs/pyodine_env/lib/python3.9/site-packages/numpy/polynomial/polyutils.py", line 303, in mapparms
    off = (old[1]*new[0] - old[0]*new[1])/oldlen
ZeroDivisionError: division by zero
2026-03-10 09:32:09,154 - root - ERROR - Polynomial fitting failed. Falling back to input values
Traceback (most recent call last):
  File "/Users/jaklusmeyer/SONG/pyodine/pyodine/lib/misc.py", line 529, in fit_polynomial
    pfit, stats = np.polynomial.Polynomial.fit(
  File "/Users/jaklusmeyer/miniconda/envs/pyodine_env/lib/python3.9/site-packages/numpy/polynomial/_polybase.py", line 1036, in fit
    xnew = pu.mapdomain(x, domain, window)
  File "/Users/jaklusmeyer/miniconda/envs/pyodine_env/lib/python3.9/site-packages/numpy/polynomial/polyutils.py", line 371, in mapdomain
    off, scl = mapparms(old, new)
  File "/Users/jaklusmeyer/miniconda/envs/pyodine_env/lib/python3.9/site-packages/numpy/polynomial/polyutils.py", line 303, in mapparms
    off = (old[1]*new[0] - old[0]*new[1])/oldlen
ZeroDivisionError: division by zero
2026-03-10 09:32:09,155 - root - ERROR - Polynomial fitting failed. Falling back to input values
Traceback (most recent call last):
  File "/Users/jaklusmeyer/SONG/pyodine/pyodine/lib/misc.py", line 529, in fit_polynomial
    pfit, stats = np.polynomial.Polynomial.fit(
  File "/Users/jaklusmeyer/miniconda/envs/pyodine_env/lib/python3.9/site-packages/numpy/polynomial/_polybase.py", line 1036, in fit
    xnew = pu.mapdomain(x, domain, window)
  File "/Users/jaklusmeyer/miniconda/envs/pyodine_env/lib/python3.9/site-packages/numpy/polynomial/polyutils.py", line 371, in mapdomain
    off, scl = mapparms(old, new)
  File "/Users/jaklusmeyer/miniconda/envs/pyodine_env/lib/python3.9/site-packages/numpy/polynomial/polyutils.py", line 303, in mapparms
    off = (old[1]*new[0] - old[0]*new[1])/oldlen
ZeroDivisionError: division by zero
2026-03-10 09:32:09,156 - root - ERROR - Polynomial fitting failed. Falling back to input values
Traceback (most recent call last):
  File "/Users/jaklusmeyer/SONG/pyodine/pyodine/lib/misc.py", line 529, in fit_polynomial
    pfit, stats = np.polynomial.Polynomial.fit(
  File "/Users/jaklusmeyer/miniconda/envs/pyodine_env/lib/python3.9/site-packages/numpy/polynomial/_polybase.py", line 1036, in fit
    xnew = pu.mapdomain(x, domain, window)
  File "/Users/jaklusmeyer/miniconda/envs/pyodine_env/lib/python3.9/site-packages/numpy/polynomial/polyutils.py", line 371, in mapdomain
    off, scl = mapparms(old, new)
  File "/Users/jaklusmeyer/miniconda/envs/pyodine_env/lib/python3.9/site-packages/numpy/polynomial/polyutils.py", line 303, in mapparms
    off = (old[1]*new[0] - old[0]*new[1])/oldlen
ZeroDivisionError: division by zero
2026-03-10 09:32:12,011 - root - ERROR - NaN value detected in iodine function.
2026-03-10 09:32:12,012 - root - ERROR - Chunk could not be plotted
Traceback (most recent call last):
  File "/Users/jaklusmeyer/SONG/pyodine/pyodine/plot_lib.py", line 62, in plot_chunkmodel
    sp = fit_results[chunk_nr].fitted_spectrum
  File "/Users/jaklusmeyer/SONG/pyodine/pyodine/fitters/base.py", line 45, in fitted_spectrum
    return self.model.eval_spectrum(self.chunk, self.params, chunk_ind=self.chunk_ind)
  File "/Users/jaklusmeyer/SONG/pyodine/pyodine/models/base.py", line 79, in eval_spectrum
    flux = self.eval(chunk, params, chunk_ind=chunk_ind, **kwargs)
  File "/Users/jaklusmeyer/SONG/pyodine/pyodine/models/spectrum.py", line 138, in eval
    tck = splrep(tem.wave * doppler, flux_tem, s=0)
  File "/Users/jaklusmeyer/miniconda/envs/pyodine_env/lib/python3.9/site-packages/scipy/interpolate/_fitpack_py.py", line 295, in splrep
    res = _impl.splrep(x, y, w, xb, xe, k, task, s, t, full_output, per, quiet)
  File "/Users/jaklusmeyer/miniconda/envs/pyodine_env/lib/python3.9/site-packages/scipy/interpolate/_fitpack_impl.py", line 276, in splrep
    n, c, fp, ier = dfitpack.curfit(task, x, y, w, t, wrk, iwrk,
dfitpack.error: (xb<=x[0]) failed for 1st keyword xb: curfit:xb=nan
2026-03-10 09:32:12,279 - root - ERROR - NaN value detected in iodine function.
2026-03-10 09:32:12,281 - root - ERROR - Chunk could not be plotted
Traceback (most recent call last):
  File "/Users/jaklusmeyer/SONG/pyodine/pyodine/plot_lib.py", line 62, in plot_chunkmodel
    sp = fit_results[chunk_nr].fitted_spectrum
  File "/Users/jaklusmeyer/SONG/pyodine/pyodine/fitters/base.py", line 45, in fitted_spectrum
    return self.model.eval_spectrum(self.chunk, self.params, chunk_ind=self.chunk_ind)
  File "/Users/jaklusmeyer/SONG/pyodine/pyodine/models/base.py", line 79, in eval_spectrum
    flux = self.eval(chunk, params, chunk_ind=chunk_ind, **kwargs)
  File "/Users/jaklusmeyer/SONG/pyodine/pyodine/models/spectrum.py", line 138, in eval
    tck = splrep(tem.wave * doppler, flux_tem, s=0)
  File "/Users/jaklusmeyer/miniconda/envs/pyodine_env/lib/python3.9/site-packages/scipy/interpolate/_fitpack_py.py", line 295, in splrep
    res = _impl.splrep(x, y, w, xb, xe, k, task, s, t, full_output, per, quiet)
  File "/Users/jaklusmeyer/miniconda/envs/pyodine_env/lib/python3.9/site-packages/scipy/interpolate/_fitpack_impl.py", line 276, in splrep
    n, c, fp, ier = dfitpack.curfit(task, x, y, w, t, wrk, iwrk,
dfitpack.error: (xb<=x[0]) failed for 1st keyword xb: curfit:xb=nan
