2026-03-10 10:00:58,633 - root - ERROR - Chunk 0: No Data! Returning LmfitResult with None.
2026-03-10 10:00:58,634 - root - ERROR - Chunk 1: No Data! Returning LmfitResult with None.
2026-03-10 10:00:58,635 - root - ERROR - Chunk 2: No Data! Returning LmfitResult with None.
2026-03-10 10:00:58,636 - root - ERROR - Chunk 3: No Data! Returning LmfitResult with None.
2026-03-10 10:00:58,637 - root - ERROR - Chunk 4: No Data! Returning LmfitResult with None.
2026-03-10 10:00:58,638 - root - ERROR - Chunk 5: No Data! Returning LmfitResult with None.
2026-03-10 10:00:58,639 - root - ERROR - Chunk 6: No Data! Returning LmfitResult with None.
2026-03-10 10:00:58,640 - root - ERROR - Chunk 7: No Data! Returning LmfitResult with None.
2026-03-10 10:00:58,641 - root - ERROR - Chunk 8: No Data! Returning LmfitResult with None.
2026-03-10 10:00:58,642 - root - ERROR - Chunk 9: No Data! Returning LmfitResult with None.
2026-03-10 10:00:58,643 - root - ERROR - Chunk 10: No Data! Returning LmfitResult with None.
2026-03-10 10:00:58,644 - root - ERROR - Chunk 11: No Data! Returning LmfitResult with None.
2026-03-10 10:00:58,645 - root - ERROR - Chunk 12: No Data! Returning LmfitResult with None.
2026-03-10 10:00:58,647 - root - ERROR - Chunk 13: No Data! Returning LmfitResult with None.
2026-03-10 10:00:58,692 - root - ERROR - Chunk 14: No Data! Returning LmfitResult with None.
2026-03-10 10:00:58,716 - root - ERROR - Chunk 15: No Data! Returning LmfitResult with None.
2026-03-10 10:00:58,762 - root - ERROR - Chunk 16: No Data! Returning LmfitResult with None.
2026-03-10 10:00:58,763 - root - ERROR - Chunk 17: No Data! Returning LmfitResult with None.
2026-03-10 10:00:58,765 - root - ERROR - Chunk 18: No Data! Returning LmfitResult with None.
2026-03-10 10:00:58,766 - root - ERROR - Chunk 19: No Data! Returning LmfitResult with None.
2026-03-10 10:00:58,767 - root - ERROR - Chunk 20: No Data! Returning LmfitResult with None.
2026-03-10 10:00:58,768 - root - ERROR - Chunk 21: No Data! Returning LmfitResult with None.
2026-03-10 10:00:58,770 - root - ERROR - Chunk 22: No Data! Returning LmfitResult with None.
2026-03-10 10:00:58,778 - root - ERROR - Chunk 23: No Data! Returning LmfitResult with None.
2026-03-10 10:00:58,799 - root - ERROR - Chunk 24: No Data! Returning LmfitResult with None.
2026-03-10 10:00:58,802 - root - ERROR - Chunk 25: No Data! Returning LmfitResult with None.
2026-03-10 10:00:58,804 - root - ERROR - Chunk 26: No Data! Returning LmfitResult with None.
2026-03-10 10:00:58,819 - root - ERROR - Chunk 27: No Data! Returning LmfitResult with None.
2026-03-10 10:00:58,826 - root - ERROR - Chunk 28: No Data! Returning LmfitResult with None.
2026-03-10 10:00:58,828 - root - ERROR - Chunk 29: No Data! Returning LmfitResult with None.
2026-03-10 10:00:58,832 - root - ERROR - Chunk 30: No Data! Returning LmfitResult with None.
2026-03-10 10:00:58,840 - root - ERROR - Chunk 31: No Data! Returning LmfitResult with None.
2026-03-10 10:00:58,844 - root - ERROR - Chunk 32: No Data! Returning LmfitResult with None.
2026-03-10 10:00:58,845 - root - ERROR - Chunk 33: No Data! Returning LmfitResult with None.
2026-03-10 10:00:58,847 - root - ERROR - Chunk 34: No Data! Returning LmfitResult with None.
2026-03-10 10:00:58,848 - root - ERROR - Chunk 35: No Data! Returning LmfitResult with None.
2026-03-10 10:00:58,849 - root - ERROR - Chunk 36: No Data! Returning LmfitResult with None.
2026-03-10 10:00:58,850 - root - ERROR - Chunk 37: No Data! Returning LmfitResult with None.
2026-03-10 10:00:58,851 - root - ERROR - Chunk 38: No Data! Returning LmfitResult with None.
2026-03-10 10:00:58,852 - root - ERROR - Chunk 39: No Data! Returning LmfitResult with None.
2026-03-10 10:00:58,853 - root - ERROR - Chunk 40: No Data! Returning LmfitResult with None.
2026-03-10 10:00:58,854 - root - ERROR - Chunk 41: No Data! Returning LmfitResult with None.
2026-03-10 10:00:58,854 - root - ERROR - Chunk 42: No Data! Returning LmfitResult with None.
2026-03-10 10:00:58,855 - root - ERROR - Chunk 43: No Data! Returning LmfitResult with None.
2026-03-10 10:00:58,856 - root - ERROR - Chunk 44: No Data! Returning LmfitResult with None.
2026-03-10 10:00:58,857 - root - ERROR - Chunk 45: No Data! Returning LmfitResult with None.
2026-03-10 10:00:58,858 - root - ERROR - Chunk 46: No Data! Returning LmfitResult with None.
2026-03-10 10:00:58,859 - root - ERROR - Chunk 47: No Data! Returning LmfitResult with None.
2026-03-10 10:00:58,860 - root - ERROR - Chunk 48: No Data! Returning LmfitResult with None.
2026-03-10 10:00:58,861 - root - ERROR - Chunk 49: No Data! Returning LmfitResult with None.
2026-03-10 10:00:58,862 - root - ERROR - Chunk 50: No Data! Returning LmfitResult with None.
2026-03-10 10:00:58,863 - root - ERROR - Chunk 51: No Data! Returning LmfitResult with None.
2026-03-10 10:00:58,864 - root - ERROR - Chunk 52: No Data! Returning LmfitResult with None.
2026-03-10 10:00:58,865 - root - ERROR - Chunk 53: No Data! Returning LmfitResult with None.
2026-03-10 10:00:58,866 - root - ERROR - Chunk 54: No Data! Returning LmfitResult with None.
2026-03-10 10:00:58,867 - root - ERROR - Chunk 55: No Data! Returning LmfitResult with None.
2026-03-10 10:00:58,868 - root - ERROR - Chunk 56: No Data! Returning LmfitResult with None.
2026-03-10 10:00:58,869 - root - ERROR - Chunk 57: No Data! Returning LmfitResult with None.
2026-03-10 10:00:58,871 - root - ERROR - Chunk 58: No Data! Returning LmfitResult with None.
2026-03-10 10:00:58,872 - root - ERROR - Chunk 59: No Data! Returning LmfitResult with None.
2026-03-10 10:00:58,873 - root - ERROR - Chunk 60: No Data! Returning LmfitResult with None.
2026-03-10 10:00:58,874 - root - ERROR - Chunk 61: No Data! Returning LmfitResult with None.
2026-03-10 10:00:58,875 - root - ERROR - Chunk 62: No Data! Returning LmfitResult with None.
2026-03-10 10:00:58,876 - root - ERROR - Chunk 63: No Data! Returning LmfitResult with None.
2026-03-10 10:00:58,877 - root - ERROR - Chunk 64: No Data! Returning LmfitResult with None.
2026-03-10 10:00:58,877 - root - ERROR - Chunk 65: No Data! Returning LmfitResult with None.
2026-03-10 10:00:58,878 - root - ERROR - Chunk 66: No Data! Returning LmfitResult with None.
2026-03-10 10:00:58,879 - root - ERROR - Chunk 67: No Data! Returning LmfitResult with None.
2026-03-10 10:00:58,880 - root - ERROR - Chunk 68: No Data! Returning LmfitResult with None.
2026-03-10 10:00:58,882 - root - ERROR - Chunk 69: No Data! Returning LmfitResult with None.
2026-03-10 10:00:58,882 - root - ERROR - Chunk 70: No Data! Returning LmfitResult with None.
2026-03-10 10:00:58,883 - root - ERROR - Chunk 71: No Data! Returning LmfitResult with None.
2026-03-10 10:00:58,884 - root - ERROR - Chunk 72: No Data! Returning LmfitResult with None.
2026-03-10 10:00:58,885 - root - ERROR - Chunk 73: No Data! Returning LmfitResult with None.
2026-03-10 10:00:58,886 - root - ERROR - Chunk 74: No Data! Returning LmfitResult with None.
2026-03-10 10:00:58,887 - root - ERROR - Chunk 75: No Data! Returning LmfitResult with None.
2026-03-10 10:00:58,888 - root - ERROR - Chunk 76: No Data! Returning LmfitResult with None.
2026-03-10 10:00:58,889 - root - ERROR - Chunk 77: No Data! Returning LmfitResult with None.
2026-03-10 10:00:58,890 - root - ERROR - Chunk 78: No Data! Returning LmfitResult with None.
2026-03-10 10:00:58,891 - root - ERROR - Chunk 79: No Data! Returning LmfitResult with None.
2026-03-10 10:00:58,892 - root - ERROR - Chunk 80: No Data! Returning LmfitResult with None.
2026-03-10 10:00:58,894 - root - ERROR - Chunk 81: No Data! Returning LmfitResult with None.
2026-03-10 10:00:58,895 - root - ERROR - Chunk 82: No Data! Returning LmfitResult with None.
2026-03-10 10:00:58,896 - root - ERROR - Chunk 83: No Data! Returning LmfitResult with None.
2026-03-10 10:00:58,897 - root - ERROR - Chunk 84: No Data! Returning LmfitResult with None.
2026-03-10 10:00:58,898 - root - ERROR - Chunk 85: No Data! Returning LmfitResult with None.
2026-03-10 10:00:58,899 - root - ERROR - Chunk 86: No Data! Returning LmfitResult with None.
2026-03-10 10:00:58,900 - root - ERROR - Chunk 87: No Data! Returning LmfitResult with None.
2026-03-10 10:00:58,901 - root - ERROR - Chunk 88: No Data! Returning LmfitResult with None.
2026-03-10 10:00:58,902 - root - ERROR - Chunk 89: No Data! Returning LmfitResult with None.
2026-03-10 10:00:58,903 - root - ERROR - Chunk 90: No Data! Returning LmfitResult with None.
2026-03-10 10:00:58,904 - root - ERROR - Chunk 91: No Data! Returning LmfitResult with None.
2026-03-10 10:00:58,905 - root - ERROR - Chunk 92: No Data! Returning LmfitResult with None.
2026-03-10 10:00:58,906 - root - ERROR - Chunk 93: No Data! Returning LmfitResult with None.
2026-03-10 10:00:58,907 - root - ERROR - Chunk 94: No Data! Returning LmfitResult with None.
2026-03-10 10:00:58,911 - root - ERROR - Chunk 95: No Data! Returning LmfitResult with None.
2026-03-10 10:00:58,918 - root - ERROR - Chunk 96: No Data! Returning LmfitResult with None.
2026-03-10 10:00:58,919 - root - ERROR - Chunk 97: No Data! Returning LmfitResult with None.
2026-03-10 10:00:58,920 - root - ERROR - Chunk 98: No Data! Returning LmfitResult with None.
2026-03-10 10:00:58,922 - root - ERROR - Chunk 99: No Data! Returning LmfitResult with None.
2026-03-10 10:00:58,922 - root - ERROR - Chunk 100: No Data! Returning LmfitResult with None.
2026-03-10 10:00:58,924 - root - ERROR - Chunk 101: No Data! Returning LmfitResult with None.
2026-03-10 10:00:58,943 - root - ERROR - Chunk 102: No Data! Returning LmfitResult with None.
2026-03-10 10:00:58,955 - root - ERROR - Chunk 103: No Data! Returning LmfitResult with None.
2026-03-10 10:00:58,965 - root - ERROR - Chunk 104: No Data! Returning LmfitResult with None.
2026-03-10 10:00:58,967 - root - ERROR - Chunk 105: No Data! Returning LmfitResult with None.
2026-03-10 10:00:58,968 - root - ERROR - Chunk 106: No Data! Returning LmfitResult with None.
2026-03-10 10:00:58,969 - root - ERROR - Chunk 107: No Data! Returning LmfitResult with None.
2026-03-10 10:00:58,970 - root - ERROR - Chunk 108: No Data! Returning LmfitResult with None.
2026-03-10 10:00:58,971 - root - ERROR - Chunk 109: No Data! Returning LmfitResult with None.
2026-03-10 10:00:58,972 - root - ERROR - Chunk 110: No Data! Returning LmfitResult with None.
2026-03-10 10:00:58,973 - root - ERROR - Chunk 111: No Data! Returning LmfitResult with None.
2026-03-10 10:00:58,976 - root - ERROR - Chunk 112: No Data! Returning LmfitResult with None.
2026-03-10 10:00:58,977 - root - ERROR - Chunk 113: No Data! Returning LmfitResult with None.
2026-03-10 10:00:58,978 - root - ERROR - Chunk 114: No Data! Returning LmfitResult with None.
2026-03-10 10:00:58,978 - root - ERROR - Chunk 115: No Data! Returning LmfitResult with None.
2026-03-10 10:00:58,979 - root - ERROR - Chunk 116: No Data! Returning LmfitResult with None.
2026-03-10 10:00:58,980 - root - ERROR - Chunk 117: No Data! Returning LmfitResult with None.
2026-03-10 10:00:58,981 - root - ERROR - Chunk 118: No Data! Returning LmfitResult with None.
2026-03-10 10:00:58,982 - root - ERROR - Chunk 119: No Data! Returning LmfitResult with None.
2026-03-10 10:00:58,983 - root - ERROR - Chunk 120: No Data! Returning LmfitResult with None.
2026-03-10 10:00:58,984 - root - ERROR - Chunk 121: No Data! Returning LmfitResult with None.
2026-03-10 10:00:58,985 - root - ERROR - Chunk 122: No Data! Returning LmfitResult with None.
2026-03-10 10:00:58,986 - root - ERROR - Chunk 123: No Data! Returning LmfitResult with None.
2026-03-10 10:00:58,987 - root - ERROR - Chunk 124: No Data! Returning LmfitResult with None.
2026-03-10 10:00:58,988 - root - ERROR - Chunk 125: No Data! Returning LmfitResult with None.
2026-03-10 10:00:58,989 - root - ERROR - Chunk 126: No Data! Returning LmfitResult with None.
2026-03-10 10:00:58,990 - root - ERROR - Chunk 127: No Data! Returning LmfitResult with None.
2026-03-10 10:00:58,991 - root - ERROR - Chunk 128: No Data! Returning LmfitResult with None.
2026-03-10 10:00:58,992 - root - ERROR - Chunk 129: No Data! Returning LmfitResult with None.
2026-03-10 10:00:58,992 - root - ERROR - Chunk 130: No Data! Returning LmfitResult with None.
2026-03-10 10:00:58,993 - root - ERROR - Chunk 131: No Data! Returning LmfitResult with None.
2026-03-10 10:00:58,994 - root - ERROR - Chunk 132: No Data! Returning LmfitResult with None.
2026-03-10 10:00:58,995 - root - ERROR - Chunk 133: No Data! Returning LmfitResult with None.
2026-03-10 10:00:58,996 - root - ERROR - Chunk 134: No Data! Returning LmfitResult with None.
2026-03-10 10:00:58,997 - root - ERROR - Chunk 135: No Data! Returning LmfitResult with None.
2026-03-10 10:00:58,998 - root - ERROR - Chunk 136: No Data! Returning LmfitResult with None.
2026-03-10 10:00:58,999 - root - ERROR - Chunk 137: No Data! Returning LmfitResult with None.
2026-03-10 10:00:59,000 - root - ERROR - Chunk 138: No Data! Returning LmfitResult with None.
2026-03-10 10:00:59,001 - root - ERROR - Chunk 139: No Data! Returning LmfitResult with None.
2026-03-10 10:00:59,002 - root - ERROR - Chunk 140: No Data! Returning LmfitResult with None.
2026-03-10 10:00:59,003 - root - ERROR - Chunk 141: No Data! Returning LmfitResult with None.
2026-03-10 10:00:59,004 - root - ERROR - Chunk 142: No Data! Returning LmfitResult with None.
2026-03-10 10:00:59,005 - root - ERROR - Chunk 143: No Data! Returning LmfitResult with None.
2026-03-10 10:00:59,006 - root - ERROR - Chunk 144: No Data! Returning LmfitResult with None.
2026-03-10 10:00:59,007 - root - ERROR - Chunk 145: No Data! Returning LmfitResult with None.
2026-03-10 10:00:59,008 - root - ERROR - Chunk 146: No Data! Returning LmfitResult with None.
2026-03-10 10:00:59,009 - root - ERROR - Chunk 147: No Data! Returning LmfitResult with None.
2026-03-10 10:00:59,009 - root - ERROR - Chunk 148: No Data! Returning LmfitResult with None.
2026-03-10 10:00:59,010 - root - ERROR - Chunk 149: No Data! Returning LmfitResult with None.
2026-03-10 10:00:59,011 - root - ERROR - Chunk 150: No Data! Returning LmfitResult with None.
2026-03-10 10:00:59,012 - root - ERROR - Chunk 151: No Data! Returning LmfitResult with None.
2026-03-10 10:00:59,013 - root - ERROR - Chunk 152: No Data! Returning LmfitResult with None.
2026-03-10 10:00:59,014 - root - ERROR - Chunk 153: No Data! Returning LmfitResult with None.
2026-03-10 10:00:59,015 - root - ERROR - Chunk 154: No Data! Returning LmfitResult with None.
2026-03-10 10:00:59,016 - root - ERROR - Chunk 155: No Data! Returning LmfitResult with None.
2026-03-10 10:00:59,017 - root - ERROR - Chunk 156: No Data! Returning LmfitResult with None.
2026-03-10 10:00:59,018 - root - ERROR - Chunk 157: No Data! Returning LmfitResult with None.
2026-03-10 10:00:59,019 - root - ERROR - Chunk 158: No Data! Returning LmfitResult with None.
2026-03-10 10:00:59,020 - root - ERROR - Chunk 159: No Data! Returning LmfitResult with None.
2026-03-10 10:00:59,020 - root - ERROR - Chunk 160: No Data! Returning LmfitResult with None.
2026-03-10 10:00:59,021 - root - ERROR - Chunk 161: No Data! Returning LmfitResult with None.
2026-03-10 10:00:59,022 - root - ERROR - Chunk 162: No Data! Returning LmfitResult with None.
2026-03-10 10:00:59,023 - root - ERROR - Chunk 163: No Data! Returning LmfitResult with None.
2026-03-10 10:00:59,024 - root - ERROR - Chunk 164: No Data! Returning LmfitResult with None.
2026-03-10 10:00:59,025 - root - ERROR - Chunk 165: No Data! Returning LmfitResult with None.
2026-03-10 10:00:59,026 - root - ERROR - Chunk 166: No Data! Returning LmfitResult with None.
2026-03-10 10:00:59,027 - root - ERROR - Chunk 167: No Data! Returning LmfitResult with None.
2026-03-10 10:00:59,028 - root - ERROR - Chunk 168: No Data! Returning LmfitResult with None.
2026-03-10 10:00:59,028 - root - ERROR - Chunk 169: No Data! Returning LmfitResult with None.
2026-03-10 10:00:59,029 - root - ERROR - Chunk 170: No Data! Returning LmfitResult with None.
2026-03-10 10:00:59,030 - root - ERROR - Chunk 171: No Data! Returning LmfitResult with None.
2026-03-10 10:00:59,031 - root - ERROR - Chunk 172: No Data! Returning LmfitResult with None.
2026-03-10 10:00:59,032 - root - ERROR - Chunk 173: No Data! Returning LmfitResult with None.
2026-03-10 10:00:59,033 - root - ERROR - Chunk 174: No Data! Returning LmfitResult with None.
2026-03-10 10:00:59,035 - root - ERROR - Chunk 175: No Data! Returning LmfitResult with None.
2026-03-10 10:00:59,036 - root - ERROR - Chunk 176: No Data! Returning LmfitResult with None.
2026-03-10 10:00:59,037 - root - ERROR - Chunk 177: No Data! Returning LmfitResult with None.
2026-03-10 10:00:59,038 - root - ERROR - Chunk 178: No Data! Returning LmfitResult with None.
2026-03-10 10:00:59,039 - root - ERROR - Chunk 179: No Data! Returning LmfitResult with None.
2026-03-10 10:00:59,040 - root - ERROR - Chunk 180: No Data! Returning LmfitResult with None.
2026-03-10 10:00:59,041 - root - ERROR - Chunk 181: No Data! Returning LmfitResult with None.
2026-03-10 10:00:59,041 - root - ERROR - Chunk 182: No Data! Returning LmfitResult with None.
2026-03-10 10:00:59,042 - root - ERROR - Chunk 183: No Data! Returning LmfitResult with None.
2026-03-10 10:00:59,043 - root - ERROR - Chunk 184: No Data! Returning LmfitResult with None.
2026-03-10 10:00:59,044 - root - ERROR - Chunk 185: No Data! Returning LmfitResult with None.
2026-03-10 10:00:59,045 - root - ERROR - Chunk 186: No Data! Returning LmfitResult with None.
2026-03-10 10:00:59,046 - root - ERROR - Chunk 187: No Data! Returning LmfitResult with None.
2026-03-10 10:00:59,047 - root - ERROR - Chunk 188: No Data! Returning LmfitResult with None.
2026-03-10 10:00:59,047 - root - ERROR - Chunk 189: No Data! Returning LmfitResult with None.
2026-03-10 10:00:59,048 - root - ERROR - Chunk 190: No Data! Returning LmfitResult with None.
2026-03-10 10:00:59,049 - root - ERROR - Chunk 191: No Data! Returning LmfitResult with None.
2026-03-10 10:00:59,050 - root - ERROR - Chunk 192: No Data! Returning LmfitResult with None.
2026-03-10 10:00:59,051 - root - ERROR - Chunk 193: No Data! Returning LmfitResult with None.
2026-03-10 10:00:59,052 - root - ERROR - Chunk 194: No Data! Returning LmfitResult with None.
2026-03-10 10:00:59,053 - root - ERROR - Chunk 195: No Data! Returning LmfitResult with None.
2026-03-10 10:00:59,054 - root - ERROR - Chunk 196: No Data! Returning LmfitResult with None.
2026-03-10 10:00:59,055 - root - ERROR - Chunk 197: No Data! Returning LmfitResult with None.
2026-03-10 10:00:59,056 - root - ERROR - Chunk 198: No Data! Returning LmfitResult with None.
2026-03-10 10:00:59,057 - root - ERROR - Chunk 199: No Data! Returning LmfitResult with None.
2026-03-10 10:00:59,058 - root - ERROR - Chunk 200: No Data! Returning LmfitResult with None.
2026-03-10 10:00:59,058 - root - ERROR - Chunk 201: No Data! Returning LmfitResult with None.
2026-03-10 10:00:59,059 - root - ERROR - Chunk 202: No Data! Returning LmfitResult with None.
2026-03-10 10:00:59,060 - root - ERROR - Chunk 203: No Data! Returning LmfitResult with None.
2026-03-10 10:00:59,061 - root - ERROR - Chunk 204: No Data! Returning LmfitResult with None.
2026-03-10 10:00:59,062 - root - ERROR - Chunk 205: No Data! Returning LmfitResult with None.
2026-03-10 10:00:59,063 - root - ERROR - Chunk 206: No Data! Returning LmfitResult with None.
2026-03-10 10:00:59,064 - root - ERROR - Chunk 207: No Data! Returning LmfitResult with None.
2026-03-10 10:00:59,065 - root - ERROR - Chunk 208: No Data! Returning LmfitResult with None.
2026-03-10 10:00:59,066 - root - ERROR - Chunk 209: No Data! Returning LmfitResult with None.
2026-03-10 10:00:59,067 - root - ERROR - Chunk 210: No Data! Returning LmfitResult with None.
2026-03-10 10:00:59,068 - root - ERROR - Chunk 211: No Data! Returning LmfitResult with None.
2026-03-10 10:00:59,069 - root - ERROR - Chunk 212: No Data! Returning LmfitResult with None.
2026-03-10 10:00:59,069 - root - ERROR - Chunk 213: No Data! Returning LmfitResult with None.
2026-03-10 10:00:59,070 - root - ERROR - Chunk 214: No Data! Returning LmfitResult with None.
2026-03-10 10:00:59,071 - root - ERROR - Chunk 215: No Data! Returning LmfitResult with None.
2026-03-10 10:00:59,072 - root - ERROR - Chunk 216: No Data! Returning LmfitResult with None.
2026-03-10 10:00:59,073 - root - ERROR - Chunk 217: No Data! Returning LmfitResult with None.
2026-03-10 10:00:59,074 - root - ERROR - Chunk 218: No Data! Returning LmfitResult with None.
2026-03-10 10:00:59,075 - root - ERROR - Chunk 219: No Data! Returning LmfitResult with None.
2026-03-10 10:00:59,075 - root - ERROR - Chunk 220: No Data! Returning LmfitResult with None.
2026-03-10 10:00:59,076 - root - ERROR - Chunk 221: No Data! Returning LmfitResult with None.
2026-03-10 10:00:59,077 - root - ERROR - Chunk 222: No Data! Returning LmfitResult with None.
2026-03-10 10:00:59,078 - root - ERROR - Chunk 223: No Data! Returning LmfitResult with None.
2026-03-10 10:00:59,079 - root - ERROR - Chunk 224: No Data! Returning LmfitResult with None.
2026-03-10 10:00:59,080 - root - ERROR - Chunk 225: No Data! Returning LmfitResult with None.
2026-03-10 10:00:59,081 - root - ERROR - Chunk 226: No Data! Returning LmfitResult with None.
2026-03-10 10:00:59,082 - root - ERROR - Chunk 227: No Data! Returning LmfitResult with None.
2026-03-10 10:00:59,083 - root - ERROR - Chunk 228: No Data! Returning LmfitResult with None.
2026-03-10 10:00:59,084 - root - ERROR - Chunk 229: No Data! Returning LmfitResult with None.
2026-03-10 10:00:59,085 - root - ERROR - Chunk 230: No Data! Returning LmfitResult with None.
2026-03-10 10:00:59,086 - root - ERROR - Chunk 231: No Data! Returning LmfitResult with None.
2026-03-10 10:00:59,087 - root - ERROR - Chunk 232: No Data! Returning LmfitResult with None.
2026-03-10 10:00:59,087 - root - ERROR - Chunk 233: No Data! Returning LmfitResult with None.
2026-03-10 10:00:59,088 - root - ERROR - Chunk 234: No Data! Returning LmfitResult with None.
2026-03-10 10:00:59,089 - root - ERROR - Chunk 235: No Data! Returning LmfitResult with None.
2026-03-10 10:00:59,090 - root - ERROR - Chunk 236: No Data! Returning LmfitResult with None.
2026-03-10 10:00:59,091 - root - ERROR - Chunk 237: No Data! Returning LmfitResult with None.
2026-03-10 10:00:59,092 - root - ERROR - Chunk 238: No Data! Returning LmfitResult with None.
2026-03-10 10:00:59,094 - root - ERROR - Chunk 239: No Data! Returning LmfitResult with None.
2026-03-10 10:00:59,095 - root - ERROR - Chunk 240: No Data! Returning LmfitResult with None.
2026-03-10 10:00:59,096 - root - ERROR - Chunk 241: No Data! Returning LmfitResult with None.
2026-03-10 10:00:59,097 - root - ERROR - Chunk 242: No Data! Returning LmfitResult with None.
2026-03-10 10:00:59,098 - root - ERROR - Chunk 243: No Data! Returning LmfitResult with None.
2026-03-10 10:00:59,099 - root - ERROR - Chunk 244: No Data! Returning LmfitResult with None.
2026-03-10 10:00:59,100 - root - ERROR - Chunk 245: No Data! Returning LmfitResult with None.
2026-03-10 10:00:59,101 - root - ERROR - Chunk 246: No Data! Returning LmfitResult with None.
2026-03-10 10:00:59,101 - root - ERROR - Chunk 247: No Data! Returning LmfitResult with None.
2026-03-10 10:00:59,102 - root - ERROR - Chunk 248: No Data! Returning LmfitResult with None.
2026-03-10 10:00:59,103 - root - ERROR - Chunk 249: No Data! Returning LmfitResult with None.
2026-03-10 10:00:59,104 - root - ERROR - Chunk 250: No Data! Returning LmfitResult with None.
2026-03-10 10:00:59,105 - root - ERROR - Chunk 251: No Data! Returning LmfitResult with None.
2026-03-10 10:00:59,106 - root - ERROR - Chunk 252: No Data! Returning LmfitResult with None.
2026-03-10 10:00:59,107 - root - ERROR - Chunk 253: No Data! Returning LmfitResult with None.
2026-03-10 10:00:59,108 - root - ERROR - Chunk 254: No Data! Returning LmfitResult with None.
2026-03-10 10:00:59,109 - root - ERROR - Chunk 255: No Data! Returning LmfitResult with None.
2026-03-10 10:00:59,109 - root - ERROR - Chunk 256: No Data! Returning LmfitResult with None.
2026-03-10 10:00:59,110 - root - ERROR - Chunk 257: No Data! Returning LmfitResult with None.
2026-03-10 10:00:59,111 - root - ERROR - Chunk 258: No Data! Returning LmfitResult with None.
2026-03-10 10:00:59,112 - root - ERROR - Chunk 259: No Data! Returning LmfitResult with None.
2026-03-10 10:00:59,113 - root - ERROR - Chunk 260: No Data! Returning LmfitResult with None.
2026-03-10 10:00:59,114 - root - ERROR - Chunk 261: No Data! Returning LmfitResult with None.
2026-03-10 10:00:59,115 - root - ERROR - Chunk 262: No Data! Returning LmfitResult with None.
2026-03-10 10:00:59,115 - root - ERROR - Chunk 263: No Data! Returning LmfitResult with None.
2026-03-10 10:00:59,116 - root - ERROR - Chunk 264: No Data! Returning LmfitResult with None.
2026-03-10 10:00:59,117 - root - ERROR - Chunk 265: No Data! Returning LmfitResult with None.
2026-03-10 10:00:59,118 - root - ERROR - Chunk 266: No Data! Returning LmfitResult with None.
2026-03-10 10:00:59,119 - root - ERROR - Chunk 267: No Data! Returning LmfitResult with None.
2026-03-10 10:00:59,120 - root - ERROR - Chunk 268: No Data! Returning LmfitResult with None.
2026-03-10 10:00:59,121 - root - ERROR - Chunk 269: No Data! Returning LmfitResult with None.
2026-03-10 10:00:59,122 - root - ERROR - Chunk 270: No Data! Returning LmfitResult with None.
2026-03-10 10:00:59,123 - root - ERROR - Chunk 271: No Data! Returning LmfitResult with None.
2026-03-10 10:00:59,124 - root - ERROR - Chunk 272: No Data! Returning LmfitResult with None.
2026-03-10 10:00:59,125 - root - ERROR - Chunk 273: No Data! Returning LmfitResult with None.
2026-03-10 10:00:59,126 - root - ERROR - Chunk 274: No Data! Returning LmfitResult with None.
2026-03-10 10:00:59,127 - root - ERROR - Chunk 275: No Data! Returning LmfitResult with None.
2026-03-10 10:00:59,128 - root - ERROR - Chunk 276: No Data! Returning LmfitResult with None.
2026-03-10 10:00:59,129 - root - ERROR - Chunk 277: No Data! Returning LmfitResult with None.
2026-03-10 10:00:59,130 - root - ERROR - Chunk 278: No Data! Returning LmfitResult with None.
2026-03-10 10:00:59,131 - root - ERROR - Chunk 279: No Data! Returning LmfitResult with None.
2026-03-10 10:00:59,132 - root - ERROR - Chunk 280: No Data! Returning LmfitResult with None.
2026-03-10 10:01:24,915 - root - ERROR - Polynomial fitting failed. Falling back to input values
Traceback (most recent call last):
  File "/Users/jaklusmeyer/SONG/pyodine/pyodine/lib/misc.py", line 529, in fit_polynomial
    pfit, stats = np.polynomial.Polynomial.fit(
  File "/Users/jaklusmeyer/miniconda/envs/pyodine_env/lib/python3.9/site-packages/numpy/polynomial/_polybase.py", line 1036, in fit
    xnew = pu.mapdomain(x, domain, window)
  File "/Users/jaklusmeyer/miniconda/envs/pyodine_env/lib/python3.9/site-packages/numpy/polynomial/polyutils.py", line 371, in mapdomain
    off, scl = mapparms(old, new)
  File "/Users/jaklusmeyer/miniconda/envs/pyodine_env/lib/python3.9/site-packages/numpy/polynomial/polyutils.py", line 303, in mapparms
    off = (old[1]*new[0] - old[0]*new[1])/oldlen
ZeroDivisionError: division by zero
2026-03-10 10:01:24,918 - root - ERROR - Polynomial fitting failed. Falling back to input values
Traceback (most recent call last):
  File "/Users/jaklusmeyer/SONG/pyodine/pyodine/lib/misc.py", line 529, in fit_polynomial
    pfit, stats = np.polynomial.Polynomial.fit(
  File "/Users/jaklusmeyer/miniconda/envs/pyodine_env/lib/python3.9/site-packages/numpy/polynomial/_polybase.py", line 1036, in fit
    xnew = pu.mapdomain(x, domain, window)
  File "/Users/jaklusmeyer/miniconda/envs/pyodine_env/lib/python3.9/site-packages/numpy/polynomial/polyutils.py", line 371, in mapdomain
    off, scl = mapparms(old, new)
  File "/Users/jaklusmeyer/miniconda/envs/pyodine_env/lib/python3.9/site-packages/numpy/polynomial/polyutils.py", line 303, in mapparms
    off = (old[1]*new[0] - old[0]*new[1])/oldlen
ZeroDivisionError: division by zero
2026-03-10 10:01:24,920 - root - ERROR - Polynomial fitting failed. Falling back to input values
Traceback (most recent call last):
  File "/Users/jaklusmeyer/SONG/pyodine/pyodine/lib/misc.py", line 529, in fit_polynomial
    pfit, stats = np.polynomial.Polynomial.fit(
  File "/Users/jaklusmeyer/miniconda/envs/pyodine_env/lib/python3.9/site-packages/numpy/polynomial/_polybase.py", line 1036, in fit
    xnew = pu.mapdomain(x, domain, window)
  File "/Users/jaklusmeyer/miniconda/envs/pyodine_env/lib/python3.9/site-packages/numpy/polynomial/polyutils.py", line 371, in mapdomain
    off, scl = mapparms(old, new)
  File "/Users/jaklusmeyer/miniconda/envs/pyodine_env/lib/python3.9/site-packages/numpy/polynomial/polyutils.py", line 303, in mapparms
    off = (old[1]*new[0] - old[0]*new[1])/oldlen
ZeroDivisionError: division by zero
2026-03-10 10:01:24,922 - root - ERROR - Polynomial fitting failed. Falling back to input values
Traceback (most recent call last):
  File "/Users/jaklusmeyer/SONG/pyodine/pyodine/lib/misc.py", line 529, in fit_polynomial
    pfit, stats = np.polynomial.Polynomial.fit(
  File "/Users/jaklusmeyer/miniconda/envs/pyodine_env/lib/python3.9/site-packages/numpy/polynomial/_polybase.py", line 1036, in fit
    xnew = pu.mapdomain(x, domain, window)
  File "/Users/jaklusmeyer/miniconda/envs/pyodine_env/lib/python3.9/site-packages/numpy/polynomial/polyutils.py", line 371, in mapdomain
    off, scl = mapparms(old, new)
  File "/Users/jaklusmeyer/miniconda/envs/pyodine_env/lib/python3.9/site-packages/numpy/polynomial/polyutils.py", line 303, in mapparms
    off = (old[1]*new[0] - old[0]*new[1])/oldlen
ZeroDivisionError: division by zero
2026-03-10 10:01:24,924 - root - ERROR - Polynomial fitting failed. Falling back to input values
Traceback (most recent call last):
  File "/Users/jaklusmeyer/SONG/pyodine/pyodine/lib/misc.py", line 529, in fit_polynomial
    pfit, stats = np.polynomial.Polynomial.fit(
  File "/Users/jaklusmeyer/miniconda/envs/pyodine_env/lib/python3.9/site-packages/numpy/polynomial/_polybase.py", line 1036, in fit
    xnew = pu.mapdomain(x, domain, window)
  File "/Users/jaklusmeyer/miniconda/envs/pyodine_env/lib/python3.9/site-packages/numpy/polynomial/polyutils.py", line 371, in mapdomain
    off, scl = mapparms(old, new)
  File "/Users/jaklusmeyer/miniconda/envs/pyodine_env/lib/python3.9/site-packages/numpy/polynomial/polyutils.py", line 303, in mapparms
    off = (old[1]*new[0] - old[0]*new[1])/oldlen
ZeroDivisionError: division by zero
2026-03-10 10:01:24,926 - root - ERROR - Polynomial fitting failed. Falling back to input values
Traceback (most recent call last):
  File "/Users/jaklusmeyer/SONG/pyodine/pyodine/lib/misc.py", line 529, in fit_polynomial
    pfit, stats = np.polynomial.Polynomial.fit(
  File "/Users/jaklusmeyer/miniconda/envs/pyodine_env/lib/python3.9/site-packages/numpy/polynomial/_polybase.py", line 1036, in fit
    xnew = pu.mapdomain(x, domain, window)
  File "/Users/jaklusmeyer/miniconda/envs/pyodine_env/lib/python3.9/site-packages/numpy/polynomial/polyutils.py", line 371, in mapdomain
    off, scl = mapparms(old, new)
  File "/Users/jaklusmeyer/miniconda/envs/pyodine_env/lib/python3.9/site-packages/numpy/polynomial/polyutils.py", line 303, in mapparms
    off = (old[1]*new[0] - old[0]*new[1])/oldlen
ZeroDivisionError: division by zero
2026-03-10 10:01:24,930 - root - ERROR - Polynomial fitting failed. Falling back to input values
Traceback (most recent call last):
  File "/Users/jaklusmeyer/SONG/pyodine/pyodine/lib/misc.py", line 529, in fit_polynomial
    pfit, stats = np.polynomial.Polynomial.fit(
  File "/Users/jaklusmeyer/miniconda/envs/pyodine_env/lib/python3.9/site-packages/numpy/polynomial/_polybase.py", line 1036, in fit
    xnew = pu.mapdomain(x, domain, window)
  File "/Users/jaklusmeyer/miniconda/envs/pyodine_env/lib/python3.9/site-packages/numpy/polynomial/polyutils.py", line 371, in mapdomain
    off, scl = mapparms(old, new)
  File "/Users/jaklusmeyer/miniconda/envs/pyodine_env/lib/python3.9/site-packages/numpy/polynomial/polyutils.py", line 303, in mapparms
    off = (old[1]*new[0] - old[0]*new[1])/oldlen
ZeroDivisionError: division by zero
2026-03-10 10:01:24,939 - root - ERROR - Polynomial fitting failed. Falling back to input values
Traceback (most recent call last):
  File "/Users/jaklusmeyer/SONG/pyodine/pyodine/lib/misc.py", line 529, in fit_polynomial
    pfit, stats = np.polynomial.Polynomial.fit(
  File "/Users/jaklusmeyer/miniconda/envs/pyodine_env/lib/python3.9/site-packages/numpy/polynomial/_polybase.py", line 1036, in fit
    xnew = pu.mapdomain(x, domain, window)
  File "/Users/jaklusmeyer/miniconda/envs/pyodine_env/lib/python3.9/site-packages/numpy/polynomial/polyutils.py", line 371, in mapdomain
    off, scl = mapparms(old, new)
  File "/Users/jaklusmeyer/miniconda/envs/pyodine_env/lib/python3.9/site-packages/numpy/polynomial/polyutils.py", line 303, in mapparms
    off = (old[1]*new[0] - old[0]*new[1])/oldlen
ZeroDivisionError: division by zero
2026-03-10 10:01:24,941 - root - ERROR - Polynomial fitting failed. Falling back to input values
Traceback (most recent call last):
  File "/Users/jaklusmeyer/SONG/pyodine/pyodine/lib/misc.py", line 529, in fit_polynomial
    pfit, stats = np.polynomial.Polynomial.fit(
  File "/Users/jaklusmeyer/miniconda/envs/pyodine_env/lib/python3.9/site-packages/numpy/polynomial/_polybase.py", line 1036, in fit
    xnew = pu.mapdomain(x, domain, window)
  File "/Users/jaklusmeyer/miniconda/envs/pyodine_env/lib/python3.9/site-packages/numpy/polynomial/polyutils.py", line 371, in mapdomain
    off, scl = mapparms(old, new)
  File "/Users/jaklusmeyer/miniconda/envs/pyodine_env/lib/python3.9/site-packages/numpy/polynomial/polyutils.py", line 303, in mapparms
    off = (old[1]*new[0] - old[0]*new[1])/oldlen
ZeroDivisionError: division by zero
2026-03-10 10:01:24,942 - root - ERROR - Polynomial fitting failed. Falling back to input values
Traceback (most recent call last):
  File "/Users/jaklusmeyer/SONG/pyodine/pyodine/lib/misc.py", line 529, in fit_polynomial
    pfit, stats = np.polynomial.Polynomial.fit(
  File "/Users/jaklusmeyer/miniconda/envs/pyodine_env/lib/python3.9/site-packages/numpy/polynomial/_polybase.py", line 1036, in fit
    xnew = pu.mapdomain(x, domain, window)
  File "/Users/jaklusmeyer/miniconda/envs/pyodine_env/lib/python3.9/site-packages/numpy/polynomial/polyutils.py", line 371, in mapdomain
    off, scl = mapparms(old, new)
  File "/Users/jaklusmeyer/miniconda/envs/pyodine_env/lib/python3.9/site-packages/numpy/polynomial/polyutils.py", line 303, in mapparms
    off = (old[1]*new[0] - old[0]*new[1])/oldlen
ZeroDivisionError: division by zero
2026-03-10 10:01:24,943 - root - ERROR - Polynomial fitting failed. Falling back to input values
Traceback (most recent call last):
  File "/Users/jaklusmeyer/SONG/pyodine/pyodine/lib/misc.py", line 529, in fit_polynomial
    pfit, stats = np.polynomial.Polynomial.fit(
  File "/Users/jaklusmeyer/miniconda/envs/pyodine_env/lib/python3.9/site-packages/numpy/polynomial/_polybase.py", line 1036, in fit
    xnew = pu.mapdomain(x, domain, window)
  File "/Users/jaklusmeyer/miniconda/envs/pyodine_env/lib/python3.9/site-packages/numpy/polynomial/polyutils.py", line 371, in mapdomain
    off, scl = mapparms(old, new)
  File "/Users/jaklusmeyer/miniconda/envs/pyodine_env/lib/python3.9/site-packages/numpy/polynomial/polyutils.py", line 303, in mapparms
    off = (old[1]*new[0] - old[0]*new[1])/oldlen
ZeroDivisionError: division by zero
2026-03-10 10:01:24,944 - root - ERROR - Polynomial fitting failed. Falling back to input values
Traceback (most recent call last):
  File "/Users/jaklusmeyer/SONG/pyodine/pyodine/lib/misc.py", line 529, in fit_polynomial
    pfit, stats = np.polynomial.Polynomial.fit(
  File "/Users/jaklusmeyer/miniconda/envs/pyodine_env/lib/python3.9/site-packages/numpy/polynomial/_polybase.py", line 1036, in fit
    xnew = pu.mapdomain(x, domain, window)
  File "/Users/jaklusmeyer/miniconda/envs/pyodine_env/lib/python3.9/site-packages/numpy/polynomial/polyutils.py", line 371, in mapdomain
    off, scl = mapparms(old, new)
  File "/Users/jaklusmeyer/miniconda/envs/pyodine_env/lib/python3.9/site-packages/numpy/polynomial/polyutils.py", line 303, in mapparms
    off = (old[1]*new[0] - old[0]*new[1])/oldlen
ZeroDivisionError: division by zero
2026-03-10 10:01:24,946 - root - ERROR - Polynomial fitting failed. Falling back to input values
Traceback (most recent call last):
  File "/Users/jaklusmeyer/SONG/pyodine/pyodine/lib/misc.py", line 529, in fit_polynomial
    pfit, stats = np.polynomial.Polynomial.fit(
  File "/Users/jaklusmeyer/miniconda/envs/pyodine_env/lib/python3.9/site-packages/numpy/polynomial/_polybase.py", line 1036, in fit
    xnew = pu.mapdomain(x, domain, window)
  File "/Users/jaklusmeyer/miniconda/envs/pyodine_env/lib/python3.9/site-packages/numpy/polynomial/polyutils.py", line 371, in mapdomain
    off, scl = mapparms(old, new)
  File "/Users/jaklusmeyer/miniconda/envs/pyodine_env/lib/python3.9/site-packages/numpy/polynomial/polyutils.py", line 303, in mapparms
    off = (old[1]*new[0] - old[0]*new[1])/oldlen
ZeroDivisionError: division by zero
2026-03-10 10:01:24,947 - root - ERROR - Polynomial fitting failed. Falling back to input values
Traceback (most recent call last):
  File "/Users/jaklusmeyer/SONG/pyodine/pyodine/lib/misc.py", line 529, in fit_polynomial
    pfit, stats = np.polynomial.Polynomial.fit(
  File "/Users/jaklusmeyer/miniconda/envs/pyodine_env/lib/python3.9/site-packages/numpy/polynomial/_polybase.py", line 1036, in fit
    xnew = pu.mapdomain(x, domain, window)
  File "/Users/jaklusmeyer/miniconda/envs/pyodine_env/lib/python3.9/site-packages/numpy/polynomial/polyutils.py", line 371, in mapdomain
    off, scl = mapparms(old, new)
  File "/Users/jaklusmeyer/miniconda/envs/pyodine_env/lib/python3.9/site-packages/numpy/polynomial/polyutils.py", line 303, in mapparms
    off = (old[1]*new[0] - old[0]*new[1])/oldlen
ZeroDivisionError: division by zero
2026-03-10 10:01:27,472 - root - ERROR - NaN value detected in iodine function.
2026-03-10 10:01:27,473 - root - ERROR - Chunk could not be plotted
Traceback (most recent call last):
  File "/Users/jaklusmeyer/SONG/pyodine/pyodine/plot_lib.py", line 62, in plot_chunkmodel
    sp = fit_results[chunk_nr].fitted_spectrum
  File "/Users/jaklusmeyer/SONG/pyodine/pyodine/fitters/base.py", line 45, in fitted_spectrum
    return self.model.eval_spectrum(self.chunk, self.params, chunk_ind=self.chunk_ind)
  File "/Users/jaklusmeyer/SONG/pyodine/pyodine/models/base.py", line 79, in eval_spectrum
    flux = self.eval(chunk, params, chunk_ind=chunk_ind, **kwargs)
  File "/Users/jaklusmeyer/SONG/pyodine/pyodine/models/spectrum.py", line 138, in eval
    tck = splrep(tem.wave * doppler, flux_tem, s=0)
  File "/Users/jaklusmeyer/miniconda/envs/pyodine_env/lib/python3.9/site-packages/scipy/interpolate/_fitpack_py.py", line 295, in splrep
    res = _impl.splrep(x, y, w, xb, xe, k, task, s, t, full_output, per, quiet)
  File "/Users/jaklusmeyer/miniconda/envs/pyodine_env/lib/python3.9/site-packages/scipy/interpolate/_fitpack_impl.py", line 276, in splrep
    n, c, fp, ier = dfitpack.curfit(task, x, y, w, t, wrk, iwrk,
dfitpack.error: (xb<=x[0]) failed for 1st keyword xb: curfit:xb=nan
2026-03-10 10:01:27,792 - root - ERROR - NaN value detected in iodine function.
2026-03-10 10:01:27,794 - root - ERROR - Chunk could not be plotted
Traceback (most recent call last):
  File "/Users/jaklusmeyer/SONG/pyodine/pyodine/plot_lib.py", line 62, in plot_chunkmodel
    sp = fit_results[chunk_nr].fitted_spectrum
  File "/Users/jaklusmeyer/SONG/pyodine/pyodine/fitters/base.py", line 45, in fitted_spectrum
    return self.model.eval_spectrum(self.chunk, self.params, chunk_ind=self.chunk_ind)
  File "/Users/jaklusmeyer/SONG/pyodine/pyodine/models/base.py", line 79, in eval_spectrum
    flux = self.eval(chunk, params, chunk_ind=chunk_ind, **kwargs)
  File "/Users/jaklusmeyer/SONG/pyodine/pyodine/models/spectrum.py", line 138, in eval
    tck = splrep(tem.wave * doppler, flux_tem, s=0)
  File "/Users/jaklusmeyer/miniconda/envs/pyodine_env/lib/python3.9/site-packages/scipy/interpolate/_fitpack_py.py", line 295, in splrep
    res = _impl.splrep(x, y, w, xb, xe, k, task, s, t, full_output, per, quiet)
  File "/Users/jaklusmeyer/miniconda/envs/pyodine_env/lib/python3.9/site-packages/scipy/interpolate/_fitpack_impl.py", line 276, in splrep
    n, c, fp, ier = dfitpack.curfit(task, x, y, w, t, wrk, iwrk,
dfitpack.error: (xb<=x[0]) failed for 1st keyword xb: curfit:xb=nan
2026-03-10 10:01:30,783 - root - ERROR - Chunk 0: No Data! Returning LmfitResult with None.
2026-03-10 10:01:30,784 - root - ERROR - Chunk 1: No Data! Returning LmfitResult with None.
2026-03-10 10:01:30,786 - root - ERROR - Chunk 2: No Data! Returning LmfitResult with None.
2026-03-10 10:01:30,787 - root - ERROR - Chunk 3: No Data! Returning LmfitResult with None.
2026-03-10 10:01:30,794 - root - ERROR - Chunk 4: No Data! Returning LmfitResult with None.
2026-03-10 10:01:30,795 - root - ERROR - Chunk 5: No Data! Returning LmfitResult with None.
2026-03-10 10:01:30,796 - root - ERROR - Chunk 6: No Data! Returning LmfitResult with None.
2026-03-10 10:01:30,797 - root - ERROR - Chunk 7: No Data! Returning LmfitResult with None.
2026-03-10 10:01:30,840 - root - ERROR - Chunk 8: No Data! Returning LmfitResult with None.
2026-03-10 10:01:30,843 - root - ERROR - Chunk 9: No Data! Returning LmfitResult with None.
2026-03-10 10:01:30,844 - root - ERROR - Chunk 10: No Data! Returning LmfitResult with None.
2026-03-10 10:01:30,845 - root - ERROR - Chunk 11: No Data! Returning LmfitResult with None.
2026-03-10 10:01:30,847 - root - ERROR - Chunk 12: No Data! Returning LmfitResult with None.
2026-03-10 10:01:30,848 - root - ERROR - Chunk 13: No Data! Returning LmfitResult with None.
2026-03-10 10:01:30,856 - root - ERROR - Chunk 14: No Data! Returning LmfitResult with None.
2026-03-10 10:01:30,859 - root - ERROR - Chunk 15: No Data! Returning LmfitResult with None.
2026-03-10 10:01:30,863 - root - ERROR - Chunk 16: No Data! Returning LmfitResult with None.
2026-03-10 10:01:30,872 - root - ERROR - Chunk 17: No Data! Returning LmfitResult with None.
2026-03-10 10:01:30,873 - root - ERROR - Chunk 18: No Data! Returning LmfitResult with None.
2026-03-10 10:01:30,875 - root - ERROR - Chunk 19: No Data! Returning LmfitResult with None.
2026-03-10 10:01:30,876 - root - ERROR - Chunk 20: No Data! Returning LmfitResult with None.
2026-03-10 10:01:30,877 - root - ERROR - Chunk 21: No Data! Returning LmfitResult with None.
2026-03-10 10:01:30,879 - root - ERROR - Chunk 22: No Data! Returning LmfitResult with None.
2026-03-10 10:01:30,880 - root - ERROR - Chunk 23: No Data! Returning LmfitResult with None.
2026-03-10 10:01:30,881 - root - ERROR - Chunk 24: No Data! Returning LmfitResult with None.
2026-03-10 10:01:30,882 - root - ERROR - Chunk 25: No Data! Returning LmfitResult with None.
2026-03-10 10:01:30,883 - root - ERROR - Chunk 26: No Data! Returning LmfitResult with None.
2026-03-10 10:01:30,884 - root - ERROR - Chunk 27: No Data! Returning LmfitResult with None.
2026-03-10 10:01:30,886 - root - ERROR - Chunk 28: No Data! Returning LmfitResult with None.
2026-03-10 10:01:30,887 - root - ERROR - Chunk 29: No Data! Returning LmfitResult with None.
2026-03-10 10:01:30,898 - root - ERROR - Chunk 30: No Data! Returning LmfitResult with None.
2026-03-10 10:01:30,928 - root - ERROR - Chunk 31: No Data! Returning LmfitResult with None.
2026-03-10 10:01:30,932 - root - ERROR - Chunk 32: No Data! Returning LmfitResult with None.
2026-03-10 10:01:30,933 - root - ERROR - Chunk 33: No Data! Returning LmfitResult with None.
2026-03-10 10:01:30,934 - root - ERROR - Chunk 34: No Data! Returning LmfitResult with None.
2026-03-10 10:01:30,945 - root - ERROR - Chunk 35: No Data! Returning LmfitResult with None.
2026-03-10 10:01:30,946 - root - ERROR - Chunk 36: No Data! Returning LmfitResult with None.
2026-03-10 10:01:30,947 - root - ERROR - Chunk 37: No Data! Returning LmfitResult with None.
2026-03-10 10:01:30,949 - root - ERROR - Chunk 38: No Data! Returning LmfitResult with None.
2026-03-10 10:01:30,951 - root - ERROR - Chunk 39: No Data! Returning LmfitResult with None.
2026-03-10 10:01:30,952 - root - ERROR - Chunk 40: No Data! Returning LmfitResult with None.
2026-03-10 10:01:30,954 - root - ERROR - Chunk 41: No Data! Returning LmfitResult with None.
2026-03-10 10:01:30,955 - root - ERROR - Chunk 42: No Data! Returning LmfitResult with None.
2026-03-10 10:01:30,956 - root - ERROR - Chunk 43: No Data! Returning LmfitResult with None.
2026-03-10 10:01:30,957 - root - ERROR - Chunk 44: No Data! Returning LmfitResult with None.
2026-03-10 10:01:30,958 - root - ERROR - Chunk 45: No Data! Returning LmfitResult with None.
2026-03-10 10:01:30,959 - root - ERROR - Chunk 46: No Data! Returning LmfitResult with None.
2026-03-10 10:01:30,960 - root - ERROR - Chunk 47: No Data! Returning LmfitResult with None.
2026-03-10 10:01:30,961 - root - ERROR - Chunk 48: No Data! Returning LmfitResult with None.
2026-03-10 10:01:30,963 - root - ERROR - Chunk 49: No Data! Returning LmfitResult with None.
2026-03-10 10:01:30,964 - root - ERROR - Chunk 50: No Data! Returning LmfitResult with None.
2026-03-10 10:01:30,966 - root - ERROR - Chunk 51: No Data! Returning LmfitResult with None.
2026-03-10 10:01:30,967 - root - ERROR - Chunk 52: No Data! Returning LmfitResult with None.
2026-03-10 10:01:30,968 - root - ERROR - Chunk 53: No Data! Returning LmfitResult with None.
2026-03-10 10:01:30,969 - root - ERROR - Chunk 54: No Data! Returning LmfitResult with None.
2026-03-10 10:01:30,970 - root - ERROR - Chunk 55: No Data! Returning LmfitResult with None.
2026-03-10 10:01:31,011 - root - ERROR - Chunk 56: No Data! Returning LmfitResult with None.
2026-03-10 10:01:31,012 - root - ERROR - Chunk 57: No Data! Returning LmfitResult with None.
2026-03-10 10:01:31,013 - root - ERROR - Chunk 58: No Data! Returning LmfitResult with None.
2026-03-10 10:01:31,014 - root - ERROR - Chunk 59: No Data! Returning LmfitResult with None.
2026-03-10 10:01:31,015 - root - ERROR - Chunk 60: No Data! Returning LmfitResult with None.
2026-03-10 10:01:31,016 - root - ERROR - Chunk 61: No Data! Returning LmfitResult with None.
2026-03-10 10:01:31,017 - root - ERROR - Chunk 62: No Data! Returning LmfitResult with None.
2026-03-10 10:01:31,018 - root - ERROR - Chunk 63: No Data! Returning LmfitResult with None.
2026-03-10 10:01:31,031 - root - ERROR - Chunk 64: No Data! Returning LmfitResult with None.
2026-03-10 10:01:31,032 - root - ERROR - Chunk 65: No Data! Returning LmfitResult with None.
2026-03-10 10:01:31,033 - root - ERROR - Chunk 66: No Data! Returning LmfitResult with None.
2026-03-10 10:01:31,034 - root - ERROR - Chunk 67: No Data! Returning LmfitResult with None.
2026-03-10 10:01:31,035 - root - ERROR - Chunk 68: No Data! Returning LmfitResult with None.
2026-03-10 10:01:31,036 - root - ERROR - Chunk 69: No Data! Returning LmfitResult with None.
2026-03-10 10:01:31,037 - root - ERROR - Chunk 70: No Data! Returning LmfitResult with None.
2026-03-10 10:01:31,038 - root - ERROR - Chunk 71: No Data! Returning LmfitResult with None.
2026-03-10 10:01:31,039 - root - ERROR - Chunk 72: No Data! Returning LmfitResult with None.
2026-03-10 10:01:31,040 - root - ERROR - Chunk 73: No Data! Returning LmfitResult with None.
2026-03-10 10:01:31,041 - root - ERROR - Chunk 74: No Data! Returning LmfitResult with None.
2026-03-10 10:01:31,042 - root - ERROR - Chunk 75: No Data! Returning LmfitResult with None.
2026-03-10 10:01:31,043 - root - ERROR - Chunk 76: No Data! Returning LmfitResult with None.
2026-03-10 10:01:31,044 - root - ERROR - Chunk 77: No Data! Returning LmfitResult with None.
2026-03-10 10:01:31,045 - root - ERROR - Chunk 78: No Data! Returning LmfitResult with None.
2026-03-10 10:01:31,046 - root - ERROR - Chunk 79: No Data! Returning LmfitResult with None.
2026-03-10 10:01:31,047 - root - ERROR - Chunk 80: No Data! Returning LmfitResult with None.
2026-03-10 10:01:31,047 - root - ERROR - Chunk 81: No Data! Returning LmfitResult with None.
2026-03-10 10:01:31,048 - root - ERROR - Chunk 82: No Data! Returning LmfitResult with None.
2026-03-10 10:01:31,049 - root - ERROR - Chunk 83: No Data! Returning LmfitResult with None.
2026-03-10 10:01:31,050 - root - ERROR - Chunk 84: No Data! Returning LmfitResult with None.
2026-03-10 10:01:31,051 - root - ERROR - Chunk 85: No Data! Returning LmfitResult with None.
2026-03-10 10:01:31,052 - root - ERROR - Chunk 86: No Data! Returning LmfitResult with None.
2026-03-10 10:01:31,053 - root - ERROR - Chunk 87: No Data! Returning LmfitResult with None.
2026-03-10 10:01:31,054 - root - ERROR - Chunk 88: No Data! Returning LmfitResult with None.
2026-03-10 10:01:31,055 - root - ERROR - Chunk 89: No Data! Returning LmfitResult with None.
2026-03-10 10:01:31,056 - root - ERROR - Chunk 90: No Data! Returning LmfitResult with None.
2026-03-10 10:01:31,057 - root - ERROR - Chunk 91: No Data! Returning LmfitResult with None.
2026-03-10 10:01:31,058 - root - ERROR - Chunk 92: No Data! Returning LmfitResult with None.
2026-03-10 10:01:31,059 - root - ERROR - Chunk 93: No Data! Returning LmfitResult with None.
2026-03-10 10:01:31,060 - root - ERROR - Chunk 94: No Data! Returning LmfitResult with None.
2026-03-10 10:01:31,061 - root - ERROR - Chunk 95: No Data! Returning LmfitResult with None.
2026-03-10 10:01:31,063 - root - ERROR - Chunk 96: No Data! Returning LmfitResult with None.
2026-03-10 10:01:31,065 - root - ERROR - Chunk 97: No Data! Returning LmfitResult with None.
2026-03-10 10:01:31,066 - root - ERROR - Chunk 98: No Data! Returning LmfitResult with None.
2026-03-10 10:01:31,067 - root - ERROR - Chunk 99: No Data! Returning LmfitResult with None.
2026-03-10 10:01:31,068 - root - ERROR - Chunk 100: No Data! Returning LmfitResult with None.
2026-03-10 10:01:31,069 - root - ERROR - Chunk 101: No Data! Returning LmfitResult with None.
2026-03-10 10:01:31,070 - root - ERROR - Chunk 102: No Data! Returning LmfitResult with None.
2026-03-10 10:01:31,072 - root - ERROR - Chunk 103: No Data! Returning LmfitResult with None.
2026-03-10 10:01:31,073 - root - ERROR - Chunk 104: No Data! Returning LmfitResult with None.
2026-03-10 10:01:31,074 - root - ERROR - Chunk 105: No Data! Returning LmfitResult with None.
2026-03-10 10:01:31,075 - root - ERROR - Chunk 106: No Data! Returning LmfitResult with None.
2026-03-10 10:01:31,076 - root - ERROR - Chunk 107: No Data! Returning LmfitResult with None.
2026-03-10 10:01:31,077 - root - ERROR - Chunk 108: No Data! Returning LmfitResult with None.
2026-03-10 10:01:31,078 - root - ERROR - Chunk 109: No Data! Returning LmfitResult with None.
2026-03-10 10:01:31,079 - root - ERROR - Chunk 110: No Data! Returning LmfitResult with None.
2026-03-10 10:01:31,080 - root - ERROR - Chunk 111: No Data! Returning LmfitResult with None.
2026-03-10 10:01:31,082 - root - ERROR - Chunk 112: No Data! Returning LmfitResult with None.
2026-03-10 10:01:31,083 - root - ERROR - Chunk 113: No Data! Returning LmfitResult with None.
2026-03-10 10:01:31,084 - root - ERROR - Chunk 114: No Data! Returning LmfitResult with None.
2026-03-10 10:01:31,085 - root - ERROR - Chunk 115: No Data! Returning LmfitResult with None.
2026-03-10 10:01:31,086 - root - ERROR - Chunk 116: No Data! Returning LmfitResult with None.
2026-03-10 10:01:31,087 - root - ERROR - Chunk 117: No Data! Returning LmfitResult with None.
2026-03-10 10:01:31,131 - root - ERROR - Chunk 118: No Data! Returning LmfitResult with None.
2026-03-10 10:01:31,133 - root - ERROR - Chunk 119: No Data! Returning LmfitResult with None.
2026-03-10 10:01:31,134 - root - ERROR - Chunk 120: No Data! Returning LmfitResult with None.
2026-03-10 10:01:31,135 - root - ERROR - Chunk 121: No Data! Returning LmfitResult with None.
2026-03-10 10:01:31,136 - root - ERROR - Chunk 122: No Data! Returning LmfitResult with None.
2026-03-10 10:01:31,138 - root - ERROR - Chunk 123: No Data! Returning LmfitResult with None.
2026-03-10 10:01:31,145 - root - ERROR - Chunk 124: No Data! Returning LmfitResult with None.
2026-03-10 10:01:31,151 - root - ERROR - Chunk 125: No Data! Returning LmfitResult with None.
2026-03-10 10:01:31,152 - root - ERROR - Chunk 126: No Data! Returning LmfitResult with None.
2026-03-10 10:01:31,159 - root - ERROR - Chunk 127: No Data! Returning LmfitResult with None.
2026-03-10 10:01:31,167 - root - ERROR - Chunk 128: No Data! Returning LmfitResult with None.
2026-03-10 10:01:31,169 - root - ERROR - Chunk 129: No Data! Returning LmfitResult with None.
2026-03-10 10:01:31,175 - root - ERROR - Chunk 130: No Data! Returning LmfitResult with None.
2026-03-10 10:01:31,185 - root - ERROR - Chunk 131: No Data! Returning LmfitResult with None.
2026-03-10 10:01:31,187 - root - ERROR - Chunk 132: No Data! Returning LmfitResult with None.
2026-03-10 10:01:31,191 - root - ERROR - Chunk 133: No Data! Returning LmfitResult with None.
2026-03-10 10:01:31,201 - root - ERROR - Chunk 134: No Data! Returning LmfitResult with None.
2026-03-10 10:01:31,218 - root - ERROR - Chunk 135: No Data! Returning LmfitResult with None.
2026-03-10 10:01:31,229 - root - ERROR - Chunk 136: No Data! Returning LmfitResult with None.
2026-03-10 10:01:31,244 - root - ERROR - Chunk 137: No Data! Returning LmfitResult with None.
2026-03-10 10:01:31,249 - root - ERROR - Chunk 138: No Data! Returning LmfitResult with None.
2026-03-10 10:01:31,252 - root - ERROR - Chunk 139: No Data! Returning LmfitResult with None.
2026-03-10 10:01:31,281 - root - ERROR - Chunk 140: No Data! Returning LmfitResult with None.
2026-03-10 10:01:31,283 - root - ERROR - Chunk 141: No Data! Returning LmfitResult with None.
2026-03-10 10:01:31,291 - root - ERROR - Chunk 142: No Data! Returning LmfitResult with None.
2026-03-10 10:01:31,293 - root - ERROR - Chunk 143: No Data! Returning LmfitResult with None.
2026-03-10 10:01:31,301 - root - ERROR - Chunk 144: No Data! Returning LmfitResult with None.
2026-03-10 10:01:31,305 - root - ERROR - Chunk 145: No Data! Returning LmfitResult with None.
2026-03-10 10:01:31,307 - root - ERROR - Chunk 146: No Data! Returning LmfitResult with None.
2026-03-10 10:01:31,309 - root - ERROR - Chunk 147: No Data! Returning LmfitResult with None.
2026-03-10 10:01:31,311 - root - ERROR - Chunk 148: No Data! Returning LmfitResult with None.
2026-03-10 10:01:31,314 - root - ERROR - Chunk 149: No Data! Returning LmfitResult with None.
2026-03-10 10:01:31,315 - root - ERROR - Chunk 150: No Data! Returning LmfitResult with None.
2026-03-10 10:01:31,323 - root - ERROR - Chunk 151: No Data! Returning LmfitResult with None.
2026-03-10 10:01:31,324 - root - ERROR - Chunk 152: No Data! Returning LmfitResult with None.
2026-03-10 10:01:31,325 - root - ERROR - Chunk 153: No Data! Returning LmfitResult with None.
2026-03-10 10:01:31,326 - root - ERROR - Chunk 154: No Data! Returning LmfitResult with None.
2026-03-10 10:01:31,327 - root - ERROR - Chunk 155: No Data! Returning LmfitResult with None.
2026-03-10 10:01:31,328 - root - ERROR - Chunk 156: No Data! Returning LmfitResult with None.
2026-03-10 10:01:31,329 - root - ERROR - Chunk 157: No Data! Returning LmfitResult with None.
2026-03-10 10:01:31,330 - root - ERROR - Chunk 158: No Data! Returning LmfitResult with None.
2026-03-10 10:01:31,333 - root - ERROR - Chunk 159: No Data! Returning LmfitResult with None.
2026-03-10 10:01:31,333 - root - ERROR - Chunk 160: No Data! Returning LmfitResult with None.
2026-03-10 10:01:31,334 - root - ERROR - Chunk 161: No Data! Returning LmfitResult with None.
2026-03-10 10:01:31,336 - root - ERROR - Chunk 162: No Data! Returning LmfitResult with None.
2026-03-10 10:01:31,337 - root - ERROR - Chunk 163: No Data! Returning LmfitResult with None.
2026-03-10 10:01:31,338 - root - ERROR - Chunk 164: No Data! Returning LmfitResult with None.
2026-03-10 10:01:31,339 - root - ERROR - Chunk 165: No Data! Returning LmfitResult with None.
2026-03-10 10:01:31,340 - root - ERROR - Chunk 166: No Data! Returning LmfitResult with None.
2026-03-10 10:01:31,341 - root - ERROR - Chunk 167: No Data! Returning LmfitResult with None.
2026-03-10 10:01:31,342 - root - ERROR - Chunk 168: No Data! Returning LmfitResult with None.
2026-03-10 10:01:31,343 - root - ERROR - Chunk 169: No Data! Returning LmfitResult with None.
2026-03-10 10:01:31,344 - root - ERROR - Chunk 170: No Data! Returning LmfitResult with None.
2026-03-10 10:01:31,345 - root - ERROR - Chunk 171: No Data! Returning LmfitResult with None.
2026-03-10 10:01:31,346 - root - ERROR - Chunk 172: No Data! Returning LmfitResult with None.
2026-03-10 10:01:31,347 - root - ERROR - Chunk 173: No Data! Returning LmfitResult with None.
2026-03-10 10:01:31,356 - root - ERROR - Chunk 174: No Data! Returning LmfitResult with None.
2026-03-10 10:01:31,358 - root - ERROR - Chunk 175: No Data! Returning LmfitResult with None.
2026-03-10 10:01:31,359 - root - ERROR - Chunk 176: No Data! Returning LmfitResult with None.
2026-03-10 10:01:31,360 - root - ERROR - Chunk 177: No Data! Returning LmfitResult with None.
2026-03-10 10:01:31,361 - root - ERROR - Chunk 178: No Data! Returning LmfitResult with None.
2026-03-10 10:01:31,364 - root - ERROR - Chunk 179: No Data! Returning LmfitResult with None.
2026-03-10 10:01:31,365 - root - ERROR - Chunk 180: No Data! Returning LmfitResult with None.
2026-03-10 10:01:31,367 - root - ERROR - Chunk 181: No Data! Returning LmfitResult with None.
2026-03-10 10:01:31,418 - root - ERROR - Chunk 182: No Data! Returning LmfitResult with None.
2026-03-10 10:01:31,425 - root - ERROR - Chunk 183: No Data! Returning LmfitResult with None.
2026-03-10 10:01:31,427 - root - ERROR - Chunk 184: No Data! Returning LmfitResult with None.
2026-03-10 10:01:31,428 - root - ERROR - Chunk 185: No Data! Returning LmfitResult with None.
2026-03-10 10:01:31,431 - root - ERROR - Chunk 186: No Data! Returning LmfitResult with None.
2026-03-10 10:01:31,446 - root - ERROR - Chunk 187: No Data! Returning LmfitResult with None.
2026-03-10 10:01:31,448 - root - ERROR - Chunk 188: No Data! Returning LmfitResult with None.
2026-03-10 10:01:31,449 - root - ERROR - Chunk 189: No Data! Returning LmfitResult with None.
2026-03-10 10:01:31,450 - root - ERROR - Chunk 190: No Data! Returning LmfitResult with None.
2026-03-10 10:01:31,454 - root - ERROR - Chunk 191: No Data! Returning LmfitResult with None.
2026-03-10 10:01:31,455 - root - ERROR - Chunk 192: No Data! Returning LmfitResult with None.
2026-03-10 10:01:31,456 - root - ERROR - Chunk 193: No Data! Returning LmfitResult with None.
2026-03-10 10:01:31,457 - root - ERROR - Chunk 194: No Data! Returning LmfitResult with None.
2026-03-10 10:01:31,458 - root - ERROR - Chunk 195: No Data! Returning LmfitResult with None.
2026-03-10 10:01:31,459 - root - ERROR - Chunk 196: No Data! Returning LmfitResult with None.
2026-03-10 10:01:31,460 - root - ERROR - Chunk 197: No Data! Returning LmfitResult with None.
2026-03-10 10:01:31,461 - root - ERROR - Chunk 198: No Data! Returning LmfitResult with None.
2026-03-10 10:01:31,462 - root - ERROR - Chunk 199: No Data! Returning LmfitResult with None.
2026-03-10 10:01:31,462 - root - ERROR - Chunk 200: No Data! Returning LmfitResult with None.
2026-03-10 10:01:31,463 - root - ERROR - Chunk 201: No Data! Returning LmfitResult with None.
2026-03-10 10:01:31,465 - root - ERROR - Chunk 202: No Data! Returning LmfitResult with None.
2026-03-10 10:01:31,465 - root - ERROR - Chunk 203: No Data! Returning LmfitResult with None.
2026-03-10 10:01:31,466 - root - ERROR - Chunk 204: No Data! Returning LmfitResult with None.
2026-03-10 10:01:31,467 - root - ERROR - Chunk 205: No Data! Returning LmfitResult with None.
2026-03-10 10:01:31,468 - root - ERROR - Chunk 206: No Data! Returning LmfitResult with None.
2026-03-10 10:01:31,469 - root - ERROR - Chunk 207: No Data! Returning LmfitResult with None.
2026-03-10 10:01:31,470 - root - ERROR - Chunk 208: No Data! Returning LmfitResult with None.
2026-03-10 10:01:31,471 - root - ERROR - Chunk 209: No Data! Returning LmfitResult with None.
2026-03-10 10:01:31,472 - root - ERROR - Chunk 210: No Data! Returning LmfitResult with None.
2026-03-10 10:01:31,473 - root - ERROR - Chunk 211: No Data! Returning LmfitResult with None.
2026-03-10 10:01:31,474 - root - ERROR - Chunk 212: No Data! Returning LmfitResult with None.
2026-03-10 10:01:31,475 - root - ERROR - Chunk 213: No Data! Returning LmfitResult with None.
2026-03-10 10:01:31,476 - root - ERROR - Chunk 214: No Data! Returning LmfitResult with None.
2026-03-10 10:01:31,477 - root - ERROR - Chunk 215: No Data! Returning LmfitResult with None.
2026-03-10 10:01:31,478 - root - ERROR - Chunk 216: No Data! Returning LmfitResult with None.
2026-03-10 10:01:31,479 - root - ERROR - Chunk 217: No Data! Returning LmfitResult with None.
2026-03-10 10:01:31,480 - root - ERROR - Chunk 218: No Data! Returning LmfitResult with None.
2026-03-10 10:01:31,481 - root - ERROR - Chunk 219: No Data! Returning LmfitResult with None.
2026-03-10 10:01:31,482 - root - ERROR - Chunk 220: No Data! Returning LmfitResult with None.
2026-03-10 10:01:31,483 - root - ERROR - Chunk 221: No Data! Returning LmfitResult with None.
2026-03-10 10:01:31,484 - root - ERROR - Chunk 222: No Data! Returning LmfitResult with None.
2026-03-10 10:01:31,485 - root - ERROR - Chunk 223: No Data! Returning LmfitResult with None.
2026-03-10 10:01:31,486 - root - ERROR - Chunk 224: No Data! Returning LmfitResult with None.
2026-03-10 10:01:31,487 - root - ERROR - Chunk 225: No Data! Returning LmfitResult with None.
2026-03-10 10:01:31,488 - root - ERROR - Chunk 226: No Data! Returning LmfitResult with None.
2026-03-10 10:01:31,489 - root - ERROR - Chunk 227: No Data! Returning LmfitResult with None.
2026-03-10 10:01:31,490 - root - ERROR - Chunk 228: No Data! Returning LmfitResult with None.
2026-03-10 10:01:31,491 - root - ERROR - Chunk 229: No Data! Returning LmfitResult with None.
2026-03-10 10:01:31,492 - root - ERROR - Chunk 230: No Data! Returning LmfitResult with None.
2026-03-10 10:01:31,493 - root - ERROR - Chunk 231: No Data! Returning LmfitResult with None.
2026-03-10 10:01:31,495 - root - ERROR - Chunk 232: No Data! Returning LmfitResult with None.
2026-03-10 10:01:31,526 - root - ERROR - Chunk 233: No Data! Returning LmfitResult with None.
2026-03-10 10:01:31,534 - root - ERROR - Chunk 234: No Data! Returning LmfitResult with None.
2026-03-10 10:01:31,535 - root - ERROR - Chunk 235: No Data! Returning LmfitResult with None.
2026-03-10 10:01:31,537 - root - ERROR - Chunk 236: No Data! Returning LmfitResult with None.
2026-03-10 10:01:31,540 - root - ERROR - Chunk 237: No Data! Returning LmfitResult with None.
2026-03-10 10:01:31,541 - root - ERROR - Chunk 238: No Data! Returning LmfitResult with None.
2026-03-10 10:01:31,542 - root - ERROR - Chunk 239: No Data! Returning LmfitResult with None.
2026-03-10 10:01:31,553 - root - ERROR - Chunk 240: No Data! Returning LmfitResult with None.
2026-03-10 10:01:31,554 - root - ERROR - Chunk 241: No Data! Returning LmfitResult with None.
2026-03-10 10:01:31,555 - root - ERROR - Chunk 242: No Data! Returning LmfitResult with None.
2026-03-10 10:01:31,556 - root - ERROR - Chunk 243: No Data! Returning LmfitResult with None.
2026-03-10 10:01:31,557 - root - ERROR - Chunk 244: No Data! Returning LmfitResult with None.
2026-03-10 10:01:31,558 - root - ERROR - Chunk 245: No Data! Returning LmfitResult with None.
2026-03-10 10:01:31,559 - root - ERROR - Chunk 246: No Data! Returning LmfitResult with None.
2026-03-10 10:01:31,560 - root - ERROR - Chunk 247: No Data! Returning LmfitResult with None.
2026-03-10 10:01:31,561 - root - ERROR - Chunk 248: No Data! Returning LmfitResult with None.
2026-03-10 10:01:31,562 - root - ERROR - Chunk 249: No Data! Returning LmfitResult with None.
2026-03-10 10:01:31,563 - root - ERROR - Chunk 250: No Data! Returning LmfitResult with None.
2026-03-10 10:01:31,564 - root - ERROR - Chunk 251: No Data! Returning LmfitResult with None.
2026-03-10 10:01:31,565 - root - ERROR - Chunk 252: No Data! Returning LmfitResult with None.
2026-03-10 10:01:31,566 - root - ERROR - Chunk 253: No Data! Returning LmfitResult with None.
2026-03-10 10:01:31,567 - root - ERROR - Chunk 254: No Data! Returning LmfitResult with None.
2026-03-10 10:01:31,568 - root - ERROR - Chunk 255: No Data! Returning LmfitResult with None.
2026-03-10 10:01:31,569 - root - ERROR - Chunk 256: No Data! Returning LmfitResult with None.
2026-03-10 10:01:31,570 - root - ERROR - Chunk 257: No Data! Returning LmfitResult with None.
2026-03-10 10:01:31,571 - root - ERROR - Chunk 258: No Data! Returning LmfitResult with None.
2026-03-10 10:01:31,571 - root - ERROR - Chunk 259: No Data! Returning LmfitResult with None.
2026-03-10 10:01:31,572 - root - ERROR - Chunk 260: No Data! Returning LmfitResult with None.
2026-03-10 10:01:31,573 - root - ERROR - Chunk 261: No Data! Returning LmfitResult with None.
2026-03-10 10:01:31,574 - root - ERROR - Chunk 262: No Data! Returning LmfitResult with None.
2026-03-10 10:01:31,575 - root - ERROR - Chunk 263: No Data! Returning LmfitResult with None.
2026-03-10 10:01:31,576 - root - ERROR - Chunk 264: No Data! Returning LmfitResult with None.
2026-03-10 10:01:31,577 - root - ERROR - Chunk 265: No Data! Returning LmfitResult with None.
2026-03-10 10:01:31,578 - root - ERROR - Chunk 266: No Data! Returning LmfitResult with None.
2026-03-10 10:01:31,579 - root - ERROR - Chunk 267: No Data! Returning LmfitResult with None.
2026-03-10 10:01:31,580 - root - ERROR - Chunk 268: No Data! Returning LmfitResult with None.
2026-03-10 10:01:31,581 - root - ERROR - Chunk 269: No Data! Returning LmfitResult with None.
2026-03-10 10:01:31,582 - root - ERROR - Chunk 270: No Data! Returning LmfitResult with None.
2026-03-10 10:01:31,583 - root - ERROR - Chunk 271: No Data! Returning LmfitResult with None.
2026-03-10 10:01:31,584 - root - ERROR - Chunk 272: No Data! Returning LmfitResult with None.
2026-03-10 10:01:31,585 - root - ERROR - Chunk 273: No Data! Returning LmfitResult with None.
2026-03-10 10:01:31,586 - root - ERROR - Chunk 274: No Data! Returning LmfitResult with None.
2026-03-10 10:01:31,587 - root - ERROR - Chunk 275: No Data! Returning LmfitResult with None.
2026-03-10 10:01:31,588 - root - ERROR - Chunk 276: No Data! Returning LmfitResult with None.
2026-03-10 10:01:31,589 - root - ERROR - Chunk 277: No Data! Returning LmfitResult with None.
2026-03-10 10:01:31,590 - root - ERROR - Chunk 278: No Data! Returning LmfitResult with None.
2026-03-10 10:01:31,591 - root - ERROR - Chunk 279: No Data! Returning LmfitResult with None.
2026-03-10 10:01:31,592 - root - ERROR - Chunk 280: No Data! Returning LmfitResult with None.
2026-03-10 10:01:36,312 - root - ERROR - NaN value detected in oversampled model function.
2026-03-10 10:01:36,313 - root - ERROR - <ParameterSet (values: 17)>
    cont_intercept  =  13331.224451213484
    cont_slope      =  -7.538935339002333
    iod_depth       =  1.0651565893852593
    lsf_left_1      =  2.9909452619405004
    lsf_left_2      =  -13.930310347973542
    lsf_left_3      =  3.7255870651943224
    lsf_left_4      =  -2.9566842556637742
    lsf_left_5      =  0.1413971910217522
    lsf_right1      =  4.982628536785246
    lsf_right2      =  -14.045114942913663
    lsf_right3      =  11.0431838007232
    lsf_right4      =  -3.902650520159607
    lsf_right5      =  0.337846461280243
    tem_depth       =  0.9899308392213874
    velocity        =  -24045.757149983176
    wave_intercept  =  5035.498015634349
    wave_slope      =  0.012501275344586659
2026-03-10 10:01:36,314 - root - ERROR - Evaluated LSF:
2026-03-10 10:01:36,315 - root - ERROR - [nan nan nan nan nan nan nan nan nan nan nan nan nan nan nan nan nan nan
 nan nan nan nan nan nan nan nan nan nan nan nan nan nan nan nan nan nan
 nan nan nan nan nan nan nan nan nan nan nan nan nan nan nan nan nan nan
 nan nan nan nan nan nan nan nan nan nan nan nan nan nan nan nan nan nan
 nan]
2026-03-10 10:01:36,998 - root - ERROR - NaN value detected in oversampled model function.
2026-03-10 10:01:37,000 - root - ERROR - <ParameterSet (values: 17)>
    cont_intercept  =  8111.792098382852
    cont_slope      =  -6.9113988657580405
    iod_depth       =  1.0381557969418613
    lsf_left_1      =  2.772998193189468
    lsf_left_2      =  -15.171261181202855
    lsf_left_3      =  1.474714319343546
    lsf_left_4      =  -1.8235782325085808
    lsf_left_5      =  0.443713252483391
    lsf_right1      =  7.953812010397718
    lsf_right2      =  -18.75037339511796
    lsf_right3      =  5.744072258696977
    lsf_right4      =  -3.212757477501185
    lsf_right5      =  1.1858635103117834
    tem_depth       =  1.0086310274722052
    velocity        =  -24139.67289870017
    wave_intercept  =  5046.993413838709
    wave_slope      =  0.011543434647228365
2026-03-10 10:01:37,001 - root - ERROR - Evaluated LSF:
2026-03-10 10:01:37,002 - root - ERROR - [nan nan nan nan nan nan nan nan nan nan nan nan nan nan nan nan nan nan
 nan nan nan nan nan nan nan nan nan nan nan nan nan nan nan nan nan nan
 nan nan nan nan nan nan nan nan nan nan nan nan nan nan nan nan nan nan
 nan nan nan nan nan nan nan nan nan nan nan nan nan nan nan nan nan nan
 nan]
2026-03-10 10:01:43,106 - root - ERROR - NaN value detected in oversampled model function.
2026-03-10 10:01:43,108 - root - ERROR - <ParameterSet (values: 17)>
    cont_intercept  =  23151.437578786725
    cont_slope      =  6.65522863831132
    iod_depth       =  0.9388409752135202
    lsf_left_1      =  6.753544384138509
    lsf_left_2      =  -18.19044740284835
    lsf_left_3      =  10.549044617734491
    lsf_left_4      =  -3.412051490863394
    lsf_left_5      =  0.7845490422416057
    lsf_right1      =  5.536934428874874
    lsf_right2      =  -18.16542705336676
    lsf_right3      =  11.042821818435447
    lsf_right4      =  -3.5565940185150593
    lsf_right5      =  0.495310967543125
    tem_depth       =  0.9730952276121295
    velocity        =  -23935.969754636215
    wave_intercept  =  5096.628146401438
    wave_slope      =  0.014499592807028132
2026-03-10 10:01:43,109 - root - ERROR - Evaluated LSF:
2026-03-10 10:01:43,110 - root - ERROR - [nan nan nan nan nan nan nan nan nan nan nan nan nan nan nan nan nan nan
 nan nan nan nan nan nan nan nan nan nan nan nan nan nan nan nan nan nan
 nan nan nan nan nan nan nan nan nan nan nan nan nan nan nan nan nan nan
 nan nan nan nan nan nan nan nan nan nan nan nan nan nan nan nan nan nan
 nan]
2026-03-10 10:01:44,327 - root - ERROR - NaN value detected in oversampled model function.
2026-03-10 10:01:44,328 - root - ERROR - <ParameterSet (values: 17)>
    cont_intercept  =  22177.924819601354
    cont_slope      =  -13.33614976674425
    iod_depth       =  1.0065336026722713
    lsf_left_1      =  2.297357317870895
    lsf_left_2      =  -6.749886215826333
    lsf_left_3      =  2.9275362665601223
    lsf_left_4      =  -3.231894330494645
    lsf_left_5      =  0.7487219153484563
    lsf_right1      =  5.405506401031671
    lsf_right2      =  -12.973298791743684
    lsf_right3      =  3.8947880669104515
    lsf_right4      =  -3.4788302138902982
    lsf_right5      =  1.2137804580981593
    tem_depth       =  1.0183087739203622
    velocity        =  -24014.330627861847
    wave_intercept  =  5116.332612778977
    wave_slope      =  0.012968321059654533
2026-03-10 10:01:44,330 - root - ERROR - Evaluated LSF:
2026-03-10 10:01:44,330 - root - ERROR - [nan nan nan nan nan nan nan nan nan nan nan nan nan nan nan nan nan nan
 nan nan nan nan nan nan nan nan nan nan nan nan nan nan nan nan nan nan
 nan nan nan nan nan nan nan nan nan nan nan nan nan nan nan nan nan nan
 nan nan nan nan nan nan nan nan nan nan nan nan nan nan nan nan nan nan
 nan]
2026-03-10 10:01:44,656 - root - ERROR - NaN value detected in oversampled model function.
2026-03-10 10:01:44,658 - root - ERROR - <ParameterSet (values: 17)>
    cont_intercept  =  14386.784313018296
    cont_slope      =  -11.971496881462212
    iod_depth       =  1.0182312161247906
    lsf_left_1      =  7.54178566881665
    lsf_left_2      =  -18.629972001868556
    lsf_left_3      =  9.930535431999022
    lsf_left_4      =  -3.882456951545535
    lsf_left_5      =  0.5467532500294425
    lsf_right1      =  5.765443432417765
    lsf_right2      =  -18.621453096766718
    lsf_right3      =  4.233809147773675
    lsf_right4      =  -1.6059844664455927
    lsf_right5      =  0.14193449826043303
    tem_depth       =  1.036093798937398
    velocity        =  -24183.7870515296
    wave_intercept  =  5122.414753432789
    wave_slope      =  0.0124286955270585
2026-03-10 10:01:44,659 - root - ERROR - Evaluated LSF:
2026-03-10 10:01:44,662 - root - ERROR - [nan nan nan nan nan nan nan nan nan nan nan nan nan nan nan nan nan nan
 nan nan nan nan nan nan nan nan nan nan nan nan nan nan nan nan nan nan
 nan nan nan nan nan nan nan nan nan nan nan nan nan nan nan nan nan nan
 nan nan nan nan nan nan nan nan nan nan nan nan nan nan nan nan nan nan
 nan]
2026-03-10 10:01:57,460 - root - ERROR - NaN value detected in oversampled model function.
2026-03-10 10:01:57,461 - root - ERROR - <ParameterSet (values: 17)>
    cont_intercept  =  15087.980317366026
    cont_slope      =  -11.864167557845652
    iod_depth       =  0.9820581382965407
    lsf_left_1      =  9.459006763734413
    lsf_left_2      =  -18.812472477667562
    lsf_left_3      =  1.8424976262907689
    lsf_left_4      =  -3.5812308478735564
    lsf_left_5      =  1.1657175860584492
    lsf_right1      =  2.2894194582305096
    lsf_right2      =  -10.35961416433632
    lsf_right3      =  3.96425183923947
    lsf_right4      =  -3.5871223259841405
    lsf_right5      =  0.7322595692347539
    tem_depth       =  1.0181069007562153
    velocity        =  -24051.369350762856
    wave_intercept  =  5259.750809420048
    wave_slope      =  0.012276744153143915
2026-03-10 10:01:57,463 - root - ERROR - Evaluated LSF:
2026-03-10 10:01:57,464 - root - ERROR - [nan nan nan nan nan nan nan nan nan nan nan nan nan nan nan nan nan nan
 nan nan nan nan nan nan nan nan nan nan nan nan nan nan nan nan nan nan
 nan nan nan nan nan nan nan nan nan nan nan nan nan nan nan nan nan nan
 nan nan nan nan nan nan nan nan nan nan nan nan nan nan nan nan nan nan
 nan]
2026-03-10 10:02:03,909 - root - ERROR - NaN value detected in oversampled model function.
2026-03-10 10:02:03,910 - root - ERROR - <ParameterSet (values: 17)>
    cont_intercept  =  36615.58005918091
    cont_slope      =  18.05808014785687
    iod_depth       =  1.2246734993411665
    lsf_left_1      =  11.204584984985429
    lsf_left_2      =  -18.610168423585513
    lsf_left_3      =  2.4001285941615027
    lsf_left_4      =  -3.7658531533614377
    lsf_left_5      =  0.3281552795708891
    lsf_right1      =  4.580401573044843
    lsf_right2      =  -15.98886379917759
    lsf_right3      =  2.5127339106898434
    lsf_right4      =  -3.264467765295689
    lsf_right5      =  1.107645279902132
    tem_depth       =  0.9390238654508237
    velocity        =  -24674.284336688896
    wave_intercept  =  5316.386171136013
    wave_slope      =  0.015310689797108885
2026-03-10 10:02:03,912 - root - ERROR - Evaluated LSF:
2026-03-10 10:02:03,913 - root - ERROR - [nan nan nan nan nan nan nan nan nan nan nan nan nan nan nan nan nan nan
 nan nan nan nan nan nan nan nan nan nan nan nan nan nan nan nan nan nan
 nan nan nan nan nan nan nan nan nan nan nan nan nan nan nan nan nan nan
 nan nan nan nan nan nan nan nan nan nan nan nan nan nan nan nan nan nan
 nan]
2026-03-10 10:02:05,141 - root - ERROR - NaN value detected in oversampled model function.
2026-03-10 10:02:05,146 - root - ERROR - <ParameterSet (values: 17)>
    cont_intercept  =  26088.808749849035
    cont_slope      =  -20.017551568536383
    iod_depth       =  1.0538373071900495
    lsf_left_1      =  3.9857074393024674
    lsf_left_2      =  -18.48928665130752
    lsf_left_3      =  9.862166370292945
    lsf_left_4      =  -3.785489981948941
    lsf_left_5      =  0.144847806591943
    lsf_right1      =  3.990686556827299
    lsf_right2      =  -11.811077444864019
    lsf_right3      =  1.722397892288367
    lsf_right4      =  -3.8796026288530694
    lsf_right5      =  0.8457180416007678
    tem_depth       =  0.9879631012132921
    velocity        =  -23843.159520877354
    wave_intercept  =  5340.3837475089185
    wave_slope      =  0.013388893564534833
2026-03-10 10:02:05,147 - root - ERROR - Evaluated LSF:
2026-03-10 10:02:05,148 - root - ERROR - [nan nan nan nan nan nan nan nan nan nan nan nan nan nan nan nan nan nan
 nan nan nan nan nan nan nan nan nan nan nan nan nan nan nan nan nan nan
 nan nan nan nan nan nan nan nan nan nan nan nan nan nan nan nan nan nan
 nan nan nan nan nan nan nan nan nan nan nan nan nan nan nan nan nan nan
 nan]
2026-03-10 10:02:43,907 - root - ERROR - NaN value detected in oversampled model function.
2026-03-10 10:02:43,910 - root - ERROR - <ParameterSet (values: 17)>
    cont_intercept  =  58090.854185118435
    cont_slope      =  -22.608617051864265
    iod_depth       =  1.0079390083367845
    lsf_left_1      =  8.055013731274336
    lsf_left_2      =  -16.48122644123479
    lsf_left_3      =  10.609459133135521
    lsf_left_4      =  -3.5867402405806486
    lsf_left_5      =  0.29543623639570027
    lsf_right1      =  2.3196740169836607
    lsf_right2      =  -17.687410879954818
    lsf_right3      =  6.578397167645604
    lsf_right4      =  -3.9175406938455426
    lsf_right5      =  1.2397417091958038
    tem_depth       =  1.0558856988097367
    velocity        =  -24284.52209660233
    wave_intercept  =  5734.4146750184145
    wave_slope      =  0.01475153257581544
2026-03-10 10:02:43,911 - root - ERROR - Evaluated LSF:
2026-03-10 10:02:43,911 - root - ERROR - [nan nan nan nan nan nan nan nan nan nan nan nan nan nan nan nan nan nan
 nan nan nan nan nan nan nan nan nan nan nan nan nan nan nan nan nan nan
 nan nan nan nan nan nan nan nan nan nan nan nan nan nan nan nan nan nan
 nan nan nan nan nan nan nan nan nan nan nan nan nan nan nan nan nan nan
 nan]
2026-03-10 10:02:48,035 - root - ERROR - NaN value detected in oversampled model function.
2026-03-10 10:02:48,036 - root - ERROR - <ParameterSet (values: 17)>
    cont_intercept  =  54181.16695499091
    cont_slope      =  -14.6060477665458
    iod_depth       =  1.0288069478440802
    lsf_left_1      =  5.058847635021433
    lsf_left_2      =  -18.558304526768232
    lsf_left_3      =  1.4427485315660427
    lsf_left_4      =  -0.4480581737208129
    lsf_left_5      =  0.2967113583922456
    lsf_right1      =  3.115965748965088
    lsf_right2      =  -17.04951557773064
    lsf_right3      =  4.47773351694612
    lsf_right4      =  -2.8146917341182522
    lsf_right5      =  1.2087319992817327
    tem_depth       =  1.069153394879284
    velocity        =  -24909.038226749264
    wave_intercept  =  5788.476134751749
    wave_slope      =  0.014907662522057935
2026-03-10 10:02:48,037 - root - ERROR - Evaluated LSF:
2026-03-10 10:02:48,038 - root - ERROR - [nan nan nan nan nan nan nan nan nan nan nan nan nan nan nan nan nan nan
 nan nan nan nan nan nan nan nan nan nan nan nan nan nan nan nan nan nan
 nan nan nan nan nan nan nan nan nan nan nan nan nan nan nan nan nan nan
 nan nan nan nan nan nan nan nan nan nan nan nan nan nan nan nan nan nan
 nan]
2026-03-10 10:02:55,803 - root - ERROR - NaN value detected in oversampled model function.
2026-03-10 10:02:55,804 - root - ERROR - <ParameterSet (values: 17)>
    cont_intercept  =  62898.141460218256
    cont_slope      =  1.1282509843943287
    iod_depth       =  1.157897653983838
    lsf_left_1      =  2.2900175879958566
    lsf_left_2      =  -17.993475419485335
    lsf_left_3      =  1.393862939275241
    lsf_left_4      =  -3.9079561224583106
    lsf_left_5      =  0.14126531043054644
    lsf_right1      =  2.523775310528022
    lsf_right2      =  -18.075252860404447
    lsf_right3      =  10.646426797687768
    lsf_right4      =  -3.91530032556117
    lsf_right5      =  0.21036679517084994
    tem_depth       =  1.0027104136435987
    velocity        =  -24187.530005993114
    wave_intercept  =  5892.389527943504
    wave_slope      =  0.015769566366763813
2026-03-10 10:02:55,805 - root - ERROR - Evaluated LSF:
2026-03-10 10:02:55,806 - root - ERROR - [nan nan nan nan nan nan nan nan nan nan nan nan nan nan nan nan nan nan
 nan nan nan nan nan nan nan nan nan nan nan nan nan nan nan nan nan nan
 nan nan nan nan nan nan nan nan nan nan nan nan nan nan nan nan nan nan
 nan nan nan nan nan nan nan nan nan nan nan nan nan nan nan nan nan nan
 nan]
2026-03-10 10:02:59,780 - root - ERROR - NaN value detected in oversampled model function.
2026-03-10 10:02:59,781 - root - ERROR - <ParameterSet (values: 17)>
    cont_intercept  =  74275.16154613889
    cont_slope      =  5.370049537776256
    iod_depth       =  1.0369889462780746
    lsf_left_1      =  2.6919128920219944
    lsf_left_2      =  -16.124915321967137
    lsf_left_3      =  1.2385812691310456
    lsf_left_4      =  -0.44353295229231016
    lsf_left_5      =  0.4127037417045714
    lsf_right1      =  2.837000718133432
    lsf_right2      =  -14.924195457040227
    lsf_right3      =  1.802303884700889
    lsf_right4      =  -2.236970373395402
    lsf_right5      =  0.2082569806534186
    tem_depth       =  1.0031241188948183
    velocity        =  -24120.784847241608
    wave_intercept  =  5937.8078584429095
    wave_slope      =  0.01691054387654222
2026-03-10 10:02:59,782 - root - ERROR - Evaluated LSF:
2026-03-10 10:02:59,783 - root - ERROR - [nan nan nan nan nan nan nan nan nan nan nan nan nan nan nan nan nan nan
 nan nan nan nan nan nan nan nan nan nan nan nan nan nan nan nan nan nan
 nan nan nan nan nan nan nan nan nan nan nan nan nan nan nan nan nan nan
 nan nan nan nan nan nan nan nan nan nan nan nan nan nan nan nan nan nan
 nan]
2026-03-10 10:03:00,075 - root - ERROR - NaN value detected in oversampled model function.
2026-03-10 10:03:00,076 - root - ERROR - <ParameterSet (values: 17)>
    cont_intercept  =  80731.70580460042
    cont_slope      =  -1.8004179510406213
    iod_depth       =  1.1923308189489012
    lsf_left_1      =  8.664028215818128
    lsf_left_2      =  -16.955799200726556
    lsf_left_3      =  7.771924340846493
    lsf_left_4      =  -2.760610997705742
    lsf_left_5      =  0.34820139007658957
    lsf_right1      =  2.3101325960066905
    lsf_right2      =  -17.087906578110243
    lsf_right3      =  2.2259967111434547
    lsf_right4      =  -3.009145688768676
    lsf_right5      =  0.9776679737761524
    tem_depth       =  1.8699180136033853
    velocity        =  -21137.97494546342
    wave_intercept  =  5945.732445314498
    wave_slope      =  0.01625518813408392
2026-03-10 10:03:00,077 - root - ERROR - Evaluated LSF:
2026-03-10 10:03:00,078 - root - ERROR - [nan nan nan nan nan nan nan nan nan nan nan nan nan nan nan nan nan nan
 nan nan nan nan nan nan nan nan nan nan nan nan nan nan nan nan nan nan
 nan nan nan nan nan nan nan nan nan nan nan nan nan nan nan nan nan nan
 nan nan nan nan nan nan nan nan nan nan nan nan nan nan nan nan nan nan
 nan]
2026-03-10 10:03:00,293 - root - ERROR - NaN value detected in oversampled model function.
2026-03-10 10:03:00,294 - root - ERROR - <ParameterSet (values: 17)>
    cont_intercept  =  75662.43202564433
    cont_slope      =  -17.82849123219112
    iod_depth       =  0.9221273664999201
    lsf_left_1      =  2.3320459186799583
    lsf_left_2      =  -18.57387260047296
    lsf_left_3      =  11.035337784144895
    lsf_left_4      =  -2.891664790868855
    lsf_left_5      =  0.24871177275198988
    lsf_right1      =  8.631360156840948
    lsf_right2      =  -18.801456860906665
    lsf_right3      =  1.5916392094161302
    lsf_right4      =  -3.822427426856516
    lsf_right5      =  1.2575099528184652
    tem_depth       =  0.9823024573008537
    velocity        =  -23708.334749438804
    wave_intercept  =  5951.494672412844
    wave_slope      =  0.015803869561239848
2026-03-10 10:03:00,296 - root - ERROR - Evaluated LSF:
2026-03-10 10:03:00,297 - root - ERROR - [nan nan nan nan nan nan nan nan nan nan nan nan nan nan nan nan nan nan
 nan nan nan nan nan nan nan nan nan nan nan nan nan nan nan nan nan nan
 nan nan nan nan nan nan nan nan nan nan nan nan nan nan nan nan nan nan
 nan nan nan nan nan nan nan nan nan nan nan nan nan nan nan nan nan nan
 nan]
2026-03-10 10:03:06,391 - root - ERROR - NaN value detected in oversampled model function.
2026-03-10 10:03:06,393 - root - ERROR - <ParameterSet (values: 17)>
    cont_intercept  =  35364.736682425035
    cont_slope      =  47.87105131682418
    iod_depth       =  0.4086771935471589
    lsf_left_1      =  11.44078015862715
    lsf_left_2      =  -18.28786015501624
    lsf_left_3      =  1.231085733942238
    lsf_left_4      =  -3.9041676663773512
    lsf_left_5      =  0.14265684100076725
    lsf_right1      =  2.2972540975047027
    lsf_right2      =  -13.955458281703082
    lsf_right3      =  1.6778150749378
    lsf_right4      =  -2.2309866769722486
    lsf_right5      =  0.3680122596803067
    tem_depth       =  0.8351258666640144
    velocity        =  -24208.214579991934
    wave_intercept  =  6029.279101117536
    wave_slope      =  0.019118925828213024
2026-03-10 10:03:06,394 - root - ERROR - Evaluated LSF:
2026-03-10 10:03:06,395 - root - ERROR - [nan nan nan nan nan nan nan nan nan nan nan nan nan nan nan nan nan nan
 nan nan nan nan nan nan nan nan nan nan nan nan nan nan nan nan nan nan
 nan nan nan nan nan nan nan nan nan nan nan nan nan nan nan nan nan nan
 nan nan nan nan nan nan nan nan nan nan nan nan nan nan nan nan nan nan
 nan]
2026-03-10 10:03:12,982 - root - ERROR - NaN value detected in oversampled model function.
2026-03-10 10:03:12,984 - root - ERROR - <ParameterSet (values: 17)>
    cont_intercept  =  59381.90935229783
    cont_slope      =  -23.589801136022515
    iod_depth       =  0.807434470764899
    lsf_left_1      =  4.51541420519766
    lsf_left_2      =  -13.810340322596664
    lsf_left_3      =  8.999929932662084
    lsf_left_4      =  -3.5642074080007102
    lsf_left_5      =  0.14605094402902333
    lsf_right1      =  2.289215730692258
    lsf_right2      =  -16.260676553433612
    lsf_right3      =  2.0327486668250208
    lsf_right4      =  -3.2947933296145715
    lsf_right5      =  1.221968265360986
    tem_depth       =  0.9773265259557604
    velocity        =  -24127.86214974621
    wave_intercept  =  6137.689824381493
    wave_slope      =  0.015703149945539827
2026-03-10 10:03:12,985 - root - ERROR - Evaluated LSF:
2026-03-10 10:03:12,986 - root - ERROR - [nan nan nan nan nan nan nan nan nan nan nan nan nan nan nan nan nan nan
 nan nan nan nan nan nan nan nan nan nan nan nan nan nan nan nan nan nan
 nan nan nan nan nan nan nan nan nan nan nan nan nan nan nan nan nan nan
 nan nan nan nan nan nan nan nan nan nan nan nan nan nan nan nan nan nan
 nan]
2026-03-10 10:03:13,633 - root - ERROR - NaN value detected in oversampled model function.
2026-03-10 10:03:13,635 - root - ERROR - <ParameterSet (values: 17)>
    cont_intercept  =  36528.67339627424
    cont_slope      =  -28.084621485685684
    iod_depth       =  1.0065864691623392
    lsf_left_1      =  7.824650493193455
    lsf_left_2      =  -15.0696328539594
    lsf_left_3      =  1.2316422883057867
    lsf_left_4      =  -3.1555153382820134
    lsf_left_5      =  1.1079950853534282
    lsf_right1      =  4.5453207775262054
    lsf_right2      =  -18.682496727094247
    lsf_right3      =  10.78975955330836
    lsf_right4      =  -3.3905006680124026
    lsf_right5      =  0.5688603795361691
    tem_depth       =  0.899017320097059
    velocity        =  -23800.287746083206
    wave_intercept  =  6152.128541394372
    wave_slope      =  0.014499920125939082
2026-03-10 10:03:13,636 - root - ERROR - Evaluated LSF:
2026-03-10 10:03:13,637 - root - ERROR - [nan nan nan nan nan nan nan nan nan nan nan nan nan nan nan nan nan nan
 nan nan nan nan nan nan nan nan nan nan nan nan nan nan nan nan nan nan
 nan nan nan nan nan nan nan nan nan nan nan nan nan nan nan nan nan nan
 nan nan nan nan nan nan nan nan nan nan nan nan nan nan nan nan nan nan
 nan]
2026-03-10 10:03:14,356 - root - ERROR - NaN value detected in oversampled model function.
2026-03-10 10:03:14,357 - root - ERROR - <ParameterSet (values: 17)>
    cont_intercept  =  34087.60245748497
    cont_slope      =  45.04585194593741
    iod_depth       =  0.09394752187227753
    lsf_left_1      =  8.356086452595065
    lsf_left_2      =  -18.809173817624565
    lsf_left_3      =  1.3129190962135462
    lsf_left_4      =  -1.751612559102611
    lsf_left_5      =  0.6565519252198931
    lsf_right1      =  2.6395548113772276
    lsf_right2      =  -18.616530907337406
    lsf_right3      =  1.3034481833579492
    lsf_right4      =  -3.622460958069175
    lsf_right5      =  1.1654605383814536
    tem_depth       =  0.9521377264876996
    velocity        =  -25085.580625856695
    wave_intercept  =  6151.082449245199
    wave_slope      =  0.019992434175078896
2026-03-10 10:03:14,358 - root - ERROR - Evaluated LSF:
2026-03-10 10:03:14,359 - root - ERROR - [nan nan nan nan nan nan nan nan nan nan nan nan nan nan nan nan nan nan
 nan nan nan nan nan nan nan nan nan nan nan nan nan nan nan nan nan nan
 nan nan nan nan nan nan nan nan nan nan nan nan nan nan nan nan nan nan
 nan nan nan nan nan nan nan nan nan nan nan nan nan nan nan nan nan nan
 nan]
2026-03-10 10:03:17,779 - root - ERROR - NaN value detected in oversampled model function.
2026-03-10 10:03:17,780 - root - ERROR - <ParameterSet (values: 17)>
    cont_intercept  =  35117.15349679029
    cont_slope      =  -25.304784094010788
    iod_depth       =  0.7105861973944868
    lsf_left_1      =  2.4855568583347436
    lsf_left_2      =  -18.262086661056117
    lsf_left_3      =  4.081789124199357
    lsf_left_4      =  -3.81350894706844
    lsf_left_5      =  1.0530844288045231
    lsf_right1      =  2.9281057577774736
    lsf_right2      =  -18.78516338291789
    lsf_right3      =  2.780696292187251
    lsf_right4      =  -3.8952150631584557
    lsf_right5      =  0.5516337986757971
    tem_depth       =  0.9686245801042291
    velocity        =  -24097.629494901747
    wave_intercept  =  6214.252179051602
    wave_slope      =  0.014658711390433116
2026-03-10 10:03:17,781 - root - ERROR - Evaluated LSF:
2026-03-10 10:03:17,782 - root - ERROR - [nan nan nan nan nan nan nan nan nan nan nan nan nan nan nan nan nan nan
 nan nan nan nan nan nan nan nan nan nan nan nan nan nan nan nan nan nan
 nan nan nan nan nan nan nan nan nan nan nan nan nan nan nan nan nan nan
 nan nan nan nan nan nan nan nan nan nan nan nan nan nan nan nan nan nan
 nan]
2026-03-10 10:03:20,863 - root - ERROR - Polynomial fitting failed. Falling back to input values
Traceback (most recent call last):
  File "/Users/jaklusmeyer/SONG/pyodine/pyodine/lib/misc.py", line 529, in fit_polynomial
    pfit, stats = np.polynomial.Polynomial.fit(
  File "/Users/jaklusmeyer/miniconda/envs/pyodine_env/lib/python3.9/site-packages/numpy/polynomial/_polybase.py", line 1036, in fit
    xnew = pu.mapdomain(x, domain, window)
  File "/Users/jaklusmeyer/miniconda/envs/pyodine_env/lib/python3.9/site-packages/numpy/polynomial/polyutils.py", line 371, in mapdomain
    off, scl = mapparms(old, new)
  File "/Users/jaklusmeyer/miniconda/envs/pyodine_env/lib/python3.9/site-packages/numpy/polynomial/polyutils.py", line 303, in mapparms
    off = (old[1]*new[0] - old[0]*new[1])/oldlen
ZeroDivisionError: division by zero
2026-03-10 10:03:20,864 - root - ERROR - Polynomial fitting failed. Falling back to input values
Traceback (most recent call last):
  File "/Users/jaklusmeyer/SONG/pyodine/pyodine/lib/misc.py", line 529, in fit_polynomial
    pfit, stats = np.polynomial.Polynomial.fit(
  File "/Users/jaklusmeyer/miniconda/envs/pyodine_env/lib/python3.9/site-packages/numpy/polynomial/_polybase.py", line 1036, in fit
    xnew = pu.mapdomain(x, domain, window)
  File "/Users/jaklusmeyer/miniconda/envs/pyodine_env/lib/python3.9/site-packages/numpy/polynomial/polyutils.py", line 371, in mapdomain
    off, scl = mapparms(old, new)
  File "/Users/jaklusmeyer/miniconda/envs/pyodine_env/lib/python3.9/site-packages/numpy/polynomial/polyutils.py", line 303, in mapparms
    off = (old[1]*new[0] - old[0]*new[1])/oldlen
ZeroDivisionError: division by zero
2026-03-10 10:03:20,866 - root - ERROR - Polynomial fitting failed. Falling back to input values
Traceback (most recent call last):
  File "/Users/jaklusmeyer/SONG/pyodine/pyodine/lib/misc.py", line 529, in fit_polynomial
    pfit, stats = np.polynomial.Polynomial.fit(
  File "/Users/jaklusmeyer/miniconda/envs/pyodine_env/lib/python3.9/site-packages/numpy/polynomial/_polybase.py", line 1036, in fit
    xnew = pu.mapdomain(x, domain, window)
  File "/Users/jaklusmeyer/miniconda/envs/pyodine_env/lib/python3.9/site-packages/numpy/polynomial/polyutils.py", line 371, in mapdomain
    off, scl = mapparms(old, new)
  File "/Users/jaklusmeyer/miniconda/envs/pyodine_env/lib/python3.9/site-packages/numpy/polynomial/polyutils.py", line 303, in mapparms
    off = (old[1]*new[0] - old[0]*new[1])/oldlen
ZeroDivisionError: division by zero
2026-03-10 10:03:20,867 - root - ERROR - Polynomial fitting failed. Falling back to input values
Traceback (most recent call last):
  File "/Users/jaklusmeyer/SONG/pyodine/pyodine/lib/misc.py", line 529, in fit_polynomial
    pfit, stats = np.polynomial.Polynomial.fit(
  File "/Users/jaklusmeyer/miniconda/envs/pyodine_env/lib/python3.9/site-packages/numpy/polynomial/_polybase.py", line 1036, in fit
    xnew = pu.mapdomain(x, domain, window)
  File "/Users/jaklusmeyer/miniconda/envs/pyodine_env/lib/python3.9/site-packages/numpy/polynomial/polyutils.py", line 371, in mapdomain
    off, scl = mapparms(old, new)
  File "/Users/jaklusmeyer/miniconda/envs/pyodine_env/lib/python3.9/site-packages/numpy/polynomial/polyutils.py", line 303, in mapparms
    off = (old[1]*new[0] - old[0]*new[1])/oldlen
ZeroDivisionError: division by zero
2026-03-10 10:03:20,869 - root - ERROR - Polynomial fitting failed. Falling back to input values
Traceback (most recent call last):
  File "/Users/jaklusmeyer/SONG/pyodine/pyodine/lib/misc.py", line 529, in fit_polynomial
    pfit, stats = np.polynomial.Polynomial.fit(
  File "/Users/jaklusmeyer/miniconda/envs/pyodine_env/lib/python3.9/site-packages/numpy/polynomial/_polybase.py", line 1036, in fit
    xnew = pu.mapdomain(x, domain, window)
  File "/Users/jaklusmeyer/miniconda/envs/pyodine_env/lib/python3.9/site-packages/numpy/polynomial/polyutils.py", line 371, in mapdomain
    off, scl = mapparms(old, new)
  File "/Users/jaklusmeyer/miniconda/envs/pyodine_env/lib/python3.9/site-packages/numpy/polynomial/polyutils.py", line 303, in mapparms
    off = (old[1]*new[0] - old[0]*new[1])/oldlen
ZeroDivisionError: division by zero
2026-03-10 10:03:20,870 - root - ERROR - Polynomial fitting failed. Falling back to input values
Traceback (most recent call last):
  File "/Users/jaklusmeyer/SONG/pyodine/pyodine/lib/misc.py", line 529, in fit_polynomial
    pfit, stats = np.polynomial.Polynomial.fit(
  File "/Users/jaklusmeyer/miniconda/envs/pyodine_env/lib/python3.9/site-packages/numpy/polynomial/_polybase.py", line 1036, in fit
    xnew = pu.mapdomain(x, domain, window)
  File "/Users/jaklusmeyer/miniconda/envs/pyodine_env/lib/python3.9/site-packages/numpy/polynomial/polyutils.py", line 371, in mapdomain
    off, scl = mapparms(old, new)
  File "/Users/jaklusmeyer/miniconda/envs/pyodine_env/lib/python3.9/site-packages/numpy/polynomial/polyutils.py", line 303, in mapparms
    off = (old[1]*new[0] - old[0]*new[1])/oldlen
ZeroDivisionError: division by zero
2026-03-10 10:03:20,872 - root - ERROR - Polynomial fitting failed. Falling back to input values
Traceback (most recent call last):
  File "/Users/jaklusmeyer/SONG/pyodine/pyodine/lib/misc.py", line 529, in fit_polynomial
    pfit, stats = np.polynomial.Polynomial.fit(
  File "/Users/jaklusmeyer/miniconda/envs/pyodine_env/lib/python3.9/site-packages/numpy/polynomial/_polybase.py", line 1036, in fit
    xnew = pu.mapdomain(x, domain, window)
  File "/Users/jaklusmeyer/miniconda/envs/pyodine_env/lib/python3.9/site-packages/numpy/polynomial/polyutils.py", line 371, in mapdomain
    off, scl = mapparms(old, new)
  File "/Users/jaklusmeyer/miniconda/envs/pyodine_env/lib/python3.9/site-packages/numpy/polynomial/polyutils.py", line 303, in mapparms
    off = (old[1]*new[0] - old[0]*new[1])/oldlen
ZeroDivisionError: division by zero
2026-03-10 10:03:20,881 - root - ERROR - Polynomial fitting failed. Falling back to input values
Traceback (most recent call last):
  File "/Users/jaklusmeyer/SONG/pyodine/pyodine/lib/misc.py", line 529, in fit_polynomial
    pfit, stats = np.polynomial.Polynomial.fit(
  File "/Users/jaklusmeyer/miniconda/envs/pyodine_env/lib/python3.9/site-packages/numpy/polynomial/_polybase.py", line 1036, in fit
    xnew = pu.mapdomain(x, domain, window)
  File "/Users/jaklusmeyer/miniconda/envs/pyodine_env/lib/python3.9/site-packages/numpy/polynomial/polyutils.py", line 371, in mapdomain
    off, scl = mapparms(old, new)
  File "/Users/jaklusmeyer/miniconda/envs/pyodine_env/lib/python3.9/site-packages/numpy/polynomial/polyutils.py", line 303, in mapparms
    off = (old[1]*new[0] - old[0]*new[1])/oldlen
ZeroDivisionError: division by zero
2026-03-10 10:03:20,883 - root - ERROR - Polynomial fitting failed. Falling back to input values
Traceback (most recent call last):
  File "/Users/jaklusmeyer/SONG/pyodine/pyodine/lib/misc.py", line 529, in fit_polynomial
    pfit, stats = np.polynomial.Polynomial.fit(
  File "/Users/jaklusmeyer/miniconda/envs/pyodine_env/lib/python3.9/site-packages/numpy/polynomial/_polybase.py", line 1036, in fit
    xnew = pu.mapdomain(x, domain, window)
  File "/Users/jaklusmeyer/miniconda/envs/pyodine_env/lib/python3.9/site-packages/numpy/polynomial/polyutils.py", line 371, in mapdomain
    off, scl = mapparms(old, new)
  File "/Users/jaklusmeyer/miniconda/envs/pyodine_env/lib/python3.9/site-packages/numpy/polynomial/polyutils.py", line 303, in mapparms
    off = (old[1]*new[0] - old[0]*new[1])/oldlen
ZeroDivisionError: division by zero
2026-03-10 10:03:20,884 - root - ERROR - Polynomial fitting failed. Falling back to input values
Traceback (most recent call last):
  File "/Users/jaklusmeyer/SONG/pyodine/pyodine/lib/misc.py", line 529, in fit_polynomial
    pfit, stats = np.polynomial.Polynomial.fit(
  File "/Users/jaklusmeyer/miniconda/envs/pyodine_env/lib/python3.9/site-packages/numpy/polynomial/_polybase.py", line 1036, in fit
    xnew = pu.mapdomain(x, domain, window)
  File "/Users/jaklusmeyer/miniconda/envs/pyodine_env/lib/python3.9/site-packages/numpy/polynomial/polyutils.py", line 371, in mapdomain
    off, scl = mapparms(old, new)
  File "/Users/jaklusmeyer/miniconda/envs/pyodine_env/lib/python3.9/site-packages/numpy/polynomial/polyutils.py", line 303, in mapparms
    off = (old[1]*new[0] - old[0]*new[1])/oldlen
ZeroDivisionError: division by zero
2026-03-10 10:03:20,886 - root - ERROR - Polynomial fitting failed. Falling back to input values
Traceback (most recent call last):
  File "/Users/jaklusmeyer/SONG/pyodine/pyodine/lib/misc.py", line 529, in fit_polynomial
    pfit, stats = np.polynomial.Polynomial.fit(
  File "/Users/jaklusmeyer/miniconda/envs/pyodine_env/lib/python3.9/site-packages/numpy/polynomial/_polybase.py", line 1036, in fit
    xnew = pu.mapdomain(x, domain, window)
  File "/Users/jaklusmeyer/miniconda/envs/pyodine_env/lib/python3.9/site-packages/numpy/polynomial/polyutils.py", line 371, in mapdomain
    off, scl = mapparms(old, new)
  File "/Users/jaklusmeyer/miniconda/envs/pyodine_env/lib/python3.9/site-packages/numpy/polynomial/polyutils.py", line 303, in mapparms
    off = (old[1]*new[0] - old[0]*new[1])/oldlen
ZeroDivisionError: division by zero
2026-03-10 10:03:20,887 - root - ERROR - Polynomial fitting failed. Falling back to input values
Traceback (most recent call last):
  File "/Users/jaklusmeyer/SONG/pyodine/pyodine/lib/misc.py", line 529, in fit_polynomial
    pfit, stats = np.polynomial.Polynomial.fit(
  File "/Users/jaklusmeyer/miniconda/envs/pyodine_env/lib/python3.9/site-packages/numpy/polynomial/_polybase.py", line 1036, in fit
    xnew = pu.mapdomain(x, domain, window)
  File "/Users/jaklusmeyer/miniconda/envs/pyodine_env/lib/python3.9/site-packages/numpy/polynomial/polyutils.py", line 371, in mapdomain
    off, scl = mapparms(old, new)
  File "/Users/jaklusmeyer/miniconda/envs/pyodine_env/lib/python3.9/site-packages/numpy/polynomial/polyutils.py", line 303, in mapparms
    off = (old[1]*new[0] - old[0]*new[1])/oldlen
ZeroDivisionError: division by zero
2026-03-10 10:03:20,888 - root - ERROR - Polynomial fitting failed. Falling back to input values
Traceback (most recent call last):
  File "/Users/jaklusmeyer/SONG/pyodine/pyodine/lib/misc.py", line 529, in fit_polynomial
    pfit, stats = np.polynomial.Polynomial.fit(
  File "/Users/jaklusmeyer/miniconda/envs/pyodine_env/lib/python3.9/site-packages/numpy/polynomial/_polybase.py", line 1036, in fit
    xnew = pu.mapdomain(x, domain, window)
  File "/Users/jaklusmeyer/miniconda/envs/pyodine_env/lib/python3.9/site-packages/numpy/polynomial/polyutils.py", line 371, in mapdomain
    off, scl = mapparms(old, new)
  File "/Users/jaklusmeyer/miniconda/envs/pyodine_env/lib/python3.9/site-packages/numpy/polynomial/polyutils.py", line 303, in mapparms
    off = (old[1]*new[0] - old[0]*new[1])/oldlen
ZeroDivisionError: division by zero
2026-03-10 10:03:20,890 - root - ERROR - Polynomial fitting failed. Falling back to input values
Traceback (most recent call last):
  File "/Users/jaklusmeyer/SONG/pyodine/pyodine/lib/misc.py", line 529, in fit_polynomial
    pfit, stats = np.polynomial.Polynomial.fit(
  File "/Users/jaklusmeyer/miniconda/envs/pyodine_env/lib/python3.9/site-packages/numpy/polynomial/_polybase.py", line 1036, in fit
    xnew = pu.mapdomain(x, domain, window)
  File "/Users/jaklusmeyer/miniconda/envs/pyodine_env/lib/python3.9/site-packages/numpy/polynomial/polyutils.py", line 371, in mapdomain
    off, scl = mapparms(old, new)
  File "/Users/jaklusmeyer/miniconda/envs/pyodine_env/lib/python3.9/site-packages/numpy/polynomial/polyutils.py", line 303, in mapparms
    off = (old[1]*new[0] - old[0]*new[1])/oldlen
ZeroDivisionError: division by zero
2026-03-10 10:03:23,621 - root - ERROR - NaN value detected in iodine function.
2026-03-10 10:03:23,623 - root - ERROR - Chunk could not be plotted
Traceback (most recent call last):
  File "/Users/jaklusmeyer/SONG/pyodine/pyodine/plot_lib.py", line 62, in plot_chunkmodel
    sp = fit_results[chunk_nr].fitted_spectrum
  File "/Users/jaklusmeyer/SONG/pyodine/pyodine/fitters/base.py", line 45, in fitted_spectrum
    return self.model.eval_spectrum(self.chunk, self.params, chunk_ind=self.chunk_ind)
  File "/Users/jaklusmeyer/SONG/pyodine/pyodine/models/base.py", line 79, in eval_spectrum
    flux = self.eval(chunk, params, chunk_ind=chunk_ind, **kwargs)
  File "/Users/jaklusmeyer/SONG/pyodine/pyodine/models/spectrum.py", line 138, in eval
    tck = splrep(tem.wave * doppler, flux_tem, s=0)
  File "/Users/jaklusmeyer/miniconda/envs/pyodine_env/lib/python3.9/site-packages/scipy/interpolate/_fitpack_py.py", line 295, in splrep
    res = _impl.splrep(x, y, w, xb, xe, k, task, s, t, full_output, per, quiet)
  File "/Users/jaklusmeyer/miniconda/envs/pyodine_env/lib/python3.9/site-packages/scipy/interpolate/_fitpack_impl.py", line 276, in splrep
    n, c, fp, ier = dfitpack.curfit(task, x, y, w, t, wrk, iwrk,
dfitpack.error: (xb<=x[0]) failed for 1st keyword xb: curfit:xb=nan
2026-03-10 10:03:23,925 - root - ERROR - NaN value detected in iodine function.
2026-03-10 10:03:23,926 - root - ERROR - Chunk could not be plotted
Traceback (most recent call last):
  File "/Users/jaklusmeyer/SONG/pyodine/pyodine/plot_lib.py", line 62, in plot_chunkmodel
    sp = fit_results[chunk_nr].fitted_spectrum
  File "/Users/jaklusmeyer/SONG/pyodine/pyodine/fitters/base.py", line 45, in fitted_spectrum
    return self.model.eval_spectrum(self.chunk, self.params, chunk_ind=self.chunk_ind)
  File "/Users/jaklusmeyer/SONG/pyodine/pyodine/models/base.py", line 79, in eval_spectrum
    flux = self.eval(chunk, params, chunk_ind=chunk_ind, **kwargs)
  File "/Users/jaklusmeyer/SONG/pyodine/pyodine/models/spectrum.py", line 138, in eval
    tck = splrep(tem.wave * doppler, flux_tem, s=0)
  File "/Users/jaklusmeyer/miniconda/envs/pyodine_env/lib/python3.9/site-packages/scipy/interpolate/_fitpack_py.py", line 295, in splrep
    res = _impl.splrep(x, y, w, xb, xe, k, task, s, t, full_output, per, quiet)
  File "/Users/jaklusmeyer/miniconda/envs/pyodine_env/lib/python3.9/site-packages/scipy/interpolate/_fitpack_impl.py", line 276, in splrep
    n, c, fp, ier = dfitpack.curfit(task, x, y, w, t, wrk, iwrk,
dfitpack.error: (xb<=x[0]) failed for 1st keyword xb: curfit:xb=nan
