INFO - 
INFO - Branch: master
INFO - Hash: c2a71ac
INFO - ---------------------------
INFO - Working on: /Users/jaklusmeyer/SONG/reduce/UT260216/sciencestar/Arcturus_ec_260308.0206.fits
INFO - 
INFO - Median flux of the observation: 23673
INFO - Loading template from file: /Users/jaklusmeyer/SONG/pyodine/atlas/Pepsi_Arcturus_atlas_260216_v005.h5
INFO - 
INFO - Order correction: 0
INFO - 
INFO - Measured velocity rel. to reference spectrum: -20.719 km/s
INFO - Template velocity: 0.083 km/s
INFO - Velocity guess: -20.802 km/s (relative to template)

INFO - (Barycentric velocity of observation: 15.975 km/s)
INFO - (Barycentric velocity of template: 0.000 km/s)

INFO - 
INFO - Barycentric redshift between template and observation: 
INFO - v = -15974.828724575033, z = -5.32862928945832e-05

INFO - Startpixel (order 15, chunk 29): -1
INFO - -> Correcting to 0.
INFO - Startpixel (order 16, chunk 68): -1
INFO - -> Correcting to 0.
INFO - Startpixel (order 17, chunk 107): -1
INFO - -> Correcting to 0.
INFO - Startpixel (order 18, chunk 146): -1
INFO - -> Correcting to 0.
INFO - Startpixel (order 19, chunk 185): -1
INFO - -> Correcting to 0.
INFO - Startpixel (order 20, chunk 224): -1
INFO - -> Correcting to 0.
INFO - Startpixel (order 21, chunk 263): -1
INFO - -> Correcting to 0.
INFO - Startpixel (order 22, chunk 302): -1
INFO - -> Correcting to 0.
INFO - Startpixel (order 23, chunk 341): -1
INFO - -> Correcting to 0.
INFO - Startpixel (order 24, chunk 380): -1
INFO - -> Correcting to 0.
INFO - Startpixel (order 25, chunk 419): -1
INFO - -> Correcting to 0.
INFO - Startpixel (order 26, chunk 458): -1
INFO - -> Correcting to 0.
INFO - Startpixel (order 27, chunk 497): -1
INFO - -> Correcting to 0.
INFO - Startpixel (order 28, chunk 536): -1
INFO - -> Correcting to 0.
INFO - Startpixel (order 29, chunk 575): -1
INFO - -> Correcting to 0.
INFO - Startpixel (order 30, chunk 614): -1
INFO - -> Correcting to 0.
INFO - Startpixel (order 31, chunk 653): -1
INFO - -> Correcting to 0.
INFO - Startpixel (order 32, chunk 692): -1
INFO - -> Correcting to 0.
INFO - Startpixel (order 33, chunk 731): -1
INFO - -> Correcting to 0.
INFO - Startpixel (order 34, chunk 770): -1
INFO - -> Correcting to 0.
INFO - Startpixel (order 35, chunk 809): -1
INFO - -> Correcting to 0.
INFO - Startpixel (order 36, chunk 848): -2
INFO - -> Correcting to 0.
INFO - Startpixel (order 37, chunk 887): -2
INFO - -> Correcting to 0.
INFO - Startpixel (order 38, chunk 926): -1
INFO - -> Correcting to 0.
INFO - Startpixel (order 39, chunk 965): -2
INFO - -> Correcting to 0.
INFO - Startpixel (order 40, chunk 1004): -1
INFO - -> Correcting to 0.
INFO - Startpixel (order 41, chunk 1043): -1
INFO - -> Correcting to 0.
INFO - Startpixel (order 42, chunk 1082): -2
INFO - -> Correcting to 0.
INFO - Startpixel (order 43, chunk 1121): -2
INFO - -> Correcting to 0.
INFO - Startpixel (order 44, chunk 1160): -2
INFO - -> Correcting to 0.
INFO - Startpixel (order 45, chunk 1199): -2
INFO - -> Correcting to 0.
INFO - Startpixel (order 46, chunk 1238): -2
INFO - -> Correcting to 0.
INFO - 
INFO - Total number of chunks: 1254
INFO - Nr. chunks in order 0: 29
INFO - First and last covered pixel of chunks in order 0: 1197, 4669
INFO - Orders: 14 - 46 (33 in total)
INFO - 
INFO - ----------------------
INFO - RUN 0
INFO - ----------------------
INFO - 
INFO - Constraining parameters for RUN 0
ERROR - Chunk 0: No Data! Returning LmfitResult with None.
ERROR - Chunk 1: No Data! Returning LmfitResult with None.
ERROR - Chunk 2: No Data! Returning LmfitResult with None.
ERROR - Chunk 3: No Data! Returning LmfitResult with None.
ERROR - Chunk 4: No Data! Returning LmfitResult with None.
ERROR - Chunk 5: No Data! Returning LmfitResult with None.
ERROR - Chunk 6: No Data! Returning LmfitResult with None.
ERROR - Chunk 7: No Data! Returning LmfitResult with None.
ERROR - Chunk 8: No Data! Returning LmfitResult with None.
ERROR - Chunk 9: No Data! Returning LmfitResult with None.
ERROR - Chunk 10: No Data! Returning LmfitResult with None.
ERROR - Chunk 11: No Data! Returning LmfitResult with None.
ERROR - Chunk 12: No Data! Returning LmfitResult with None.
ERROR - Chunk 13: No Data! Returning LmfitResult with None.
ERROR - Chunk 14: No Data! Returning LmfitResult with None.
ERROR - Chunk 15: No Data! Returning LmfitResult with None.
ERROR - Chunk 16: No Data! Returning LmfitResult with None.
ERROR - Chunk 17: No Data! Returning LmfitResult with None.
ERROR - Chunk 18: No Data! Returning LmfitResult with None.
ERROR - Chunk 19: No Data! Returning LmfitResult with None.
ERROR - Chunk 20: No Data! Returning LmfitResult with None.
ERROR - Chunk 21: No Data! Returning LmfitResult with None.
ERROR - Chunk 22: No Data! Returning LmfitResult with None.
ERROR - Chunk 23: No Data! Returning LmfitResult with None.
ERROR - Chunk 24: No Data! Returning LmfitResult with None.
ERROR - Chunk 25: No Data! Returning LmfitResult with None.
ERROR - Chunk 26: No Data! Returning LmfitResult with None.
ERROR - Chunk 27: No Data! Returning LmfitResult with None.
ERROR - Chunk 28: No Data! Returning LmfitResult with None.
ERROR - Chunk 29: No Data! Returning LmfitResult with None.
ERROR - Chunk 30: No Data! Returning LmfitResult with None.
ERROR - Chunk 31: No Data! Returning LmfitResult with None.
ERROR - Chunk 32: No Data! Returning LmfitResult with None.
ERROR - Chunk 33: No Data! Returning LmfitResult with None.
ERROR - Chunk 34: No Data! Returning LmfitResult with None.
ERROR - Chunk 35: No Data! Returning LmfitResult with None.
ERROR - Chunk 36: No Data! Returning LmfitResult with None.
ERROR - Chunk 37: No Data! Returning LmfitResult with None.
ERROR - Chunk 38: No Data! Returning LmfitResult with None.
ERROR - Chunk 39: No Data! Returning LmfitResult with None.
ERROR - Chunk 40: No Data! Returning LmfitResult with None.
ERROR - Chunk 41: No Data! Returning LmfitResult with None.
ERROR - Chunk 42: No Data! Returning LmfitResult with None.
ERROR - Chunk 43: No Data! Returning LmfitResult with None.
ERROR - Chunk 44: No Data! Returning LmfitResult with None.
ERROR - Chunk 45: No Data! Returning LmfitResult with None.
ERROR - Chunk 46: No Data! Returning LmfitResult with None.
ERROR - Chunk 47: No Data! Returning LmfitResult with None.
ERROR - Chunk 48: No Data! Returning LmfitResult with None.
ERROR - Chunk 49: No Data! Returning LmfitResult with None.
ERROR - Chunk 50: No Data! Returning LmfitResult with None.
ERROR - Chunk 51: No Data! Returning LmfitResult with None.
ERROR - Chunk 52: No Data! Returning LmfitResult with None.
ERROR - Chunk 53: No Data! Returning LmfitResult with None.
ERROR - Chunk 54: No Data! Returning LmfitResult with None.
ERROR - Chunk 55: No Data! Returning LmfitResult with None.
ERROR - Chunk 56: No Data! Returning LmfitResult with None.
ERROR - Chunk 57: No Data! Returning LmfitResult with None.
ERROR - Chunk 58: No Data! Returning LmfitResult with None.
ERROR - Chunk 59: No Data! Returning LmfitResult with None.
ERROR - Chunk 60: No Data! Returning LmfitResult with None.
ERROR - Chunk 61: No Data! Returning LmfitResult with None.
ERROR - Chunk 62: No Data! Returning LmfitResult with None.
ERROR - Chunk 63: No Data! Returning LmfitResult with None.
ERROR - Chunk 64: No Data! Returning LmfitResult with None.
ERROR - Chunk 65: No Data! Returning LmfitResult with None.
ERROR - Chunk 66: No Data! Returning LmfitResult with None.
ERROR - Chunk 67: No Data! Returning LmfitResult with None.
ERROR - Chunk 68: No Data! Returning LmfitResult with None.
ERROR - Chunk 69: No Data! Returning LmfitResult with None.
ERROR - Chunk 70: No Data! Returning LmfitResult with None.
ERROR - Chunk 71: No Data! Returning LmfitResult with None.
ERROR - Chunk 72: No Data! Returning LmfitResult with None.
ERROR - Chunk 73: No Data! Returning LmfitResult with None.
ERROR - Chunk 74: No Data! Returning LmfitResult with None.
ERROR - Chunk 75: No Data! Returning LmfitResult with None.
ERROR - Chunk 76: No Data! Returning LmfitResult with None.
ERROR - Chunk 77: No Data! Returning LmfitResult with None.
ERROR - Chunk 78: No Data! Returning LmfitResult with None.
ERROR - Chunk 79: No Data! Returning LmfitResult with None.
ERROR - Chunk 80: No Data! Returning LmfitResult with None.
ERROR - Chunk 81: No Data! Returning LmfitResult with None.
ERROR - Chunk 82: No Data! Returning LmfitResult with None.
ERROR - Chunk 83: No Data! Returning LmfitResult with None.
ERROR - Chunk 84: No Data! Returning LmfitResult with None.
ERROR - Chunk 85: No Data! Returning LmfitResult with None.
ERROR - Chunk 86: No Data! Returning LmfitResult with None.
ERROR - Chunk 87: No Data! Returning LmfitResult with None.
ERROR - Chunk 88: No Data! Returning LmfitResult with None.
ERROR - Chunk 89: No Data! Returning LmfitResult with None.
ERROR - Chunk 90: No Data! Returning LmfitResult with None.
ERROR - Chunk 91: No Data! Returning LmfitResult with None.
ERROR - Chunk 92: No Data! Returning LmfitResult with None.
ERROR - Chunk 93: No Data! Returning LmfitResult with None.
ERROR - Chunk 94: No Data! Returning LmfitResult with None.
ERROR - Chunk 95: No Data! Returning LmfitResult with None.
ERROR - Chunk 96: No Data! Returning LmfitResult with None.
ERROR - Chunk 97: No Data! Returning LmfitResult with None.
ERROR - Chunk 98: No Data! Returning LmfitResult with None.
ERROR - Chunk 99: No Data! Returning LmfitResult with None.
ERROR - Chunk 100: No Data! Returning LmfitResult with None.
ERROR - Chunk 101: No Data! Returning LmfitResult with None.
ERROR - Chunk 102: No Data! Returning LmfitResult with None.
ERROR - Chunk 103: No Data! Returning LmfitResult with None.
ERROR - Chunk 104: No Data! Returning LmfitResult with None.
ERROR - Chunk 105: No Data! Returning LmfitResult with None.
ERROR - Chunk 106: No Data! Returning LmfitResult with None.
ERROR - Chunk 107: No Data! Returning LmfitResult with None.
ERROR - Chunk 108: No Data! Returning LmfitResult with None.
ERROR - Chunk 109: No Data! Returning LmfitResult with None.
ERROR - Chunk 110: No Data! Returning LmfitResult with None.
ERROR - Chunk 111: No Data! Returning LmfitResult with None.
ERROR - Chunk 112: No Data! Returning LmfitResult with None.
ERROR - Chunk 113: No Data! Returning LmfitResult with None.
ERROR - Chunk 114: No Data! Returning LmfitResult with None.
ERROR - Chunk 115: No Data! Returning LmfitResult with None.
ERROR - Chunk 116: No Data! Returning LmfitResult with None.
ERROR - Chunk 117: No Data! Returning LmfitResult with None.
ERROR - Chunk 118: No Data! Returning LmfitResult with None.
ERROR - Chunk 119: No Data! Returning LmfitResult with None.
ERROR - Chunk 120: No Data! Returning LmfitResult with None.
ERROR - Chunk 121: No Data! Returning LmfitResult with None.
ERROR - Chunk 122: No Data! Returning LmfitResult with None.
ERROR - Chunk 123: No Data! Returning LmfitResult with None.
ERROR - Chunk 124: No Data! Returning LmfitResult with None.
ERROR - Chunk 125: No Data! Returning LmfitResult with None.
ERROR - Chunk 126: No Data! Returning LmfitResult with None.
ERROR - Chunk 127: No Data! Returning LmfitResult with None.
ERROR - Chunk 128: No Data! Returning LmfitResult with None.
ERROR - Chunk 129: No Data! Returning LmfitResult with None.
ERROR - Chunk 130: No Data! Returning LmfitResult with None.
ERROR - Chunk 131: No Data! Returning LmfitResult with None.
ERROR - Chunk 132: No Data! Returning LmfitResult with None.
ERROR - Chunk 133: No Data! Returning LmfitResult with None.
ERROR - Chunk 134: No Data! Returning LmfitResult with None.
ERROR - Chunk 135: No Data! Returning LmfitResult with None.
ERROR - Chunk 136: No Data! Returning LmfitResult with None.
ERROR - Chunk 137: No Data! Returning LmfitResult with None.
ERROR - Chunk 138: No Data! Returning LmfitResult with None.
ERROR - Chunk 139: No Data! Returning LmfitResult with None.
ERROR - Chunk 140: No Data! Returning LmfitResult with None.
ERROR - Chunk 141: No Data! Returning LmfitResult with None.
ERROR - Chunk 142: No Data! Returning LmfitResult with None.
ERROR - Chunk 143: No Data! Returning LmfitResult with None.
ERROR - Chunk 144: No Data! Returning LmfitResult with None.
ERROR - Chunk 145: No Data! Returning LmfitResult with None.
ERROR - Chunk 146: No Data! Returning LmfitResult with None.
ERROR - Chunk 147: No Data! Returning LmfitResult with None.
ERROR - Chunk 148: No Data! Returning LmfitResult with None.
ERROR - Chunk 149: No Data! Returning LmfitResult with None.
ERROR - Chunk 150: No Data! Returning LmfitResult with None.
ERROR - Chunk 151: No Data! Returning LmfitResult with None.
ERROR - Chunk 152: No Data! Returning LmfitResult with None.
ERROR - Chunk 153: No Data! Returning LmfitResult with None.
ERROR - Chunk 154: No Data! Returning LmfitResult with None.
ERROR - Chunk 155: No Data! Returning LmfitResult with None.
ERROR - Chunk 156: No Data! Returning LmfitResult with None.
ERROR - Chunk 157: No Data! Returning LmfitResult with None.
ERROR - Chunk 158: No Data! Returning LmfitResult with None.
ERROR - Chunk 159: No Data! Returning LmfitResult with None.
ERROR - Chunk 160: No Data! Returning LmfitResult with None.
ERROR - Chunk 161: No Data! Returning LmfitResult with None.
ERROR - Chunk 162: No Data! Returning LmfitResult with None.
ERROR - Chunk 163: No Data! Returning LmfitResult with None.
ERROR - Chunk 164: No Data! Returning LmfitResult with None.
ERROR - Chunk 165: No Data! Returning LmfitResult with None.
ERROR - Chunk 166: No Data! Returning LmfitResult with None.
ERROR - Chunk 167: No Data! Returning LmfitResult with None.
ERROR - Chunk 168: No Data! Returning LmfitResult with None.
ERROR - Chunk 169: No Data! Returning LmfitResult with None.
ERROR - Chunk 170: No Data! Returning LmfitResult with None.
ERROR - Chunk 171: No Data! Returning LmfitResult with None.
ERROR - Chunk 172: No Data! Returning LmfitResult with None.
ERROR - Chunk 173: No Data! Returning LmfitResult with None.
ERROR - Chunk 174: No Data! Returning LmfitResult with None.
ERROR - Chunk 175: No Data! Returning LmfitResult with None.
ERROR - Chunk 176: No Data! Returning LmfitResult with None.
ERROR - Chunk 177: No Data! Returning LmfitResult with None.
ERROR - Chunk 178: No Data! Returning LmfitResult with None.
ERROR - Chunk 179: No Data! Returning LmfitResult with None.
ERROR - Chunk 180: No Data! Returning LmfitResult with None.
ERROR - Chunk 181: No Data! Returning LmfitResult with None.
ERROR - Chunk 182: No Data! Returning LmfitResult with None.
ERROR - Chunk 183: No Data! Returning LmfitResult with None.
ERROR - Chunk 184: No Data! Returning LmfitResult with None.
ERROR - Chunk 185: No Data! Returning LmfitResult with None.
ERROR - Chunk 186: No Data! Returning LmfitResult with None.
ERROR - Chunk 187: No Data! Returning LmfitResult with None.
ERROR - Chunk 188: No Data! Returning LmfitResult with None.
ERROR - Chunk 189: No Data! Returning LmfitResult with None.
ERROR - Chunk 190: No Data! Returning LmfitResult with None.
ERROR - Chunk 191: No Data! Returning LmfitResult with None.
ERROR - Chunk 192: No Data! Returning LmfitResult with None.
ERROR - Chunk 193: No Data! Returning LmfitResult with None.
ERROR - Chunk 194: No Data! Returning LmfitResult with None.
ERROR - Chunk 195: No Data! Returning LmfitResult with None.
ERROR - Chunk 196: No Data! Returning LmfitResult with None.
ERROR - Chunk 197: No Data! Returning LmfitResult with None.
ERROR - Chunk 198: No Data! Returning LmfitResult with None.
ERROR - Chunk 199: No Data! Returning LmfitResult with None.
ERROR - Chunk 200: No Data! Returning LmfitResult with None.
ERROR - Chunk 201: No Data! Returning LmfitResult with None.
ERROR - Chunk 202: No Data! Returning LmfitResult with None.
ERROR - Chunk 203: No Data! Returning LmfitResult with None.
ERROR - Chunk 204: No Data! Returning LmfitResult with None.
ERROR - Chunk 205: No Data! Returning LmfitResult with None.
ERROR - Chunk 206: No Data! Returning LmfitResult with None.
ERROR - Chunk 207: No Data! Returning LmfitResult with None.
ERROR - Chunk 208: No Data! Returning LmfitResult with None.
ERROR - Chunk 209: No Data! Returning LmfitResult with None.
ERROR - Chunk 210: No Data! Returning LmfitResult with None.
ERROR - Chunk 211: No Data! Returning LmfitResult with None.
ERROR - Chunk 212: No Data! Returning LmfitResult with None.
ERROR - Chunk 213: No Data! Returning LmfitResult with None.
ERROR - Chunk 214: No Data! Returning LmfitResult with None.
ERROR - Chunk 215: No Data! Returning LmfitResult with None.
ERROR - Chunk 216: No Data! Returning LmfitResult with None.
ERROR - Chunk 217: No Data! Returning LmfitResult with None.
ERROR - Chunk 218: No Data! Returning LmfitResult with None.
ERROR - Chunk 219: No Data! Returning LmfitResult with None.
ERROR - Chunk 220: No Data! Returning LmfitResult with None.
ERROR - Chunk 221: No Data! Returning LmfitResult with None.
ERROR - Chunk 222: No Data! Returning LmfitResult with None.
ERROR - Chunk 223: No Data! Returning LmfitResult with None.
ERROR - Chunk 224: No Data! Returning LmfitResult with None.
ERROR - Chunk 225: No Data! Returning LmfitResult with None.
ERROR - Chunk 226: No Data! Returning LmfitResult with None.
ERROR - Chunk 227: No Data! Returning LmfitResult with None.
ERROR - Chunk 228: No Data! Returning LmfitResult with None.
ERROR - Chunk 229: No Data! Returning LmfitResult with None.
ERROR - Chunk 230: No Data! Returning LmfitResult with None.
ERROR - Chunk 231: No Data! Returning LmfitResult with None.
ERROR - Chunk 232: No Data! Returning LmfitResult with None.
ERROR - Chunk 233: No Data! Returning LmfitResult with None.
ERROR - Chunk 234: No Data! Returning LmfitResult with None.
ERROR - Chunk 235: No Data! Returning LmfitResult with None.
ERROR - Chunk 236: No Data! Returning LmfitResult with None.
ERROR - Chunk 237: No Data! Returning LmfitResult with None.
ERROR - Chunk 238: No Data! Returning LmfitResult with None.
ERROR - Chunk 239: No Data! Returning LmfitResult with None.
ERROR - Chunk 240: No Data! Returning LmfitResult with None.
ERROR - Chunk 241: No Data! Returning LmfitResult with None.
ERROR - Chunk 242: No Data! Returning LmfitResult with None.
ERROR - Chunk 243: No Data! Returning LmfitResult with None.
ERROR - Chunk 244: No Data! Returning LmfitResult with None.
ERROR - Chunk 245: No Data! Returning LmfitResult with None.
ERROR - Chunk 246: No Data! Returning LmfitResult with None.
ERROR - Chunk 247: No Data! Returning LmfitResult with None.
ERROR - Chunk 248: No Data! Returning LmfitResult with None.
ERROR - Chunk 249: No Data! Returning LmfitResult with None.
ERROR - Chunk 250: No Data! Returning LmfitResult with None.
ERROR - Chunk 251: No Data! Returning LmfitResult with None.
ERROR - Chunk 252: No Data! Returning LmfitResult with None.
ERROR - Chunk 253: No Data! Returning LmfitResult with None.
ERROR - Chunk 254: No Data! Returning LmfitResult with None.
ERROR - Chunk 255: No Data! Returning LmfitResult with None.
ERROR - Chunk 256: No Data! Returning LmfitResult with None.
ERROR - Chunk 257: No Data! Returning LmfitResult with None.
ERROR - Chunk 258: No Data! Returning LmfitResult with None.
ERROR - Chunk 259: No Data! Returning LmfitResult with None.
ERROR - Chunk 260: No Data! Returning LmfitResult with None.
ERROR - Chunk 261: No Data! Returning LmfitResult with None.
ERROR - Chunk 262: No Data! Returning LmfitResult with None.
ERROR - Chunk 263: No Data! Returning LmfitResult with None.
ERROR - Chunk 264: No Data! Returning LmfitResult with None.
ERROR - Chunk 265: No Data! Returning LmfitResult with None.
ERROR - Chunk 266: No Data! Returning LmfitResult with None.
ERROR - Chunk 267: No Data! Returning LmfitResult with None.
ERROR - Chunk 268: No Data! Returning LmfitResult with None.
ERROR - Chunk 269: No Data! Returning LmfitResult with None.
ERROR - Chunk 270: No Data! Returning LmfitResult with None.
ERROR - Chunk 271: No Data! Returning LmfitResult with None.
ERROR - Chunk 272: No Data! Returning LmfitResult with None.
ERROR - Chunk 273: No Data! Returning LmfitResult with None.
ERROR - Chunk 274: No Data! Returning LmfitResult with None.
ERROR - Chunk 275: No Data! Returning LmfitResult with None.
ERROR - Chunk 276: No Data! Returning LmfitResult with None.
ERROR - Chunk 277: No Data! Returning LmfitResult with None.
ERROR - Chunk 278: No Data! Returning LmfitResult with None.
ERROR - Chunk 279: No Data! Returning LmfitResult with None.
ERROR - Chunk 280: No Data! Returning LmfitResult with None.
INFO - 
INFO - Number of chunks with no uncertainties: 0
INFO - Number of chunks with outliers: 0
INFO - Number of chunks with nan fitted red. Chi2: 281
ERROR - Polynomial fitting failed. Falling back to input values
Traceback (most recent call last):
  File "/Users/jaklusmeyer/SONG/pyodine/pyodine/lib/misc.py", line 529, in fit_polynomial
    pfit, stats = np.polynomial.Polynomial.fit(
  File "/Users/jaklusmeyer/miniconda/envs/pyodine_env/lib/python3.9/site-packages/numpy/polynomial/_polybase.py", line 1036, in fit
    xnew = pu.mapdomain(x, domain, window)
  File "/Users/jaklusmeyer/miniconda/envs/pyodine_env/lib/python3.9/site-packages/numpy/polynomial/polyutils.py", line 371, in mapdomain
    off, scl = mapparms(old, new)
  File "/Users/jaklusmeyer/miniconda/envs/pyodine_env/lib/python3.9/site-packages/numpy/polynomial/polyutils.py", line 303, in mapparms
    off = (old[1]*new[0] - old[0]*new[1])/oldlen
ZeroDivisionError: division by zero
ERROR - Polynomial fitting failed. Falling back to input values
Traceback (most recent call last):
  File "/Users/jaklusmeyer/SONG/pyodine/pyodine/lib/misc.py", line 529, in fit_polynomial
    pfit, stats = np.polynomial.Polynomial.fit(
  File "/Users/jaklusmeyer/miniconda/envs/pyodine_env/lib/python3.9/site-packages/numpy/polynomial/_polybase.py", line 1036, in fit
    xnew = pu.mapdomain(x, domain, window)
  File "/Users/jaklusmeyer/miniconda/envs/pyodine_env/lib/python3.9/site-packages/numpy/polynomial/polyutils.py", line 371, in mapdomain
    off, scl = mapparms(old, new)
  File "/Users/jaklusmeyer/miniconda/envs/pyodine_env/lib/python3.9/site-packages/numpy/polynomial/polyutils.py", line 303, in mapparms
    off = (old[1]*new[0] - old[0]*new[1])/oldlen
ZeroDivisionError: division by zero
ERROR - Polynomial fitting failed. Falling back to input values
Traceback (most recent call last):
  File "/Users/jaklusmeyer/SONG/pyodine/pyodine/lib/misc.py", line 529, in fit_polynomial
    pfit, stats = np.polynomial.Polynomial.fit(
  File "/Users/jaklusmeyer/miniconda/envs/pyodine_env/lib/python3.9/site-packages/numpy/polynomial/_polybase.py", line 1036, in fit
    xnew = pu.mapdomain(x, domain, window)
  File "/Users/jaklusmeyer/miniconda/envs/pyodine_env/lib/python3.9/site-packages/numpy/polynomial/polyutils.py", line 371, in mapdomain
    off, scl = mapparms(old, new)
  File "/Users/jaklusmeyer/miniconda/envs/pyodine_env/lib/python3.9/site-packages/numpy/polynomial/polyutils.py", line 303, in mapparms
    off = (old[1]*new[0] - old[0]*new[1])/oldlen
ZeroDivisionError: division by zero
ERROR - Polynomial fitting failed. Falling back to input values
Traceback (most recent call last):
  File "/Users/jaklusmeyer/SONG/pyodine/pyodine/lib/misc.py", line 529, in fit_polynomial
    pfit, stats = np.polynomial.Polynomial.fit(
  File "/Users/jaklusmeyer/miniconda/envs/pyodine_env/lib/python3.9/site-packages/numpy/polynomial/_polybase.py", line 1036, in fit
    xnew = pu.mapdomain(x, domain, window)
  File "/Users/jaklusmeyer/miniconda/envs/pyodine_env/lib/python3.9/site-packages/numpy/polynomial/polyutils.py", line 371, in mapdomain
    off, scl = mapparms(old, new)
  File "/Users/jaklusmeyer/miniconda/envs/pyodine_env/lib/python3.9/site-packages/numpy/polynomial/polyutils.py", line 303, in mapparms
    off = (old[1]*new[0] - old[0]*new[1])/oldlen
ZeroDivisionError: division by zero
ERROR - Polynomial fitting failed. Falling back to input values
Traceback (most recent call last):
  File "/Users/jaklusmeyer/SONG/pyodine/pyodine/lib/misc.py", line 529, in fit_polynomial
    pfit, stats = np.polynomial.Polynomial.fit(
  File "/Users/jaklusmeyer/miniconda/envs/pyodine_env/lib/python3.9/site-packages/numpy/polynomial/_polybase.py", line 1036, in fit
    xnew = pu.mapdomain(x, domain, window)
  File "/Users/jaklusmeyer/miniconda/envs/pyodine_env/lib/python3.9/site-packages/numpy/polynomial/polyutils.py", line 371, in mapdomain
    off, scl = mapparms(old, new)
  File "/Users/jaklusmeyer/miniconda/envs/pyodine_env/lib/python3.9/site-packages/numpy/polynomial/polyutils.py", line 303, in mapparms
    off = (old[1]*new[0] - old[0]*new[1])/oldlen
ZeroDivisionError: division by zero
ERROR - Polynomial fitting failed. Falling back to input values
Traceback (most recent call last):
  File "/Users/jaklusmeyer/SONG/pyodine/pyodine/lib/misc.py", line 529, in fit_polynomial
    pfit, stats = np.polynomial.Polynomial.fit(
  File "/Users/jaklusmeyer/miniconda/envs/pyodine_env/lib/python3.9/site-packages/numpy/polynomial/_polybase.py", line 1036, in fit
    xnew = pu.mapdomain(x, domain, window)
  File "/Users/jaklusmeyer/miniconda/envs/pyodine_env/lib/python3.9/site-packages/numpy/polynomial/polyutils.py", line 371, in mapdomain
    off, scl = mapparms(old, new)
  File "/Users/jaklusmeyer/miniconda/envs/pyodine_env/lib/python3.9/site-packages/numpy/polynomial/polyutils.py", line 303, in mapparms
    off = (old[1]*new[0] - old[0]*new[1])/oldlen
ZeroDivisionError: division by zero
ERROR - Polynomial fitting failed. Falling back to input values
Traceback (most recent call last):
  File "/Users/jaklusmeyer/SONG/pyodine/pyodine/lib/misc.py", line 529, in fit_polynomial
    pfit, stats = np.polynomial.Polynomial.fit(
  File "/Users/jaklusmeyer/miniconda/envs/pyodine_env/lib/python3.9/site-packages/numpy/polynomial/_polybase.py", line 1036, in fit
    xnew = pu.mapdomain(x, domain, window)
  File "/Users/jaklusmeyer/miniconda/envs/pyodine_env/lib/python3.9/site-packages/numpy/polynomial/polyutils.py", line 371, in mapdomain
    off, scl = mapparms(old, new)
  File "/Users/jaklusmeyer/miniconda/envs/pyodine_env/lib/python3.9/site-packages/numpy/polynomial/polyutils.py", line 303, in mapparms
    off = (old[1]*new[0] - old[0]*new[1])/oldlen
ZeroDivisionError: division by zero
ERROR - Polynomial fitting failed. Falling back to input values
Traceback (most recent call last):
  File "/Users/jaklusmeyer/SONG/pyodine/pyodine/lib/misc.py", line 529, in fit_polynomial
    pfit, stats = np.polynomial.Polynomial.fit(
  File "/Users/jaklusmeyer/miniconda/envs/pyodine_env/lib/python3.9/site-packages/numpy/polynomial/_polybase.py", line 1036, in fit
    xnew = pu.mapdomain(x, domain, window)
  File "/Users/jaklusmeyer/miniconda/envs/pyodine_env/lib/python3.9/site-packages/numpy/polynomial/polyutils.py", line 371, in mapdomain
    off, scl = mapparms(old, new)
  File "/Users/jaklusmeyer/miniconda/envs/pyodine_env/lib/python3.9/site-packages/numpy/polynomial/polyutils.py", line 303, in mapparms
    off = (old[1]*new[0] - old[0]*new[1])/oldlen
ZeroDivisionError: division by zero
ERROR - Polynomial fitting failed. Falling back to input values
Traceback (most recent call last):
  File "/Users/jaklusmeyer/SONG/pyodine/pyodine/lib/misc.py", line 529, in fit_polynomial
    pfit, stats = np.polynomial.Polynomial.fit(
  File "/Users/jaklusmeyer/miniconda/envs/pyodine_env/lib/python3.9/site-packages/numpy/polynomial/_polybase.py", line 1036, in fit
    xnew = pu.mapdomain(x, domain, window)
  File "/Users/jaklusmeyer/miniconda/envs/pyodine_env/lib/python3.9/site-packages/numpy/polynomial/polyutils.py", line 371, in mapdomain
    off, scl = mapparms(old, new)
  File "/Users/jaklusmeyer/miniconda/envs/pyodine_env/lib/python3.9/site-packages/numpy/polynomial/polyutils.py", line 303, in mapparms
    off = (old[1]*new[0] - old[0]*new[1])/oldlen
ZeroDivisionError: division by zero
ERROR - Polynomial fitting failed. Falling back to input values
Traceback (most recent call last):
  File "/Users/jaklusmeyer/SONG/pyodine/pyodine/lib/misc.py", line 529, in fit_polynomial
    pfit, stats = np.polynomial.Polynomial.fit(
  File "/Users/jaklusmeyer/miniconda/envs/pyodine_env/lib/python3.9/site-packages/numpy/polynomial/_polybase.py", line 1036, in fit
    xnew = pu.mapdomain(x, domain, window)
  File "/Users/jaklusmeyer/miniconda/envs/pyodine_env/lib/python3.9/site-packages/numpy/polynomial/polyutils.py", line 371, in mapdomain
    off, scl = mapparms(old, new)
  File "/Users/jaklusmeyer/miniconda/envs/pyodine_env/lib/python3.9/site-packages/numpy/polynomial/polyutils.py", line 303, in mapparms
    off = (old[1]*new[0] - old[0]*new[1])/oldlen
ZeroDivisionError: division by zero
ERROR - Polynomial fitting failed. Falling back to input values
Traceback (most recent call last):
  File "/Users/jaklusmeyer/SONG/pyodine/pyodine/lib/misc.py", line 529, in fit_polynomial
    pfit, stats = np.polynomial.Polynomial.fit(
  File "/Users/jaklusmeyer/miniconda/envs/pyodine_env/lib/python3.9/site-packages/numpy/polynomial/_polybase.py", line 1036, in fit
    xnew = pu.mapdomain(x, domain, window)
  File "/Users/jaklusmeyer/miniconda/envs/pyodine_env/lib/python3.9/site-packages/numpy/polynomial/polyutils.py", line 371, in mapdomain
    off, scl = mapparms(old, new)
  File "/Users/jaklusmeyer/miniconda/envs/pyodine_env/lib/python3.9/site-packages/numpy/polynomial/polyutils.py", line 303, in mapparms
    off = (old[1]*new[0] - old[0]*new[1])/oldlen
ZeroDivisionError: division by zero
ERROR - Polynomial fitting failed. Falling back to input values
Traceback (most recent call last):
  File "/Users/jaklusmeyer/SONG/pyodine/pyodine/lib/misc.py", line 529, in fit_polynomial
    pfit, stats = np.polynomial.Polynomial.fit(
  File "/Users/jaklusmeyer/miniconda/envs/pyodine_env/lib/python3.9/site-packages/numpy/polynomial/_polybase.py", line 1036, in fit
    xnew = pu.mapdomain(x, domain, window)
  File "/Users/jaklusmeyer/miniconda/envs/pyodine_env/lib/python3.9/site-packages/numpy/polynomial/polyutils.py", line 371, in mapdomain
    off, scl = mapparms(old, new)
  File "/Users/jaklusmeyer/miniconda/envs/pyodine_env/lib/python3.9/site-packages/numpy/polynomial/polyutils.py", line 303, in mapparms
    off = (old[1]*new[0] - old[0]*new[1])/oldlen
ZeroDivisionError: division by zero
ERROR - Polynomial fitting failed. Falling back to input values
Traceback (most recent call last):
  File "/Users/jaklusmeyer/SONG/pyodine/pyodine/lib/misc.py", line 529, in fit_polynomial
    pfit, stats = np.polynomial.Polynomial.fit(
  File "/Users/jaklusmeyer/miniconda/envs/pyodine_env/lib/python3.9/site-packages/numpy/polynomial/_polybase.py", line 1036, in fit
    xnew = pu.mapdomain(x, domain, window)
  File "/Users/jaklusmeyer/miniconda/envs/pyodine_env/lib/python3.9/site-packages/numpy/polynomial/polyutils.py", line 371, in mapdomain
    off, scl = mapparms(old, new)
  File "/Users/jaklusmeyer/miniconda/envs/pyodine_env/lib/python3.9/site-packages/numpy/polynomial/polyutils.py", line 303, in mapparms
    off = (old[1]*new[0] - old[0]*new[1])/oldlen
ZeroDivisionError: division by zero
ERROR - Polynomial fitting failed. Falling back to input values
Traceback (most recent call last):
  File "/Users/jaklusmeyer/SONG/pyodine/pyodine/lib/misc.py", line 529, in fit_polynomial
    pfit, stats = np.polynomial.Polynomial.fit(
  File "/Users/jaklusmeyer/miniconda/envs/pyodine_env/lib/python3.9/site-packages/numpy/polynomial/_polybase.py", line 1036, in fit
    xnew = pu.mapdomain(x, domain, window)
  File "/Users/jaklusmeyer/miniconda/envs/pyodine_env/lib/python3.9/site-packages/numpy/polynomial/polyutils.py", line 371, in mapdomain
    off, scl = mapparms(old, new)
  File "/Users/jaklusmeyer/miniconda/envs/pyodine_env/lib/python3.9/site-packages/numpy/polynomial/polyutils.py", line 303, in mapparms
    off = (old[1]*new[0] - old[0]*new[1])/oldlen
ZeroDivisionError: division by zero
INFO - 
INFO - Creating analysis plots...
ERROR - NaN value detected in iodine function.
ERROR - Chunk could not be plotted
Traceback (most recent call last):
  File "/Users/jaklusmeyer/SONG/pyodine/pyodine/plot_lib.py", line 62, in plot_chunkmodel
    sp = fit_results[chunk_nr].fitted_spectrum
  File "/Users/jaklusmeyer/SONG/pyodine/pyodine/fitters/base.py", line 45, in fitted_spectrum
    return self.model.eval_spectrum(self.chunk, self.params, chunk_ind=self.chunk_ind)
  File "/Users/jaklusmeyer/SONG/pyodine/pyodine/models/base.py", line 79, in eval_spectrum
    flux = self.eval(chunk, params, chunk_ind=chunk_ind, **kwargs)
  File "/Users/jaklusmeyer/SONG/pyodine/pyodine/models/spectrum.py", line 138, in eval
    tck = splrep(tem.wave * doppler, flux_tem, s=0)
  File "/Users/jaklusmeyer/miniconda/envs/pyodine_env/lib/python3.9/site-packages/scipy/interpolate/_fitpack_py.py", line 295, in splrep
    res = _impl.splrep(x, y, w, xb, xe, k, task, s, t, full_output, per, quiet)
  File "/Users/jaklusmeyer/miniconda/envs/pyodine_env/lib/python3.9/site-packages/scipy/interpolate/_fitpack_impl.py", line 276, in splrep
    n, c, fp, ier = dfitpack.curfit(task, x, y, w, t, wrk, iwrk,
dfitpack.error: (xb<=x[0]) failed for 1st keyword xb: curfit:xb=nan
ERROR - NaN value detected in iodine function.
ERROR - Chunk could not be plotted
Traceback (most recent call last):
  File "/Users/jaklusmeyer/SONG/pyodine/pyodine/plot_lib.py", line 62, in plot_chunkmodel
    sp = fit_results[chunk_nr].fitted_spectrum
  File "/Users/jaklusmeyer/SONG/pyodine/pyodine/fitters/base.py", line 45, in fitted_spectrum
    return self.model.eval_spectrum(self.chunk, self.params, chunk_ind=self.chunk_ind)
  File "/Users/jaklusmeyer/SONG/pyodine/pyodine/models/base.py", line 79, in eval_spectrum
    flux = self.eval(chunk, params, chunk_ind=chunk_ind, **kwargs)
  File "/Users/jaklusmeyer/SONG/pyodine/pyodine/models/spectrum.py", line 138, in eval
    tck = splrep(tem.wave * doppler, flux_tem, s=0)
  File "/Users/jaklusmeyer/miniconda/envs/pyodine_env/lib/python3.9/site-packages/scipy/interpolate/_fitpack_py.py", line 295, in splrep
    res = _impl.splrep(x, y, w, xb, xe, k, task, s, t, full_output, per, quiet)
  File "/Users/jaklusmeyer/miniconda/envs/pyodine_env/lib/python3.9/site-packages/scipy/interpolate/_fitpack_impl.py", line 276, in splrep
    n, c, fp, ier = dfitpack.curfit(task, x, y, w, t, wrk, iwrk,
dfitpack.error: (xb<=x[0]) failed for 1st keyword xb: curfit:xb=nan
INFO - 
INFO - ----------------------
INFO - RUN 1
INFO - ----------------------
INFO - 
INFO - Constraining parameters for RUN 1
INFO - 
INFO - Fitted LSF parameters:
INFO - <ParameterSet (values: 10)>
    left_1  =  11.473103051616498
    left_2  =  -10.44735518879352
    left_3  =  6.182560377375808
    left_4  =  -2.176463693786018
    left_5  =  0.708334598330093
    right1  =  11.473101741418363
    right2  =  -10.447352284003824
    right3  =  6.182557794766979
    right4  =  -2.176462013524364
    right5  =  0.7083339503873713
ERROR - Chunk 0: No Data! Returning LmfitResult with None.
ERROR - Chunk 1: No Data! Returning LmfitResult with None.
ERROR - Chunk 2: No Data! Returning LmfitResult with None.
ERROR - Chunk 3: No Data! Returning LmfitResult with None.
ERROR - Chunk 4: No Data! Returning LmfitResult with None.
ERROR - Chunk 5: No Data! Returning LmfitResult with None.
ERROR - Chunk 6: No Data! Returning LmfitResult with None.
ERROR - Chunk 7: No Data! Returning LmfitResult with None.
ERROR - Chunk 8: No Data! Returning LmfitResult with None.
ERROR - Chunk 9: No Data! Returning LmfitResult with None.
ERROR - Chunk 10: No Data! Returning LmfitResult with None.
ERROR - Chunk 11: No Data! Returning LmfitResult with None.
ERROR - Chunk 12: No Data! Returning LmfitResult with None.
ERROR - Chunk 13: No Data! Returning LmfitResult with None.
ERROR - Chunk 14: No Data! Returning LmfitResult with None.
ERROR - Chunk 15: No Data! Returning LmfitResult with None.
ERROR - Chunk 16: No Data! Returning LmfitResult with None.
ERROR - Chunk 17: No Data! Returning LmfitResult with None.
ERROR - Chunk 18: No Data! Returning LmfitResult with None.
ERROR - Chunk 19: No Data! Returning LmfitResult with None.
ERROR - Chunk 20: No Data! Returning LmfitResult with None.
ERROR - Chunk 21: No Data! Returning LmfitResult with None.
ERROR - Chunk 22: No Data! Returning LmfitResult with None.
ERROR - Chunk 23: No Data! Returning LmfitResult with None.
ERROR - Chunk 24: No Data! Returning LmfitResult with None.
ERROR - Chunk 25: No Data! Returning LmfitResult with None.
ERROR - Chunk 26: No Data! Returning LmfitResult with None.
ERROR - Chunk 27: No Data! Returning LmfitResult with None.
ERROR - Chunk 28: No Data! Returning LmfitResult with None.
ERROR - Chunk 29: No Data! Returning LmfitResult with None.
ERROR - Chunk 30: No Data! Returning LmfitResult with None.
ERROR - Chunk 31: No Data! Returning LmfitResult with None.
ERROR - Chunk 32: No Data! Returning LmfitResult with None.
ERROR - Chunk 33: No Data! Returning LmfitResult with None.
ERROR - Chunk 34: No Data! Returning LmfitResult with None.
ERROR - Chunk 35: No Data! Returning LmfitResult with None.
ERROR - Chunk 36: No Data! Returning LmfitResult with None.
ERROR - Chunk 37: No Data! Returning LmfitResult with None.
ERROR - Chunk 38: No Data! Returning LmfitResult with None.
ERROR - Chunk 39: No Data! Returning LmfitResult with None.
ERROR - Chunk 40: No Data! Returning LmfitResult with None.
ERROR - Chunk 41: No Data! Returning LmfitResult with None.
ERROR - Chunk 42: No Data! Returning LmfitResult with None.
ERROR - Chunk 43: No Data! Returning LmfitResult with None.
ERROR - Chunk 44: No Data! Returning LmfitResult with None.
ERROR - Chunk 45: No Data! Returning LmfitResult with None.
ERROR - Chunk 46: No Data! Returning LmfitResult with None.
ERROR - Chunk 47: No Data! Returning LmfitResult with None.
ERROR - Chunk 48: No Data! Returning LmfitResult with None.
ERROR - Chunk 49: No Data! Returning LmfitResult with None.
ERROR - Chunk 50: No Data! Returning LmfitResult with None.
ERROR - Chunk 51: No Data! Returning LmfitResult with None.
ERROR - Chunk 52: No Data! Returning LmfitResult with None.
ERROR - Chunk 53: No Data! Returning LmfitResult with None.
ERROR - Chunk 54: No Data! Returning LmfitResult with None.
ERROR - Chunk 55: No Data! Returning LmfitResult with None.
ERROR - Chunk 56: No Data! Returning LmfitResult with None.
ERROR - Chunk 57: No Data! Returning LmfitResult with None.
ERROR - Chunk 58: No Data! Returning LmfitResult with None.
ERROR - Chunk 59: No Data! Returning LmfitResult with None.
ERROR - Chunk 60: No Data! Returning LmfitResult with None.
ERROR - Chunk 61: No Data! Returning LmfitResult with None.
ERROR - Chunk 62: No Data! Returning LmfitResult with None.
ERROR - Chunk 63: No Data! Returning LmfitResult with None.
ERROR - Chunk 64: No Data! Returning LmfitResult with None.
ERROR - Chunk 65: No Data! Returning LmfitResult with None.
ERROR - Chunk 66: No Data! Returning LmfitResult with None.
ERROR - Chunk 67: No Data! Returning LmfitResult with None.
ERROR - Chunk 68: No Data! Returning LmfitResult with None.
ERROR - Chunk 69: No Data! Returning LmfitResult with None.
ERROR - Chunk 70: No Data! Returning LmfitResult with None.
ERROR - Chunk 71: No Data! Returning LmfitResult with None.
ERROR - Chunk 72: No Data! Returning LmfitResult with None.
ERROR - Chunk 73: No Data! Returning LmfitResult with None.
ERROR - Chunk 74: No Data! Returning LmfitResult with None.
ERROR - Chunk 75: No Data! Returning LmfitResult with None.
ERROR - Chunk 76: No Data! Returning LmfitResult with None.
ERROR - Chunk 77: No Data! Returning LmfitResult with None.
ERROR - Chunk 78: No Data! Returning LmfitResult with None.
ERROR - Chunk 79: No Data! Returning LmfitResult with None.
ERROR - Chunk 80: No Data! Returning LmfitResult with None.
ERROR - Chunk 81: No Data! Returning LmfitResult with None.
ERROR - Chunk 82: No Data! Returning LmfitResult with None.
ERROR - Chunk 83: No Data! Returning LmfitResult with None.
ERROR - Chunk 84: No Data! Returning LmfitResult with None.
ERROR - Chunk 85: No Data! Returning LmfitResult with None.
ERROR - Chunk 86: No Data! Returning LmfitResult with None.
ERROR - Chunk 87: No Data! Returning LmfitResult with None.
ERROR - Chunk 88: No Data! Returning LmfitResult with None.
ERROR - Chunk 89: No Data! Returning LmfitResult with None.
ERROR - Chunk 90: No Data! Returning LmfitResult with None.
ERROR - Chunk 91: No Data! Returning LmfitResult with None.
ERROR - Chunk 92: No Data! Returning LmfitResult with None.
ERROR - Chunk 93: No Data! Returning LmfitResult with None.
ERROR - Chunk 94: No Data! Returning LmfitResult with None.
ERROR - Chunk 95: No Data! Returning LmfitResult with None.
ERROR - Chunk 96: No Data! Returning LmfitResult with None.
ERROR - Chunk 97: No Data! Returning LmfitResult with None.
ERROR - Chunk 98: No Data! Returning LmfitResult with None.
ERROR - Chunk 99: No Data! Returning LmfitResult with None.
ERROR - Chunk 100: No Data! Returning LmfitResult with None.
ERROR - Chunk 101: No Data! Returning LmfitResult with None.
ERROR - Chunk 102: No Data! Returning LmfitResult with None.
ERROR - Chunk 103: No Data! Returning LmfitResult with None.
ERROR - Chunk 104: No Data! Returning LmfitResult with None.
ERROR - Chunk 105: No Data! Returning LmfitResult with None.
ERROR - Chunk 106: No Data! Returning LmfitResult with None.
ERROR - Chunk 107: No Data! Returning LmfitResult with None.
ERROR - Chunk 108: No Data! Returning LmfitResult with None.
ERROR - Chunk 109: No Data! Returning LmfitResult with None.
ERROR - Chunk 110: No Data! Returning LmfitResult with None.
ERROR - Chunk 111: No Data! Returning LmfitResult with None.
ERROR - Chunk 112: No Data! Returning LmfitResult with None.
ERROR - Chunk 113: No Data! Returning LmfitResult with None.
ERROR - Chunk 114: No Data! Returning LmfitResult with None.
ERROR - Chunk 115: No Data! Returning LmfitResult with None.
ERROR - Chunk 116: No Data! Returning LmfitResult with None.
ERROR - Chunk 117: No Data! Returning LmfitResult with None.
ERROR - Chunk 118: No Data! Returning LmfitResult with None.
ERROR - Chunk 119: No Data! Returning LmfitResult with None.
ERROR - Chunk 120: No Data! Returning LmfitResult with None.
ERROR - Chunk 121: No Data! Returning LmfitResult with None.
ERROR - Chunk 122: No Data! Returning LmfitResult with None.
ERROR - Chunk 123: No Data! Returning LmfitResult with None.
ERROR - Chunk 124: No Data! Returning LmfitResult with None.
ERROR - Chunk 125: No Data! Returning LmfitResult with None.
ERROR - Chunk 126: No Data! Returning LmfitResult with None.
ERROR - Chunk 127: No Data! Returning LmfitResult with None.
ERROR - Chunk 128: No Data! Returning LmfitResult with None.
ERROR - Chunk 129: No Data! Returning LmfitResult with None.
ERROR - Chunk 130: No Data! Returning LmfitResult with None.
ERROR - Chunk 131: No Data! Returning LmfitResult with None.
ERROR - Chunk 132: No Data! Returning LmfitResult with None.
ERROR - Chunk 133: No Data! Returning LmfitResult with None.
ERROR - Chunk 134: No Data! Returning LmfitResult with None.
ERROR - Chunk 135: No Data! Returning LmfitResult with None.
ERROR - Chunk 136: No Data! Returning LmfitResult with None.
ERROR - Chunk 137: No Data! Returning LmfitResult with None.
ERROR - Chunk 138: No Data! Returning LmfitResult with None.
ERROR - Chunk 139: No Data! Returning LmfitResult with None.
ERROR - Chunk 140: No Data! Returning LmfitResult with None.
ERROR - Chunk 141: No Data! Returning LmfitResult with None.
ERROR - Chunk 142: No Data! Returning LmfitResult with None.
ERROR - Chunk 143: No Data! Returning LmfitResult with None.
ERROR - Chunk 144: No Data! Returning LmfitResult with None.
ERROR - Chunk 145: No Data! Returning LmfitResult with None.
ERROR - Chunk 146: No Data! Returning LmfitResult with None.
ERROR - Chunk 147: No Data! Returning LmfitResult with None.
ERROR - Chunk 148: No Data! Returning LmfitResult with None.
ERROR - Chunk 149: No Data! Returning LmfitResult with None.
ERROR - Chunk 150: No Data! Returning LmfitResult with None.
ERROR - Chunk 151: No Data! Returning LmfitResult with None.
ERROR - Chunk 152: No Data! Returning LmfitResult with None.
ERROR - Chunk 153: No Data! Returning LmfitResult with None.
ERROR - Chunk 154: No Data! Returning LmfitResult with None.
ERROR - Chunk 155: No Data! Returning LmfitResult with None.
ERROR - Chunk 156: No Data! Returning LmfitResult with None.
ERROR - Chunk 157: No Data! Returning LmfitResult with None.
ERROR - Chunk 158: No Data! Returning LmfitResult with None.
ERROR - Chunk 159: No Data! Returning LmfitResult with None.
ERROR - Chunk 160: No Data! Returning LmfitResult with None.
ERROR - Chunk 161: No Data! Returning LmfitResult with None.
ERROR - Chunk 162: No Data! Returning LmfitResult with None.
ERROR - Chunk 163: No Data! Returning LmfitResult with None.
ERROR - Chunk 164: No Data! Returning LmfitResult with None.
ERROR - Chunk 165: No Data! Returning LmfitResult with None.
ERROR - Chunk 166: No Data! Returning LmfitResult with None.
ERROR - Chunk 167: No Data! Returning LmfitResult with None.
ERROR - Chunk 168: No Data! Returning LmfitResult with None.
ERROR - Chunk 169: No Data! Returning LmfitResult with None.
ERROR - Chunk 170: No Data! Returning LmfitResult with None.
ERROR - Chunk 171: No Data! Returning LmfitResult with None.
ERROR - Chunk 172: No Data! Returning LmfitResult with None.
ERROR - Chunk 173: No Data! Returning LmfitResult with None.
ERROR - Chunk 174: No Data! Returning LmfitResult with None.
ERROR - Chunk 175: No Data! Returning LmfitResult with None.
ERROR - Chunk 176: No Data! Returning LmfitResult with None.
ERROR - Chunk 177: No Data! Returning LmfitResult with None.
ERROR - Chunk 178: No Data! Returning LmfitResult with None.
ERROR - Chunk 179: No Data! Returning LmfitResult with None.
ERROR - Chunk 180: No Data! Returning LmfitResult with None.
ERROR - Chunk 181: No Data! Returning LmfitResult with None.
ERROR - Chunk 182: No Data! Returning LmfitResult with None.
ERROR - Chunk 183: No Data! Returning LmfitResult with None.
ERROR - Chunk 184: No Data! Returning LmfitResult with None.
ERROR - Chunk 185: No Data! Returning LmfitResult with None.
ERROR - Chunk 186: No Data! Returning LmfitResult with None.
ERROR - Chunk 187: No Data! Returning LmfitResult with None.
ERROR - Chunk 188: No Data! Returning LmfitResult with None.
ERROR - Chunk 189: No Data! Returning LmfitResult with None.
ERROR - Chunk 190: No Data! Returning LmfitResult with None.
ERROR - Chunk 191: No Data! Returning LmfitResult with None.
ERROR - Chunk 192: No Data! Returning LmfitResult with None.
ERROR - Chunk 193: No Data! Returning LmfitResult with None.
ERROR - Chunk 194: No Data! Returning LmfitResult with None.
ERROR - Chunk 195: No Data! Returning LmfitResult with None.
ERROR - Chunk 196: No Data! Returning LmfitResult with None.
ERROR - Chunk 197: No Data! Returning LmfitResult with None.
ERROR - Chunk 198: No Data! Returning LmfitResult with None.
ERROR - Chunk 199: No Data! Returning LmfitResult with None.
ERROR - Chunk 200: No Data! Returning LmfitResult with None.
ERROR - Chunk 201: No Data! Returning LmfitResult with None.
ERROR - Chunk 202: No Data! Returning LmfitResult with None.
ERROR - Chunk 203: No Data! Returning LmfitResult with None.
ERROR - Chunk 204: No Data! Returning LmfitResult with None.
ERROR - Chunk 205: No Data! Returning LmfitResult with None.
ERROR - Chunk 206: No Data! Returning LmfitResult with None.
ERROR - Chunk 207: No Data! Returning LmfitResult with None.
ERROR - Chunk 208: No Data! Returning LmfitResult with None.
ERROR - Chunk 209: No Data! Returning LmfitResult with None.
ERROR - Chunk 210: No Data! Returning LmfitResult with None.
ERROR - Chunk 211: No Data! Returning LmfitResult with None.
ERROR - Chunk 212: No Data! Returning LmfitResult with None.
ERROR - Chunk 213: No Data! Returning LmfitResult with None.
ERROR - Chunk 214: No Data! Returning LmfitResult with None.
ERROR - Chunk 215: No Data! Returning LmfitResult with None.
ERROR - Chunk 216: No Data! Returning LmfitResult with None.
ERROR - Chunk 217: No Data! Returning LmfitResult with None.
ERROR - Chunk 218: No Data! Returning LmfitResult with None.
ERROR - Chunk 219: No Data! Returning LmfitResult with None.
ERROR - Chunk 220: No Data! Returning LmfitResult with None.
ERROR - Chunk 221: No Data! Returning LmfitResult with None.
ERROR - Chunk 222: No Data! Returning LmfitResult with None.
ERROR - Chunk 223: No Data! Returning LmfitResult with None.
ERROR - Chunk 224: No Data! Returning LmfitResult with None.
ERROR - Chunk 225: No Data! Returning LmfitResult with None.
ERROR - Chunk 226: No Data! Returning LmfitResult with None.
ERROR - Chunk 227: No Data! Returning LmfitResult with None.
ERROR - Chunk 228: No Data! Returning LmfitResult with None.
ERROR - Chunk 229: No Data! Returning LmfitResult with None.
ERROR - Chunk 230: No Data! Returning LmfitResult with None.
ERROR - Chunk 231: No Data! Returning LmfitResult with None.
ERROR - Chunk 232: No Data! Returning LmfitResult with None.
ERROR - Chunk 233: No Data! Returning LmfitResult with None.
ERROR - Chunk 234: No Data! Returning LmfitResult with None.
ERROR - Chunk 235: No Data! Returning LmfitResult with None.
ERROR - Chunk 236: No Data! Returning LmfitResult with None.
ERROR - Chunk 237: No Data! Returning LmfitResult with None.
ERROR - Chunk 238: No Data! Returning LmfitResult with None.
ERROR - Chunk 239: No Data! Returning LmfitResult with None.
ERROR - Chunk 240: No Data! Returning LmfitResult with None.
ERROR - Chunk 241: No Data! Returning LmfitResult with None.
ERROR - Chunk 242: No Data! Returning LmfitResult with None.
ERROR - Chunk 243: No Data! Returning LmfitResult with None.
ERROR - Chunk 244: No Data! Returning LmfitResult with None.
ERROR - Chunk 245: No Data! Returning LmfitResult with None.
ERROR - Chunk 246: No Data! Returning LmfitResult with None.
ERROR - Chunk 247: No Data! Returning LmfitResult with None.
ERROR - Chunk 248: No Data! Returning LmfitResult with None.
ERROR - Chunk 249: No Data! Returning LmfitResult with None.
ERROR - Chunk 250: No Data! Returning LmfitResult with None.
ERROR - Chunk 251: No Data! Returning LmfitResult with None.
ERROR - Chunk 252: No Data! Returning LmfitResult with None.
ERROR - Chunk 253: No Data! Returning LmfitResult with None.
ERROR - Chunk 254: No Data! Returning LmfitResult with None.
ERROR - Chunk 255: No Data! Returning LmfitResult with None.
ERROR - Chunk 256: No Data! Returning LmfitResult with None.
ERROR - Chunk 257: No Data! Returning LmfitResult with None.
ERROR - Chunk 258: No Data! Returning LmfitResult with None.
ERROR - Chunk 259: No Data! Returning LmfitResult with None.
ERROR - Chunk 260: No Data! Returning LmfitResult with None.
ERROR - Chunk 261: No Data! Returning LmfitResult with None.
ERROR - Chunk 262: No Data! Returning LmfitResult with None.
ERROR - Chunk 263: No Data! Returning LmfitResult with None.
ERROR - Chunk 264: No Data! Returning LmfitResult with None.
ERROR - Chunk 265: No Data! Returning LmfitResult with None.
ERROR - Chunk 266: No Data! Returning LmfitResult with None.
ERROR - Chunk 267: No Data! Returning LmfitResult with None.
ERROR - Chunk 268: No Data! Returning LmfitResult with None.
ERROR - Chunk 269: No Data! Returning LmfitResult with None.
ERROR - Chunk 270: No Data! Returning LmfitResult with None.
ERROR - Chunk 271: No Data! Returning LmfitResult with None.
ERROR - Chunk 272: No Data! Returning LmfitResult with None.
ERROR - Chunk 273: No Data! Returning LmfitResult with None.
ERROR - Chunk 274: No Data! Returning LmfitResult with None.
ERROR - Chunk 275: No Data! Returning LmfitResult with None.
ERROR - Chunk 276: No Data! Returning LmfitResult with None.
ERROR - Chunk 277: No Data! Returning LmfitResult with None.
ERROR - Chunk 278: No Data! Returning LmfitResult with None.
ERROR - Chunk 279: No Data! Returning LmfitResult with None.
ERROR - Chunk 280: No Data! Returning LmfitResult with None.
ERROR - NaN value detected in oversampled model function.
ERROR - <ParameterSet (values: 17)>
    cont_intercept  =  19041.497288205974
    cont_slope      =  -8.997143282127505
    iod_depth       =  0.8046938035988775
    lsf_left_1      =  5.9803328294805445
    lsf_left_2      =  -17.622365662311175
    lsf_left_3      =  1.237072582668698
    lsf_left_4      =  -3.4688254679323323
    lsf_left_5      =  0.40646128022190553
    lsf_right1      =  6.888355315199038
    lsf_right2      =  -18.65582442314317
    lsf_right3      =  1.2476516332312493
    lsf_right4      =  -3.91726971289721
    lsf_right5      =  0.14331632059654073
    tem_depth       =  0.9895243617134406
    velocity        =  -21895.806856746378
    wave_intercept  =  4990.066795108968
    wave_slope      =  0.012753312418651996
ERROR - Evaluated LSF:
ERROR - [nan nan nan nan nan nan nan nan nan nan nan nan nan nan nan nan nan nan
 nan nan nan nan nan nan nan nan nan nan nan nan nan nan nan nan nan nan
 nan nan nan nan nan nan nan nan nan nan nan nan nan nan nan nan nan nan
 nan nan nan nan nan nan nan nan nan nan nan nan nan nan nan nan nan nan
 nan]
WARNING - Chunk 286:
WARNING - NaN values detected in your input data or the output of your objective/model function - fitting algorithms cannot handle this! Please read https://lmfit.github.io/lmfit-py/faq.html#i-get-errors-from-nan-in-my-fit-what-can-i-do for more information.
ERROR - NaN value detected in oversampled model function.
ERROR - <ParameterSet (values: 17)>
    cont_intercept  =  12396.520665684244
    cont_slope      =  -9.074231843346148
    iod_depth       =  0.7453352552243234
    lsf_left_1      =  6.036451841365109
    lsf_left_2      =  -12.83700606797597
    lsf_left_3      =  1.2367018117401885
    lsf_left_4      =  -3.696868859743418
    lsf_left_5      =  0.9508807430397469
    lsf_right1      =  4.976314532078806
    lsf_right2      =  -18.799056464102282
    lsf_right3      =  1.5250965117688366
    lsf_right4      =  -3.7896827872947623
    lsf_right5      =  0.2858915103236813
    tem_depth       =  0.9851564367986381
    velocity        =  -20991.164868263706
    wave_intercept  =  4998.975010998791
    wave_slope      =  0.01204092862316548
ERROR - Evaluated LSF:
ERROR - [nan nan nan nan nan nan nan nan nan nan nan nan nan nan nan nan nan nan
 nan nan nan nan nan nan nan nan nan nan nan nan nan nan nan nan nan nan
 nan nan nan nan nan nan nan nan nan nan nan nan nan nan nan nan nan nan
 nan nan nan nan nan nan nan nan nan nan nan nan nan nan nan nan nan nan
 nan]
WARNING - Chunk 292:
WARNING - NaN values detected in your input data or the output of your objective/model function - fitting algorithms cannot handle this! Please read https://lmfit.github.io/lmfit-py/faq.html#i-get-errors-from-nan-in-my-fit-what-can-i-do for more information.
ERROR - NaN value detected in oversampled model function.
ERROR - <ParameterSet (values: 17)>
    cont_intercept  =  6553.4716946704075
    cont_slope      =  10.87357036301084
    iod_depth       =  -0.09889192128708651
    lsf_left_1      =  4.1455726776993265
    lsf_left_2      =  -14.816024379214701
    lsf_left_3      =  8.218741615333055
    lsf_left_4      =  -3.373015378524629
    lsf_left_5      =  0.17504958687990838
    lsf_right1      =  2.4414195411561663
    lsf_right2      =  -15.813532850559394
    lsf_right3      =  1.2738548770920406
    lsf_right4      =  -2.5252359512583062
    lsf_right5      =  0.2039159319707172
    tem_depth       =  0.9517776318470695
    velocity        =  -10728.19987615221
    wave_intercept  =  4991.583195907079
    wave_slope      =  0.015912088648683327
ERROR - Evaluated LSF:
ERROR - [nan nan nan nan nan nan nan nan nan nan nan nan nan nan nan nan nan nan
 nan nan nan nan nan nan nan nan nan nan nan nan nan nan nan nan nan nan
 nan nan nan nan nan nan nan nan nan nan nan nan nan nan nan nan nan nan
 nan nan nan nan nan nan nan nan nan nan nan nan nan nan nan nan nan nan
 nan]
WARNING - Chunk 302:
WARNING - NaN values detected in your input data or the output of your objective/model function - fitting algorithms cannot handle this! Please read https://lmfit.github.io/lmfit-py/faq.html#i-get-errors-from-nan-in-my-fit-what-can-i-do for more information.
ERROR - NaN value detected in oversampled model function.
ERROR - <ParameterSet (values: 17)>
    cont_intercept  =  11350.778198969836
    cont_slope      =  11.40750086937408
    iod_depth       =  0.8375420569623552
    lsf_left_1      =  5.173181943839824
    lsf_left_2      =  -13.731806009166572
    lsf_left_3      =  4.940914421262415
    lsf_left_4      =  -2.8500599733425167
    lsf_left_5      =  0.8268953594714009
    lsf_right1      =  8.584872717495285
    lsf_right2      =  -18.367559352723866
    lsf_right3      =  1.237113339131203
    lsf_right4      =  -3.8943107879773704
    lsf_right5      =  0.21046949536438508
    tem_depth       =  0.9842144620127906
    velocity        =  -21022.99667411169
    wave_intercept  =  4998.923512886771
    wave_slope      =  0.015401634366262401
ERROR - Evaluated LSF:
ERROR - [nan nan nan nan nan nan nan nan nan nan nan nan nan nan nan nan nan nan
 nan nan nan nan nan nan nan nan nan nan nan nan nan nan nan nan nan nan
 nan nan nan nan nan nan nan nan nan nan nan nan nan nan nan nan nan nan
 nan nan nan nan nan nan nan nan nan nan nan nan nan nan nan nan nan nan
 nan]
WARNING - Chunk 306:
WARNING - NaN values detected in your input data or the output of your objective/model function - fitting algorithms cannot handle this! Please read https://lmfit.github.io/lmfit-py/faq.html#i-get-errors-from-nan-in-my-fit-what-can-i-do for more information.
ERROR - NaN value detected in oversampled model function.
ERROR - <ParameterSet (values: 17)>
    cont_intercept  =  17963.669596024407
    cont_slope      =  6.628554120969447
    iod_depth       =  0.9824841195578173
    lsf_left_1      =  2.5085581802907684
    lsf_left_2      =  -10.086026732781704
    lsf_left_3      =  8.726207726688909
    lsf_left_4      =  -3.9176098512899995
    lsf_left_5      =  0.7132154543400151
    lsf_right1      =  2.6070904238474615
    lsf_right2      =  -16.169144568267217
    lsf_right3      =  3.4532708851473815
    lsf_right4      =  -0.43594051414854107
    lsf_right5      =  0.1695924861537365
    tem_depth       =  0.9904299239371288
    velocity        =  -21001.479865517937
    wave_intercept  =  5013.119319453253
    wave_slope      =  0.014264957112703407
ERROR - Evaluated LSF:
ERROR - [nan nan nan nan nan nan nan nan nan nan nan nan nan nan nan nan nan nan
 nan nan nan nan nan nan nan nan nan nan nan nan nan nan nan nan nan nan
 nan nan nan nan nan nan nan nan nan nan nan nan nan nan nan nan nan nan
 nan nan nan nan nan nan nan nan nan nan nan nan nan nan nan nan nan nan
 nan]
WARNING - Chunk 314:
WARNING - NaN values detected in your input data or the output of your objective/model function - fitting algorithms cannot handle this! Please read https://lmfit.github.io/lmfit-py/faq.html#i-get-errors-from-nan-in-my-fit-what-can-i-do for more information.
ERROR - NaN value detected in oversampled model function.
ERROR - <ParameterSet (values: 17)>
    cont_intercept  =  20782.125851209985
    cont_slope      =  -9.87399315243872
    iod_depth       =  1.0506229829653075
    lsf_left_1      =  4.1984714280521676
    lsf_left_2      =  -9.620520549011577
    lsf_left_3      =  2.8019639163445715
    lsf_left_4      =  -3.8946643551778117
    lsf_left_5      =  0.6163910315355912
    lsf_right1      =  2.673941717993999
    lsf_right2      =  -17.338353937359354
    lsf_right3      =  3.563622436905025
    lsf_right4      =  -2.537045455747335
    lsf_right5      =  0.23622517383255498
    tem_depth       =  0.9936814236795839
    velocity        =  -20916.59981725419
    wave_intercept  =  5027.876691634881
    wave_slope      =  0.013120572078269726
ERROR - Evaluated LSF:
ERROR - [nan nan nan nan nan nan nan nan nan nan nan nan nan nan nan nan nan nan
 nan nan nan nan nan nan nan nan nan nan nan nan nan nan nan nan nan nan
 nan nan nan nan nan nan nan nan nan nan nan nan nan nan nan nan nan nan
 nan nan nan nan nan nan nan nan nan nan nan nan nan nan nan nan nan nan
 nan]
WARNING - Chunk 323:
WARNING - NaN values detected in your input data or the output of your objective/model function - fitting algorithms cannot handle this! Please read https://lmfit.github.io/lmfit-py/faq.html#i-get-errors-from-nan-in-my-fit-what-can-i-do for more information.
ERROR - NaN value detected in oversampled model function.
ERROR - <ParameterSet (values: 17)>
    cont_intercept  =  9816.555169631163
    cont_slope      =  -7.730136520426793
    iod_depth       =  1.0028632072617434
    lsf_left_1      =  3.4289363640746098
    lsf_left_2      =  -16.29767928270792
    lsf_left_3      =  4.707520839483694
    lsf_left_4      =  -2.880818535075712
    lsf_left_5      =  0.1851606929479881
    lsf_right1      =  2.706962335420614
    lsf_right2      =  -8.04475847875263
    lsf_right3      =  3.7401520421571974
    lsf_right4      =  -3.3349849284162145
    lsf_right5      =  0.2961326693571251
    tem_depth       =  0.9740550040307073
    velocity        =  -21029.239386687324
    wave_intercept  =  5039.970256937539
    wave_slope      =  0.012144254482083144
ERROR - Evaluated LSF:
ERROR - [nan nan nan nan nan nan nan nan nan nan nan nan nan nan nan nan nan nan
 nan nan nan nan nan nan nan nan nan nan nan nan nan nan nan nan nan nan
 nan nan nan nan nan nan nan nan nan nan nan nan nan nan nan nan nan nan
 nan nan nan nan nan nan nan nan nan nan nan nan nan nan nan nan nan nan
 nan]
WARNING - Chunk 331:
WARNING - NaN values detected in your input data or the output of your objective/model function - fitting algorithms cannot handle this! Please read https://lmfit.github.io/lmfit-py/faq.html#i-get-errors-from-nan-in-my-fit-what-can-i-do for more information.
ERROR - NaN value detected in oversampled model function.
ERROR - <ParameterSet (values: 17)>
    cont_intercept  =  9796.554082558418
    cont_slope      =  -8.963746952814104
    iod_depth       =  0.9953316963421218
    lsf_left_1      =  6.714926810684434
    lsf_left_2      =  -18.621045607581095
    lsf_left_3      =  11.05652306026062
    lsf_left_4      =  -3.642570125453965
    lsf_left_5      =  0.8968558661330389
    lsf_right1      =  3.6528081369191168
    lsf_right2      =  -13.714017748551669
    lsf_right3      =  5.725654352652881
    lsf_right4      =  -3.375723441415969
    lsf_right5      =  0.14175141720698817
    tem_depth       =  0.9846950348905245
    velocity        =  -21034.19008424941
    wave_intercept  =  5045.662097399011
    wave_slope      =  0.011660228274906384
ERROR - Evaluated LSF:
ERROR - [nan nan nan nan nan nan nan nan nan nan nan nan nan nan nan nan nan nan
 nan nan nan nan nan nan nan nan nan nan nan nan nan nan nan nan nan nan
 nan nan nan nan nan nan nan nan nan nan nan nan nan nan nan nan nan nan
 nan nan nan nan nan nan nan nan nan nan nan nan nan nan nan nan nan nan
 nan]
WARNING - Chunk 335:
WARNING - NaN values detected in your input data or the output of your objective/model function - fitting algorithms cannot handle this! Please read https://lmfit.github.io/lmfit-py/faq.html#i-get-errors-from-nan-in-my-fit-what-can-i-do for more information.
ERROR - NaN value detected in oversampled model function.
ERROR - <ParameterSet (values: 17)>
    cont_intercept  =  10418.378952427378
    cont_slope      =  10.874772216337467
    iod_depth       =  1.0903636895820763
    lsf_left_1      =  4.218212516606562
    lsf_left_2      =  -18.424289928471158
    lsf_left_3      =  5.190080728005778
    lsf_left_4      =  -2.45292174561852
    lsf_left_5      =  1.0023929072687974
    lsf_right1      =  3.1306559530342963
    lsf_right2      =  -11.42917495077245
    lsf_right3      =  2.424142533171256
    lsf_right4      =  -2.3421630652767984
    lsf_right5      =  0.7037058352922115
    tem_depth       =  0.9956829057523875
    velocity        =  -21440.874215730928
    wave_intercept  =  5119.198540583302
    wave_slope      =  0.016184242082675628
ERROR - Evaluated LSF:
ERROR - [nan nan nan nan nan nan nan nan nan nan nan nan nan nan nan nan nan nan
 nan nan nan nan nan nan nan nan nan nan nan nan nan nan nan nan nan nan
 nan nan nan nan nan nan nan nan nan nan nan nan nan nan nan nan nan nan
 nan nan nan nan nan nan nan nan nan nan nan nan nan nan nan nan nan nan
 nan]
WARNING - Chunk 420:
WARNING - NaN values detected in your input data or the output of your objective/model function - fitting algorithms cannot handle this! Please read https://lmfit.github.io/lmfit-py/faq.html#i-get-errors-from-nan-in-my-fit-what-can-i-do for more information.
ERROR - NaN value detected in oversampled model function.
ERROR - <ParameterSet (values: 17)>
    cont_intercept  =  14518.584284695646
    cont_slope      =  -11.502128781897522
    iod_depth       =  1.081033760408228
    lsf_left_1      =  2.594906990741412
    lsf_left_2      =  -18.73843379445277
    lsf_left_3      =  7.651069534099179
    lsf_left_4      =  -3.5771058027246223
    lsf_left_5      =  0.3689606382921561
    lsf_right1      =  5.100798265159909
    lsf_right2      =  -14.723511766104746
    lsf_right3      =  1.626161466165679
    lsf_right4      =  -0.854364145575985
    lsf_right5      =  0.3438990074845278
    tem_depth       =  1.0015584527094892
    velocity        =  -21168.72171828654
    wave_intercept  =  5165.506471696751
    wave_slope      =  0.012561625486064635
ERROR - Evaluated LSF:
ERROR - [nan nan nan nan nan nan nan nan nan nan nan nan nan nan nan nan nan nan
 nan nan nan nan nan nan nan nan nan nan nan nan nan nan nan nan nan nan
 nan nan nan nan nan nan nan nan nan nan nan nan nan nan nan nan nan nan
 nan nan nan nan nan nan nan nan nan nan nan nan nan nan nan nan nan nan
 nan]
WARNING - Chunk 447:
WARNING - NaN values detected in your input data or the output of your objective/model function - fitting algorithms cannot handle this! Please read https://lmfit.github.io/lmfit-py/faq.html#i-get-errors-from-nan-in-my-fit-what-can-i-do for more information.
ERROR - NaN value detected in oversampled model function.
ERROR - <ParameterSet (values: 17)>
    cont_intercept  =  17510.44285359061
    cont_slope      =  -16.236703770255442
    iod_depth       =  0.9794150217737636
    lsf_left_1      =  2.316030397259275
    lsf_left_2      =  -16.47368428006511
    lsf_left_3      =  2.815961117508075
    lsf_left_4      =  -2.3410157549712722
    lsf_left_5      =  0.5891263527572103
    lsf_right1      =  5.217083578408692
    lsf_right2      =  -16.315631520012808
    lsf_right3      =  5.374181669613487
    lsf_right4      =  -2.547525866630248
    lsf_right5      =  0.1556742365380446
    tem_depth       =  0.9954805926540291
    velocity        =  -21022.1886736014
    wave_intercept  =  5255.327845138604
    wave_slope      =  0.012613746490815817
ERROR - Evaluated LSF:
ERROR - [nan nan nan nan nan nan nan nan nan nan nan nan nan nan nan nan nan nan
 nan nan nan nan nan nan nan nan nan nan nan nan nan nan nan nan nan nan
 nan nan nan nan nan nan nan nan nan nan nan nan nan nan nan nan nan nan
 nan nan nan nan nan nan nan nan nan nan nan nan nan nan nan nan nan nan
 nan]
WARNING - Chunk 526:
WARNING - NaN values detected in your input data or the output of your objective/model function - fitting algorithms cannot handle this! Please read https://lmfit.github.io/lmfit-py/faq.html#i-get-errors-from-nan-in-my-fit-what-can-i-do for more information.
ERROR - NaN value detected in oversampled model function.
ERROR - <ParameterSet (values: 17)>
    cont_intercept  =  13870.612787033673
    cont_slope      =  22.895021194042222
    iod_depth       =  0.9563701498926778
    lsf_left_1      =  4.286998961683003
    lsf_left_2      =  -15.758384213635217
    lsf_left_3      =  3.8568934406528044
    lsf_left_4      =  -0.448252431377389
    lsf_left_5      =  0.17095974575203846
    lsf_right1      =  3.900941694973527
    lsf_right2      =  -16.944704211085984
    lsf_right3      =  1.2860421334274303
    lsf_right4      =  -0.6708551169771009
    lsf_right5      =  0.1908908591647393
    tem_depth       =  0.9802907019496121
    velocity        =  -20931.54027287642
    wave_intercept  =  5251.619748780651
    wave_slope      =  0.016643161811606542
ERROR - Evaluated LSF:
ERROR - [nan nan nan nan nan nan nan nan nan nan nan nan nan nan nan nan nan nan
 nan nan nan nan nan nan nan nan nan nan nan nan nan nan nan nan nan nan
 nan nan nan nan nan nan nan nan nan nan nan nan nan nan nan nan nan nan
 nan nan nan nan nan nan nan nan nan nan nan nan nan nan nan nan nan nan
 nan]
WARNING - Chunk 537:
WARNING - NaN values detected in your input data or the output of your objective/model function - fitting algorithms cannot handle this! Please read https://lmfit.github.io/lmfit-py/faq.html#i-get-errors-from-nan-in-my-fit-what-can-i-do for more information.
ERROR - NaN value detected in oversampled model function.
ERROR - <ParameterSet (values: 17)>
    cont_intercept  =  46726.54243993477
    cont_slope      =  28.252343496575417
    iod_depth       =  1.0945239548697747
    lsf_left_1      =  4.185685556777328
    lsf_left_2      =  -12.148153366162088
    lsf_left_3      =  4.52100769776176
    lsf_left_4      =  -2.1553516281487717
    lsf_left_5      =  0.14174880007917195
    lsf_right1      =  2.319160907736497
    lsf_right2      =  -14.759400153495559
    lsf_right3      =  2.083216201620423
    lsf_right4      =  -3.5528076642940807
    lsf_right5      =  0.6394170916441317
    tem_depth       =  1.072686268990519
    velocity        =  -20231.12343389191
    wave_intercept  =  5361.242969115825
    wave_slope      =  0.015527958797746625
ERROR - Evaluated LSF:
ERROR - [nan nan nan nan nan nan nan nan nan nan nan nan nan nan nan nan nan nan
 nan nan nan nan nan nan nan nan nan nan nan nan nan nan nan nan nan nan
 nan nan nan nan nan nan nan nan nan nan nan nan nan nan nan nan nan nan
 nan nan nan nan nan nan nan nan nan nan nan nan nan nan nan nan nan nan
 nan]
WARNING - Chunk 624:
WARNING - NaN values detected in your input data or the output of your objective/model function - fitting algorithms cannot handle this! Please read https://lmfit.github.io/lmfit-py/faq.html#i-get-errors-from-nan-in-my-fit-what-can-i-do for more information.
ERROR - NaN value detected in oversampled model function.
ERROR - <ParameterSet (values: 17)>
    cont_intercept  =  22622.869064540893
    cont_slope      =  -8.139072211933085
    iod_depth       =  1.1070391486768152
    lsf_left_1      =  2.4277021044722984
    lsf_left_2      =  -18.760155107880156
    lsf_left_3      =  11.028113124103223
    lsf_left_4      =  -3.8824045957472615
    lsf_left_5      =  0.1452000785192909
    lsf_right1      =  7.469301667315343
    lsf_right2      =  -18.518039148119023
    lsf_right3      =  3.2005997183374575
    lsf_right4      =  -3.87290652307946
    lsf_right5      =  0.1977609460231735
    tem_depth       =  1.005233608192107
    velocity        =  -20971.252587362786
    wave_intercept  =  5393.622150816628
    wave_slope      =  0.012932594004446508
ERROR - Evaluated LSF:
ERROR - [nan nan nan nan nan nan nan nan nan nan nan nan nan nan nan nan nan nan
 nan nan nan nan nan nan nan nan nan nan nan nan nan nan nan nan nan nan
 nan nan nan nan nan nan nan nan nan nan nan nan nan nan nan nan nan nan
 nan nan nan nan nan nan nan nan nan nan nan nan nan nan nan nan nan nan
 nan]
WARNING - Chunk 643:
WARNING - NaN values detected in your input data or the output of your objective/model function - fitting algorithms cannot handle this! Please read https://lmfit.github.io/lmfit-py/faq.html#i-get-errors-from-nan-in-my-fit-what-can-i-do for more information.
ERROR - NaN value detected in oversampled model function.
ERROR - <ParameterSet (values: 17)>
    cont_intercept  =  16506.657479124755
    cont_slope      =  13.314330470589955
    iod_depth       =  1.0775109880042602
    lsf_left_1      =  2.609992429992968
    lsf_left_2      =  -7.142971745109561
    lsf_left_3      =  1.4681132448754926
    lsf_left_4      =  -3.846712104484558
    lsf_left_5      =  0.3046557015038201
    lsf_right1      =  3.4005910263887857
    lsf_right2      =  -11.229938307686187
    lsf_right3      =  1.2369836879762763
    lsf_right4      =  -1.6822019135357742
    lsf_right5      =  0.4123566887360122
    tem_depth       =  0.9744456609418543
    velocity        =  -21605.847973209176
    wave_intercept  =  5437.109893217666
    wave_slope      =  0.017294908090552976
ERROR - Evaluated LSF:
ERROR - [nan nan nan nan nan nan nan nan nan nan nan nan nan nan nan nan nan nan
 nan nan nan nan nan nan nan nan nan nan nan nan nan nan nan nan nan nan
 nan nan nan nan nan nan nan nan nan nan nan nan nan nan nan nan nan nan
 nan nan nan nan nan nan nan nan nan nan nan nan nan nan nan nan nan nan
 nan]
WARNING - Chunk 692:
WARNING - NaN values detected in your input data or the output of your objective/model function - fitting algorithms cannot handle this! Please read https://lmfit.github.io/lmfit-py/faq.html#i-get-errors-from-nan-in-my-fit-what-can-i-do for more information.
ERROR - NaN value detected in oversampled model function.
ERROR - <ParameterSet (values: 17)>
    cont_intercept  =  42584.949321910106
    cont_slope      =  -18.16196406192468
    iod_depth       =  1.082445810668502
    lsf_left_1      =  2.3108073778169436
    lsf_left_2      =  -18.793352197843195
    lsf_left_3      =  11.128296238743761
    lsf_left_4      =  -3.4799779029078035
    lsf_left_5      =  0.6858946539846802
    lsf_right1      =  8.929275162031374
    lsf_right2      =  -15.467525606154709
    lsf_right3      =  3.074113573468297
    lsf_right4      =  -3.1724481688588084
    lsf_right5      =  0.1592728679693466
    tem_depth       =  1.0772141077183544
    velocity        =  -21372.42663734356
    wave_intercept  =  5689.9311279363055
    wave_slope      =  0.013954706331027009
ERROR - Evaluated LSF:
ERROR - [nan nan nan nan nan nan nan nan nan nan nan nan nan nan nan nan nan nan
 nan nan nan nan nan nan nan nan nan nan nan nan nan nan nan nan nan nan
 nan nan nan nan nan nan nan nan nan nan nan nan nan nan nan nan nan nan
 nan nan nan nan nan nan nan nan nan nan nan nan nan nan nan nan nan nan
 nan]
WARNING - Chunk 875:
WARNING - NaN values detected in your input data or the output of your objective/model function - fitting algorithms cannot handle this! Please read https://lmfit.github.io/lmfit-py/faq.html#i-get-errors-from-nan-in-my-fit-what-can-i-do for more information.
ERROR - NaN value detected in oversampled model function.
ERROR - <ParameterSet (values: 17)>
    cont_intercept  =  33563.131026797666
    cont_slope      =  34.392283994946325
    iod_depth       =  0.8733854061513405
    lsf_left_1      =  5.9069143641856785
    lsf_left_2      =  -14.781646303382416
    lsf_left_3      =  1.9750500761742598
    lsf_left_4      =  -1.6446552300681638
    lsf_left_5      =  0.2594087284302504
    lsf_right1      =  2.566646743150328
    lsf_right2      =  -9.772853284835952
    lsf_right3      =  6.943419988430431
    lsf_right4      =  -3.746051677313984
    lsf_right5      =  0.46567196904440405
    tem_depth       =  0.7787932187816327
    velocity        =  -21259.77334276319
    wave_intercept  =  5799.606254904686
    wave_slope      =  0.018863065610725083
ERROR - Evaluated LSF:
ERROR - [nan nan nan nan nan nan nan nan nan nan nan nan nan nan nan nan nan nan
 nan nan nan nan nan nan nan nan nan nan nan nan nan nan nan nan nan nan
 nan nan nan nan nan nan nan nan nan nan nan nan nan nan nan nan nan nan
 nan nan nan nan nan nan nan nan nan nan nan nan nan nan nan nan nan nan
 nan]
WARNING - Chunk 965:
WARNING - NaN values detected in your input data or the output of your objective/model function - fitting algorithms cannot handle this! Please read https://lmfit.github.io/lmfit-py/faq.html#i-get-errors-from-nan-in-my-fit-what-can-i-do for more information.
ERROR - NaN value detected in oversampled model function.
ERROR - <ParameterSet (values: 17)>
    cont_intercept  =  25608.71219721567
    cont_slope      =  -18.826633759265473
    iod_depth       =  0.9784218854985314
    lsf_left_1      =  7.203380683386928
    lsf_left_2      =  -18.617568761959088
    lsf_left_3      =  1.2391646957088707
    lsf_left_4      =  -3.838255761791007
    lsf_left_5      =  0.8430412175327637
    lsf_right1      =  8.753614302119438
    lsf_right2      =  -18.419692789256004
    lsf_right3      =  1.242156345926667
    lsf_right4      =  -3.3153525014924394
    lsf_right5      =  1.0237911996059847
    tem_depth       =  0.9814831193608463
    velocity        =  -20882.006305035586
    wave_intercept  =  5865.7138494093115
    wave_slope      =  0.013261768855039666
ERROR - Evaluated LSF:
ERROR - [nan nan nan nan nan nan nan nan nan nan nan nan nan nan nan nan nan nan
 nan nan nan nan nan nan nan nan nan nan nan nan nan nan nan nan nan nan
 nan nan nan nan nan nan nan nan nan nan nan nan nan nan nan nan nan nan
 nan nan nan nan nan nan nan nan nan nan nan nan nan nan nan nan nan nan
 nan]
WARNING - Chunk 1000:
WARNING - NaN values detected in your input data or the output of your objective/model function - fitting algorithms cannot handle this! Please read https://lmfit.github.io/lmfit-py/faq.html#i-get-errors-from-nan-in-my-fit-what-can-i-do for more information.
ERROR - NaN value detected in oversampled model function.
ERROR - <ParameterSet (values: 17)>
    cont_intercept  =  21054.147266128897
    cont_slope      =  -19.030602470353912
    iod_depth       =  0.9992792111435724
    lsf_left_1      =  5.490702594519594
    lsf_left_2      =  -17.80211046124363
    lsf_left_3      =  2.82524637995194
    lsf_left_4      =  -3.5323981762078485
    lsf_left_5      =  0.16937981765075283
    lsf_right1      =  2.4253840760691094
    lsf_right2      =  -18.62908507902304
    lsf_right3      =  1.393498060431638
    lsf_right4      =  -1.7510962886809835
    lsf_right5      =  0.22908654940581202
    tem_depth       =  0.9000283718378532
    velocity        =  -20135.989121109036
    wave_intercept  =  5870.402951329442
    wave_slope      =  0.01288411903503804
ERROR - Evaluated LSF:
ERROR - [nan nan nan nan nan nan nan nan nan nan nan nan nan nan nan nan nan nan
 nan nan nan nan nan nan nan nan nan nan nan nan nan nan nan nan nan nan
 nan nan nan nan nan nan nan nan nan nan nan nan nan nan nan nan nan nan
 nan nan nan nan nan nan nan nan nan nan nan nan nan nan nan nan nan nan
 nan]
WARNING - Chunk 1003:
WARNING - NaN values detected in your input data or the output of your objective/model function - fitting algorithms cannot handle this! Please read https://lmfit.github.io/lmfit-py/faq.html#i-get-errors-from-nan-in-my-fit-what-can-i-do for more information.
ERROR - NaN value detected in oversampled model function.
ERROR - <ParameterSet (values: 17)>
    cont_intercept  =  81154.82523139841
    cont_slope      =  33.62658716007479
    iod_depth       =  1.0461745715939967
    lsf_left_1      =  2.439426550245803
    lsf_left_2      =  -16.269685271220744
    lsf_left_3      =  1.238971333693908
    lsf_left_4      =  -1.9888728170191563
    lsf_left_5      =  0.36864283518619867
    lsf_right1      =  6.660066849207836
    lsf_right2      =  -18.779945990983784
    lsf_right3      =  7.999678181649754
    lsf_right4      =  -3.84849130276631
    lsf_right5      =  0.15194764242445505
    tem_depth       =  1.1238123070294792
    velocity        =  -21626.339927744153
    wave_intercept  =  5874.692255808868
    wave_slope      =  0.017188809883774858
ERROR - Evaluated LSF:
ERROR - [nan nan nan nan nan nan nan nan nan nan nan nan nan nan nan nan nan nan
 nan nan nan nan nan nan nan nan nan nan nan nan nan nan nan nan nan nan
 nan nan nan nan nan nan nan nan nan nan nan nan nan nan nan nan nan nan
 nan nan nan nan nan nan nan nan nan nan nan nan nan nan nan nan nan nan
 nan]
WARNING - Chunk 1013:
WARNING - NaN values detected in your input data or the output of your objective/model function - fitting algorithms cannot handle this! Please read https://lmfit.github.io/lmfit-py/faq.html#i-get-errors-from-nan-in-my-fit-what-can-i-do for more information.
ERROR - NaN value detected in oversampled model function.
ERROR - <ParameterSet (values: 17)>
    cont_intercept  =  38908.91629264592
    cont_slope      =  44.74596765297567
    iod_depth       =  1.1946081143778537
    lsf_left_1      =  3.4795894053458416
    lsf_left_2      =  -8.26790407011729
    lsf_left_3      =  2.0102853212556484
    lsf_left_4      =  -2.081526594966701
    lsf_left_5      =  0.28094986374924347
    lsf_right1      =  5.09027612568355
    lsf_right2      =  -11.805863717127572
    lsf_right3      =  1.2955533696916284
    lsf_right4      =  -0.6943140031211379
    lsf_right5      =  0.3284288170797106
    tem_depth       =  0.060675445850961185
    velocity        =  -23930.454203158322
    wave_intercept  =  5912.197755233878
    wave_slope      =  0.01900410379752694
ERROR - Evaluated LSF:
ERROR - [nan nan nan nan nan nan nan nan nan nan nan nan nan nan nan nan nan nan
 nan nan nan nan nan nan nan nan nan nan nan nan nan nan nan nan nan nan
 nan nan nan nan nan nan nan nan nan nan nan nan nan nan nan nan nan nan
 nan nan nan nan nan nan nan nan nan nan nan nan nan nan nan nan nan nan
 nan]
WARNING - Chunk 1043:
WARNING - NaN values detected in your input data or the output of your objective/model function - fitting algorithms cannot handle this! Please read https://lmfit.github.io/lmfit-py/faq.html#i-get-errors-from-nan-in-my-fit-what-can-i-do for more information.
ERROR - NaN value detected in oversampled model function.
ERROR - <ParameterSet (values: 17)>
    cont_intercept  =  89190.5254128759
    cont_slope      =  -5.3652836586880195
    iod_depth       =  0.9853530309055197
    lsf_left_1      =  8.143467612814355
    lsf_left_2      =  -18.773319080350362
    lsf_left_3      =  10.91493196059073
    lsf_left_4      =  -3.8763717136461704
    lsf_left_5      =  1.0548444939645965
    lsf_right1      =  2.6951612861884566
    lsf_right2      =  -12.4293790112876
    lsf_right3      =  4.311457874181984
    lsf_right4      =  -3.734173094884235
    lsf_right5      =  1.2748690897462533
    tem_depth       =  0.9632972628769965
    velocity        =  -21000.56140440252
    wave_intercept  =  5949.648050048442
    wave_slope      =  0.01595369780499986
ERROR - Evaluated LSF:
ERROR - [nan nan nan nan nan nan nan nan nan nan nan nan nan nan nan nan nan nan
 nan nan nan nan nan nan nan nan nan nan nan nan nan nan nan nan nan nan
 nan nan nan nan nan nan nan nan nan nan nan nan nan nan nan nan nan nan
 nan nan nan nan nan nan nan nan nan nan nan nan nan nan nan nan nan nan
 nan]
WARNING - Chunk 1061:
WARNING - NaN values detected in your input data or the output of your objective/model function - fitting algorithms cannot handle this! Please read https://lmfit.github.io/lmfit-py/faq.html#i-get-errors-from-nan-in-my-fit-what-can-i-do for more information.
ERROR - NaN value detected in oversampled model function.
ERROR - <ParameterSet (values: 17)>
    cont_intercept  =  84323.88199198824
    cont_slope      =  5.9681293591414395
    iod_depth       =  0.8548413135657202
    lsf_left_1      =  2.3061182558035194
    lsf_left_2      =  -10.097059853678102
    lsf_left_3      =  1.7206868522891665
    lsf_left_4      =  -3.6746712665570413
    lsf_left_5      =  0.8037320010189652
    lsf_right1      =  4.175816064441745
    lsf_right2      =  -15.654252129946068
    lsf_right3      =  1.3062081373485483
    lsf_right4      =  -1.4204586749426569
    lsf_right5      =  0.5116767222235318
    tem_depth       =  0.9875606412099839
    velocity        =  -21007.55936999526
    wave_intercept  =  6002.117706538704
    wave_slope      =  0.01654467143418202
ERROR - Evaluated LSF:
ERROR - [nan nan nan nan nan nan nan nan nan nan nan nan nan nan nan nan nan nan
 nan nan nan nan nan nan nan nan nan nan nan nan nan nan nan nan nan nan
 nan nan nan nan nan nan nan nan nan nan nan nan nan nan nan nan nan nan
 nan nan nan nan nan nan nan nan nan nan nan nan nan nan nan nan nan nan
 nan]
WARNING - Chunk 1097:
WARNING - NaN values detected in your input data or the output of your objective/model function - fitting algorithms cannot handle this! Please read https://lmfit.github.io/lmfit-py/faq.html#i-get-errors-from-nan-in-my-fit-what-can-i-do for more information.
ERROR - NaN value detected in oversampled model function.
ERROR - <ParameterSet (values: 17)>
    cont_intercept  =  56194.437764081675
    cont_slope      =  -38.832717381285825
    iod_depth       =  0.8950801214756511
    lsf_left_1      =  2.3665204393466563
    lsf_left_2      =  -15.40338573021619
    lsf_left_3      =  1.470604791862339
    lsf_left_4      =  -1.4746650847854306
    lsf_left_5      =  0.7688112175975992
    lsf_right1      =  8.86049213640525
    lsf_right2      =  -18.4168987663577
    lsf_right3      =  4.742352271109129
    lsf_right4      =  -2.3772693988557734
    lsf_right5      =  0.9723935851409817
    tem_depth       =  0.9917911096066815
    velocity        =  -20974.62014352137
    wave_intercept  =  6026.381310635021
    wave_slope      =  0.014633188161208718
ERROR - Evaluated LSF:
ERROR - [nan nan nan nan nan nan nan nan nan nan nan nan nan nan nan nan nan nan
 nan nan nan nan nan nan nan nan nan nan nan nan nan nan nan nan nan nan
 nan nan nan nan nan nan nan nan nan nan nan nan nan nan nan nan nan nan
 nan nan nan nan nan nan nan nan nan nan nan nan nan nan nan nan nan nan
 nan]
WARNING - Chunk 1110:
WARNING - NaN values detected in your input data or the output of your objective/model function - fitting algorithms cannot handle this! Please read https://lmfit.github.io/lmfit-py/faq.html#i-get-errors-from-nan-in-my-fit-what-can-i-do for more information.
ERROR - NaN value detected in oversampled model function.
ERROR - <ParameterSet (values: 17)>
    cont_intercept  =  42738.82077604343
    cont_slope      =  59.10326236626433
    iod_depth       =  0.3535518941268639
    lsf_left_1      =  2.294630836492506
    lsf_left_2      =  -17.36540985112837
    lsf_left_3      =  7.586357428645376
    lsf_left_4      =  -3.7168311557696954
    lsf_left_5      =  0.71828618739893
    lsf_right1      =  11.900642942258866
    lsf_right2      =  -18.793018941401694
    lsf_right3      =  1.2365118237369574
    lsf_right4      =  -3.916076867748205
    lsf_right5      =  0.14182902233692263
    tem_depth       =  0.9020541883049686
    velocity        =  -20689.461035615434
    wave_intercept  =  6029.305948708991
    wave_slope      =  0.01925917605232682
ERROR - Evaluated LSF:
ERROR - [nan nan nan nan nan nan nan nan nan nan nan nan nan nan nan nan nan nan
 nan nan nan nan nan nan nan nan nan nan nan nan nan nan nan nan nan nan
 nan nan nan nan nan nan nan nan nan nan nan nan nan nan nan nan nan nan
 nan nan nan nan nan nan nan nan nan nan nan nan nan nan nan nan nan nan
 nan]
WARNING - Chunk 1121:
WARNING - NaN values detected in your input data or the output of your objective/model function - fitting algorithms cannot handle this! Please read https://lmfit.github.io/lmfit-py/faq.html#i-get-errors-from-nan-in-my-fit-what-can-i-do for more information.
ERROR - NaN value detected in oversampled model function.
ERROR - <ParameterSet (values: 17)>
    cont_intercept  =  41490.823290222696
    cont_slope      =  51.213901127468986
    iod_depth       =  0.158434877979649
    lsf_left_1      =  9.74890622660166
    lsf_left_2      =  -15.652530674703774
    lsf_left_3      =  1.5792678947985548
    lsf_left_4      =  -1.6794480082129177
    lsf_left_5      =  0.8094970042827621
    lsf_right1      =  2.2946669780866693
    lsf_right2      =  -15.420094162458474
    lsf_right3      =  1.4260982283590766
    lsf_right4      =  -2.924968859039342
    lsf_right5      =  1.0146418845564278
    tem_depth       =  0.9445811007567885
    velocity        =  -21238.614244150463
    wave_intercept  =  6151.109211121017
    wave_slope      =  0.019071331100602815
ERROR - Evaluated LSF:
ERROR - [nan nan nan nan nan nan nan nan nan nan nan nan nan nan nan nan nan nan
 nan nan nan nan nan nan nan nan nan nan nan nan nan nan nan nan nan nan
 nan nan nan nan nan nan nan nan nan nan nan nan nan nan nan nan nan nan
 nan nan nan nan nan nan nan nan nan nan nan nan nan nan nan nan nan nan
 nan]
WARNING - Chunk 1199:
WARNING - NaN values detected in your input data or the output of your objective/model function - fitting algorithms cannot handle this! Please read https://lmfit.github.io/lmfit-py/faq.html#i-get-errors-from-nan-in-my-fit-what-can-i-do for more information.
ERROR - NaN value detected in oversampled model function.
ERROR - <ParameterSet (values: 17)>
    cont_intercept  =  40210.70432120576
    cont_slope      =  33.92710027363459
    iod_depth       =  0.13394587329096286
    lsf_left_1      =  7.75935032696508
    lsf_left_2      =  -18.166702665006703
    lsf_left_3      =  1.6439065195933602
    lsf_left_4      =  -2.448375690942523
    lsf_left_5      =  0.16428266171863873
    lsf_right1      =  4.167136858874017
    lsf_right2      =  -12.02314048020111
    lsf_right3      =  1.8566808376280055
    lsf_right4      =  -2.275954283481839
    lsf_right5      =  1.274631478876083
    tem_depth       =  0.930933766350597
    velocity        =  -20687.444639777223
    wave_intercept  =  6213.878453686719
    wave_slope      =  0.01973408471967399
ERROR - Evaluated LSF:
ERROR - [nan nan nan nan nan nan nan nan nan nan nan nan nan nan nan nan nan nan
 nan nan nan nan nan nan nan nan nan nan nan nan nan nan nan nan nan nan
 nan nan nan nan nan nan nan nan nan nan nan nan nan nan nan nan nan nan
 nan nan nan nan nan nan nan nan nan nan nan nan nan nan nan nan nan nan
 nan]
WARNING - Chunk 1238:
WARNING - NaN values detected in your input data or the output of your objective/model function - fitting algorithms cannot handle this! Please read https://lmfit.github.io/lmfit-py/faq.html#i-get-errors-from-nan-in-my-fit-what-can-i-do for more information.
INFO - 
INFO - Number of chunks with no uncertainties: 1
INFO - Number of chunks with outliers: 0
INFO - Number of chunks with nan fitted red. Chi2: 308
ERROR - Polynomial fitting failed. Falling back to input values
Traceback (most recent call last):
  File "/Users/jaklusmeyer/SONG/pyodine/pyodine/lib/misc.py", line 529, in fit_polynomial
    pfit, stats = np.polynomial.Polynomial.fit(
  File "/Users/jaklusmeyer/miniconda/envs/pyodine_env/lib/python3.9/site-packages/numpy/polynomial/_polybase.py", line 1036, in fit
    xnew = pu.mapdomain(x, domain, window)
  File "/Users/jaklusmeyer/miniconda/envs/pyodine_env/lib/python3.9/site-packages/numpy/polynomial/polyutils.py", line 371, in mapdomain
    off, scl = mapparms(old, new)
  File "/Users/jaklusmeyer/miniconda/envs/pyodine_env/lib/python3.9/site-packages/numpy/polynomial/polyutils.py", line 303, in mapparms
    off = (old[1]*new[0] - old[0]*new[1])/oldlen
ZeroDivisionError: division by zero
ERROR - Polynomial fitting failed. Falling back to input values
Traceback (most recent call last):
  File "/Users/jaklusmeyer/SONG/pyodine/pyodine/lib/misc.py", line 529, in fit_polynomial
    pfit, stats = np.polynomial.Polynomial.fit(
  File "/Users/jaklusmeyer/miniconda/envs/pyodine_env/lib/python3.9/site-packages/numpy/polynomial/_polybase.py", line 1036, in fit
    xnew = pu.mapdomain(x, domain, window)
  File "/Users/jaklusmeyer/miniconda/envs/pyodine_env/lib/python3.9/site-packages/numpy/polynomial/polyutils.py", line 371, in mapdomain
    off, scl = mapparms(old, new)
  File "/Users/jaklusmeyer/miniconda/envs/pyodine_env/lib/python3.9/site-packages/numpy/polynomial/polyutils.py", line 303, in mapparms
    off = (old[1]*new[0] - old[0]*new[1])/oldlen
ZeroDivisionError: division by zero
ERROR - Polynomial fitting failed. Falling back to input values
Traceback (most recent call last):
  File "/Users/jaklusmeyer/SONG/pyodine/pyodine/lib/misc.py", line 529, in fit_polynomial
    pfit, stats = np.polynomial.Polynomial.fit(
  File "/Users/jaklusmeyer/miniconda/envs/pyodine_env/lib/python3.9/site-packages/numpy/polynomial/_polybase.py", line 1036, in fit
    xnew = pu.mapdomain(x, domain, window)
  File "/Users/jaklusmeyer/miniconda/envs/pyodine_env/lib/python3.9/site-packages/numpy/polynomial/polyutils.py", line 371, in mapdomain
    off, scl = mapparms(old, new)
  File "/Users/jaklusmeyer/miniconda/envs/pyodine_env/lib/python3.9/site-packages/numpy/polynomial/polyutils.py", line 303, in mapparms
    off = (old[1]*new[0] - old[0]*new[1])/oldlen
ZeroDivisionError: division by zero
ERROR - Polynomial fitting failed. Falling back to input values
Traceback (most recent call last):
  File "/Users/jaklusmeyer/SONG/pyodine/pyodine/lib/misc.py", line 529, in fit_polynomial
    pfit, stats = np.polynomial.Polynomial.fit(
  File "/Users/jaklusmeyer/miniconda/envs/pyodine_env/lib/python3.9/site-packages/numpy/polynomial/_polybase.py", line 1036, in fit
    xnew = pu.mapdomain(x, domain, window)
  File "/Users/jaklusmeyer/miniconda/envs/pyodine_env/lib/python3.9/site-packages/numpy/polynomial/polyutils.py", line 371, in mapdomain
    off, scl = mapparms(old, new)
  File "/Users/jaklusmeyer/miniconda/envs/pyodine_env/lib/python3.9/site-packages/numpy/polynomial/polyutils.py", line 303, in mapparms
    off = (old[1]*new[0] - old[0]*new[1])/oldlen
ZeroDivisionError: division by zero
ERROR - Polynomial fitting failed. Falling back to input values
Traceback (most recent call last):
  File "/Users/jaklusmeyer/SONG/pyodine/pyodine/lib/misc.py", line 529, in fit_polynomial
    pfit, stats = np.polynomial.Polynomial.fit(
  File "/Users/jaklusmeyer/miniconda/envs/pyodine_env/lib/python3.9/site-packages/numpy/polynomial/_polybase.py", line 1036, in fit
    xnew = pu.mapdomain(x, domain, window)
  File "/Users/jaklusmeyer/miniconda/envs/pyodine_env/lib/python3.9/site-packages/numpy/polynomial/polyutils.py", line 371, in mapdomain
    off, scl = mapparms(old, new)
  File "/Users/jaklusmeyer/miniconda/envs/pyodine_env/lib/python3.9/site-packages/numpy/polynomial/polyutils.py", line 303, in mapparms
    off = (old[1]*new[0] - old[0]*new[1])/oldlen
ZeroDivisionError: division by zero
ERROR - Polynomial fitting failed. Falling back to input values
Traceback (most recent call last):
  File "/Users/jaklusmeyer/SONG/pyodine/pyodine/lib/misc.py", line 529, in fit_polynomial
    pfit, stats = np.polynomial.Polynomial.fit(
  File "/Users/jaklusmeyer/miniconda/envs/pyodine_env/lib/python3.9/site-packages/numpy/polynomial/_polybase.py", line 1036, in fit
    xnew = pu.mapdomain(x, domain, window)
  File "/Users/jaklusmeyer/miniconda/envs/pyodine_env/lib/python3.9/site-packages/numpy/polynomial/polyutils.py", line 371, in mapdomain
    off, scl = mapparms(old, new)
  File "/Users/jaklusmeyer/miniconda/envs/pyodine_env/lib/python3.9/site-packages/numpy/polynomial/polyutils.py", line 303, in mapparms
    off = (old[1]*new[0] - old[0]*new[1])/oldlen
ZeroDivisionError: division by zero
ERROR - Polynomial fitting failed. Falling back to input values
Traceback (most recent call last):
  File "/Users/jaklusmeyer/SONG/pyodine/pyodine/lib/misc.py", line 529, in fit_polynomial
    pfit, stats = np.polynomial.Polynomial.fit(
  File "/Users/jaklusmeyer/miniconda/envs/pyodine_env/lib/python3.9/site-packages/numpy/polynomial/_polybase.py", line 1036, in fit
    xnew = pu.mapdomain(x, domain, window)
  File "/Users/jaklusmeyer/miniconda/envs/pyodine_env/lib/python3.9/site-packages/numpy/polynomial/polyutils.py", line 371, in mapdomain
    off, scl = mapparms(old, new)
  File "/Users/jaklusmeyer/miniconda/envs/pyodine_env/lib/python3.9/site-packages/numpy/polynomial/polyutils.py", line 303, in mapparms
    off = (old[1]*new[0] - old[0]*new[1])/oldlen
ZeroDivisionError: division by zero
ERROR - Polynomial fitting failed. Falling back to input values
Traceback (most recent call last):
  File "/Users/jaklusmeyer/SONG/pyodine/pyodine/lib/misc.py", line 529, in fit_polynomial
    pfit, stats = np.polynomial.Polynomial.fit(
  File "/Users/jaklusmeyer/miniconda/envs/pyodine_env/lib/python3.9/site-packages/numpy/polynomial/_polybase.py", line 1036, in fit
    xnew = pu.mapdomain(x, domain, window)
  File "/Users/jaklusmeyer/miniconda/envs/pyodine_env/lib/python3.9/site-packages/numpy/polynomial/polyutils.py", line 371, in mapdomain
    off, scl = mapparms(old, new)
  File "/Users/jaklusmeyer/miniconda/envs/pyodine_env/lib/python3.9/site-packages/numpy/polynomial/polyutils.py", line 303, in mapparms
    off = (old[1]*new[0] - old[0]*new[1])/oldlen
ZeroDivisionError: division by zero
ERROR - Polynomial fitting failed. Falling back to input values
Traceback (most recent call last):
  File "/Users/jaklusmeyer/SONG/pyodine/pyodine/lib/misc.py", line 529, in fit_polynomial
    pfit, stats = np.polynomial.Polynomial.fit(
  File "/Users/jaklusmeyer/miniconda/envs/pyodine_env/lib/python3.9/site-packages/numpy/polynomial/_polybase.py", line 1036, in fit
    xnew = pu.mapdomain(x, domain, window)
  File "/Users/jaklusmeyer/miniconda/envs/pyodine_env/lib/python3.9/site-packages/numpy/polynomial/polyutils.py", line 371, in mapdomain
    off, scl = mapparms(old, new)
  File "/Users/jaklusmeyer/miniconda/envs/pyodine_env/lib/python3.9/site-packages/numpy/polynomial/polyutils.py", line 303, in mapparms
    off = (old[1]*new[0] - old[0]*new[1])/oldlen
ZeroDivisionError: division by zero
ERROR - Polynomial fitting failed. Falling back to input values
Traceback (most recent call last):
  File "/Users/jaklusmeyer/SONG/pyodine/pyodine/lib/misc.py", line 529, in fit_polynomial
    pfit, stats = np.polynomial.Polynomial.fit(
  File "/Users/jaklusmeyer/miniconda/envs/pyodine_env/lib/python3.9/site-packages/numpy/polynomial/_polybase.py", line 1036, in fit
    xnew = pu.mapdomain(x, domain, window)
  File "/Users/jaklusmeyer/miniconda/envs/pyodine_env/lib/python3.9/site-packages/numpy/polynomial/polyutils.py", line 371, in mapdomain
    off, scl = mapparms(old, new)
  File "/Users/jaklusmeyer/miniconda/envs/pyodine_env/lib/python3.9/site-packages/numpy/polynomial/polyutils.py", line 303, in mapparms
    off = (old[1]*new[0] - old[0]*new[1])/oldlen
ZeroDivisionError: division by zero
ERROR - Polynomial fitting failed. Falling back to input values
Traceback (most recent call last):
  File "/Users/jaklusmeyer/SONG/pyodine/pyodine/lib/misc.py", line 529, in fit_polynomial
    pfit, stats = np.polynomial.Polynomial.fit(
  File "/Users/jaklusmeyer/miniconda/envs/pyodine_env/lib/python3.9/site-packages/numpy/polynomial/_polybase.py", line 1036, in fit
    xnew = pu.mapdomain(x, domain, window)
  File "/Users/jaklusmeyer/miniconda/envs/pyodine_env/lib/python3.9/site-packages/numpy/polynomial/polyutils.py", line 371, in mapdomain
    off, scl = mapparms(old, new)
  File "/Users/jaklusmeyer/miniconda/envs/pyodine_env/lib/python3.9/site-packages/numpy/polynomial/polyutils.py", line 303, in mapparms
    off = (old[1]*new[0] - old[0]*new[1])/oldlen
ZeroDivisionError: division by zero
ERROR - Polynomial fitting failed. Falling back to input values
Traceback (most recent call last):
  File "/Users/jaklusmeyer/SONG/pyodine/pyodine/lib/misc.py", line 529, in fit_polynomial
    pfit, stats = np.polynomial.Polynomial.fit(
  File "/Users/jaklusmeyer/miniconda/envs/pyodine_env/lib/python3.9/site-packages/numpy/polynomial/_polybase.py", line 1036, in fit
    xnew = pu.mapdomain(x, domain, window)
  File "/Users/jaklusmeyer/miniconda/envs/pyodine_env/lib/python3.9/site-packages/numpy/polynomial/polyutils.py", line 371, in mapdomain
    off, scl = mapparms(old, new)
  File "/Users/jaklusmeyer/miniconda/envs/pyodine_env/lib/python3.9/site-packages/numpy/polynomial/polyutils.py", line 303, in mapparms
    off = (old[1]*new[0] - old[0]*new[1])/oldlen
ZeroDivisionError: division by zero
ERROR - Polynomial fitting failed. Falling back to input values
Traceback (most recent call last):
  File "/Users/jaklusmeyer/SONG/pyodine/pyodine/lib/misc.py", line 529, in fit_polynomial
    pfit, stats = np.polynomial.Polynomial.fit(
  File "/Users/jaklusmeyer/miniconda/envs/pyodine_env/lib/python3.9/site-packages/numpy/polynomial/_polybase.py", line 1036, in fit
    xnew = pu.mapdomain(x, domain, window)
  File "/Users/jaklusmeyer/miniconda/envs/pyodine_env/lib/python3.9/site-packages/numpy/polynomial/polyutils.py", line 371, in mapdomain
    off, scl = mapparms(old, new)
  File "/Users/jaklusmeyer/miniconda/envs/pyodine_env/lib/python3.9/site-packages/numpy/polynomial/polyutils.py", line 303, in mapparms
    off = (old[1]*new[0] - old[0]*new[1])/oldlen
ZeroDivisionError: division by zero
ERROR - Polynomial fitting failed. Falling back to input values
Traceback (most recent call last):
  File "/Users/jaklusmeyer/SONG/pyodine/pyodine/lib/misc.py", line 529, in fit_polynomial
    pfit, stats = np.polynomial.Polynomial.fit(
  File "/Users/jaklusmeyer/miniconda/envs/pyodine_env/lib/python3.9/site-packages/numpy/polynomial/_polybase.py", line 1036, in fit
    xnew = pu.mapdomain(x, domain, window)
  File "/Users/jaklusmeyer/miniconda/envs/pyodine_env/lib/python3.9/site-packages/numpy/polynomial/polyutils.py", line 371, in mapdomain
    off, scl = mapparms(old, new)
  File "/Users/jaklusmeyer/miniconda/envs/pyodine_env/lib/python3.9/site-packages/numpy/polynomial/polyutils.py", line 303, in mapparms
    off = (old[1]*new[0] - old[0]*new[1])/oldlen
ZeroDivisionError: division by zero
INFO - 
INFO - Creating analysis plots...
ERROR - NaN value detected in iodine function.
ERROR - Chunk could not be plotted
Traceback (most recent call last):
  File "/Users/jaklusmeyer/SONG/pyodine/pyodine/plot_lib.py", line 62, in plot_chunkmodel
    sp = fit_results[chunk_nr].fitted_spectrum
  File "/Users/jaklusmeyer/SONG/pyodine/pyodine/fitters/base.py", line 45, in fitted_spectrum
    return self.model.eval_spectrum(self.chunk, self.params, chunk_ind=self.chunk_ind)
  File "/Users/jaklusmeyer/SONG/pyodine/pyodine/models/base.py", line 79, in eval_spectrum
    flux = self.eval(chunk, params, chunk_ind=chunk_ind, **kwargs)
  File "/Users/jaklusmeyer/SONG/pyodine/pyodine/models/spectrum.py", line 138, in eval
    tck = splrep(tem.wave * doppler, flux_tem, s=0)
  File "/Users/jaklusmeyer/miniconda/envs/pyodine_env/lib/python3.9/site-packages/scipy/interpolate/_fitpack_py.py", line 295, in splrep
    res = _impl.splrep(x, y, w, xb, xe, k, task, s, t, full_output, per, quiet)
  File "/Users/jaklusmeyer/miniconda/envs/pyodine_env/lib/python3.9/site-packages/scipy/interpolate/_fitpack_impl.py", line 276, in splrep
    n, c, fp, ier = dfitpack.curfit(task, x, y, w, t, wrk, iwrk,
dfitpack.error: (xb<=x[0]) failed for 1st keyword xb: curfit:xb=nan
ERROR - NaN value detected in iodine function.
ERROR - Chunk could not be plotted
Traceback (most recent call last):
  File "/Users/jaklusmeyer/SONG/pyodine/pyodine/plot_lib.py", line 62, in plot_chunkmodel
    sp = fit_results[chunk_nr].fitted_spectrum
  File "/Users/jaklusmeyer/SONG/pyodine/pyodine/fitters/base.py", line 45, in fitted_spectrum
    return self.model.eval_spectrum(self.chunk, self.params, chunk_ind=self.chunk_ind)
  File "/Users/jaklusmeyer/SONG/pyodine/pyodine/models/base.py", line 79, in eval_spectrum
    flux = self.eval(chunk, params, chunk_ind=chunk_ind, **kwargs)
  File "/Users/jaklusmeyer/SONG/pyodine/pyodine/models/spectrum.py", line 138, in eval
    tck = splrep(tem.wave * doppler, flux_tem, s=0)
  File "/Users/jaklusmeyer/miniconda/envs/pyodine_env/lib/python3.9/site-packages/scipy/interpolate/_fitpack_py.py", line 295, in splrep
    res = _impl.splrep(x, y, w, xb, xe, k, task, s, t, full_output, per, quiet)
  File "/Users/jaklusmeyer/miniconda/envs/pyodine_env/lib/python3.9/site-packages/scipy/interpolate/_fitpack_impl.py", line 276, in splrep
    n, c, fp, ier = dfitpack.curfit(task, x, y, w, t, wrk, iwrk,
dfitpack.error: (xb<=x[0]) failed for 1st keyword xb: curfit:xb=nan
INFO - Velocity robust mean: -20933.229088665477
INFO - Velocity robust std: 251.27287448602863
INFO - 
INFO - Velocity error robust mean: 118.48677794534527
INFO - Velocity error robust std: 80.752480453429
INFO - 
INFO - Minimum error: 30.58850079517261 in chunk 684
INFO - Maximum error: 8534.401848504842 in chunk 281
INFO - 
INFO - Chunks with nan velocities: [   0    1    2    3    4    5    6    7    8    9   10   11   12   13
   14   15   16   17   18   19   20   21   22   23   24   25   26   27
   28   29   30   31   32   33   34   35   36   37   38   39   40   41
   42   43   44   45   46   47   48   49   50   51   52   53   54   55
   56   57   58   59   60   61   62   63   64   65   66   67   68   69
   70   71   72   73   74   75   76   77   78   79   80   81   82   83
   84   85   86   87   88   89   90   91   92   93   94   95   96   97
   98   99  100  101  102  103  104  105  106  107  108  109  110  111
  112  113  114  115  116  117  118  119  120  121  122  123  124  125
  126  127  128  129  130  131  132  133  134  135  136  137  138  139
  140  141  142  143  144  145  146  147  148  149  150  151  152  153
  154  155  156  157  158  159  160  161  162  163  164  165  166  167
  168  169  170  171  172  173  174  175  176  177  178  179  180  181
  182  183  184  185  186  187  188  189  190  191  192  193  194  195
  196  197  198  199  200  201  202  203  204  205  206  207  208  209
  210  211  212  213  214  215  216  217  218  219  220  221  222  223
  224  225  226  227  228  229  230  231  232  233  234  235  236  237
  238  239  240  241  242  243  244  245  246  247  248  249  250  251
  252  253  254  255  256  257  258  259  260  261  262  263  264  265
  266  267  268  269  270  271  272  273  274  275  276  277  278  279
  280  286  292  302  306  314  323  331  335  420  447  526  537  624
  643  692  875  965 1000 1003 1013 1043 1061 1097 1110 1121 1199 1238]
INFO - Chunks with nan velocity errors: [   0    1    2    3    4    5    6    7    8    9   10   11   12   13
   14   15   16   17   18   19   20   21   22   23   24   25   26   27
   28   29   30   31   32   33   34   35   36   37   38   39   40   41
   42   43   44   45   46   47   48   49   50   51   52   53   54   55
   56   57   58   59   60   61   62   63   64   65   66   67   68   69
   70   71   72   73   74   75   76   77   78   79   80   81   82   83
   84   85   86   87   88   89   90   91   92   93   94   95   96   97
   98   99  100  101  102  103  104  105  106  107  108  109  110  111
  112  113  114  115  116  117  118  119  120  121  122  123  124  125
  126  127  128  129  130  131  132  133  134  135  136  137  138  139
  140  141  142  143  144  145  146  147  148  149  150  151  152  153
  154  155  156  157  158  159  160  161  162  163  164  165  166  167
  168  169  170  171  172  173  174  175  176  177  178  179  180  181
  182  183  184  185  186  187  188  189  190  191  192  193  194  195
  196  197  198  199  200  201  202  203  204  205  206  207  208  209
  210  211  212  213  214  215  216  217  218  219  220  221  222  223
  224  225  226  227  228  229  230  231  232  233  234  235  236  237
  238  239  240  241  242  243  244  245  246  247  248  249  250  251
  252  253  254  255  256  257  258  259  260  261  262  263  264  265
  266  267  268  269  270  271  272  273  274  275  276  277  278  279
  280  286  292  302  306  314  323  331  335  420  447  489  526  537
  624  643  692  875  965 1000 1003 1013 1043 1061 1097 1110 1121 1199
 1238]
INFO - Velocity error at percentile 80: 196.26755991409942
INFO - 
INFO - Time to model this observation: 160.77909302711487
