2026-03-10 10:30:52,121 - root - ERROR - Chunk 0: No Data! Returning LmfitResult with None.
2026-03-10 10:30:52,122 - root - ERROR - Chunk 1: No Data! Returning LmfitResult with None.
2026-03-10 10:30:52,123 - root - ERROR - Chunk 2: No Data! Returning LmfitResult with None.
2026-03-10 10:30:52,125 - root - ERROR - Chunk 3: No Data! Returning LmfitResult with None.
2026-03-10 10:30:52,126 - root - ERROR - Chunk 4: No Data! Returning LmfitResult with None.
2026-03-10 10:30:52,127 - root - ERROR - Chunk 5: No Data! Returning LmfitResult with None.
2026-03-10 10:30:52,128 - root - ERROR - Chunk 6: No Data! Returning LmfitResult with None.
2026-03-10 10:30:52,129 - root - ERROR - Chunk 7: No Data! Returning LmfitResult with None.
2026-03-10 10:30:52,131 - root - ERROR - Chunk 8: No Data! Returning LmfitResult with None.
2026-03-10 10:30:52,132 - root - ERROR - Chunk 9: No Data! Returning LmfitResult with None.
2026-03-10 10:30:52,133 - root - ERROR - Chunk 10: No Data! Returning LmfitResult with None.
2026-03-10 10:30:52,134 - root - ERROR - Chunk 11: No Data! Returning LmfitResult with None.
2026-03-10 10:30:52,135 - root - ERROR - Chunk 12: No Data! Returning LmfitResult with None.
2026-03-10 10:30:52,136 - root - ERROR - Chunk 13: No Data! Returning LmfitResult with None.
2026-03-10 10:30:52,137 - root - ERROR - Chunk 14: No Data! Returning LmfitResult with None.
2026-03-10 10:30:52,138 - root - ERROR - Chunk 15: No Data! Returning LmfitResult with None.
2026-03-10 10:30:52,140 - root - ERROR - Chunk 16: No Data! Returning LmfitResult with None.
2026-03-10 10:30:52,141 - root - ERROR - Chunk 17: No Data! Returning LmfitResult with None.
2026-03-10 10:30:52,142 - root - ERROR - Chunk 18: No Data! Returning LmfitResult with None.
2026-03-10 10:30:52,144 - root - ERROR - Chunk 19: No Data! Returning LmfitResult with None.
2026-03-10 10:30:52,145 - root - ERROR - Chunk 20: No Data! Returning LmfitResult with None.
2026-03-10 10:30:52,146 - root - ERROR - Chunk 21: No Data! Returning LmfitResult with None.
2026-03-10 10:30:52,147 - root - ERROR - Chunk 22: No Data! Returning LmfitResult with None.
2026-03-10 10:30:52,148 - root - ERROR - Chunk 23: No Data! Returning LmfitResult with None.
2026-03-10 10:30:52,149 - root - ERROR - Chunk 24: No Data! Returning LmfitResult with None.
2026-03-10 10:30:52,150 - root - ERROR - Chunk 25: No Data! Returning LmfitResult with None.
2026-03-10 10:30:52,151 - root - ERROR - Chunk 26: No Data! Returning LmfitResult with None.
2026-03-10 10:30:52,153 - root - ERROR - Chunk 27: No Data! Returning LmfitResult with None.
2026-03-10 10:30:52,154 - root - ERROR - Chunk 28: No Data! Returning LmfitResult with None.
2026-03-10 10:30:52,155 - root - ERROR - Chunk 29: No Data! Returning LmfitResult with None.
2026-03-10 10:30:52,156 - root - ERROR - Chunk 30: No Data! Returning LmfitResult with None.
2026-03-10 10:30:52,157 - root - ERROR - Chunk 31: No Data! Returning LmfitResult with None.
2026-03-10 10:30:52,158 - root - ERROR - Chunk 32: No Data! Returning LmfitResult with None.
2026-03-10 10:30:52,159 - root - ERROR - Chunk 33: No Data! Returning LmfitResult with None.
2026-03-10 10:30:52,160 - root - ERROR - Chunk 34: No Data! Returning LmfitResult with None.
2026-03-10 10:30:52,162 - root - ERROR - Chunk 35: No Data! Returning LmfitResult with None.
2026-03-10 10:30:52,163 - root - ERROR - Chunk 36: No Data! Returning LmfitResult with None.
2026-03-10 10:30:52,164 - root - ERROR - Chunk 37: No Data! Returning LmfitResult with None.
2026-03-10 10:30:52,165 - root - ERROR - Chunk 38: No Data! Returning LmfitResult with None.
2026-03-10 10:30:52,166 - root - ERROR - Chunk 39: No Data! Returning LmfitResult with None.
2026-03-10 10:30:52,167 - root - ERROR - Chunk 40: No Data! Returning LmfitResult with None.
2026-03-10 10:30:52,168 - root - ERROR - Chunk 41: No Data! Returning LmfitResult with None.
2026-03-10 10:30:52,170 - root - ERROR - Chunk 42: No Data! Returning LmfitResult with None.
2026-03-10 10:30:52,171 - root - ERROR - Chunk 43: No Data! Returning LmfitResult with None.
2026-03-10 10:30:52,172 - root - ERROR - Chunk 44: No Data! Returning LmfitResult with None.
2026-03-10 10:30:52,173 - root - ERROR - Chunk 45: No Data! Returning LmfitResult with None.
2026-03-10 10:30:52,174 - root - ERROR - Chunk 46: No Data! Returning LmfitResult with None.
2026-03-10 10:30:52,175 - root - ERROR - Chunk 47: No Data! Returning LmfitResult with None.
2026-03-10 10:30:52,178 - root - ERROR - Chunk 48: No Data! Returning LmfitResult with None.
2026-03-10 10:30:52,180 - root - ERROR - Chunk 49: No Data! Returning LmfitResult with None.
2026-03-10 10:30:52,181 - root - ERROR - Chunk 50: No Data! Returning LmfitResult with None.
2026-03-10 10:30:52,182 - root - ERROR - Chunk 51: No Data! Returning LmfitResult with None.
2026-03-10 10:30:52,183 - root - ERROR - Chunk 52: No Data! Returning LmfitResult with None.
2026-03-10 10:30:52,184 - root - ERROR - Chunk 53: No Data! Returning LmfitResult with None.
2026-03-10 10:30:52,185 - root - ERROR - Chunk 54: No Data! Returning LmfitResult with None.
2026-03-10 10:30:52,186 - root - ERROR - Chunk 55: No Data! Returning LmfitResult with None.
2026-03-10 10:30:52,188 - root - ERROR - Chunk 56: No Data! Returning LmfitResult with None.
2026-03-10 10:30:52,189 - root - ERROR - Chunk 57: No Data! Returning LmfitResult with None.
2026-03-10 10:30:52,190 - root - ERROR - Chunk 58: No Data! Returning LmfitResult with None.
2026-03-10 10:30:52,191 - root - ERROR - Chunk 59: No Data! Returning LmfitResult with None.
2026-03-10 10:30:52,192 - root - ERROR - Chunk 60: No Data! Returning LmfitResult with None.
2026-03-10 10:30:52,193 - root - ERROR - Chunk 61: No Data! Returning LmfitResult with None.
2026-03-10 10:30:52,194 - root - ERROR - Chunk 62: No Data! Returning LmfitResult with None.
2026-03-10 10:30:52,196 - root - ERROR - Chunk 63: No Data! Returning LmfitResult with None.
2026-03-10 10:30:52,197 - root - ERROR - Chunk 64: No Data! Returning LmfitResult with None.
2026-03-10 10:30:52,198 - root - ERROR - Chunk 65: No Data! Returning LmfitResult with None.
2026-03-10 10:30:52,199 - root - ERROR - Chunk 66: No Data! Returning LmfitResult with None.
2026-03-10 10:30:52,200 - root - ERROR - Chunk 67: No Data! Returning LmfitResult with None.
2026-03-10 10:30:52,201 - root - ERROR - Chunk 68: No Data! Returning LmfitResult with None.
2026-03-10 10:30:52,202 - root - ERROR - Chunk 69: No Data! Returning LmfitResult with None.
2026-03-10 10:30:52,203 - root - ERROR - Chunk 70: No Data! Returning LmfitResult with None.
2026-03-10 10:30:52,204 - root - ERROR - Chunk 71: No Data! Returning LmfitResult with None.
2026-03-10 10:30:52,206 - root - ERROR - Chunk 72: No Data! Returning LmfitResult with None.
2026-03-10 10:30:52,207 - root - ERROR - Chunk 73: No Data! Returning LmfitResult with None.
2026-03-10 10:30:52,208 - root - ERROR - Chunk 74: No Data! Returning LmfitResult with None.
2026-03-10 10:30:52,209 - root - ERROR - Chunk 75: No Data! Returning LmfitResult with None.
2026-03-10 10:30:52,210 - root - ERROR - Chunk 76: No Data! Returning LmfitResult with None.
2026-03-10 10:30:52,211 - root - ERROR - Chunk 77: No Data! Returning LmfitResult with None.
2026-03-10 10:30:52,212 - root - ERROR - Chunk 78: No Data! Returning LmfitResult with None.
2026-03-10 10:30:52,213 - root - ERROR - Chunk 79: No Data! Returning LmfitResult with None.
2026-03-10 10:30:52,214 - root - ERROR - Chunk 80: No Data! Returning LmfitResult with None.
2026-03-10 10:30:52,215 - root - ERROR - Chunk 81: No Data! Returning LmfitResult with None.
2026-03-10 10:30:52,216 - root - ERROR - Chunk 82: No Data! Returning LmfitResult with None.
2026-03-10 10:30:52,217 - root - ERROR - Chunk 83: No Data! Returning LmfitResult with None.
2026-03-10 10:30:52,218 - root - ERROR - Chunk 84: No Data! Returning LmfitResult with None.
2026-03-10 10:30:52,219 - root - ERROR - Chunk 85: No Data! Returning LmfitResult with None.
2026-03-10 10:30:52,220 - root - ERROR - Chunk 86: No Data! Returning LmfitResult with None.
2026-03-10 10:30:52,221 - root - ERROR - Chunk 87: No Data! Returning LmfitResult with None.
2026-03-10 10:30:52,222 - root - ERROR - Chunk 88: No Data! Returning LmfitResult with None.
2026-03-10 10:30:52,224 - root - ERROR - Chunk 89: No Data! Returning LmfitResult with None.
2026-03-10 10:30:52,225 - root - ERROR - Chunk 90: No Data! Returning LmfitResult with None.
2026-03-10 10:30:52,226 - root - ERROR - Chunk 91: No Data! Returning LmfitResult with None.
2026-03-10 10:30:52,227 - root - ERROR - Chunk 92: No Data! Returning LmfitResult with None.
2026-03-10 10:30:52,228 - root - ERROR - Chunk 93: No Data! Returning LmfitResult with None.
2026-03-10 10:30:52,229 - root - ERROR - Chunk 94: No Data! Returning LmfitResult with None.
2026-03-10 10:30:52,230 - root - ERROR - Chunk 95: No Data! Returning LmfitResult with None.
2026-03-10 10:30:52,234 - root - ERROR - Chunk 96: No Data! Returning LmfitResult with None.
2026-03-10 10:30:52,235 - root - ERROR - Chunk 97: No Data! Returning LmfitResult with None.
2026-03-10 10:30:52,236 - root - ERROR - Chunk 98: No Data! Returning LmfitResult with None.
2026-03-10 10:30:52,238 - root - ERROR - Chunk 99: No Data! Returning LmfitResult with None.
2026-03-10 10:30:52,239 - root - ERROR - Chunk 100: No Data! Returning LmfitResult with None.
2026-03-10 10:30:52,240 - root - ERROR - Chunk 101: No Data! Returning LmfitResult with None.
2026-03-10 10:30:52,241 - root - ERROR - Chunk 102: No Data! Returning LmfitResult with None.
2026-03-10 10:30:52,242 - root - ERROR - Chunk 103: No Data! Returning LmfitResult with None.
2026-03-10 10:30:52,244 - root - ERROR - Chunk 104: No Data! Returning LmfitResult with None.
2026-03-10 10:30:52,245 - root - ERROR - Chunk 105: No Data! Returning LmfitResult with None.
2026-03-10 10:30:52,246 - root - ERROR - Chunk 106: No Data! Returning LmfitResult with None.
2026-03-10 10:30:52,247 - root - ERROR - Chunk 107: No Data! Returning LmfitResult with None.
2026-03-10 10:30:52,249 - root - ERROR - Chunk 108: No Data! Returning LmfitResult with None.
2026-03-10 10:30:52,250 - root - ERROR - Chunk 109: No Data! Returning LmfitResult with None.
2026-03-10 10:30:52,251 - root - ERROR - Chunk 110: No Data! Returning LmfitResult with None.
2026-03-10 10:30:52,252 - root - ERROR - Chunk 111: No Data! Returning LmfitResult with None.
2026-03-10 10:30:52,253 - root - ERROR - Chunk 112: No Data! Returning LmfitResult with None.
2026-03-10 10:30:52,254 - root - ERROR - Chunk 113: No Data! Returning LmfitResult with None.
2026-03-10 10:30:52,256 - root - ERROR - Chunk 114: No Data! Returning LmfitResult with None.
2026-03-10 10:30:52,257 - root - ERROR - Chunk 115: No Data! Returning LmfitResult with None.
2026-03-10 10:30:52,258 - root - ERROR - Chunk 116: No Data! Returning LmfitResult with None.
2026-03-10 10:30:52,259 - root - ERROR - Chunk 117: No Data! Returning LmfitResult with None.
2026-03-10 10:30:52,260 - root - ERROR - Chunk 118: No Data! Returning LmfitResult with None.
2026-03-10 10:30:52,261 - root - ERROR - Chunk 119: No Data! Returning LmfitResult with None.
2026-03-10 10:30:52,262 - root - ERROR - Chunk 120: No Data! Returning LmfitResult with None.
2026-03-10 10:30:52,263 - root - ERROR - Chunk 121: No Data! Returning LmfitResult with None.
2026-03-10 10:30:52,264 - root - ERROR - Chunk 122: No Data! Returning LmfitResult with None.
2026-03-10 10:30:52,265 - root - ERROR - Chunk 123: No Data! Returning LmfitResult with None.
2026-03-10 10:30:52,267 - root - ERROR - Chunk 124: No Data! Returning LmfitResult with None.
2026-03-10 10:30:52,268 - root - ERROR - Chunk 125: No Data! Returning LmfitResult with None.
2026-03-10 10:30:52,269 - root - ERROR - Chunk 126: No Data! Returning LmfitResult with None.
2026-03-10 10:30:52,270 - root - ERROR - Chunk 127: No Data! Returning LmfitResult with None.
2026-03-10 10:30:52,271 - root - ERROR - Chunk 128: No Data! Returning LmfitResult with None.
2026-03-10 10:30:52,272 - root - ERROR - Chunk 129: No Data! Returning LmfitResult with None.
2026-03-10 10:30:52,273 - root - ERROR - Chunk 130: No Data! Returning LmfitResult with None.
2026-03-10 10:30:52,274 - root - ERROR - Chunk 131: No Data! Returning LmfitResult with None.
2026-03-10 10:30:52,275 - root - ERROR - Chunk 132: No Data! Returning LmfitResult with None.
2026-03-10 10:30:52,276 - root - ERROR - Chunk 133: No Data! Returning LmfitResult with None.
2026-03-10 10:30:52,277 - root - ERROR - Chunk 134: No Data! Returning LmfitResult with None.
2026-03-10 10:30:52,278 - root - ERROR - Chunk 135: No Data! Returning LmfitResult with None.
2026-03-10 10:30:52,279 - root - ERROR - Chunk 136: No Data! Returning LmfitResult with None.
2026-03-10 10:30:52,281 - root - ERROR - Chunk 137: No Data! Returning LmfitResult with None.
2026-03-10 10:30:52,282 - root - ERROR - Chunk 138: No Data! Returning LmfitResult with None.
2026-03-10 10:30:52,283 - root - ERROR - Chunk 139: No Data! Returning LmfitResult with None.
2026-03-10 10:30:52,284 - root - ERROR - Chunk 140: No Data! Returning LmfitResult with None.
2026-03-10 10:30:52,285 - root - ERROR - Chunk 141: No Data! Returning LmfitResult with None.
2026-03-10 10:30:52,286 - root - ERROR - Chunk 142: No Data! Returning LmfitResult with None.
2026-03-10 10:30:52,289 - root - ERROR - Chunk 143: No Data! Returning LmfitResult with None.
2026-03-10 10:30:52,291 - root - ERROR - Chunk 144: No Data! Returning LmfitResult with None.
2026-03-10 10:30:52,292 - root - ERROR - Chunk 145: No Data! Returning LmfitResult with None.
2026-03-10 10:30:52,293 - root - ERROR - Chunk 146: No Data! Returning LmfitResult with None.
2026-03-10 10:30:52,294 - root - ERROR - Chunk 147: No Data! Returning LmfitResult with None.
2026-03-10 10:30:52,295 - root - ERROR - Chunk 148: No Data! Returning LmfitResult with None.
2026-03-10 10:30:52,296 - root - ERROR - Chunk 149: No Data! Returning LmfitResult with None.
2026-03-10 10:30:52,297 - root - ERROR - Chunk 150: No Data! Returning LmfitResult with None.
2026-03-10 10:30:52,299 - root - ERROR - Chunk 151: No Data! Returning LmfitResult with None.
2026-03-10 10:30:52,300 - root - ERROR - Chunk 152: No Data! Returning LmfitResult with None.
2026-03-10 10:30:52,301 - root - ERROR - Chunk 153: No Data! Returning LmfitResult with None.
2026-03-10 10:30:52,302 - root - ERROR - Chunk 154: No Data! Returning LmfitResult with None.
2026-03-10 10:30:52,303 - root - ERROR - Chunk 155: No Data! Returning LmfitResult with None.
2026-03-10 10:30:52,304 - root - ERROR - Chunk 156: No Data! Returning LmfitResult with None.
2026-03-10 10:30:52,305 - root - ERROR - Chunk 157: No Data! Returning LmfitResult with None.
2026-03-10 10:30:52,307 - root - ERROR - Chunk 158: No Data! Returning LmfitResult with None.
2026-03-10 10:30:52,308 - root - ERROR - Chunk 159: No Data! Returning LmfitResult with None.
2026-03-10 10:30:52,309 - root - ERROR - Chunk 160: No Data! Returning LmfitResult with None.
2026-03-10 10:30:52,310 - root - ERROR - Chunk 161: No Data! Returning LmfitResult with None.
2026-03-10 10:30:52,311 - root - ERROR - Chunk 162: No Data! Returning LmfitResult with None.
2026-03-10 10:30:52,312 - root - ERROR - Chunk 163: No Data! Returning LmfitResult with None.
2026-03-10 10:30:52,313 - root - ERROR - Chunk 164: No Data! Returning LmfitResult with None.
2026-03-10 10:30:52,314 - root - ERROR - Chunk 165: No Data! Returning LmfitResult with None.
2026-03-10 10:30:52,315 - root - ERROR - Chunk 166: No Data! Returning LmfitResult with None.
2026-03-10 10:30:52,316 - root - ERROR - Chunk 167: No Data! Returning LmfitResult with None.
2026-03-10 10:30:52,317 - root - ERROR - Chunk 168: No Data! Returning LmfitResult with None.
2026-03-10 10:30:52,318 - root - ERROR - Chunk 169: No Data! Returning LmfitResult with None.
2026-03-10 10:30:52,319 - root - ERROR - Chunk 170: No Data! Returning LmfitResult with None.
2026-03-10 10:30:52,320 - root - ERROR - Chunk 171: No Data! Returning LmfitResult with None.
2026-03-10 10:30:52,320 - root - ERROR - Chunk 172: No Data! Returning LmfitResult with None.
2026-03-10 10:30:52,321 - root - ERROR - Chunk 173: No Data! Returning LmfitResult with None.
2026-03-10 10:30:52,323 - root - ERROR - Chunk 174: No Data! Returning LmfitResult with None.
2026-03-10 10:30:52,324 - root - ERROR - Chunk 175: No Data! Returning LmfitResult with None.
2026-03-10 10:30:52,325 - root - ERROR - Chunk 176: No Data! Returning LmfitResult with None.
2026-03-10 10:30:52,326 - root - ERROR - Chunk 177: No Data! Returning LmfitResult with None.
2026-03-10 10:30:52,327 - root - ERROR - Chunk 178: No Data! Returning LmfitResult with None.
2026-03-10 10:30:52,328 - root - ERROR - Chunk 179: No Data! Returning LmfitResult with None.
2026-03-10 10:30:52,329 - root - ERROR - Chunk 180: No Data! Returning LmfitResult with None.
2026-03-10 10:30:52,330 - root - ERROR - Chunk 181: No Data! Returning LmfitResult with None.
2026-03-10 10:30:52,331 - root - ERROR - Chunk 182: No Data! Returning LmfitResult with None.
2026-03-10 10:30:52,332 - root - ERROR - Chunk 183: No Data! Returning LmfitResult with None.
2026-03-10 10:30:52,333 - root - ERROR - Chunk 184: No Data! Returning LmfitResult with None.
2026-03-10 10:30:52,334 - root - ERROR - Chunk 185: No Data! Returning LmfitResult with None.
2026-03-10 10:30:52,335 - root - ERROR - Chunk 186: No Data! Returning LmfitResult with None.
2026-03-10 10:30:52,336 - root - ERROR - Chunk 187: No Data! Returning LmfitResult with None.
2026-03-10 10:30:52,337 - root - ERROR - Chunk 188: No Data! Returning LmfitResult with None.
2026-03-10 10:30:52,338 - root - ERROR - Chunk 189: No Data! Returning LmfitResult with None.
2026-03-10 10:30:52,339 - root - ERROR - Chunk 190: No Data! Returning LmfitResult with None.
2026-03-10 10:30:52,341 - root - ERROR - Chunk 191: No Data! Returning LmfitResult with None.
2026-03-10 10:30:52,342 - root - ERROR - Chunk 192: No Data! Returning LmfitResult with None.
2026-03-10 10:30:52,343 - root - ERROR - Chunk 193: No Data! Returning LmfitResult with None.
2026-03-10 10:30:52,345 - root - ERROR - Chunk 194: No Data! Returning LmfitResult with None.
2026-03-10 10:30:52,346 - root - ERROR - Chunk 195: No Data! Returning LmfitResult with None.
2026-03-10 10:30:52,347 - root - ERROR - Chunk 196: No Data! Returning LmfitResult with None.
2026-03-10 10:30:52,348 - root - ERROR - Chunk 197: No Data! Returning LmfitResult with None.
2026-03-10 10:30:52,349 - root - ERROR - Chunk 198: No Data! Returning LmfitResult with None.
2026-03-10 10:30:52,350 - root - ERROR - Chunk 199: No Data! Returning LmfitResult with None.
2026-03-10 10:30:52,352 - root - ERROR - Chunk 200: No Data! Returning LmfitResult with None.
2026-03-10 10:30:52,353 - root - ERROR - Chunk 201: No Data! Returning LmfitResult with None.
2026-03-10 10:30:52,354 - root - ERROR - Chunk 202: No Data! Returning LmfitResult with None.
2026-03-10 10:30:52,355 - root - ERROR - Chunk 203: No Data! Returning LmfitResult with None.
2026-03-10 10:30:52,356 - root - ERROR - Chunk 204: No Data! Returning LmfitResult with None.
2026-03-10 10:30:52,357 - root - ERROR - Chunk 205: No Data! Returning LmfitResult with None.
2026-03-10 10:30:52,359 - root - ERROR - Chunk 206: No Data! Returning LmfitResult with None.
2026-03-10 10:30:52,360 - root - ERROR - Chunk 207: No Data! Returning LmfitResult with None.
2026-03-10 10:30:52,361 - root - ERROR - Chunk 208: No Data! Returning LmfitResult with None.
2026-03-10 10:30:52,362 - root - ERROR - Chunk 209: No Data! Returning LmfitResult with None.
2026-03-10 10:30:52,363 - root - ERROR - Chunk 210: No Data! Returning LmfitResult with None.
2026-03-10 10:30:52,364 - root - ERROR - Chunk 211: No Data! Returning LmfitResult with None.
2026-03-10 10:30:52,365 - root - ERROR - Chunk 212: No Data! Returning LmfitResult with None.
2026-03-10 10:30:52,366 - root - ERROR - Chunk 213: No Data! Returning LmfitResult with None.
2026-03-10 10:30:52,367 - root - ERROR - Chunk 214: No Data! Returning LmfitResult with None.
2026-03-10 10:30:52,368 - root - ERROR - Chunk 215: No Data! Returning LmfitResult with None.
2026-03-10 10:30:52,369 - root - ERROR - Chunk 216: No Data! Returning LmfitResult with None.
2026-03-10 10:30:52,371 - root - ERROR - Chunk 217: No Data! Returning LmfitResult with None.
2026-03-10 10:30:52,372 - root - ERROR - Chunk 218: No Data! Returning LmfitResult with None.
2026-03-10 10:30:52,373 - root - ERROR - Chunk 219: No Data! Returning LmfitResult with None.
2026-03-10 10:30:52,374 - root - ERROR - Chunk 220: No Data! Returning LmfitResult with None.
2026-03-10 10:30:52,375 - root - ERROR - Chunk 221: No Data! Returning LmfitResult with None.
2026-03-10 10:30:52,376 - root - ERROR - Chunk 222: No Data! Returning LmfitResult with None.
2026-03-10 10:30:52,378 - root - ERROR - Chunk 223: No Data! Returning LmfitResult with None.
2026-03-10 10:30:52,379 - root - ERROR - Chunk 224: No Data! Returning LmfitResult with None.
2026-03-10 10:30:52,380 - root - ERROR - Chunk 225: No Data! Returning LmfitResult with None.
2026-03-10 10:30:52,381 - root - ERROR - Chunk 226: No Data! Returning LmfitResult with None.
2026-03-10 10:30:52,382 - root - ERROR - Chunk 227: No Data! Returning LmfitResult with None.
2026-03-10 10:30:52,383 - root - ERROR - Chunk 228: No Data! Returning LmfitResult with None.
2026-03-10 10:30:52,384 - root - ERROR - Chunk 229: No Data! Returning LmfitResult with None.
2026-03-10 10:30:52,385 - root - ERROR - Chunk 230: No Data! Returning LmfitResult with None.
2026-03-10 10:30:52,387 - root - ERROR - Chunk 231: No Data! Returning LmfitResult with None.
2026-03-10 10:30:52,388 - root - ERROR - Chunk 232: No Data! Returning LmfitResult with None.
2026-03-10 10:30:52,389 - root - ERROR - Chunk 233: No Data! Returning LmfitResult with None.
2026-03-10 10:30:52,390 - root - ERROR - Chunk 234: No Data! Returning LmfitResult with None.
2026-03-10 10:30:52,391 - root - ERROR - Chunk 235: No Data! Returning LmfitResult with None.
2026-03-10 10:30:52,392 - root - ERROR - Chunk 236: No Data! Returning LmfitResult with None.
2026-03-10 10:30:52,394 - root - ERROR - Chunk 237: No Data! Returning LmfitResult with None.
2026-03-10 10:30:52,395 - root - ERROR - Chunk 238: No Data! Returning LmfitResult with None.
2026-03-10 10:30:52,398 - root - ERROR - Chunk 239: No Data! Returning LmfitResult with None.
2026-03-10 10:30:52,399 - root - ERROR - Chunk 240: No Data! Returning LmfitResult with None.
2026-03-10 10:30:52,400 - root - ERROR - Chunk 241: No Data! Returning LmfitResult with None.
2026-03-10 10:30:52,401 - root - ERROR - Chunk 242: No Data! Returning LmfitResult with None.
2026-03-10 10:30:52,402 - root - ERROR - Chunk 243: No Data! Returning LmfitResult with None.
2026-03-10 10:30:52,404 - root - ERROR - Chunk 244: No Data! Returning LmfitResult with None.
2026-03-10 10:30:52,405 - root - ERROR - Chunk 245: No Data! Returning LmfitResult with None.
2026-03-10 10:30:52,406 - root - ERROR - Chunk 246: No Data! Returning LmfitResult with None.
2026-03-10 10:30:52,407 - root - ERROR - Chunk 247: No Data! Returning LmfitResult with None.
2026-03-10 10:30:52,408 - root - ERROR - Chunk 248: No Data! Returning LmfitResult with None.
2026-03-10 10:30:52,409 - root - ERROR - Chunk 249: No Data! Returning LmfitResult with None.
2026-03-10 10:30:52,410 - root - ERROR - Chunk 250: No Data! Returning LmfitResult with None.
2026-03-10 10:30:52,412 - root - ERROR - Chunk 251: No Data! Returning LmfitResult with None.
2026-03-10 10:30:52,413 - root - ERROR - Chunk 252: No Data! Returning LmfitResult with None.
2026-03-10 10:30:52,414 - root - ERROR - Chunk 253: No Data! Returning LmfitResult with None.
2026-03-10 10:30:52,415 - root - ERROR - Chunk 254: No Data! Returning LmfitResult with None.
2026-03-10 10:30:52,416 - root - ERROR - Chunk 255: No Data! Returning LmfitResult with None.
2026-03-10 10:30:52,418 - root - ERROR - Chunk 256: No Data! Returning LmfitResult with None.
2026-03-10 10:30:52,419 - root - ERROR - Chunk 257: No Data! Returning LmfitResult with None.
2026-03-10 10:30:52,420 - root - ERROR - Chunk 258: No Data! Returning LmfitResult with None.
2026-03-10 10:30:52,421 - root - ERROR - Chunk 259: No Data! Returning LmfitResult with None.
2026-03-10 10:30:52,422 - root - ERROR - Chunk 260: No Data! Returning LmfitResult with None.
2026-03-10 10:30:52,423 - root - ERROR - Chunk 261: No Data! Returning LmfitResult with None.
2026-03-10 10:30:52,424 - root - ERROR - Chunk 262: No Data! Returning LmfitResult with None.
2026-03-10 10:30:52,425 - root - ERROR - Chunk 263: No Data! Returning LmfitResult with None.
2026-03-10 10:30:52,426 - root - ERROR - Chunk 264: No Data! Returning LmfitResult with None.
2026-03-10 10:30:52,427 - root - ERROR - Chunk 265: No Data! Returning LmfitResult with None.
2026-03-10 10:30:52,428 - root - ERROR - Chunk 266: No Data! Returning LmfitResult with None.
2026-03-10 10:30:52,429 - root - ERROR - Chunk 267: No Data! Returning LmfitResult with None.
2026-03-10 10:30:52,430 - root - ERROR - Chunk 268: No Data! Returning LmfitResult with None.
2026-03-10 10:30:52,431 - root - ERROR - Chunk 269: No Data! Returning LmfitResult with None.
2026-03-10 10:30:52,432 - root - ERROR - Chunk 270: No Data! Returning LmfitResult with None.
2026-03-10 10:30:52,433 - root - ERROR - Chunk 271: No Data! Returning LmfitResult with None.
2026-03-10 10:30:52,434 - root - ERROR - Chunk 272: No Data! Returning LmfitResult with None.
2026-03-10 10:30:52,435 - root - ERROR - Chunk 273: No Data! Returning LmfitResult with None.
2026-03-10 10:30:52,436 - root - ERROR - Chunk 274: No Data! Returning LmfitResult with None.
2026-03-10 10:30:52,437 - root - ERROR - Chunk 275: No Data! Returning LmfitResult with None.
2026-03-10 10:30:52,438 - root - ERROR - Chunk 276: No Data! Returning LmfitResult with None.
2026-03-10 10:30:52,439 - root - ERROR - Chunk 277: No Data! Returning LmfitResult with None.
2026-03-10 10:30:52,441 - root - ERROR - Chunk 278: No Data! Returning LmfitResult with None.
2026-03-10 10:30:52,442 - root - ERROR - Chunk 279: No Data! Returning LmfitResult with None.
2026-03-10 10:30:52,442 - root - ERROR - Chunk 280: No Data! Returning LmfitResult with None.
2026-03-10 10:31:17,909 - root - ERROR - Polynomial fitting failed. Falling back to input values
Traceback (most recent call last):
  File "/Users/jaklusmeyer/SONG/pyodine/pyodine/lib/misc.py", line 529, in fit_polynomial
    pfit, stats = np.polynomial.Polynomial.fit(
  File "/Users/jaklusmeyer/miniconda/envs/pyodine_env/lib/python3.9/site-packages/numpy/polynomial/_polybase.py", line 1036, in fit
    xnew = pu.mapdomain(x, domain, window)
  File "/Users/jaklusmeyer/miniconda/envs/pyodine_env/lib/python3.9/site-packages/numpy/polynomial/polyutils.py", line 371, in mapdomain
    off, scl = mapparms(old, new)
  File "/Users/jaklusmeyer/miniconda/envs/pyodine_env/lib/python3.9/site-packages/numpy/polynomial/polyutils.py", line 303, in mapparms
    off = (old[1]*new[0] - old[0]*new[1])/oldlen
ZeroDivisionError: division by zero
2026-03-10 10:31:17,911 - root - ERROR - Polynomial fitting failed. Falling back to input values
Traceback (most recent call last):
  File "/Users/jaklusmeyer/SONG/pyodine/pyodine/lib/misc.py", line 529, in fit_polynomial
    pfit, stats = np.polynomial.Polynomial.fit(
  File "/Users/jaklusmeyer/miniconda/envs/pyodine_env/lib/python3.9/site-packages/numpy/polynomial/_polybase.py", line 1036, in fit
    xnew = pu.mapdomain(x, domain, window)
  File "/Users/jaklusmeyer/miniconda/envs/pyodine_env/lib/python3.9/site-packages/numpy/polynomial/polyutils.py", line 371, in mapdomain
    off, scl = mapparms(old, new)
  File "/Users/jaklusmeyer/miniconda/envs/pyodine_env/lib/python3.9/site-packages/numpy/polynomial/polyutils.py", line 303, in mapparms
    off = (old[1]*new[0] - old[0]*new[1])/oldlen
ZeroDivisionError: division by zero
2026-03-10 10:31:17,912 - root - ERROR - Polynomial fitting failed. Falling back to input values
Traceback (most recent call last):
  File "/Users/jaklusmeyer/SONG/pyodine/pyodine/lib/misc.py", line 529, in fit_polynomial
    pfit, stats = np.polynomial.Polynomial.fit(
  File "/Users/jaklusmeyer/miniconda/envs/pyodine_env/lib/python3.9/site-packages/numpy/polynomial/_polybase.py", line 1036, in fit
    xnew = pu.mapdomain(x, domain, window)
  File "/Users/jaklusmeyer/miniconda/envs/pyodine_env/lib/python3.9/site-packages/numpy/polynomial/polyutils.py", line 371, in mapdomain
    off, scl = mapparms(old, new)
  File "/Users/jaklusmeyer/miniconda/envs/pyodine_env/lib/python3.9/site-packages/numpy/polynomial/polyutils.py", line 303, in mapparms
    off = (old[1]*new[0] - old[0]*new[1])/oldlen
ZeroDivisionError: division by zero
2026-03-10 10:31:17,913 - root - ERROR - Polynomial fitting failed. Falling back to input values
Traceback (most recent call last):
  File "/Users/jaklusmeyer/SONG/pyodine/pyodine/lib/misc.py", line 529, in fit_polynomial
    pfit, stats = np.polynomial.Polynomial.fit(
  File "/Users/jaklusmeyer/miniconda/envs/pyodine_env/lib/python3.9/site-packages/numpy/polynomial/_polybase.py", line 1036, in fit
    xnew = pu.mapdomain(x, domain, window)
  File "/Users/jaklusmeyer/miniconda/envs/pyodine_env/lib/python3.9/site-packages/numpy/polynomial/polyutils.py", line 371, in mapdomain
    off, scl = mapparms(old, new)
  File "/Users/jaklusmeyer/miniconda/envs/pyodine_env/lib/python3.9/site-packages/numpy/polynomial/polyutils.py", line 303, in mapparms
    off = (old[1]*new[0] - old[0]*new[1])/oldlen
ZeroDivisionError: division by zero
2026-03-10 10:31:17,914 - root - ERROR - Polynomial fitting failed. Falling back to input values
Traceback (most recent call last):
  File "/Users/jaklusmeyer/SONG/pyodine/pyodine/lib/misc.py", line 529, in fit_polynomial
    pfit, stats = np.polynomial.Polynomial.fit(
  File "/Users/jaklusmeyer/miniconda/envs/pyodine_env/lib/python3.9/site-packages/numpy/polynomial/_polybase.py", line 1036, in fit
    xnew = pu.mapdomain(x, domain, window)
  File "/Users/jaklusmeyer/miniconda/envs/pyodine_env/lib/python3.9/site-packages/numpy/polynomial/polyutils.py", line 371, in mapdomain
    off, scl = mapparms(old, new)
  File "/Users/jaklusmeyer/miniconda/envs/pyodine_env/lib/python3.9/site-packages/numpy/polynomial/polyutils.py", line 303, in mapparms
    off = (old[1]*new[0] - old[0]*new[1])/oldlen
ZeroDivisionError: division by zero
2026-03-10 10:31:17,915 - root - ERROR - Polynomial fitting failed. Falling back to input values
Traceback (most recent call last):
  File "/Users/jaklusmeyer/SONG/pyodine/pyodine/lib/misc.py", line 529, in fit_polynomial
    pfit, stats = np.polynomial.Polynomial.fit(
  File "/Users/jaklusmeyer/miniconda/envs/pyodine_env/lib/python3.9/site-packages/numpy/polynomial/_polybase.py", line 1036, in fit
    xnew = pu.mapdomain(x, domain, window)
  File "/Users/jaklusmeyer/miniconda/envs/pyodine_env/lib/python3.9/site-packages/numpy/polynomial/polyutils.py", line 371, in mapdomain
    off, scl = mapparms(old, new)
  File "/Users/jaklusmeyer/miniconda/envs/pyodine_env/lib/python3.9/site-packages/numpy/polynomial/polyutils.py", line 303, in mapparms
    off = (old[1]*new[0] - old[0]*new[1])/oldlen
ZeroDivisionError: division by zero
2026-03-10 10:31:17,917 - root - ERROR - Polynomial fitting failed. Falling back to input values
Traceback (most recent call last):
  File "/Users/jaklusmeyer/SONG/pyodine/pyodine/lib/misc.py", line 529, in fit_polynomial
    pfit, stats = np.polynomial.Polynomial.fit(
  File "/Users/jaklusmeyer/miniconda/envs/pyodine_env/lib/python3.9/site-packages/numpy/polynomial/_polybase.py", line 1036, in fit
    xnew = pu.mapdomain(x, domain, window)
  File "/Users/jaklusmeyer/miniconda/envs/pyodine_env/lib/python3.9/site-packages/numpy/polynomial/polyutils.py", line 371, in mapdomain
    off, scl = mapparms(old, new)
  File "/Users/jaklusmeyer/miniconda/envs/pyodine_env/lib/python3.9/site-packages/numpy/polynomial/polyutils.py", line 303, in mapparms
    off = (old[1]*new[0] - old[0]*new[1])/oldlen
ZeroDivisionError: division by zero
2026-03-10 10:31:17,924 - root - ERROR - Polynomial fitting failed. Falling back to input values
Traceback (most recent call last):
  File "/Users/jaklusmeyer/SONG/pyodine/pyodine/lib/misc.py", line 529, in fit_polynomial
    pfit, stats = np.polynomial.Polynomial.fit(
  File "/Users/jaklusmeyer/miniconda/envs/pyodine_env/lib/python3.9/site-packages/numpy/polynomial/_polybase.py", line 1036, in fit
    xnew = pu.mapdomain(x, domain, window)
  File "/Users/jaklusmeyer/miniconda/envs/pyodine_env/lib/python3.9/site-packages/numpy/polynomial/polyutils.py", line 371, in mapdomain
    off, scl = mapparms(old, new)
  File "/Users/jaklusmeyer/miniconda/envs/pyodine_env/lib/python3.9/site-packages/numpy/polynomial/polyutils.py", line 303, in mapparms
    off = (old[1]*new[0] - old[0]*new[1])/oldlen
ZeroDivisionError: division by zero
2026-03-10 10:31:17,925 - root - ERROR - Polynomial fitting failed. Falling back to input values
Traceback (most recent call last):
  File "/Users/jaklusmeyer/SONG/pyodine/pyodine/lib/misc.py", line 529, in fit_polynomial
    pfit, stats = np.polynomial.Polynomial.fit(
  File "/Users/jaklusmeyer/miniconda/envs/pyodine_env/lib/python3.9/site-packages/numpy/polynomial/_polybase.py", line 1036, in fit
    xnew = pu.mapdomain(x, domain, window)
  File "/Users/jaklusmeyer/miniconda/envs/pyodine_env/lib/python3.9/site-packages/numpy/polynomial/polyutils.py", line 371, in mapdomain
    off, scl = mapparms(old, new)
  File "/Users/jaklusmeyer/miniconda/envs/pyodine_env/lib/python3.9/site-packages/numpy/polynomial/polyutils.py", line 303, in mapparms
    off = (old[1]*new[0] - old[0]*new[1])/oldlen
ZeroDivisionError: division by zero
2026-03-10 10:31:17,926 - root - ERROR - Polynomial fitting failed. Falling back to input values
Traceback (most recent call last):
  File "/Users/jaklusmeyer/SONG/pyodine/pyodine/lib/misc.py", line 529, in fit_polynomial
    pfit, stats = np.polynomial.Polynomial.fit(
  File "/Users/jaklusmeyer/miniconda/envs/pyodine_env/lib/python3.9/site-packages/numpy/polynomial/_polybase.py", line 1036, in fit
    xnew = pu.mapdomain(x, domain, window)
  File "/Users/jaklusmeyer/miniconda/envs/pyodine_env/lib/python3.9/site-packages/numpy/polynomial/polyutils.py", line 371, in mapdomain
    off, scl = mapparms(old, new)
  File "/Users/jaklusmeyer/miniconda/envs/pyodine_env/lib/python3.9/site-packages/numpy/polynomial/polyutils.py", line 303, in mapparms
    off = (old[1]*new[0] - old[0]*new[1])/oldlen
ZeroDivisionError: division by zero
2026-03-10 10:31:17,927 - root - ERROR - Polynomial fitting failed. Falling back to input values
Traceback (most recent call last):
  File "/Users/jaklusmeyer/SONG/pyodine/pyodine/lib/misc.py", line 529, in fit_polynomial
    pfit, stats = np.polynomial.Polynomial.fit(
  File "/Users/jaklusmeyer/miniconda/envs/pyodine_env/lib/python3.9/site-packages/numpy/polynomial/_polybase.py", line 1036, in fit
    xnew = pu.mapdomain(x, domain, window)
  File "/Users/jaklusmeyer/miniconda/envs/pyodine_env/lib/python3.9/site-packages/numpy/polynomial/polyutils.py", line 371, in mapdomain
    off, scl = mapparms(old, new)
  File "/Users/jaklusmeyer/miniconda/envs/pyodine_env/lib/python3.9/site-packages/numpy/polynomial/polyutils.py", line 303, in mapparms
    off = (old[1]*new[0] - old[0]*new[1])/oldlen
ZeroDivisionError: division by zero
2026-03-10 10:31:17,928 - root - ERROR - Polynomial fitting failed. Falling back to input values
Traceback (most recent call last):
  File "/Users/jaklusmeyer/SONG/pyodine/pyodine/lib/misc.py", line 529, in fit_polynomial
    pfit, stats = np.polynomial.Polynomial.fit(
  File "/Users/jaklusmeyer/miniconda/envs/pyodine_env/lib/python3.9/site-packages/numpy/polynomial/_polybase.py", line 1036, in fit
    xnew = pu.mapdomain(x, domain, window)
  File "/Users/jaklusmeyer/miniconda/envs/pyodine_env/lib/python3.9/site-packages/numpy/polynomial/polyutils.py", line 371, in mapdomain
    off, scl = mapparms(old, new)
  File "/Users/jaklusmeyer/miniconda/envs/pyodine_env/lib/python3.9/site-packages/numpy/polynomial/polyutils.py", line 303, in mapparms
    off = (old[1]*new[0] - old[0]*new[1])/oldlen
ZeroDivisionError: division by zero
2026-03-10 10:31:17,930 - root - ERROR - Polynomial fitting failed. Falling back to input values
Traceback (most recent call last):
  File "/Users/jaklusmeyer/SONG/pyodine/pyodine/lib/misc.py", line 529, in fit_polynomial
    pfit, stats = np.polynomial.Polynomial.fit(
  File "/Users/jaklusmeyer/miniconda/envs/pyodine_env/lib/python3.9/site-packages/numpy/polynomial/_polybase.py", line 1036, in fit
    xnew = pu.mapdomain(x, domain, window)
  File "/Users/jaklusmeyer/miniconda/envs/pyodine_env/lib/python3.9/site-packages/numpy/polynomial/polyutils.py", line 371, in mapdomain
    off, scl = mapparms(old, new)
  File "/Users/jaklusmeyer/miniconda/envs/pyodine_env/lib/python3.9/site-packages/numpy/polynomial/polyutils.py", line 303, in mapparms
    off = (old[1]*new[0] - old[0]*new[1])/oldlen
ZeroDivisionError: division by zero
2026-03-10 10:31:17,931 - root - ERROR - Polynomial fitting failed. Falling back to input values
Traceback (most recent call last):
  File "/Users/jaklusmeyer/SONG/pyodine/pyodine/lib/misc.py", line 529, in fit_polynomial
    pfit, stats = np.polynomial.Polynomial.fit(
  File "/Users/jaklusmeyer/miniconda/envs/pyodine_env/lib/python3.9/site-packages/numpy/polynomial/_polybase.py", line 1036, in fit
    xnew = pu.mapdomain(x, domain, window)
  File "/Users/jaklusmeyer/miniconda/envs/pyodine_env/lib/python3.9/site-packages/numpy/polynomial/polyutils.py", line 371, in mapdomain
    off, scl = mapparms(old, new)
  File "/Users/jaklusmeyer/miniconda/envs/pyodine_env/lib/python3.9/site-packages/numpy/polynomial/polyutils.py", line 303, in mapparms
    off = (old[1]*new[0] - old[0]*new[1])/oldlen
ZeroDivisionError: division by zero
2026-03-10 10:31:20,968 - root - ERROR - NaN value detected in iodine function.
2026-03-10 10:31:20,970 - root - ERROR - Chunk could not be plotted
Traceback (most recent call last):
  File "/Users/jaklusmeyer/SONG/pyodine/pyodine/plot_lib.py", line 62, in plot_chunkmodel
    sp = fit_results[chunk_nr].fitted_spectrum
  File "/Users/jaklusmeyer/SONG/pyodine/pyodine/fitters/base.py", line 45, in fitted_spectrum
    return self.model.eval_spectrum(self.chunk, self.params, chunk_ind=self.chunk_ind)
  File "/Users/jaklusmeyer/SONG/pyodine/pyodine/models/base.py", line 79, in eval_spectrum
    flux = self.eval(chunk, params, chunk_ind=chunk_ind, **kwargs)
  File "/Users/jaklusmeyer/SONG/pyodine/pyodine/models/spectrum.py", line 138, in eval
    tck = splrep(tem.wave * doppler, flux_tem, s=0)
  File "/Users/jaklusmeyer/miniconda/envs/pyodine_env/lib/python3.9/site-packages/scipy/interpolate/_fitpack_py.py", line 295, in splrep
    res = _impl.splrep(x, y, w, xb, xe, k, task, s, t, full_output, per, quiet)
  File "/Users/jaklusmeyer/miniconda/envs/pyodine_env/lib/python3.9/site-packages/scipy/interpolate/_fitpack_impl.py", line 276, in splrep
    n, c, fp, ier = dfitpack.curfit(task, x, y, w, t, wrk, iwrk,
dfitpack.error: (xb<=x[0]) failed for 1st keyword xb: curfit:xb=nan
2026-03-10 10:31:21,239 - root - ERROR - NaN value detected in iodine function.
2026-03-10 10:31:21,259 - root - ERROR - Chunk could not be plotted
Traceback (most recent call last):
  File "/Users/jaklusmeyer/SONG/pyodine/pyodine/plot_lib.py", line 62, in plot_chunkmodel
    sp = fit_results[chunk_nr].fitted_spectrum
  File "/Users/jaklusmeyer/SONG/pyodine/pyodine/fitters/base.py", line 45, in fitted_spectrum
    return self.model.eval_spectrum(self.chunk, self.params, chunk_ind=self.chunk_ind)
  File "/Users/jaklusmeyer/SONG/pyodine/pyodine/models/base.py", line 79, in eval_spectrum
    flux = self.eval(chunk, params, chunk_ind=chunk_ind, **kwargs)
  File "/Users/jaklusmeyer/SONG/pyodine/pyodine/models/spectrum.py", line 138, in eval
    tck = splrep(tem.wave * doppler, flux_tem, s=0)
  File "/Users/jaklusmeyer/miniconda/envs/pyodine_env/lib/python3.9/site-packages/scipy/interpolate/_fitpack_py.py", line 295, in splrep
    res = _impl.splrep(x, y, w, xb, xe, k, task, s, t, full_output, per, quiet)
  File "/Users/jaklusmeyer/miniconda/envs/pyodine_env/lib/python3.9/site-packages/scipy/interpolate/_fitpack_impl.py", line 276, in splrep
    n, c, fp, ier = dfitpack.curfit(task, x, y, w, t, wrk, iwrk,
dfitpack.error: (xb<=x[0]) failed for 1st keyword xb: curfit:xb=nan
2026-03-10 10:31:26,365 - root - ERROR - Chunk 0: No Data! Returning LmfitResult with None.
2026-03-10 10:31:26,367 - root - ERROR - Chunk 1: No Data! Returning LmfitResult with None.
2026-03-10 10:31:26,368 - root - ERROR - Chunk 2: No Data! Returning LmfitResult with None.
2026-03-10 10:31:26,369 - root - ERROR - Chunk 3: No Data! Returning LmfitResult with None.
2026-03-10 10:31:26,370 - root - ERROR - Chunk 4: No Data! Returning LmfitResult with None.
2026-03-10 10:31:26,371 - root - ERROR - Chunk 5: No Data! Returning LmfitResult with None.
2026-03-10 10:31:26,372 - root - ERROR - Chunk 6: No Data! Returning LmfitResult with None.
2026-03-10 10:31:26,373 - root - ERROR - Chunk 7: No Data! Returning LmfitResult with None.
2026-03-10 10:31:26,374 - root - ERROR - Chunk 8: No Data! Returning LmfitResult with None.
2026-03-10 10:31:26,375 - root - ERROR - Chunk 9: No Data! Returning LmfitResult with None.
2026-03-10 10:31:26,376 - root - ERROR - Chunk 10: No Data! Returning LmfitResult with None.
2026-03-10 10:31:26,377 - root - ERROR - Chunk 11: No Data! Returning LmfitResult with None.
2026-03-10 10:31:26,377 - root - ERROR - Chunk 12: No Data! Returning LmfitResult with None.
2026-03-10 10:31:26,378 - root - ERROR - Chunk 13: No Data! Returning LmfitResult with None.
2026-03-10 10:31:26,379 - root - ERROR - Chunk 14: No Data! Returning LmfitResult with None.
2026-03-10 10:31:26,380 - root - ERROR - Chunk 15: No Data! Returning LmfitResult with None.
2026-03-10 10:31:26,381 - root - ERROR - Chunk 16: No Data! Returning LmfitResult with None.
2026-03-10 10:31:26,427 - root - ERROR - Chunk 17: No Data! Returning LmfitResult with None.
2026-03-10 10:31:26,428 - root - ERROR - Chunk 18: No Data! Returning LmfitResult with None.
2026-03-10 10:31:26,429 - root - ERROR - Chunk 19: No Data! Returning LmfitResult with None.
2026-03-10 10:31:26,430 - root - ERROR - Chunk 20: No Data! Returning LmfitResult with None.
2026-03-10 10:31:26,431 - root - ERROR - Chunk 21: No Data! Returning LmfitResult with None.
2026-03-10 10:31:26,432 - root - ERROR - Chunk 22: No Data! Returning LmfitResult with None.
2026-03-10 10:31:26,434 - root - ERROR - Chunk 23: No Data! Returning LmfitResult with None.
2026-03-10 10:31:26,434 - root - ERROR - Chunk 24: No Data! Returning LmfitResult with None.
2026-03-10 10:31:26,446 - root - ERROR - Chunk 25: No Data! Returning LmfitResult with None.
2026-03-10 10:31:26,447 - root - ERROR - Chunk 26: No Data! Returning LmfitResult with None.
2026-03-10 10:31:26,448 - root - ERROR - Chunk 27: No Data! Returning LmfitResult with None.
2026-03-10 10:31:26,449 - root - ERROR - Chunk 28: No Data! Returning LmfitResult with None.
2026-03-10 10:31:26,450 - root - ERROR - Chunk 29: No Data! Returning LmfitResult with None.
2026-03-10 10:31:26,451 - root - ERROR - Chunk 30: No Data! Returning LmfitResult with None.
2026-03-10 10:31:26,452 - root - ERROR - Chunk 31: No Data! Returning LmfitResult with None.
2026-03-10 10:31:26,455 - root - ERROR - Chunk 32: No Data! Returning LmfitResult with None.
2026-03-10 10:31:26,456 - root - ERROR - Chunk 33: No Data! Returning LmfitResult with None.
2026-03-10 10:31:26,457 - root - ERROR - Chunk 34: No Data! Returning LmfitResult with None.
2026-03-10 10:31:26,458 - root - ERROR - Chunk 35: No Data! Returning LmfitResult with None.
2026-03-10 10:31:26,459 - root - ERROR - Chunk 36: No Data! Returning LmfitResult with None.
2026-03-10 10:31:26,460 - root - ERROR - Chunk 37: No Data! Returning LmfitResult with None.
2026-03-10 10:31:26,461 - root - ERROR - Chunk 38: No Data! Returning LmfitResult with None.
2026-03-10 10:31:26,462 - root - ERROR - Chunk 39: No Data! Returning LmfitResult with None.
2026-03-10 10:31:26,463 - root - ERROR - Chunk 40: No Data! Returning LmfitResult with None.
2026-03-10 10:31:26,464 - root - ERROR - Chunk 41: No Data! Returning LmfitResult with None.
2026-03-10 10:31:26,465 - root - ERROR - Chunk 42: No Data! Returning LmfitResult with None.
2026-03-10 10:31:26,466 - root - ERROR - Chunk 43: No Data! Returning LmfitResult with None.
2026-03-10 10:31:26,467 - root - ERROR - Chunk 44: No Data! Returning LmfitResult with None.
2026-03-10 10:31:26,468 - root - ERROR - Chunk 45: No Data! Returning LmfitResult with None.
2026-03-10 10:31:26,469 - root - ERROR - Chunk 46: No Data! Returning LmfitResult with None.
2026-03-10 10:31:26,470 - root - ERROR - Chunk 47: No Data! Returning LmfitResult with None.
2026-03-10 10:31:26,471 - root - ERROR - Chunk 48: No Data! Returning LmfitResult with None.
2026-03-10 10:31:26,472 - root - ERROR - Chunk 49: No Data! Returning LmfitResult with None.
2026-03-10 10:31:26,473 - root - ERROR - Chunk 50: No Data! Returning LmfitResult with None.
2026-03-10 10:31:26,474 - root - ERROR - Chunk 51: No Data! Returning LmfitResult with None.
2026-03-10 10:31:26,475 - root - ERROR - Chunk 52: No Data! Returning LmfitResult with None.
2026-03-10 10:31:26,476 - root - ERROR - Chunk 53: No Data! Returning LmfitResult with None.
2026-03-10 10:31:26,477 - root - ERROR - Chunk 54: No Data! Returning LmfitResult with None.
2026-03-10 10:31:26,478 - root - ERROR - Chunk 55: No Data! Returning LmfitResult with None.
2026-03-10 10:31:26,480 - root - ERROR - Chunk 56: No Data! Returning LmfitResult with None.
2026-03-10 10:31:26,482 - root - ERROR - Chunk 57: No Data! Returning LmfitResult with None.
2026-03-10 10:31:26,483 - root - ERROR - Chunk 58: No Data! Returning LmfitResult with None.
2026-03-10 10:31:26,528 - root - ERROR - Chunk 59: No Data! Returning LmfitResult with None.
2026-03-10 10:31:26,532 - root - ERROR - Chunk 60: No Data! Returning LmfitResult with None.
2026-03-10 10:31:26,534 - root - ERROR - Chunk 61: No Data! Returning LmfitResult with None.
2026-03-10 10:31:26,537 - root - ERROR - Chunk 62: No Data! Returning LmfitResult with None.
2026-03-10 10:31:26,539 - root - ERROR - Chunk 63: No Data! Returning LmfitResult with None.
2026-03-10 10:31:26,553 - root - ERROR - Chunk 64: No Data! Returning LmfitResult with None.
2026-03-10 10:31:26,555 - root - ERROR - Chunk 65: No Data! Returning LmfitResult with None.
2026-03-10 10:31:26,558 - root - ERROR - Chunk 66: No Data! Returning LmfitResult with None.
2026-03-10 10:31:26,560 - root - ERROR - Chunk 67: No Data! Returning LmfitResult with None.
2026-03-10 10:31:26,562 - root - ERROR - Chunk 68: No Data! Returning LmfitResult with None.
2026-03-10 10:31:26,567 - root - ERROR - Chunk 69: No Data! Returning LmfitResult with None.
2026-03-10 10:31:26,569 - root - ERROR - Chunk 70: No Data! Returning LmfitResult with None.
2026-03-10 10:31:26,572 - root - ERROR - Chunk 71: No Data! Returning LmfitResult with None.
2026-03-10 10:31:26,575 - root - ERROR - Chunk 72: No Data! Returning LmfitResult with None.
2026-03-10 10:31:26,577 - root - ERROR - Chunk 73: No Data! Returning LmfitResult with None.
2026-03-10 10:31:26,582 - root - ERROR - Chunk 74: No Data! Returning LmfitResult with None.
2026-03-10 10:31:26,584 - root - ERROR - Chunk 75: No Data! Returning LmfitResult with None.
2026-03-10 10:31:26,585 - root - ERROR - Chunk 76: No Data! Returning LmfitResult with None.
2026-03-10 10:31:26,592 - root - ERROR - Chunk 77: No Data! Returning LmfitResult with None.
2026-03-10 10:31:26,594 - root - ERROR - Chunk 78: No Data! Returning LmfitResult with None.
2026-03-10 10:31:26,600 - root - ERROR - Chunk 79: No Data! Returning LmfitResult with None.
2026-03-10 10:31:26,643 - root - ERROR - Chunk 80: No Data! Returning LmfitResult with None.
2026-03-10 10:31:26,646 - root - ERROR - Chunk 81: No Data! Returning LmfitResult with None.
2026-03-10 10:31:26,648 - root - ERROR - Chunk 82: No Data! Returning LmfitResult with None.
2026-03-10 10:31:26,650 - root - ERROR - Chunk 83: No Data! Returning LmfitResult with None.
2026-03-10 10:31:26,653 - root - ERROR - Chunk 84: No Data! Returning LmfitResult with None.
2026-03-10 10:31:26,662 - root - ERROR - Chunk 85: No Data! Returning LmfitResult with None.
2026-03-10 10:31:26,674 - root - ERROR - Chunk 86: No Data! Returning LmfitResult with None.
2026-03-10 10:31:26,675 - root - ERROR - Chunk 87: No Data! Returning LmfitResult with None.
2026-03-10 10:31:26,677 - root - ERROR - Chunk 88: No Data! Returning LmfitResult with None.
2026-03-10 10:31:26,681 - root - ERROR - Chunk 89: No Data! Returning LmfitResult with None.
2026-03-10 10:31:26,683 - root - ERROR - Chunk 90: No Data! Returning LmfitResult with None.
2026-03-10 10:31:26,685 - root - ERROR - Chunk 91: No Data! Returning LmfitResult with None.
2026-03-10 10:31:26,688 - root - ERROR - Chunk 92: No Data! Returning LmfitResult with None.
2026-03-10 10:31:26,691 - root - ERROR - Chunk 93: No Data! Returning LmfitResult with None.
2026-03-10 10:31:26,694 - root - ERROR - Chunk 94: No Data! Returning LmfitResult with None.
2026-03-10 10:31:26,697 - root - ERROR - Chunk 95: No Data! Returning LmfitResult with None.
2026-03-10 10:31:26,704 - root - ERROR - Chunk 96: No Data! Returning LmfitResult with None.
2026-03-10 10:31:26,707 - root - ERROR - Chunk 97: No Data! Returning LmfitResult with None.
2026-03-10 10:31:26,710 - root - ERROR - Chunk 98: No Data! Returning LmfitResult with None.
2026-03-10 10:31:26,713 - root - ERROR - Chunk 99: No Data! Returning LmfitResult with None.
2026-03-10 10:31:26,715 - root - ERROR - Chunk 100: No Data! Returning LmfitResult with None.
2026-03-10 10:31:26,718 - root - ERROR - Chunk 101: No Data! Returning LmfitResult with None.
2026-03-10 10:31:26,720 - root - ERROR - Chunk 102: No Data! Returning LmfitResult with None.
2026-03-10 10:31:26,723 - root - ERROR - Chunk 103: No Data! Returning LmfitResult with None.
2026-03-10 10:31:26,725 - root - ERROR - Chunk 104: No Data! Returning LmfitResult with None.
2026-03-10 10:31:26,727 - root - ERROR - Chunk 105: No Data! Returning LmfitResult with None.
2026-03-10 10:31:26,733 - root - ERROR - Chunk 106: No Data! Returning LmfitResult with None.
2026-03-10 10:31:26,735 - root - ERROR - Chunk 107: No Data! Returning LmfitResult with None.
2026-03-10 10:31:26,737 - root - ERROR - Chunk 108: No Data! Returning LmfitResult with None.
2026-03-10 10:31:26,740 - root - ERROR - Chunk 109: No Data! Returning LmfitResult with None.
2026-03-10 10:31:26,743 - root - ERROR - Chunk 110: No Data! Returning LmfitResult with None.
2026-03-10 10:31:26,746 - root - ERROR - Chunk 111: No Data! Returning LmfitResult with None.
2026-03-10 10:31:26,755 - root - ERROR - Chunk 112: No Data! Returning LmfitResult with None.
2026-03-10 10:31:26,759 - root - ERROR - Chunk 113: No Data! Returning LmfitResult with None.
2026-03-10 10:31:26,761 - root - ERROR - Chunk 114: No Data! Returning LmfitResult with None.
2026-03-10 10:31:26,763 - root - ERROR - Chunk 115: No Data! Returning LmfitResult with None.
2026-03-10 10:31:26,764 - root - ERROR - Chunk 116: No Data! Returning LmfitResult with None.
2026-03-10 10:31:26,765 - root - ERROR - Chunk 117: No Data! Returning LmfitResult with None.
2026-03-10 10:31:26,766 - root - ERROR - Chunk 118: No Data! Returning LmfitResult with None.
2026-03-10 10:31:26,768 - root - ERROR - Chunk 119: No Data! Returning LmfitResult with None.
2026-03-10 10:31:26,769 - root - ERROR - Chunk 120: No Data! Returning LmfitResult with None.
2026-03-10 10:31:26,770 - root - ERROR - Chunk 121: No Data! Returning LmfitResult with None.
2026-03-10 10:31:26,771 - root - ERROR - Chunk 122: No Data! Returning LmfitResult with None.
2026-03-10 10:31:26,772 - root - ERROR - Chunk 123: No Data! Returning LmfitResult with None.
2026-03-10 10:31:26,773 - root - ERROR - Chunk 124: No Data! Returning LmfitResult with None.
2026-03-10 10:31:26,774 - root - ERROR - Chunk 125: No Data! Returning LmfitResult with None.
2026-03-10 10:31:26,775 - root - ERROR - Chunk 126: No Data! Returning LmfitResult with None.
2026-03-10 10:31:26,776 - root - ERROR - Chunk 127: No Data! Returning LmfitResult with None.
2026-03-10 10:31:26,777 - root - ERROR - Chunk 128: No Data! Returning LmfitResult with None.
2026-03-10 10:31:26,778 - root - ERROR - Chunk 129: No Data! Returning LmfitResult with None.
2026-03-10 10:31:26,784 - root - ERROR - Chunk 130: No Data! Returning LmfitResult with None.
2026-03-10 10:31:26,789 - root - ERROR - Chunk 131: No Data! Returning LmfitResult with None.
2026-03-10 10:31:26,824 - root - ERROR - Chunk 132: No Data! Returning LmfitResult with None.
2026-03-10 10:31:26,827 - root - ERROR - Chunk 133: No Data! Returning LmfitResult with None.
2026-03-10 10:31:26,828 - root - ERROR - Chunk 134: No Data! Returning LmfitResult with None.
2026-03-10 10:31:26,829 - root - ERROR - Chunk 135: No Data! Returning LmfitResult with None.
2026-03-10 10:31:26,830 - root - ERROR - Chunk 136: No Data! Returning LmfitResult with None.
2026-03-10 10:31:26,832 - root - ERROR - Chunk 137: No Data! Returning LmfitResult with None.
2026-03-10 10:31:26,833 - root - ERROR - Chunk 138: No Data! Returning LmfitResult with None.
2026-03-10 10:31:26,835 - root - ERROR - Chunk 139: No Data! Returning LmfitResult with None.
2026-03-10 10:31:26,847 - root - ERROR - Chunk 140: No Data! Returning LmfitResult with None.
2026-03-10 10:31:26,860 - root - ERROR - Chunk 141: No Data! Returning LmfitResult with None.
2026-03-10 10:31:26,864 - root - ERROR - Chunk 142: No Data! Returning LmfitResult with None.
2026-03-10 10:31:26,867 - root - ERROR - Chunk 143: No Data! Returning LmfitResult with None.
2026-03-10 10:31:26,870 - root - ERROR - Chunk 144: No Data! Returning LmfitResult with None.
2026-03-10 10:31:26,872 - root - ERROR - Chunk 145: No Data! Returning LmfitResult with None.
2026-03-10 10:31:26,876 - root - ERROR - Chunk 146: No Data! Returning LmfitResult with None.
2026-03-10 10:31:26,878 - root - ERROR - Chunk 147: No Data! Returning LmfitResult with None.
2026-03-10 10:31:26,881 - root - ERROR - Chunk 148: No Data! Returning LmfitResult with None.
2026-03-10 10:31:26,882 - root - ERROR - Chunk 149: No Data! Returning LmfitResult with None.
2026-03-10 10:31:26,883 - root - ERROR - Chunk 150: No Data! Returning LmfitResult with None.
2026-03-10 10:31:26,884 - root - ERROR - Chunk 151: No Data! Returning LmfitResult with None.
2026-03-10 10:31:26,885 - root - ERROR - Chunk 152: No Data! Returning LmfitResult with None.
2026-03-10 10:31:26,886 - root - ERROR - Chunk 153: No Data! Returning LmfitResult with None.
2026-03-10 10:31:26,892 - root - ERROR - Chunk 154: No Data! Returning LmfitResult with None.
2026-03-10 10:31:26,893 - root - ERROR - Chunk 155: No Data! Returning LmfitResult with None.
2026-03-10 10:31:26,894 - root - ERROR - Chunk 156: No Data! Returning LmfitResult with None.
2026-03-10 10:31:26,895 - root - ERROR - Chunk 157: No Data! Returning LmfitResult with None.
2026-03-10 10:31:26,897 - root - ERROR - Chunk 158: No Data! Returning LmfitResult with None.
2026-03-10 10:31:26,898 - root - ERROR - Chunk 159: No Data! Returning LmfitResult with None.
2026-03-10 10:31:26,899 - root - ERROR - Chunk 160: No Data! Returning LmfitResult with None.
2026-03-10 10:31:26,900 - root - ERROR - Chunk 161: No Data! Returning LmfitResult with None.
2026-03-10 10:31:26,901 - root - ERROR - Chunk 162: No Data! Returning LmfitResult with None.
2026-03-10 10:31:26,902 - root - ERROR - Chunk 163: No Data! Returning LmfitResult with None.
2026-03-10 10:31:26,903 - root - ERROR - Chunk 164: No Data! Returning LmfitResult with None.
2026-03-10 10:31:26,904 - root - ERROR - Chunk 165: No Data! Returning LmfitResult with None.
2026-03-10 10:31:26,905 - root - ERROR - Chunk 166: No Data! Returning LmfitResult with None.
2026-03-10 10:31:26,906 - root - ERROR - Chunk 167: No Data! Returning LmfitResult with None.
2026-03-10 10:31:26,907 - root - ERROR - Chunk 168: No Data! Returning LmfitResult with None.
2026-03-10 10:31:26,908 - root - ERROR - Chunk 169: No Data! Returning LmfitResult with None.
2026-03-10 10:31:26,909 - root - ERROR - Chunk 170: No Data! Returning LmfitResult with None.
2026-03-10 10:31:26,910 - root - ERROR - Chunk 171: No Data! Returning LmfitResult with None.
2026-03-10 10:31:26,911 - root - ERROR - Chunk 172: No Data! Returning LmfitResult with None.
2026-03-10 10:31:26,911 - root - ERROR - Chunk 173: No Data! Returning LmfitResult with None.
2026-03-10 10:31:26,912 - root - ERROR - Chunk 174: No Data! Returning LmfitResult with None.
2026-03-10 10:31:26,915 - root - ERROR - Chunk 175: No Data! Returning LmfitResult with None.
2026-03-10 10:31:26,916 - root - ERROR - Chunk 176: No Data! Returning LmfitResult with None.
2026-03-10 10:31:26,917 - root - ERROR - Chunk 177: No Data! Returning LmfitResult with None.
2026-03-10 10:31:26,918 - root - ERROR - Chunk 178: No Data! Returning LmfitResult with None.
2026-03-10 10:31:26,919 - root - ERROR - Chunk 179: No Data! Returning LmfitResult with None.
2026-03-10 10:31:26,920 - root - ERROR - Chunk 180: No Data! Returning LmfitResult with None.
2026-03-10 10:31:26,921 - root - ERROR - Chunk 181: No Data! Returning LmfitResult with None.
2026-03-10 10:31:26,922 - root - ERROR - Chunk 182: No Data! Returning LmfitResult with None.
2026-03-10 10:31:26,923 - root - ERROR - Chunk 183: No Data! Returning LmfitResult with None.
2026-03-10 10:31:26,924 - root - ERROR - Chunk 184: No Data! Returning LmfitResult with None.
2026-03-10 10:31:26,925 - root - ERROR - Chunk 185: No Data! Returning LmfitResult with None.
2026-03-10 10:31:26,926 - root - ERROR - Chunk 186: No Data! Returning LmfitResult with None.
2026-03-10 10:31:26,927 - root - ERROR - Chunk 187: No Data! Returning LmfitResult with None.
2026-03-10 10:31:26,928 - root - ERROR - Chunk 188: No Data! Returning LmfitResult with None.
2026-03-10 10:31:26,929 - root - ERROR - Chunk 189: No Data! Returning LmfitResult with None.
2026-03-10 10:31:26,930 - root - ERROR - Chunk 190: No Data! Returning LmfitResult with None.
2026-03-10 10:31:26,931 - root - ERROR - Chunk 191: No Data! Returning LmfitResult with None.
2026-03-10 10:31:26,932 - root - ERROR - Chunk 192: No Data! Returning LmfitResult with None.
2026-03-10 10:31:26,933 - root - ERROR - Chunk 193: No Data! Returning LmfitResult with None.
2026-03-10 10:31:26,934 - root - ERROR - Chunk 194: No Data! Returning LmfitResult with None.
2026-03-10 10:31:26,935 - root - ERROR - Chunk 195: No Data! Returning LmfitResult with None.
2026-03-10 10:31:26,936 - root - ERROR - Chunk 196: No Data! Returning LmfitResult with None.
2026-03-10 10:31:26,937 - root - ERROR - Chunk 197: No Data! Returning LmfitResult with None.
2026-03-10 10:31:26,938 - root - ERROR - Chunk 198: No Data! Returning LmfitResult with None.
2026-03-10 10:31:26,939 - root - ERROR - Chunk 199: No Data! Returning LmfitResult with None.
2026-03-10 10:31:26,940 - root - ERROR - Chunk 200: No Data! Returning LmfitResult with None.
2026-03-10 10:31:26,941 - root - ERROR - Chunk 201: No Data! Returning LmfitResult with None.
2026-03-10 10:31:26,942 - root - ERROR - Chunk 202: No Data! Returning LmfitResult with None.
2026-03-10 10:31:26,943 - root - ERROR - Chunk 203: No Data! Returning LmfitResult with None.
2026-03-10 10:31:26,944 - root - ERROR - Chunk 204: No Data! Returning LmfitResult with None.
2026-03-10 10:31:26,948 - root - ERROR - Chunk 205: No Data! Returning LmfitResult with None.
2026-03-10 10:31:26,950 - root - ERROR - Chunk 206: No Data! Returning LmfitResult with None.
2026-03-10 10:31:26,952 - root - ERROR - Chunk 207: No Data! Returning LmfitResult with None.
2026-03-10 10:31:26,953 - root - ERROR - Chunk 208: No Data! Returning LmfitResult with None.
2026-03-10 10:31:26,954 - root - ERROR - Chunk 209: No Data! Returning LmfitResult with None.
2026-03-10 10:31:26,955 - root - ERROR - Chunk 210: No Data! Returning LmfitResult with None.
2026-03-10 10:31:26,956 - root - ERROR - Chunk 211: No Data! Returning LmfitResult with None.
2026-03-10 10:31:26,957 - root - ERROR - Chunk 212: No Data! Returning LmfitResult with None.
2026-03-10 10:31:26,958 - root - ERROR - Chunk 213: No Data! Returning LmfitResult with None.
2026-03-10 10:31:26,959 - root - ERROR - Chunk 214: No Data! Returning LmfitResult with None.
2026-03-10 10:31:26,961 - root - ERROR - Chunk 215: No Data! Returning LmfitResult with None.
2026-03-10 10:31:26,964 - root - ERROR - Chunk 216: No Data! Returning LmfitResult with None.
2026-03-10 10:31:26,967 - root - ERROR - Chunk 217: No Data! Returning LmfitResult with None.
2026-03-10 10:31:26,970 - root - ERROR - Chunk 218: No Data! Returning LmfitResult with None.
2026-03-10 10:31:26,972 - root - ERROR - Chunk 219: No Data! Returning LmfitResult with None.
2026-03-10 10:31:26,973 - root - ERROR - Chunk 220: No Data! Returning LmfitResult with None.
2026-03-10 10:31:27,021 - root - ERROR - Chunk 221: No Data! Returning LmfitResult with None.
2026-03-10 10:31:27,022 - root - ERROR - Chunk 222: No Data! Returning LmfitResult with None.
2026-03-10 10:31:27,024 - root - ERROR - Chunk 223: No Data! Returning LmfitResult with None.
2026-03-10 10:31:27,025 - root - ERROR - Chunk 224: No Data! Returning LmfitResult with None.
2026-03-10 10:31:27,026 - root - ERROR - Chunk 225: No Data! Returning LmfitResult with None.
2026-03-10 10:31:27,027 - root - ERROR - Chunk 226: No Data! Returning LmfitResult with None.
2026-03-10 10:31:27,028 - root - ERROR - Chunk 227: No Data! Returning LmfitResult with None.
2026-03-10 10:31:27,040 - root - ERROR - Chunk 228: No Data! Returning LmfitResult with None.
2026-03-10 10:31:27,041 - root - ERROR - Chunk 229: No Data! Returning LmfitResult with None.
2026-03-10 10:31:27,042 - root - ERROR - Chunk 230: No Data! Returning LmfitResult with None.
2026-03-10 10:31:27,043 - root - ERROR - Chunk 231: No Data! Returning LmfitResult with None.
2026-03-10 10:31:27,044 - root - ERROR - Chunk 232: No Data! Returning LmfitResult with None.
2026-03-10 10:31:27,045 - root - ERROR - Chunk 233: No Data! Returning LmfitResult with None.
2026-03-10 10:31:27,046 - root - ERROR - Chunk 234: No Data! Returning LmfitResult with None.
2026-03-10 10:31:27,047 - root - ERROR - Chunk 235: No Data! Returning LmfitResult with None.
2026-03-10 10:31:27,048 - root - ERROR - Chunk 236: No Data! Returning LmfitResult with None.
2026-03-10 10:31:27,049 - root - ERROR - Chunk 237: No Data! Returning LmfitResult with None.
2026-03-10 10:31:27,050 - root - ERROR - Chunk 238: No Data! Returning LmfitResult with None.
2026-03-10 10:31:27,051 - root - ERROR - Chunk 239: No Data! Returning LmfitResult with None.
2026-03-10 10:31:27,052 - root - ERROR - Chunk 240: No Data! Returning LmfitResult with None.
2026-03-10 10:31:27,053 - root - ERROR - Chunk 241: No Data! Returning LmfitResult with None.
2026-03-10 10:31:27,054 - root - ERROR - Chunk 242: No Data! Returning LmfitResult with None.
2026-03-10 10:31:27,055 - root - ERROR - Chunk 243: No Data! Returning LmfitResult with None.
2026-03-10 10:31:27,056 - root - ERROR - Chunk 244: No Data! Returning LmfitResult with None.
2026-03-10 10:31:27,057 - root - ERROR - Chunk 245: No Data! Returning LmfitResult with None.
2026-03-10 10:31:27,058 - root - ERROR - Chunk 246: No Data! Returning LmfitResult with None.
2026-03-10 10:31:27,059 - root - ERROR - Chunk 247: No Data! Returning LmfitResult with None.
2026-03-10 10:31:27,060 - root - ERROR - Chunk 248: No Data! Returning LmfitResult with None.
2026-03-10 10:31:27,061 - root - ERROR - Chunk 249: No Data! Returning LmfitResult with None.
2026-03-10 10:31:27,062 - root - ERROR - Chunk 250: No Data! Returning LmfitResult with None.
2026-03-10 10:31:27,064 - root - ERROR - Chunk 251: No Data! Returning LmfitResult with None.
2026-03-10 10:31:27,065 - root - ERROR - Chunk 252: No Data! Returning LmfitResult with None.
2026-03-10 10:31:27,066 - root - ERROR - Chunk 253: No Data! Returning LmfitResult with None.
2026-03-10 10:31:27,067 - root - ERROR - Chunk 254: No Data! Returning LmfitResult with None.
2026-03-10 10:31:27,068 - root - ERROR - Chunk 255: No Data! Returning LmfitResult with None.
2026-03-10 10:31:27,068 - root - ERROR - Chunk 256: No Data! Returning LmfitResult with None.
2026-03-10 10:31:27,069 - root - ERROR - Chunk 257: No Data! Returning LmfitResult with None.
2026-03-10 10:31:27,070 - root - ERROR - Chunk 258: No Data! Returning LmfitResult with None.
2026-03-10 10:31:27,071 - root - ERROR - Chunk 259: No Data! Returning LmfitResult with None.
2026-03-10 10:31:27,072 - root - ERROR - Chunk 260: No Data! Returning LmfitResult with None.
2026-03-10 10:31:27,073 - root - ERROR - Chunk 261: No Data! Returning LmfitResult with None.
2026-03-10 10:31:27,074 - root - ERROR - Chunk 262: No Data! Returning LmfitResult with None.
2026-03-10 10:31:27,075 - root - ERROR - Chunk 263: No Data! Returning LmfitResult with None.
2026-03-10 10:31:27,076 - root - ERROR - Chunk 264: No Data! Returning LmfitResult with None.
2026-03-10 10:31:27,077 - root - ERROR - Chunk 265: No Data! Returning LmfitResult with None.
2026-03-10 10:31:27,078 - root - ERROR - Chunk 266: No Data! Returning LmfitResult with None.
2026-03-10 10:31:27,079 - root - ERROR - Chunk 267: No Data! Returning LmfitResult with None.
2026-03-10 10:31:27,080 - root - ERROR - Chunk 268: No Data! Returning LmfitResult with None.
2026-03-10 10:31:27,081 - root - ERROR - Chunk 269: No Data! Returning LmfitResult with None.
2026-03-10 10:31:27,084 - root - ERROR - Chunk 270: No Data! Returning LmfitResult with None.
2026-03-10 10:31:27,085 - root - ERROR - Chunk 271: No Data! Returning LmfitResult with None.
2026-03-10 10:31:27,085 - root - ERROR - Chunk 272: No Data! Returning LmfitResult with None.
2026-03-10 10:31:27,086 - root - ERROR - Chunk 273: No Data! Returning LmfitResult with None.
2026-03-10 10:31:27,087 - root - ERROR - Chunk 274: No Data! Returning LmfitResult with None.
2026-03-10 10:31:27,088 - root - ERROR - Chunk 275: No Data! Returning LmfitResult with None.
2026-03-10 10:31:27,089 - root - ERROR - Chunk 276: No Data! Returning LmfitResult with None.
2026-03-10 10:31:27,090 - root - ERROR - Chunk 277: No Data! Returning LmfitResult with None.
2026-03-10 10:31:27,091 - root - ERROR - Chunk 278: No Data! Returning LmfitResult with None.
2026-03-10 10:31:27,092 - root - ERROR - Chunk 279: No Data! Returning LmfitResult with None.
2026-03-10 10:31:27,093 - root - ERROR - Chunk 280: No Data! Returning LmfitResult with None.
2026-03-10 10:31:27,108 - root - ERROR - NaN value detected in oversampled model function.
2026-03-10 10:31:27,109 - root - ERROR - <ParameterSet (values: 17)>
    cont_intercept  =  10807.734987002503
    cont_slope      =  1.35662225610991
    iod_depth       =  -0.6353554667753633
    lsf_left_1      =  3.469560966360377
    lsf_left_2      =  -18.246493608632147
    lsf_left_3      =  2.2120926933139198
    lsf_left_4      =  -1.7730317995332534
    lsf_left_5      =  0.17718465218283547
    lsf_right1      =  4.996094050693985
    lsf_right2      =  -9.076062499565886
    lsf_right3      =  5.2011296580106565
    lsf_right4      =  -3.1559626134702725
    lsf_right5      =  0.13959824186433678
    tem_depth       =  0.9842538740853959
    velocity        =  -20581.475949161108
    wave_intercept  =  4982.26615060346
    wave_slope      =  0.01338704867674574
2026-03-10 10:31:27,110 - root - ERROR - Evaluated LSF:
2026-03-10 10:31:27,111 - root - ERROR - [nan nan nan nan nan nan nan nan nan nan nan nan nan nan nan nan nan nan
 nan nan nan nan nan nan nan nan nan nan nan nan nan nan nan nan nan nan
 nan nan nan nan nan nan nan nan nan nan nan nan nan nan nan nan nan nan
 nan nan nan nan nan nan nan nan nan nan nan nan nan nan nan nan nan nan
 nan]
2026-03-10 10:31:27,416 - root - ERROR - NaN value detected in oversampled model function.
2026-03-10 10:31:27,417 - root - ERROR - <ParameterSet (values: 17)>
    cont_intercept  =  12155.362337572107
    cont_slope      =  -5.139526472880972
    iod_depth       =  1.4637010791660616
    lsf_left_1      =  4.332622855094376
    lsf_left_2      =  -10.382408825320061
    lsf_left_3      =  5.553964506841252
    lsf_left_4      =  -2.193581235690806
    lsf_left_5      =  0.5037892631287767
    lsf_right1      =  3.902724687088183
    lsf_right2      =  -18.586358789875188
    lsf_right3      =  4.861102955388395
    lsf_right4      =  -2.2566627907075127
    lsf_right5      =  0.14031859143359846
    tem_depth       =  0.9889504129548192
    velocity        =  -24543.877324406625
    wave_intercept  =  4988.48943615484
    wave_slope      =  0.012857819702914936
2026-03-10 10:31:27,420 - root - ERROR - Evaluated LSF:
2026-03-10 10:31:27,422 - root - ERROR - [nan nan nan nan nan nan nan nan nan nan nan nan nan nan nan nan nan nan
 nan nan nan nan nan nan nan nan nan nan nan nan nan nan nan nan nan nan
 nan nan nan nan nan nan nan nan nan nan nan nan nan nan nan nan nan nan
 nan nan nan nan nan nan nan nan nan nan nan nan nan nan nan nan nan nan
 nan]
2026-03-10 10:31:29,469 - root - ERROR - NaN value detected in oversampled model function.
2026-03-10 10:31:29,470 - root - ERROR - <ParameterSet (values: 17)>
    cont_intercept  =  3746.5858864544466
    cont_slope      =  5.478363808716421
    iod_depth       =  -0.37937745964600855
    lsf_left_1      =  2.625232979003097
    lsf_left_2      =  -17.909225870438206
    lsf_left_3      =  7.688477498997129
    lsf_left_4      =  -3.3768871260625253
    lsf_left_5      =  0.8654989316090805
    lsf_right1      =  10.348970757508491
    lsf_right2      =  -16.449686631613346
    lsf_right3      =  2.7733862011701613
    lsf_right4      =  -3.556472666339159
    lsf_right5      =  0.1643412044941377
    tem_depth       =  0.955913412865859
    velocity        =  -16485.39534699183
    wave_intercept  =  4991.491083668468
    wave_slope      =  0.015927035554291556
2026-03-10 10:31:29,472 - root - ERROR - Evaluated LSF:
2026-03-10 10:31:29,473 - root - ERROR - [nan nan nan nan nan nan nan nan nan nan nan nan nan nan nan nan nan nan
 nan nan nan nan nan nan nan nan nan nan nan nan nan nan nan nan nan nan
 nan nan nan nan nan nan nan nan nan nan nan nan nan nan nan nan nan nan
 nan nan nan nan nan nan nan nan nan nan nan nan nan nan nan nan nan nan
 nan]
2026-03-10 10:31:34,336 - root - ERROR - NaN value detected in oversampled model function.
2026-03-10 10:31:34,338 - root - ERROR - <ParameterSet (values: 17)>
    cont_intercept  =  11174.162643056858
    cont_slope      =  8.709833711921757
    iod_depth       =  1.012059490206572
    lsf_left_1      =  2.4255669081923705
    lsf_left_2      =  -16.310153390829797
    lsf_left_3      =  1.8319888906399382
    lsf_left_4      =  -3.8790934116373736
    lsf_left_5      =  0.8146779870462352
    lsf_right1      =  4.369232359506612
    lsf_right2      =  -16.232556314266773
    lsf_right3      =  6.028252930454811
    lsf_right4      =  -3.9060783223216826
    lsf_right5      =  1.220846888329461
    tem_depth       =  0.9855561067365828
    velocity        =  -21227.309674706255
    wave_intercept  =  5045.732659073545
    wave_slope      =  0.015101829838020359
2026-03-10 10:31:34,339 - root - ERROR - Evaluated LSF:
2026-03-10 10:31:34,340 - root - ERROR - [nan nan nan nan nan nan nan nan nan nan nan nan nan nan nan nan nan nan
 nan nan nan nan nan nan nan nan nan nan nan nan nan nan nan nan nan nan
 nan nan nan nan nan nan nan nan nan nan nan nan nan nan nan nan nan nan
 nan nan nan nan nan nan nan nan nan nan nan nan nan nan nan nan nan nan
 nan]
2026-03-10 10:31:37,563 - root - ERROR - NaN value detected in oversampled model function.
2026-03-10 10:31:37,565 - root - ERROR - <ParameterSet (values: 17)>
    cont_intercept  =  6603.21030762456
    cont_slope      =  -3.8331478961181396
    iod_depth       =  1.0087429605535327
    lsf_left_1      =  3.7743065428845686
    lsf_left_2      =  -10.115998764712797
    lsf_left_3      =  4.45367152278325
    lsf_left_4      =  -3.518727287151565
    lsf_left_5      =  0.3646851512778567
    lsf_right1      =  5.7326823706539205
    lsf_right2      =  -18.883933630828377
    lsf_right3      =  1.321634660855266
    lsf_right4      =  -3.6523447694527267
    lsf_right5      =  0.17292221968793123
    tem_depth       =  1.016605427895554
    velocity        =  -20978.108905322748
    wave_intercept  =  5084.512145058609
    wave_slope      =  0.012011394234700093
2026-03-10 10:31:37,566 - root - ERROR - Evaluated LSF:
2026-03-10 10:31:37,567 - root - ERROR - [nan nan nan nan nan nan nan nan nan nan nan nan nan nan nan nan nan nan
 nan nan nan nan nan nan nan nan nan nan nan nan nan nan nan nan nan nan
 nan nan nan nan nan nan nan nan nan nan nan nan nan nan nan nan nan nan
 nan nan nan nan nan nan nan nan nan nan nan nan nan nan nan nan nan nan
 nan]
2026-03-10 10:31:39,348 - root - ERROR - NaN value detected in oversampled model function.
2026-03-10 10:31:39,349 - root - ERROR - <ParameterSet (values: 17)>
    cont_intercept  =  8147.705956734674
    cont_slope      =  8.752986467611146
    iod_depth       =  1.027222695543347
    lsf_left_1      =  11.153176995233666
    lsf_left_2      =  -18.161714631585365
    lsf_left_3      =  1.3160808453564314
    lsf_left_4      =  -3.715554104322466
    lsf_left_5      =  0.6110585147416635
    lsf_right1      =  2.2810639043636267
    lsf_right2      =  -17.448180585937273
    lsf_right3      =  10.042373424729012
    lsf_right4      =  -3.8412149132640816
    lsf_right5      =  0.15236107940922824
    tem_depth       =  1.0228210808182832
    velocity        =  -20870.14469033986
    wave_intercept  =  5084.103144078255
    wave_slope      =  0.015468078139227744
2026-03-10 10:31:39,350 - root - ERROR - Evaluated LSF:
2026-03-10 10:31:39,351 - root - ERROR - [nan nan nan nan nan nan nan nan nan nan nan nan nan nan nan nan nan nan
 nan nan nan nan nan nan nan nan nan nan nan nan nan nan nan nan nan nan
 nan nan nan nan nan nan nan nan nan nan nan nan nan nan nan nan nan nan
 nan nan nan nan nan nan nan nan nan nan nan nan nan nan nan nan nan nan
 nan]
2026-03-10 10:31:41,870 - root - ERROR - NaN value detected in oversampled model function.
2026-03-10 10:31:41,872 - root - ERROR - <ParameterSet (values: 17)>
    cont_intercept  =  6333.04433008778
    cont_slope      =  -3.7564990723307092
    iod_depth       =  0.9612038911373941
    lsf_left_1      =  4.45831911142748
    lsf_left_2      =  -18.34328812954462
    lsf_left_3      =  1.597980793245613
    lsf_left_4      =  -2.3443246197987957
    lsf_left_5      =  0.17308871410189275
    lsf_right1      =  2.4731980307904893
    lsf_right2      =  -18.710012389306918
    lsf_right3      =  1.2218051767850837
    lsf_right4      =  -3.347652051916528
    lsf_right5      =  0.9370152957860014
    tem_depth       =  0.9970432644715145
    velocity        =  -21036.89723019506
    wave_intercept  =  5128.3206447166285
    wave_slope      =  0.011973423707697389
2026-03-10 10:31:41,873 - root - ERROR - Evaluated LSF:
2026-03-10 10:31:41,874 - root - ERROR - [nan nan nan nan nan nan nan nan nan nan nan nan nan nan nan nan nan nan
 nan nan nan nan nan nan nan nan nan nan nan nan nan nan nan nan nan nan
 nan nan nan nan nan nan nan nan nan nan nan nan nan nan nan nan nan nan
 nan nan nan nan nan nan nan nan nan nan nan nan nan nan nan nan nan nan
 nan]
2026-03-10 10:31:54,686 - root - ERROR - NaN value detected in oversampled model function.
2026-03-10 10:31:54,687 - root - ERROR - <ParameterSet (values: 17)>
    cont_intercept  =  22442.87634449852
    cont_slope      =  0.45167494438159894
    iod_depth       =  1.0287810498119494
    lsf_left_1      =  3.867039997557649
    lsf_left_2      =  -10.867748116861051
    lsf_left_3      =  9.562353719525726
    lsf_left_4      =  -3.914194055992997
    lsf_left_5      =  0.14725279384833811
    lsf_right1      =  3.518277522863767
    lsf_right2      =  -18.386945623738068
    lsf_right3      =  1.475416308262921
    lsf_right4      =  -3.7084624570252283
    lsf_right5      =  1.1534617397708207
    tem_depth       =  1.0681049286833264
    velocity        =  -21323.14723937126
    wave_intercept  =  5241.074879826602
    wave_slope      =  0.013799614837423771
2026-03-10 10:31:54,688 - root - ERROR - Evaluated LSF:
2026-03-10 10:31:54,689 - root - ERROR - [nan nan nan nan nan nan nan nan nan nan nan nan nan nan nan nan nan nan
 nan nan nan nan nan nan nan nan nan nan nan nan nan nan nan nan nan nan
 nan nan nan nan nan nan nan nan nan nan nan nan nan nan nan nan nan nan
 nan nan nan nan nan nan nan nan nan nan nan nan nan nan nan nan nan nan
 nan]
2026-03-10 10:31:56,422 - root - ERROR - NaN value detected in oversampled model function.
2026-03-10 10:31:56,423 - root - ERROR - <ParameterSet (values: 17)>
    cont_intercept  =  9831.551432740867
    cont_slope      =  5.009230504053844
    iod_depth       =  0.9325635775627265
    lsf_left_1      =  6.787781737875428
    lsf_left_2      =  -18.771131957886382
    lsf_left_3      =  1.7958508311971881
    lsf_left_4      =  -0.6274308067162631
    lsf_left_5      =  0.3667550884474393
    lsf_right1      =  9.21006888692455
    lsf_right2      =  -18.864418783558502
    lsf_right3      =  3.066400214967609
    lsf_right4      =  -3.6416693708974393
    lsf_right5      =  0.14494467317273957
    tem_depth       =  1.0121241599325845
    velocity        =  -21132.807500789346
    wave_intercept  =  5255.539356164412
    wave_slope      =  0.016271175935050557
2026-03-10 10:31:56,424 - root - ERROR - Evaluated LSF:
2026-03-10 10:31:56,425 - root - ERROR - [nan nan nan nan nan nan nan nan nan nan nan nan nan nan nan nan nan nan
 nan nan nan nan nan nan nan nan nan nan nan nan nan nan nan nan nan nan
 nan nan nan nan nan nan nan nan nan nan nan nan nan nan nan nan nan nan
 nan nan nan nan nan nan nan nan nan nan nan nan nan nan nan nan nan nan
 nan]
2026-03-10 10:31:57,224 - root - ERROR - NaN value detected in oversampled model function.
2026-03-10 10:31:57,225 - root - ERROR - <ParameterSet (values: 17)>
    cont_intercept  =  15452.588850065868
    cont_slope      =  8.006836622333593
    iod_depth       =  0.9550953503805585
    lsf_left_1      =  4.383749806571481
    lsf_left_2      =  -14.504244751548361
    lsf_left_3      =  7.817962208640854
    lsf_left_4      =  -3.5201753524605315
    lsf_left_5      =  1.1795102285926253
    lsf_right1      =  5.638160115849548
    lsf_right2      =  -18.15500238399758
    lsf_right3      =  3.6044385474545595
    lsf_right4      =  -1.889854911834807
    lsf_right5      =  0.14648818426346016
    tem_depth       =  0.9785666121623178
    velocity        =  -21192.29479598909
    wave_intercept  =  5268.787382092618
    wave_slope      =  0.015287613991346422
2026-03-10 10:31:57,226 - root - ERROR - Evaluated LSF:
2026-03-10 10:31:57,227 - root - ERROR - [nan nan nan nan nan nan nan nan nan nan nan nan nan nan nan nan nan nan
 nan nan nan nan nan nan nan nan nan nan nan nan nan nan nan nan nan nan
 nan nan nan nan nan nan nan nan nan nan nan nan nan nan nan nan nan nan
 nan nan nan nan nan nan nan nan nan nan nan nan nan nan nan nan nan nan
 nan]
2026-03-10 10:32:11,274 - root - ERROR - NaN value detected in oversampled model function.
2026-03-10 10:32:11,275 - root - ERROR - <ParameterSet (values: 17)>
    cont_intercept  =  18815.058702699156
    cont_slope      =  -17.752829765339953
    iod_depth       =  1.1112493644475478
    lsf_left_1      =  2.472129277474595
    lsf_left_2      =  -18.470968283772674
    lsf_left_3      =  1.3807720820961715
    lsf_left_4      =  -1.4782633051724532
    lsf_left_5      =  0.6624988736327884
    lsf_right1      =  6.154311943379496
    lsf_right2      =  -17.954774996243792
    lsf_right3      =  2.6371158526404805
    lsf_right4      =  -2.7822538261303498
    lsf_right5      =  0.16101813943046833
    tem_depth       =  1.0051222413478824
    velocity        =  -20997.52246395668
    wave_intercept  =  5436.569857312703
    wave_slope      =  0.013471965996812987
2026-03-10 10:32:11,276 - root - ERROR - Evaluated LSF:
2026-03-10 10:32:11,277 - root - ERROR - [nan nan nan nan nan nan nan nan nan nan nan nan nan nan nan nan nan nan
 nan nan nan nan nan nan nan nan nan nan nan nan nan nan nan nan nan nan
 nan nan nan nan nan nan nan nan nan nan nan nan nan nan nan nan nan nan
 nan nan nan nan nan nan nan nan nan nan nan nan nan nan nan nan nan nan
 nan]
2026-03-10 10:32:13,843 - root - ERROR - NaN value detected in oversampled model function.
2026-03-10 10:32:13,845 - root - ERROR - <ParameterSet (values: 17)>
    cont_intercept  =  27051.239837615805
    cont_slope      =  7.464393776442237
    iod_depth       =  1.0733780049976844
    lsf_left_1      =  8.388354007430616
    lsf_left_2      =  -18.179468587104783
    lsf_left_3      =  2.300254162733422
    lsf_left_4      =  -2.4973254521237154
    lsf_left_5      =  0.6228892900317704
    lsf_right1      =  6.0624375812036115
    lsf_right2      =  -17.572790587999226
    lsf_right3      =  10.806560693086302
    lsf_right4      =  -3.074279587627985
    lsf_right5      =  0.16709359391710224
    tem_depth       =  1.0102325395168925
    velocity        =  -22050.42638920712
    wave_intercept  =  5456.958566026038
    wave_slope      =  0.015837090302411577
2026-03-10 10:32:13,846 - root - ERROR - Evaluated LSF:
2026-03-10 10:32:13,847 - root - ERROR - [nan nan nan nan nan nan nan nan nan nan nan nan nan nan nan nan nan nan
 nan nan nan nan nan nan nan nan nan nan nan nan nan nan nan nan nan nan
 nan nan nan nan nan nan nan nan nan nan nan nan nan nan nan nan nan nan
 nan nan nan nan nan nan nan nan nan nan nan nan nan nan nan nan nan nan
 nan]
2026-03-10 10:32:16,929 - root - ERROR - NaN value detected in oversampled model function.
2026-03-10 10:32:16,930 - root - ERROR - <ParameterSet (values: 17)>
    cont_intercept  =  7496.595958109516
    cont_slope      =  -8.22436749003089
    iod_depth       =  0.929395743967957
    lsf_left_1      =  8.578280198120513
    lsf_left_2      =  -15.316861271040082
    lsf_left_3      =  1.3869788953985969
    lsf_left_4      =  -1.4983577774442884
    lsf_left_5      =  0.9046651297889059
    lsf_right1      =  4.839788244838557
    lsf_right2      =  -16.04825751584578
    lsf_right3      =  5.062923409192646
    lsf_right4      =  -2.232845965457954
    lsf_right5      =  0.4195315833451202
    tem_depth       =  0.9923154476358736
    velocity        =  -21051.319538509437
    wave_intercept  =  5503.530816596282
    wave_slope      =  0.012043101370664527
2026-03-10 10:32:16,931 - root - ERROR - Evaluated LSF:
2026-03-10 10:32:16,932 - root - ERROR - [nan nan nan nan nan nan nan nan nan nan nan nan nan nan nan nan nan nan
 nan nan nan nan nan nan nan nan nan nan nan nan nan nan nan nan nan nan
 nan nan nan nan nan nan nan nan nan nan nan nan nan nan nan nan nan nan
 nan nan nan nan nan nan nan nan nan nan nan nan nan nan nan nan nan nan
 nan]
2026-03-10 10:32:27,176 - root - ERROR - NaN value detected in oversampled model function.
2026-03-10 10:32:27,178 - root - ERROR - <ParameterSet (values: 17)>
    cont_intercept  =  40249.193976952665
    cont_slope      =  7.47947824927142
    iod_depth       =  1.10937048262738
    lsf_left_1      =  2.272306990153143
    lsf_left_2      =  -9.492991786419122
    lsf_left_3      =  8.425717056381748
    lsf_left_4      =  -3.9287957837058167
    lsf_left_5      =  0.145225303652534
    lsf_right1      =  2.3136672689387905
    lsf_right2      =  -18.751179684175064
    lsf_right3      =  1.7343360846905895
    lsf_right4      =  -2.7235647625247688
    lsf_right5      =  1.1825476049294399
    tem_depth       =  1.1072530502610058
    velocity        =  -21529.419311196783
    wave_intercept  =  5609.088128464429
    wave_slope      =  0.016077851268903324
2026-03-10 10:32:27,179 - root - ERROR - Evaluated LSF:
2026-03-10 10:32:27,180 - root - ERROR - [nan nan nan nan nan nan nan nan nan nan nan nan nan nan nan nan nan nan
 nan nan nan nan nan nan nan nan nan nan nan nan nan nan nan nan nan nan
 nan nan nan nan nan nan nan nan nan nan nan nan nan nan nan nan nan nan
 nan nan nan nan nan nan nan nan nan nan nan nan nan nan nan nan nan nan
 nan]
2026-03-10 10:32:43,975 - root - ERROR - NaN value detected in oversampled model function.
2026-03-10 10:32:43,977 - root - ERROR - <ParameterSet (values: 17)>
    cont_intercept  =  39888.48760490296
    cont_slope      =  -11.747056487500716
    iod_depth       =  1.162576332192857
    lsf_left_1      =  3.6818024090377395
    lsf_left_2      =  -18.86223191883137
    lsf_left_3      =  10.854189211325362
    lsf_left_4      =  -3.9113035875988413
    lsf_left_5      =  0.4192878114962281
    lsf_right1      =  2.587223757087915
    lsf_right2      =  -7.938297439440811
    lsf_right3      =  6.901633785231085
    lsf_right4      =  -3.8242369147163098
    lsf_right5      =  1.2306850257435977
    tem_depth       =  1.0413848197033528
    velocity        =  -21226.234187878137
    wave_intercept  =  5786.72806799373
    wave_slope      =  0.015045985268373155
2026-03-10 10:32:43,978 - root - ERROR - Evaluated LSF:
2026-03-10 10:32:43,979 - root - ERROR - [nan nan nan nan nan nan nan nan nan nan nan nan nan nan nan nan nan nan
 nan nan nan nan nan nan nan nan nan nan nan nan nan nan nan nan nan nan
 nan nan nan nan nan nan nan nan nan nan nan nan nan nan nan nan nan nan
 nan nan nan nan nan nan nan nan nan nan nan nan nan nan nan nan nan nan
 nan]
2026-03-10 10:32:48,150 - root - ERROR - NaN value detected in oversampled model function.
2026-03-10 10:32:48,152 - root - ERROR - <ParameterSet (values: 17)>
    cont_intercept  =  53160.515770473
    cont_slope      =  5.4575134906094265
    iod_depth       =  1.0615030182622731
    lsf_left_1      =  4.85855880339122
    lsf_left_2      =  -18.071514625218512
    lsf_left_3      =  1.208233221108616
    lsf_left_4      =  -3.071777312427835
    lsf_left_5      =  0.8488708059428062
    lsf_right1      =  5.283211287002176
    lsf_right2      =  -18.85732916386936
    lsf_right3      =  1.634791994926269
    lsf_right4      =  -0.628042623202012
    lsf_right5      =  0.3658951376491018
    tem_depth       =  1.0338234314637416
    velocity        =  -20806.21591823186
    wave_intercept  =  5830.626754913266
    wave_slope      =  0.01608840798898617
2026-03-10 10:32:48,153 - root - ERROR - Evaluated LSF:
2026-03-10 10:32:48,154 - root - ERROR - [nan nan nan nan nan nan nan nan nan nan nan nan nan nan nan nan nan nan
 nan nan nan nan nan nan nan nan nan nan nan nan nan nan nan nan nan nan
 nan nan nan nan nan nan nan nan nan nan nan nan nan nan nan nan nan nan
 nan nan nan nan nan nan nan nan nan nan nan nan nan nan nan nan nan nan
 nan]
2026-03-10 10:32:55,846 - root - ERROR - NaN value detected in oversampled model function.
2026-03-10 10:32:55,847 - root - ERROR - <ParameterSet (values: 17)>
    cont_intercept  =  19211.79975964767
    cont_slope      =  -16.892055591867244
    iod_depth       =  0.9127179192164393
    lsf_left_1      =  2.853291721906582
    lsf_left_2      =  -15.03279984734128
    lsf_left_3      =  3.0973084797061037
    lsf_left_4      =  -3.9196514517169883
    lsf_left_5      =  1.1168649730617572
    lsf_right1      =  3.7172920365004196
    lsf_right2      =  -17.631954968784786
    lsf_right3      =  1.9439828198716707
    lsf_right4      =  -3.6524286352343145
    lsf_right5      =  1.2299228443600465
    tem_depth       =  0.9836086600685665
    velocity        =  -20896.41875637112
    wave_intercept  =  5918.886505966297
    wave_slope      =  0.013683936718297438
2026-03-10 10:32:55,848 - root - ERROR - Evaluated LSF:
2026-03-10 10:32:55,849 - root - ERROR - [nan nan nan nan nan nan nan nan nan nan nan nan nan nan nan nan nan nan
 nan nan nan nan nan nan nan nan nan nan nan nan nan nan nan nan nan nan
 nan nan nan nan nan nan nan nan nan nan nan nan nan nan nan nan nan nan
 nan nan nan nan nan nan nan nan nan nan nan nan nan nan nan nan nan nan
 nan]
2026-03-10 10:32:56,098 - root - ERROR - NaN value detected in oversampled model function.
2026-03-10 10:32:56,100 - root - ERROR - <ParameterSet (values: 17)>
    cont_intercept  =  16284.915885130487
    cont_slope      =  -15.72724510280581
    iod_depth       =  0.8923300796259842
    lsf_left_1      =  8.199124497403709
    lsf_left_2      =  -18.693104456070532
    lsf_left_3      =  3.727017127534471
    lsf_left_4      =  -3.017879906345408
    lsf_left_5      =  0.2937510490723627
    lsf_right1      =  4.193857759962279
    lsf_right2      =  -17.32134979229136
    lsf_right3      =  2.9413675301753797
    lsf_right4      =  -3.84172372544046
    lsf_right5      =  0.2228721744161578
    tem_depth       =  0.982520433078619
    velocity        =  -20952.608888505132
    wave_intercept  =  5922.115773786964
    wave_slope      =  0.013394168793335987
2026-03-10 10:32:56,101 - root - ERROR - Evaluated LSF:
2026-03-10 10:32:56,102 - root - ERROR - [nan nan nan nan nan nan nan nan nan nan nan nan nan nan nan nan nan nan
 nan nan nan nan nan nan nan nan nan nan nan nan nan nan nan nan nan nan
 nan nan nan nan nan nan nan nan nan nan nan nan nan nan nan nan nan nan
 nan nan nan nan nan nan nan nan nan nan nan nan nan nan nan nan nan nan
 nan]
2026-03-10 10:33:00,644 - root - ERROR - NaN value detected in oversampled model function.
2026-03-10 10:33:00,645 - root - ERROR - <ParameterSet (values: 17)>
    cont_intercept  =  20220.014559089686
    cont_slope      =  -14.543401882879733
    iod_depth       =  0.913955120095152
    lsf_left_1      =  2.8181340639137136
    lsf_left_2      =  -5.215473368067213
    lsf_left_3      =  4.162914672246853
    lsf_left_4      =  -3.7947597787157714
    lsf_left_5      =  1.157726926916061
    lsf_right1      =  3.1693394049417725
    lsf_right2      =  -18.87987755082605
    lsf_right3      =  2.016096741436451
    lsf_right4      =  -1.9289867373210094
    lsf_right5      =  0.1717161679057166
    tem_depth       =  0.9865652206498065
    velocity        =  -20927.520768147202
    wave_intercept  =  5977.993321818884
    wave_slope      =  0.013654383752966775
2026-03-10 10:33:00,646 - root - ERROR - Evaluated LSF:
2026-03-10 10:33:00,646 - root - ERROR - [nan nan nan nan nan nan nan nan nan nan nan nan nan nan nan nan nan nan
 nan nan nan nan nan nan nan nan nan nan nan nan nan nan nan nan nan nan
 nan nan nan nan nan nan nan nan nan nan nan nan nan nan nan nan nan nan
 nan nan nan nan nan nan nan nan nan nan nan nan nan nan nan nan nan nan
 nan]
2026-03-10 10:33:00,882 - root - ERROR - NaN value detected in oversampled model function.
2026-03-10 10:33:00,886 - root - ERROR - <ParameterSet (values: 17)>
    cont_intercept  =  17748.38122581721
    cont_slope      =  -14.562899419810327
    iod_depth       =  0.8960206498740605
    lsf_left_1      =  3.82020089925114
    lsf_left_2      =  -8.30415709334517
    lsf_left_3      =  3.0352276183486566
    lsf_left_4      =  -0.867996919733355
    lsf_left_5      =  0.16749025938436582
    lsf_right1      =  5.151403904156451
    lsf_right2      =  -18.26095655447338
    lsf_right3      =  10.395881678715936
    lsf_right4      =  -3.5910045046190677
    lsf_right5      =  0.3927535794886348
    tem_depth       =  0.9413232175286838
    velocity        =  -20555.11254411752
    wave_intercept  =  5981.222393955998
    wave_slope      =  0.01342672196381473
2026-03-10 10:33:00,887 - root - ERROR - Evaluated LSF:
2026-03-10 10:33:00,888 - root - ERROR - [nan nan nan nan nan nan nan nan nan nan nan nan nan nan nan nan nan nan
 nan nan nan nan nan nan nan nan nan nan nan nan nan nan nan nan nan nan
 nan nan nan nan nan nan nan nan nan nan nan nan nan nan nan nan nan nan
 nan nan nan nan nan nan nan nan nan nan nan nan nan nan nan nan nan nan
 nan]
2026-03-10 10:33:01,844 - root - ERROR - NaN value detected in oversampled model function.
2026-03-10 10:33:01,845 - root - ERROR - <ParameterSet (values: 17)>
    cont_intercept  =  41953.47701079399
    cont_slope      =  28.417502896737737
    iod_depth       =  0.9402723557058492
    lsf_left_1      =  2.3656181141487567
    lsf_left_2      =  -7.727607673809521
    lsf_left_3      =  1.2100402947745152
    lsf_left_4      =  -3.1796238676382567
    lsf_left_5      =  0.15136570280108658
    lsf_right1      =  3.2775268448015304
    lsf_right2      =  -18.53155664627416
    lsf_right3      =  2.4634540253830446
    lsf_right4      =  -2.7748929029761324
    lsf_right5      =  0.139215857150788
    tem_depth       =  1.0038520400943431
    velocity        =  -20998.73444066921
    wave_intercept  =  5983.493295709523
    wave_slope      =  0.01798308530903203
2026-03-10 10:33:01,847 - root - ERROR - Evaluated LSF:
2026-03-10 10:33:01,848 - root - ERROR - [nan nan nan nan nan nan nan nan nan nan nan nan nan nan nan nan nan nan
 nan nan nan nan nan nan nan nan nan nan nan nan nan nan nan nan nan nan
 nan nan nan nan nan nan nan nan nan nan nan nan nan nan nan nan nan nan
 nan nan nan nan nan nan nan nan nan nan nan nan nan nan nan nan nan nan
 nan]
2026-03-10 10:33:04,945 - root - ERROR - NaN value detected in oversampled model function.
2026-03-10 10:33:04,946 - root - ERROR - <ParameterSet (values: 17)>
    cont_intercept  =  27708.283091159854
    cont_slope      =  37.250881191360406
    iod_depth       =  0.3682692758695174
    lsf_left_1      =  2.281097125986567
    lsf_left_2      =  -4.451731679265556
    lsf_left_3      =  2.442710046311701
    lsf_left_4      =  -3.55257078270125
    lsf_left_5      =  0.7186209972000157
    lsf_right1      =  2.46334441794688
    lsf_right2      =  -17.40700193854617
    lsf_right3      =  1.2380541604241273
    lsf_right4      =  -3.9286905748298824
    lsf_right5      =  0.5692401134229312
    tem_depth       =  0.8897643553164303
    velocity        =  -20788.146089715898
    wave_intercept  =  6029.291524642385
    wave_slope      =  0.019279683289247174
2026-03-10 10:33:04,947 - root - ERROR - Evaluated LSF:
2026-03-10 10:33:04,949 - root - ERROR - [nan nan nan nan nan nan nan nan nan nan nan nan nan nan nan nan nan nan
 nan nan nan nan nan nan nan nan nan nan nan nan nan nan nan nan nan nan
 nan nan nan nan nan nan nan nan nan nan nan nan nan nan nan nan nan nan
 nan nan nan nan nan nan nan nan nan nan nan nan nan nan nan nan nan nan
 nan]
2026-03-10 10:33:14,737 - root - ERROR - NaN value detected in oversampled model function.
2026-03-10 10:33:14,738 - root - ERROR - <ParameterSet (values: 17)>
    cont_intercept  =  27308.6158015037
    cont_slope      =  31.806098270310507
    iod_depth       =  0.31894719656876824
    lsf_left_1      =  5.813535759265259
    lsf_left_2      =  -15.325425866194383
    lsf_left_3      =  1.253722578816357
    lsf_left_4      =  -2.702524076430066
    lsf_left_5      =  0.200683118069549
    lsf_right1      =  4.461819089720914
    lsf_right2      =  -16.217040845341444
    lsf_right3      =  3.9475853186358356
    lsf_right4      =  -3.6212706537920663
    lsf_right5      =  1.1917128210052317
    tem_depth       =  0.9351546335813555
    velocity        =  -20897.546886123288
    wave_intercept  =  6151.104540309606
    wave_slope      =  0.019182576124011853
2026-03-10 10:33:14,739 - root - ERROR - Evaluated LSF:
2026-03-10 10:33:14,740 - root - ERROR - [nan nan nan nan nan nan nan nan nan nan nan nan nan nan nan nan nan nan
 nan nan nan nan nan nan nan nan nan nan nan nan nan nan nan nan nan nan
 nan nan nan nan nan nan nan nan nan nan nan nan nan nan nan nan nan nan
 nan nan nan nan nan nan nan nan nan nan nan nan nan nan nan nan nan nan
 nan]
2026-03-10 10:33:19,196 - root - ERROR - NaN value detected in oversampled model function.
2026-03-10 10:33:19,201 - root - ERROR - <ParameterSet (values: 17)>
    cont_intercept  =  29798.95971118579
    cont_slope      =  -18.940651892980814
    iod_depth       =  0.8764810889720724
    lsf_left_1      =  9.504627775495141
    lsf_left_2      =  -18.41405015827945
    lsf_left_3      =  1.277218013544073
    lsf_left_4      =  -2.1878278614169053
    lsf_left_5      =  1.0748709956839158
    lsf_right1      =  3.550435456389244
    lsf_right2      =  -14.066745371970992
    lsf_right3      =  10.839588420768134
    lsf_right4      =  -3.6315428113895734
    lsf_right5      =  0.15477564854159342
    tem_depth       =  0.9860542284363296
    velocity        =  -21082.22322029118
    wave_intercept  =  6212.561481771447
    wave_slope      =  0.014774201806178715
2026-03-10 10:33:19,202 - root - ERROR - Evaluated LSF:
2026-03-10 10:33:19,203 - root - ERROR - [nan nan nan nan nan nan nan nan nan nan nan nan nan nan nan nan nan nan
 nan nan nan nan nan nan nan nan nan nan nan nan nan nan nan nan nan nan
 nan nan nan nan nan nan nan nan nan nan nan nan nan nan nan nan nan nan
 nan nan nan nan nan nan nan nan nan nan nan nan nan nan nan nan nan nan
 nan]
2026-03-10 10:33:20,269 - root - ERROR - NaN value detected in oversampled model function.
2026-03-10 10:33:20,271 - root - ERROR - <ParameterSet (values: 17)>
    cont_intercept  =  26687.726144485638
    cont_slope      =  25.13655059577499
    iod_depth       =  0.28980428391441504
    lsf_left_1      =  10.843165612341776
    lsf_left_2      =  -18.210215545533394
    lsf_left_3      =  1.2368965846440505
    lsf_left_4      =  -1.1987147965630953
    lsf_left_5      =  0.6795039108198868
    lsf_right1      =  5.9308377473821015
    lsf_right2      =  -18.346525732223306
    lsf_right3      =  6.048219053927631
    lsf_right4      =  -3.847885457304413
    lsf_right5      =  0.661806890374841
    tem_depth       =  0.940382503502528
    velocity        =  -21052.64591988923
    wave_intercept  =  6213.860017560913
    wave_slope      =  0.019833493741630893
2026-03-10 10:33:20,272 - root - ERROR - Evaluated LSF:
2026-03-10 10:33:20,273 - root - ERROR - [nan nan nan nan nan nan nan nan nan nan nan nan nan nan nan nan nan nan
 nan nan nan nan nan nan nan nan nan nan nan nan nan nan nan nan nan nan
 nan nan nan nan nan nan nan nan nan nan nan nan nan nan nan nan nan nan
 nan nan nan nan nan nan nan nan nan nan nan nan nan nan nan nan nan nan
 nan]
2026-03-10 10:33:20,544 - root - ERROR - NaN value detected in oversampled model function.
2026-03-10 10:33:20,546 - root - ERROR - <ParameterSet (values: 17)>
    cont_intercept  =  38896.782339448386
    cont_slope      =  28.700184902050825
    iod_depth       =  0.8314586616898194
    lsf_left_1      =  2.799751115874779
    lsf_left_2      =  -13.977757343892915
    lsf_left_3      =  2.285380366649577
    lsf_left_4      =  -3.2554652542408604
    lsf_left_5      =  0.25025386582076464
    lsf_right1      =  2.366152280009324
    lsf_right2      =  -18.6411196506669
    lsf_right3      =  10.147549547773238
    lsf_right4      =  -3.8815463386116194
    lsf_right5      =  0.8284837733103183
    tem_depth       =  1.0016673350329786
    velocity        =  -21109.9487051617
    wave_intercept  =  6220.874191977519
    wave_slope      =  0.019300137474255814
2026-03-10 10:33:20,547 - root - ERROR - Evaluated LSF:
2026-03-10 10:33:20,548 - root - ERROR - [nan nan nan nan nan nan nan nan nan nan nan nan nan nan nan nan nan nan
 nan nan nan nan nan nan nan nan nan nan nan nan nan nan nan nan nan nan
 nan nan nan nan nan nan nan nan nan nan nan nan nan nan nan nan nan nan
 nan nan nan nan nan nan nan nan nan nan nan nan nan nan nan nan nan nan
 nan]
2026-03-10 10:33:24,077 - root - ERROR - Polynomial fitting failed. Falling back to input values
Traceback (most recent call last):
  File "/Users/jaklusmeyer/SONG/pyodine/pyodine/lib/misc.py", line 529, in fit_polynomial
    pfit, stats = np.polynomial.Polynomial.fit(
  File "/Users/jaklusmeyer/miniconda/envs/pyodine_env/lib/python3.9/site-packages/numpy/polynomial/_polybase.py", line 1036, in fit
    xnew = pu.mapdomain(x, domain, window)
  File "/Users/jaklusmeyer/miniconda/envs/pyodine_env/lib/python3.9/site-packages/numpy/polynomial/polyutils.py", line 371, in mapdomain
    off, scl = mapparms(old, new)
  File "/Users/jaklusmeyer/miniconda/envs/pyodine_env/lib/python3.9/site-packages/numpy/polynomial/polyutils.py", line 303, in mapparms
    off = (old[1]*new[0] - old[0]*new[1])/oldlen
ZeroDivisionError: division by zero
2026-03-10 10:33:24,079 - root - ERROR - Polynomial fitting failed. Falling back to input values
Traceback (most recent call last):
  File "/Users/jaklusmeyer/SONG/pyodine/pyodine/lib/misc.py", line 529, in fit_polynomial
    pfit, stats = np.polynomial.Polynomial.fit(
  File "/Users/jaklusmeyer/miniconda/envs/pyodine_env/lib/python3.9/site-packages/numpy/polynomial/_polybase.py", line 1036, in fit
    xnew = pu.mapdomain(x, domain, window)
  File "/Users/jaklusmeyer/miniconda/envs/pyodine_env/lib/python3.9/site-packages/numpy/polynomial/polyutils.py", line 371, in mapdomain
    off, scl = mapparms(old, new)
  File "/Users/jaklusmeyer/miniconda/envs/pyodine_env/lib/python3.9/site-packages/numpy/polynomial/polyutils.py", line 303, in mapparms
    off = (old[1]*new[0] - old[0]*new[1])/oldlen
ZeroDivisionError: division by zero
2026-03-10 10:33:24,081 - root - ERROR - Polynomial fitting failed. Falling back to input values
Traceback (most recent call last):
  File "/Users/jaklusmeyer/SONG/pyodine/pyodine/lib/misc.py", line 529, in fit_polynomial
    pfit, stats = np.polynomial.Polynomial.fit(
  File "/Users/jaklusmeyer/miniconda/envs/pyodine_env/lib/python3.9/site-packages/numpy/polynomial/_polybase.py", line 1036, in fit
    xnew = pu.mapdomain(x, domain, window)
  File "/Users/jaklusmeyer/miniconda/envs/pyodine_env/lib/python3.9/site-packages/numpy/polynomial/polyutils.py", line 371, in mapdomain
    off, scl = mapparms(old, new)
  File "/Users/jaklusmeyer/miniconda/envs/pyodine_env/lib/python3.9/site-packages/numpy/polynomial/polyutils.py", line 303, in mapparms
    off = (old[1]*new[0] - old[0]*new[1])/oldlen
ZeroDivisionError: division by zero
2026-03-10 10:33:24,083 - root - ERROR - Polynomial fitting failed. Falling back to input values
Traceback (most recent call last):
  File "/Users/jaklusmeyer/SONG/pyodine/pyodine/lib/misc.py", line 529, in fit_polynomial
    pfit, stats = np.polynomial.Polynomial.fit(
  File "/Users/jaklusmeyer/miniconda/envs/pyodine_env/lib/python3.9/site-packages/numpy/polynomial/_polybase.py", line 1036, in fit
    xnew = pu.mapdomain(x, domain, window)
  File "/Users/jaklusmeyer/miniconda/envs/pyodine_env/lib/python3.9/site-packages/numpy/polynomial/polyutils.py", line 371, in mapdomain
    off, scl = mapparms(old, new)
  File "/Users/jaklusmeyer/miniconda/envs/pyodine_env/lib/python3.9/site-packages/numpy/polynomial/polyutils.py", line 303, in mapparms
    off = (old[1]*new[0] - old[0]*new[1])/oldlen
ZeroDivisionError: division by zero
2026-03-10 10:33:24,084 - root - ERROR - Polynomial fitting failed. Falling back to input values
Traceback (most recent call last):
  File "/Users/jaklusmeyer/SONG/pyodine/pyodine/lib/misc.py", line 529, in fit_polynomial
    pfit, stats = np.polynomial.Polynomial.fit(
  File "/Users/jaklusmeyer/miniconda/envs/pyodine_env/lib/python3.9/site-packages/numpy/polynomial/_polybase.py", line 1036, in fit
    xnew = pu.mapdomain(x, domain, window)
  File "/Users/jaklusmeyer/miniconda/envs/pyodine_env/lib/python3.9/site-packages/numpy/polynomial/polyutils.py", line 371, in mapdomain
    off, scl = mapparms(old, new)
  File "/Users/jaklusmeyer/miniconda/envs/pyodine_env/lib/python3.9/site-packages/numpy/polynomial/polyutils.py", line 303, in mapparms
    off = (old[1]*new[0] - old[0]*new[1])/oldlen
ZeroDivisionError: division by zero
2026-03-10 10:33:24,086 - root - ERROR - Polynomial fitting failed. Falling back to input values
Traceback (most recent call last):
  File "/Users/jaklusmeyer/SONG/pyodine/pyodine/lib/misc.py", line 529, in fit_polynomial
    pfit, stats = np.polynomial.Polynomial.fit(
  File "/Users/jaklusmeyer/miniconda/envs/pyodine_env/lib/python3.9/site-packages/numpy/polynomial/_polybase.py", line 1036, in fit
    xnew = pu.mapdomain(x, domain, window)
  File "/Users/jaklusmeyer/miniconda/envs/pyodine_env/lib/python3.9/site-packages/numpy/polynomial/polyutils.py", line 371, in mapdomain
    off, scl = mapparms(old, new)
  File "/Users/jaklusmeyer/miniconda/envs/pyodine_env/lib/python3.9/site-packages/numpy/polynomial/polyutils.py", line 303, in mapparms
    off = (old[1]*new[0] - old[0]*new[1])/oldlen
ZeroDivisionError: division by zero
2026-03-10 10:33:24,087 - root - ERROR - Polynomial fitting failed. Falling back to input values
Traceback (most recent call last):
  File "/Users/jaklusmeyer/SONG/pyodine/pyodine/lib/misc.py", line 529, in fit_polynomial
    pfit, stats = np.polynomial.Polynomial.fit(
  File "/Users/jaklusmeyer/miniconda/envs/pyodine_env/lib/python3.9/site-packages/numpy/polynomial/_polybase.py", line 1036, in fit
    xnew = pu.mapdomain(x, domain, window)
  File "/Users/jaklusmeyer/miniconda/envs/pyodine_env/lib/python3.9/site-packages/numpy/polynomial/polyutils.py", line 371, in mapdomain
    off, scl = mapparms(old, new)
  File "/Users/jaklusmeyer/miniconda/envs/pyodine_env/lib/python3.9/site-packages/numpy/polynomial/polyutils.py", line 303, in mapparms
    off = (old[1]*new[0] - old[0]*new[1])/oldlen
ZeroDivisionError: division by zero
2026-03-10 10:33:24,097 - root - ERROR - Polynomial fitting failed. Falling back to input values
Traceback (most recent call last):
  File "/Users/jaklusmeyer/SONG/pyodine/pyodine/lib/misc.py", line 529, in fit_polynomial
    pfit, stats = np.polynomial.Polynomial.fit(
  File "/Users/jaklusmeyer/miniconda/envs/pyodine_env/lib/python3.9/site-packages/numpy/polynomial/_polybase.py", line 1036, in fit
    xnew = pu.mapdomain(x, domain, window)
  File "/Users/jaklusmeyer/miniconda/envs/pyodine_env/lib/python3.9/site-packages/numpy/polynomial/polyutils.py", line 371, in mapdomain
    off, scl = mapparms(old, new)
  File "/Users/jaklusmeyer/miniconda/envs/pyodine_env/lib/python3.9/site-packages/numpy/polynomial/polyutils.py", line 303, in mapparms
    off = (old[1]*new[0] - old[0]*new[1])/oldlen
ZeroDivisionError: division by zero
2026-03-10 10:33:24,099 - root - ERROR - Polynomial fitting failed. Falling back to input values
Traceback (most recent call last):
  File "/Users/jaklusmeyer/SONG/pyodine/pyodine/lib/misc.py", line 529, in fit_polynomial
    pfit, stats = np.polynomial.Polynomial.fit(
  File "/Users/jaklusmeyer/miniconda/envs/pyodine_env/lib/python3.9/site-packages/numpy/polynomial/_polybase.py", line 1036, in fit
    xnew = pu.mapdomain(x, domain, window)
  File "/Users/jaklusmeyer/miniconda/envs/pyodine_env/lib/python3.9/site-packages/numpy/polynomial/polyutils.py", line 371, in mapdomain
    off, scl = mapparms(old, new)
  File "/Users/jaklusmeyer/miniconda/envs/pyodine_env/lib/python3.9/site-packages/numpy/polynomial/polyutils.py", line 303, in mapparms
    off = (old[1]*new[0] - old[0]*new[1])/oldlen
ZeroDivisionError: division by zero
2026-03-10 10:33:24,100 - root - ERROR - Polynomial fitting failed. Falling back to input values
Traceback (most recent call last):
  File "/Users/jaklusmeyer/SONG/pyodine/pyodine/lib/misc.py", line 529, in fit_polynomial
    pfit, stats = np.polynomial.Polynomial.fit(
  File "/Users/jaklusmeyer/miniconda/envs/pyodine_env/lib/python3.9/site-packages/numpy/polynomial/_polybase.py", line 1036, in fit
    xnew = pu.mapdomain(x, domain, window)
  File "/Users/jaklusmeyer/miniconda/envs/pyodine_env/lib/python3.9/site-packages/numpy/polynomial/polyutils.py", line 371, in mapdomain
    off, scl = mapparms(old, new)
  File "/Users/jaklusmeyer/miniconda/envs/pyodine_env/lib/python3.9/site-packages/numpy/polynomial/polyutils.py", line 303, in mapparms
    off = (old[1]*new[0] - old[0]*new[1])/oldlen
ZeroDivisionError: division by zero
2026-03-10 10:33:24,102 - root - ERROR - Polynomial fitting failed. Falling back to input values
Traceback (most recent call last):
  File "/Users/jaklusmeyer/SONG/pyodine/pyodine/lib/misc.py", line 529, in fit_polynomial
    pfit, stats = np.polynomial.Polynomial.fit(
  File "/Users/jaklusmeyer/miniconda/envs/pyodine_env/lib/python3.9/site-packages/numpy/polynomial/_polybase.py", line 1036, in fit
    xnew = pu.mapdomain(x, domain, window)
  File "/Users/jaklusmeyer/miniconda/envs/pyodine_env/lib/python3.9/site-packages/numpy/polynomial/polyutils.py", line 371, in mapdomain
    off, scl = mapparms(old, new)
  File "/Users/jaklusmeyer/miniconda/envs/pyodine_env/lib/python3.9/site-packages/numpy/polynomial/polyutils.py", line 303, in mapparms
    off = (old[1]*new[0] - old[0]*new[1])/oldlen
ZeroDivisionError: division by zero
2026-03-10 10:33:24,103 - root - ERROR - Polynomial fitting failed. Falling back to input values
Traceback (most recent call last):
  File "/Users/jaklusmeyer/SONG/pyodine/pyodine/lib/misc.py", line 529, in fit_polynomial
    pfit, stats = np.polynomial.Polynomial.fit(
  File "/Users/jaklusmeyer/miniconda/envs/pyodine_env/lib/python3.9/site-packages/numpy/polynomial/_polybase.py", line 1036, in fit
    xnew = pu.mapdomain(x, domain, window)
  File "/Users/jaklusmeyer/miniconda/envs/pyodine_env/lib/python3.9/site-packages/numpy/polynomial/polyutils.py", line 371, in mapdomain
    off, scl = mapparms(old, new)
  File "/Users/jaklusmeyer/miniconda/envs/pyodine_env/lib/python3.9/site-packages/numpy/polynomial/polyutils.py", line 303, in mapparms
    off = (old[1]*new[0] - old[0]*new[1])/oldlen
ZeroDivisionError: division by zero
2026-03-10 10:33:24,105 - root - ERROR - Polynomial fitting failed. Falling back to input values
Traceback (most recent call last):
  File "/Users/jaklusmeyer/SONG/pyodine/pyodine/lib/misc.py", line 529, in fit_polynomial
    pfit, stats = np.polynomial.Polynomial.fit(
  File "/Users/jaklusmeyer/miniconda/envs/pyodine_env/lib/python3.9/site-packages/numpy/polynomial/_polybase.py", line 1036, in fit
    xnew = pu.mapdomain(x, domain, window)
  File "/Users/jaklusmeyer/miniconda/envs/pyodine_env/lib/python3.9/site-packages/numpy/polynomial/polyutils.py", line 371, in mapdomain
    off, scl = mapparms(old, new)
  File "/Users/jaklusmeyer/miniconda/envs/pyodine_env/lib/python3.9/site-packages/numpy/polynomial/polyutils.py", line 303, in mapparms
    off = (old[1]*new[0] - old[0]*new[1])/oldlen
ZeroDivisionError: division by zero
2026-03-10 10:33:24,107 - root - ERROR - Polynomial fitting failed. Falling back to input values
Traceback (most recent call last):
  File "/Users/jaklusmeyer/SONG/pyodine/pyodine/lib/misc.py", line 529, in fit_polynomial
    pfit, stats = np.polynomial.Polynomial.fit(
  File "/Users/jaklusmeyer/miniconda/envs/pyodine_env/lib/python3.9/site-packages/numpy/polynomial/_polybase.py", line 1036, in fit
    xnew = pu.mapdomain(x, domain, window)
  File "/Users/jaklusmeyer/miniconda/envs/pyodine_env/lib/python3.9/site-packages/numpy/polynomial/polyutils.py", line 371, in mapdomain
    off, scl = mapparms(old, new)
  File "/Users/jaklusmeyer/miniconda/envs/pyodine_env/lib/python3.9/site-packages/numpy/polynomial/polyutils.py", line 303, in mapparms
    off = (old[1]*new[0] - old[0]*new[1])/oldlen
ZeroDivisionError: division by zero
2026-03-10 10:33:27,028 - root - ERROR - NaN value detected in iodine function.
2026-03-10 10:33:27,030 - root - ERROR - Chunk could not be plotted
Traceback (most recent call last):
  File "/Users/jaklusmeyer/SONG/pyodine/pyodine/plot_lib.py", line 62, in plot_chunkmodel
    sp = fit_results[chunk_nr].fitted_spectrum
  File "/Users/jaklusmeyer/SONG/pyodine/pyodine/fitters/base.py", line 45, in fitted_spectrum
    return self.model.eval_spectrum(self.chunk, self.params, chunk_ind=self.chunk_ind)
  File "/Users/jaklusmeyer/SONG/pyodine/pyodine/models/base.py", line 79, in eval_spectrum
    flux = self.eval(chunk, params, chunk_ind=chunk_ind, **kwargs)
  File "/Users/jaklusmeyer/SONG/pyodine/pyodine/models/spectrum.py", line 138, in eval
    tck = splrep(tem.wave * doppler, flux_tem, s=0)
  File "/Users/jaklusmeyer/miniconda/envs/pyodine_env/lib/python3.9/site-packages/scipy/interpolate/_fitpack_py.py", line 295, in splrep
    res = _impl.splrep(x, y, w, xb, xe, k, task, s, t, full_output, per, quiet)
  File "/Users/jaklusmeyer/miniconda/envs/pyodine_env/lib/python3.9/site-packages/scipy/interpolate/_fitpack_impl.py", line 276, in splrep
    n, c, fp, ier = dfitpack.curfit(task, x, y, w, t, wrk, iwrk,
dfitpack.error: (xb<=x[0]) failed for 1st keyword xb: curfit:xb=nan
2026-03-10 10:33:27,323 - root - ERROR - NaN value detected in iodine function.
2026-03-10 10:33:27,324 - root - ERROR - Chunk could not be plotted
Traceback (most recent call last):
  File "/Users/jaklusmeyer/SONG/pyodine/pyodine/plot_lib.py", line 62, in plot_chunkmodel
    sp = fit_results[chunk_nr].fitted_spectrum
  File "/Users/jaklusmeyer/SONG/pyodine/pyodine/fitters/base.py", line 45, in fitted_spectrum
    return self.model.eval_spectrum(self.chunk, self.params, chunk_ind=self.chunk_ind)
  File "/Users/jaklusmeyer/SONG/pyodine/pyodine/models/base.py", line 79, in eval_spectrum
    flux = self.eval(chunk, params, chunk_ind=chunk_ind, **kwargs)
  File "/Users/jaklusmeyer/SONG/pyodine/pyodine/models/spectrum.py", line 138, in eval
    tck = splrep(tem.wave * doppler, flux_tem, s=0)
  File "/Users/jaklusmeyer/miniconda/envs/pyodine_env/lib/python3.9/site-packages/scipy/interpolate/_fitpack_py.py", line 295, in splrep
    res = _impl.splrep(x, y, w, xb, xe, k, task, s, t, full_output, per, quiet)
  File "/Users/jaklusmeyer/miniconda/envs/pyodine_env/lib/python3.9/site-packages/scipy/interpolate/_fitpack_impl.py", line 276, in splrep
    n, c, fp, ier = dfitpack.curfit(task, x, y, w, t, wrk, iwrk,
dfitpack.error: (xb<=x[0]) failed for 1st keyword xb: curfit:xb=nan
