2026-03-26 12:14:07,270 - root - ERROR - NaN value detected in oversampled model function.
2026-03-26 12:14:07,271 - root - ERROR - <ParameterSet (values: 17)>
    cont_intercept  =  3722.6969599732083
    cont_slope      =  2.356792823052725
    iod_depth       =  0.5773606732680977
    lsf_left_1      =  10.186464461432124
    lsf_left_2      =  -19.255527015936558
    lsf_left_3      =  3.571656321629248
    lsf_left_4      =  -2.8321253768496266
    lsf_left_5      =  0.8485264627288379
    lsf_right1      =  3.5486758335703907
    lsf_right2      =  -15.002552637942241
    lsf_right3      =  3.40205928222682
    lsf_right4      =  -2.461386642974533
    lsf_right5      =  1.1691406862740026
    tem_depth       =  0.6891085013221818
    velocity        =  -2307.2795853274347
    wave_intercept  =  5127.957869062274
    wave_slope      =  0.015608025918777677
2026-03-26 12:14:07,273 - root - ERROR - Evaluated LSF:
2026-03-26 12:14:07,274 - root - ERROR - [nan nan nan nan nan nan nan nan nan nan nan nan nan nan nan nan nan nan
 nan nan nan nan nan nan nan nan nan nan nan nan nan nan nan nan nan nan
 nan nan nan nan nan nan nan nan nan nan nan nan nan nan nan nan nan nan
 nan nan nan nan nan nan nan nan nan nan nan nan nan nan nan nan nan nan
 nan]
2026-03-26 12:14:07,293 - root - ERROR - NaN value detected in oversampled model function.
2026-03-26 12:14:07,294 - root - ERROR - <ParameterSet (values: 17)>
    cont_intercept  =  3968.667433679738
    cont_slope      =  1.6853459302065665
    iod_depth       =  0.4957204679039525
    lsf_left_1      =  6.863878114610435
    lsf_left_2      =  -17.668820714876087
    lsf_left_3      =  6.038513341909399
    lsf_left_4      =  -3.516920270309314
    lsf_left_5      =  1.1845441126244634
    lsf_right1      =  3.8202116118233933
    lsf_right2      =  -17.11083254211717
    lsf_right3      =  9.708183114402857
    lsf_right4      =  -3.952188049373827
    lsf_right5      =  0.6331097270955137
    tem_depth       =  0.7437071585227671
    velocity        =  -2412.6579203149086
    wave_intercept  =  5129.971017466442
    wave_slope      =  0.01538916555236647
2026-03-26 12:14:07,296 - root - ERROR - Evaluated LSF:
2026-03-26 12:14:07,297 - root - ERROR - [nan nan nan nan nan nan nan nan nan nan nan nan nan nan nan nan nan nan
 nan nan nan nan nan nan nan nan nan nan nan nan nan nan nan nan nan nan
 nan nan nan nan nan nan nan nan nan nan nan nan nan nan nan nan nan nan
 nan nan nan nan nan nan nan nan nan nan nan nan nan nan nan nan nan nan
 nan]
2026-03-26 12:14:10,670 - root - ERROR - NaN value detected in oversampled model function.
2026-03-26 12:14:10,671 - root - ERROR - <ParameterSet (values: 17)>
    cont_intercept  =  4793.901602998951
    cont_slope      =  -0.24401630462208462
    iod_depth       =  0.6125343798962914
    lsf_left_1      =  7.592709569299916
    lsf_left_2      =  -14.457409018357264
    lsf_left_3      =  6.292012327856867
    lsf_left_4      =  -3.7872190137860695
    lsf_left_5      =  0.7254417501621959
    lsf_right1      =  3.684964044245551
    lsf_right2      =  -15.664177753459935
    lsf_right3      =  1.8694985590428892
    lsf_right4      =  -3.1600527334969315
    lsf_right5      =  0.9554073511795244
    tem_depth       =  0.817108817212752
    velocity        =  -2942.105121807312
    wave_intercept  =  5159.458197054807
    wave_slope      =  0.012984829879272537
2026-03-26 12:14:10,673 - root - ERROR - Evaluated LSF:
2026-03-26 12:14:10,674 - root - ERROR - [nan nan nan nan nan nan nan nan nan nan nan nan nan nan nan nan nan nan
 nan nan nan nan nan nan nan nan nan nan nan nan nan nan nan nan nan nan
 nan nan nan nan nan nan nan nan nan nan nan nan nan nan nan nan nan nan
 nan nan nan nan nan nan nan nan nan nan nan nan nan nan nan nan nan nan
 nan]
2026-03-26 12:14:12,013 - root - ERROR - Chunk 29: No Data! Returning LmfitResult with None.
2026-03-26 12:14:12,977 - root - ERROR - Chunk 32: No Data! Returning LmfitResult with None.
2026-03-26 12:14:14,217 - root - ERROR - NaN value detected in oversampled model function.
2026-03-26 12:14:14,218 - root - ERROR - <ParameterSet (values: 17)>
    cont_intercept  =  5527.33671518769
    cont_slope      =  -0.11153916342498864
    iod_depth       =  0.6128316200684703
    lsf_left_1      =  2.626142538391921
    lsf_left_2      =  -18.901746512845865
    lsf_left_3      =  4.215866344852017
    lsf_left_4      =  -3.838055531228132
    lsf_left_5      =  0.36470717537920405
    lsf_right1      =  3.096261866255815
    lsf_right2      =  -15.056595290443564
    lsf_right3      =  6.461832294155391
    lsf_right4      =  -2.805460318277606
    lsf_right5      =  0.34956375929819705
    tem_depth       =  0.77522725163966
    velocity        =  -2183.8524649498463
    wave_intercept  =  5188.922976574795
    wave_slope      =  0.014322901666119587
2026-03-26 12:14:14,219 - root - ERROR - Evaluated LSF:
2026-03-26 12:14:14,220 - root - ERROR - [nan nan nan nan nan nan nan nan nan nan nan nan nan nan nan nan nan nan
 nan nan nan nan nan nan nan nan nan nan nan nan nan nan nan nan nan nan
 nan nan nan nan nan nan nan nan nan nan nan nan nan nan nan nan nan nan
 nan nan nan nan nan nan nan nan nan nan nan nan nan nan nan nan nan nan
 nan]
2026-03-26 12:14:15,656 - root - ERROR - Chunk 47: No Data! Returning LmfitResult with None.
2026-03-26 12:14:15,963 - root - ERROR - NaN value detected in oversampled model function.
2026-03-26 12:14:15,965 - root - ERROR - <ParameterSet (values: 17)>
    cont_intercept  =  4278.63437152888
    cont_slope      =  -0.7717487558728399
    iod_depth       =  0.4831273314895109
    lsf_left_1      =  2.404800523215621
    lsf_left_2      =  -19.20765402415204
    lsf_left_3      =  3.307307827114999
    lsf_left_4      =  -2.1771654206168716
    lsf_left_5      =  0.709777644281008
    lsf_right1      =  2.6951596387255803
    lsf_right2      =  -18.250531024501658
    lsf_right3      =  1.140179214640202
    lsf_right4      =  -0.8797996858445196
    lsf_right5      =  0.2229936032583988
    tem_depth       =  0.7391111825618624
    velocity        =  -2141.175051018223
    wave_intercept  =  5206.569025325809
    wave_slope      =  0.012952462576019902
2026-03-26 12:14:15,966 - root - ERROR - Evaluated LSF:
2026-03-26 12:14:15,967 - root - ERROR - [nan nan nan nan nan nan nan nan nan nan nan nan nan nan nan nan nan nan
 nan nan nan nan nan nan nan nan nan nan nan nan nan nan nan nan nan nan
 nan nan nan nan nan nan nan nan nan nan nan nan nan nan nan nan nan nan
 nan nan nan nan nan nan nan nan nan nan nan nan nan nan nan nan nan nan
 nan]
2026-03-26 12:14:17,482 - root - ERROR - NaN value detected in oversampled model function.
2026-03-26 12:14:17,484 - root - ERROR - <ParameterSet (values: 17)>
    cont_intercept  =  5370.747559543112
    cont_slope      =  2.8373813859305246
    iod_depth       =  0.8209470228777009
    lsf_left_1      =  2.1282298916298767
    lsf_left_2      =  -10.251249418118734
    lsf_left_3      =  9.044902649789009
    lsf_left_4      =  -3.9294150947872475
    lsf_left_5      =  0.876097589442933
    lsf_right1      =  2.975474332176901
    lsf_right2      =  -15.67609776550584
    lsf_right3      =  10.013348919224047
    lsf_right4      =  -3.0492810849834218
    lsf_right5      =  0.20440691092870847
    tem_depth       =  -0.3273176807345879
    velocity        =  -10333.289259186216
    wave_intercept  =  5223.67294831488
    wave_slope      =  0.015158844545725516
2026-03-26 12:14:17,485 - root - ERROR - Evaluated LSF:
2026-03-26 12:14:17,486 - root - ERROR - [nan nan nan nan nan nan nan nan nan nan nan nan nan nan nan nan nan nan
 nan nan nan nan nan nan nan nan nan nan nan nan nan nan nan nan nan nan
 nan nan nan nan nan nan nan nan nan nan nan nan nan nan nan nan nan nan
 nan nan nan nan nan nan nan nan nan nan nan nan nan nan nan nan nan nan
 nan]
2026-03-26 12:14:17,676 - root - ERROR - NaN value detected in oversampled model function.
2026-03-26 12:14:17,678 - root - ERROR - <ParameterSet (values: 17)>
    cont_intercept  =  4741.512854091523
    cont_slope      =  2.4546672233722746
    iod_depth       =  0.4458750121282605
    lsf_left_1      =  8.99793936911657
    lsf_left_2      =  -16.600060917181743
    lsf_left_3      =  2.4611441038254687
    lsf_left_4      =  -2.2793940319258894
    lsf_left_5      =  0.6419469999629783
    lsf_right1      =  3.0794630242132115
    lsf_right2      =  -15.361930782009285
    lsf_right3      =  9.872092325860827
    lsf_right4      =  -2.4675276035476474
    lsf_right5      =  0.1539700438157522
    tem_depth       =  0.7480355483302779
    velocity        =  -2235.888079881351
    wave_intercept  =  5227.584538017203
    wave_slope      =  0.014898270514458531
2026-03-26 12:14:17,680 - root - ERROR - Evaluated LSF:
2026-03-26 12:14:17,681 - root - ERROR - [nan nan nan nan nan nan nan nan nan nan nan nan nan nan nan nan nan nan
 nan nan nan nan nan nan nan nan nan nan nan nan nan nan nan nan nan nan
 nan nan nan nan nan nan nan nan nan nan nan nan nan nan nan nan nan nan
 nan nan nan nan nan nan nan nan nan nan nan nan nan nan nan nan nan nan
 nan]
2026-03-26 12:14:22,654 - root - ERROR - NaN value detected in oversampled model function.
2026-03-26 12:14:22,656 - root - ERROR - <ParameterSet (values: 17)>
    cont_intercept  =  5652.062783741959
    cont_slope      =  2.0784251738370143
    iod_depth       =  0.6799855610686388
    lsf_left_1      =  2.821507323483319
    lsf_left_2      =  -10.205788852729032
    lsf_left_3      =  8.800882250318187
    lsf_left_4      =  -3.6225188882841866
    lsf_left_5      =  0.5859951626212887
    lsf_right1      =  6.406466894759545
    lsf_right2      =  -13.890136871654757
    lsf_right3      =  1.5808823259546352
    lsf_right4      =  -1.0672366781029212
    lsf_right5      =  0.4164159538842928
    tem_depth       =  0.710030724887099
    velocity        =  -2509.105003466499
    wave_intercept  =  5272.648805847185
    wave_slope      =  0.014984335353347993
2026-03-26 12:14:22,657 - root - ERROR - Evaluated LSF:
2026-03-26 12:14:22,658 - root - ERROR - [nan nan nan nan nan nan nan nan nan nan nan nan nan nan nan nan nan nan
 nan nan nan nan nan nan nan nan nan nan nan nan nan nan nan nan nan nan
 nan nan nan nan nan nan nan nan nan nan nan nan nan nan nan nan nan nan
 nan nan nan nan nan nan nan nan nan nan nan nan nan nan nan nan nan nan
 nan]
2026-03-26 12:14:22,663 - root - ERROR - Chunk 87: No Data! Returning LmfitResult with None.
2026-03-26 12:14:24,563 - root - ERROR - NaN value detected in oversampled model function.
2026-03-26 12:14:24,565 - root - ERROR - <ParameterSet (values: 17)>
    cont_intercept  =  3036.9220813626584
    cont_slope      =  3.364757200121921
    iod_depth       =  0.6283061736960974
    lsf_left_1      =  2.345981432460948
    lsf_left_2      =  -12.783452053526162
    lsf_left_3      =  2.758984227459009
    lsf_left_4      =  -3.907227531852038
    lsf_left_5      =  0.143258008292889
    lsf_right1      =  3.5720386516870244
    lsf_right2      =  -17.455382038663576
    lsf_right3      =  2.466860836307748
    lsf_right4      =  -1.575906897159304
    lsf_right5      =  0.3140552907639672
    tem_depth       =  1.025158949482183
    velocity        =  -2313.3284240623225
    wave_intercept  =  5295.640051185392
    wave_slope      =  0.016930704063105373
2026-03-26 12:14:24,567 - root - ERROR - Evaluated LSF:
2026-03-26 12:14:24,568 - root - ERROR - [nan nan nan nan nan nan nan nan nan nan nan nan nan nan nan nan nan nan
 nan nan nan nan nan nan nan nan nan nan nan nan nan nan nan nan nan nan
 nan nan nan nan nan nan nan nan nan nan nan nan nan nan nan nan nan nan
 nan nan nan nan nan nan nan nan nan nan nan nan nan nan nan nan nan nan
 nan]
2026-03-26 12:14:32,691 - root - ERROR - NaN value detected in oversampled model function.
2026-03-26 12:14:32,693 - root - ERROR - <ParameterSet (values: 17)>
    cont_intercept  =  6105.949112935765
    cont_slope      =  -2.0558518909927788
    iod_depth       =  0.6344785915094743
    lsf_left_1      =  2.3510690638025373
    lsf_left_2      =  -17.448190809349505
    lsf_left_3      =  3.318604811192063
    lsf_left_4      =  -2.816264599534566
    lsf_left_5      =  1.193549664031587
    lsf_right1      =  6.57490514132179
    lsf_right2      =  -11.909882678838517
    lsf_right3      =  1.2361006474699336
    lsf_right4      =  -3.352040560245425
    lsf_right5      =  1.1856774675289024
    tem_depth       =  0.7909873092928346
    velocity        =  -2280.3993770121856
    wave_intercept  =  5383.962903939687
    wave_slope      =  0.01376170196911174
2026-03-26 12:14:32,695 - root - ERROR - Evaluated LSF:
2026-03-26 12:14:32,696 - root - ERROR - [nan nan nan nan nan nan nan nan nan nan nan nan nan nan nan nan nan nan
 nan nan nan nan nan nan nan nan nan nan nan nan nan nan nan nan nan nan
 nan nan nan nan nan nan nan nan nan nan nan nan nan nan nan nan nan nan
 nan nan nan nan nan nan nan nan nan nan nan nan nan nan nan nan nan nan
 nan]
2026-03-26 12:14:33,680 - root - ERROR - NaN value detected in oversampled model function.
2026-03-26 12:14:33,682 - root - ERROR - <ParameterSet (values: 17)>
    cont_intercept  =  4282.750949717323
    cont_slope      =  1.9582893133190467
    iod_depth       =  0.5410156727747699
    lsf_left_1      =  8.103840286545779
    lsf_left_2      =  -19.094876986378345
    lsf_left_3      =  1.1824079058406014
    lsf_left_4      =  -3.0570682010594794
    lsf_left_5      =  1.0996037492493507
    lsf_right1      =  4.57314096333175
    lsf_right2      =  -17.360386872410274
    lsf_right3      =  2.400898530914474
    lsf_right4      =  -1.6544998576541876
    lsf_right5      =  0.26888235061746024
    tem_depth       =  0.8012690135633792
    velocity        =  -2156.31363721338
    wave_intercept  =  5398.116877033859
    wave_slope      =  0.01636713414653085
2026-03-26 12:14:33,683 - root - ERROR - Evaluated LSF:
2026-03-26 12:14:33,684 - root - ERROR - [nan nan nan nan nan nan nan nan nan nan nan nan nan nan nan nan nan nan
 nan nan nan nan nan nan nan nan nan nan nan nan nan nan nan nan nan nan
 nan nan nan nan nan nan nan nan nan nan nan nan nan nan nan nan nan nan
 nan nan nan nan nan nan nan nan nan nan nan nan nan nan nan nan nan nan
 nan]
2026-03-26 12:14:34,170 - root - ERROR - NaN value detected in oversampled model function.
2026-03-26 12:14:34,172 - root - ERROR - <ParameterSet (values: 17)>
    cont_intercept  =  5595.292028792762
    cont_slope      =  1.8744408290693206
    iod_depth       =  0.6122989990888813
    lsf_left_1      =  2.5796007663282783
    lsf_left_2      =  -11.73365988572652
    lsf_left_3      =  7.3510284201856475
    lsf_left_4      =  -3.8927304183788602
    lsf_left_5      =  1.094911687186376
    lsf_right1      =  2.5500621933014234
    lsf_right2      =  -19.221993545213248
    lsf_right3      =  3.309529755413858
    lsf_right4      =  -3.7986644674847385
    lsf_right5      =  0.4174651177610217
    tem_depth       =  0.8105440464145357
    velocity        =  -2352.6147516383085
    wave_intercept  =  5406.526354407848
    wave_slope      =  0.015872039770272562
2026-03-26 12:14:34,174 - root - ERROR - Evaluated LSF:
2026-03-26 12:14:34,174 - root - ERROR - [nan nan nan nan nan nan nan nan nan nan nan nan nan nan nan nan nan nan
 nan nan nan nan nan nan nan nan nan nan nan nan nan nan nan nan nan nan
 nan nan nan nan nan nan nan nan nan nan nan nan nan nan nan nan nan nan
 nan nan nan nan nan nan nan nan nan nan nan nan nan nan nan nan nan nan
 nan]
2026-03-26 12:14:37,312 - root - ERROR - NaN value detected in oversampled model function.
2026-03-26 12:14:37,314 - root - ERROR - <ParameterSet (values: 17)>
    cont_intercept  =  4176.502553599187
    cont_slope      =  2.6930179237710488
    iod_depth       =  0.8709780178902969
    lsf_left_1      =  9.040493638815263
    lsf_left_2      =  -18.11399942644449
    lsf_left_3      =  1.534668365447645
    lsf_left_4      =  -3.425865322920276
    lsf_left_5      =  0.14067808120697076
    lsf_right1      =  3.4647611407552983
    lsf_right2      =  -18.660452322692116
    lsf_right3      =  5.591592167153523
    lsf_right4      =  -3.664483636174901
    lsf_right5      =  0.14671143507469406
    tem_depth       =  0.5105861386919912
    velocity        =  -8949.92440311742
    wave_intercept  =  5441.93703631419
    wave_slope      =  0.017048552416283936
2026-03-26 12:14:37,315 - root - ERROR - Evaluated LSF:
2026-03-26 12:14:37,316 - root - ERROR - [nan nan nan nan nan nan nan nan nan nan nan nan nan nan nan nan nan nan
 nan nan nan nan nan nan nan nan nan nan nan nan nan nan nan nan nan nan
 nan nan nan nan nan nan nan nan nan nan nan nan nan nan nan nan nan nan
 nan nan nan nan nan nan nan nan nan nan nan nan nan nan nan nan nan nan
 nan]
2026-03-26 12:14:45,477 - root - ERROR - NaN value detected in oversampled model function.
2026-03-26 12:14:45,480 - root - ERROR - <ParameterSet (values: 17)>
    cont_intercept  =  5972.541443713494
    cont_slope      =  -1.4230376295112135
    iod_depth       =  0.6509955411741912
    lsf_left_1      =  2.490369615057512
    lsf_left_2      =  -13.565150228326763
    lsf_left_3      =  5.825774908724947
    lsf_left_4      =  -3.9556419334950017
    lsf_left_5      =  0.4492593477793209
    lsf_right1      =  2.305392025549126
    lsf_right2      =  -6.318327905972524
    lsf_right3      =  5.458158817819922
    lsf_right4      =  -3.5508446494373835
    lsf_right5      =  0.8659824024746535
    tem_depth       =  0.8139701432709536
    velocity        =  -2259.1940930634914
    wave_intercept  =  5533.0995843415585
    wave_slope      =  0.013791134961434564
2026-03-26 12:14:45,481 - root - ERROR - Evaluated LSF:
2026-03-26 12:14:45,482 - root - ERROR - [nan nan nan nan nan nan nan nan nan nan nan nan nan nan nan nan nan nan
 nan nan nan nan nan nan nan nan nan nan nan nan nan nan nan nan nan nan
 nan nan nan nan nan nan nan nan nan nan nan nan nan nan nan nan nan nan
 nan nan nan nan nan nan nan nan nan nan nan nan nan nan nan nan nan nan
 nan]
2026-03-26 12:14:57,144 - root - ERROR - Chunk 286: No Data! Returning LmfitResult with None.
2026-03-26 12:15:02,150 - root - ERROR - NaN value detected in oversampled model function.
2026-03-26 12:15:02,153 - root - ERROR - <ParameterSet (values: 17)>
    cont_intercept  =  8546.94897151609
    cont_slope      =  -0.11030423312692222
    iod_depth       =  0.8009236230019163
    lsf_left_1      =  9.902315305033284
    lsf_left_2      =  -19.203315645407606
    lsf_left_3      =  1.7193126844832745
    lsf_left_4      =  -2.921459964197255
    lsf_left_5      =  0.44027829757951464
    lsf_right1      =  5.251599040419251
    lsf_right2      =  -18.06945745834597
    lsf_right3      =  9.932138902897105
    lsf_right4      =  -3.95898582281065
    lsf_right5      =  0.8926131714263151
    tem_depth       =  0.5053116535161777
    velocity        =  -1720.9316740968768
    wave_intercept  =  5724.385674045504
    wave_slope      =  0.015621408307247167
2026-03-26 12:15:02,155 - root - ERROR - Evaluated LSF:
2026-03-26 12:15:02,156 - root - ERROR - [nan nan nan nan nan nan nan nan nan nan nan nan nan nan nan nan nan nan
 nan nan nan nan nan nan nan nan nan nan nan nan nan nan nan nan nan nan
 nan nan nan nan nan nan nan nan nan nan nan nan nan nan nan nan nan nan
 nan nan nan nan nan nan nan nan nan nan nan nan nan nan nan nan nan nan
 nan]
2026-03-26 12:15:05,685 - root - ERROR - NaN value detected in oversampled model function.
2026-03-26 12:15:05,687 - root - ERROR - <ParameterSet (values: 17)>
    cont_intercept  =  8677.533545739656
    cont_slope      =  1.9654387237107203
    iod_depth       =  0.7079844724021377
    lsf_left_1      =  6.065813374390871
    lsf_left_2      =  -17.924314456224405
    lsf_left_3      =  3.914817830889423
    lsf_left_4      =  -3.4205838473755015
    lsf_left_5      =  0.257032461615671
    lsf_right1      =  6.016278180974391
    lsf_right2      =  -15.429158890273404
    lsf_right3      =  2.5488836360396876
    lsf_right4      =  -3.89405101612537
    lsf_right5      =  0.392175930400902
    tem_depth       =  0.9573815020640128
    velocity        =  -2490.2586100019216
    wave_intercept  =  5767.923202781002
    wave_slope      =  0.016585222277085226
2026-03-26 12:15:05,688 - root - ERROR - Evaluated LSF:
2026-03-26 12:15:05,689 - root - ERROR - [nan nan nan nan nan nan nan nan nan nan nan nan nan nan nan nan nan nan
 nan nan nan nan nan nan nan nan nan nan nan nan nan nan nan nan nan nan
 nan nan nan nan nan nan nan nan nan nan nan nan nan nan nan nan nan nan
 nan nan nan nan nan nan nan nan nan nan nan nan nan nan nan nan nan nan
 nan]
2026-03-26 12:15:06,761 - root - ERROR - Chunk 343: No Data! Returning LmfitResult with None.
2026-03-26 12:15:10,382 - root - ERROR - NaN value detected in oversampled model function.
2026-03-26 12:15:10,384 - root - ERROR - <ParameterSet (values: 17)>
    cont_intercept  =  9443.812961494867
    cont_slope      =  0.3459505368595159
    iod_depth       =  0.8343795905993563
    lsf_left_1      =  2.2946733975250218
    lsf_left_2      =  -18.163157040814376
    lsf_left_3      =  1.8408582873488801
    lsf_left_4      =  -0.8376153936554664
    lsf_left_5      =  0.443786658167863
    lsf_right1      =  2.5942793669351434
    lsf_right2      =  -10.48688786969451
    lsf_right3      =  6.901082761497189
    lsf_right4      =  -3.5703149190381214
    lsf_right5      =  1.1499283470038608
    tem_depth       =  0.6444194274177006
    velocity        =  -4855.3852369473625
    wave_intercept  =  5833.4202250025755
    wave_slope      =  0.01586858911239216
2026-03-26 12:15:10,385 - root - ERROR - Evaluated LSF:
2026-03-26 12:15:10,386 - root - ERROR - [nan nan nan nan nan nan nan nan nan nan nan nan nan nan nan nan nan nan
 nan nan nan nan nan nan nan nan nan nan nan nan nan nan nan nan nan nan
 nan nan nan nan nan nan nan nan nan nan nan nan nan nan nan nan nan nan
 nan nan nan nan nan nan nan nan nan nan nan nan nan nan nan nan nan nan
 nan]
2026-03-26 12:15:11,064 - root - ERROR - NaN value detected in oversampled model function.
2026-03-26 12:15:11,066 - root - ERROR - <ParameterSet (values: 17)>
    cont_intercept  =  7982.516065694295
    cont_slope      =  -2.8812891004647936
    iod_depth       =  0.7203866798329315
    lsf_left_1      =  4.446232339215647
    lsf_left_2      =  -17.686722528451234
    lsf_left_3      =  1.976078120858051
    lsf_left_4      =  -2.2080915096922427
    lsf_left_5      =  0.13816712471534745
    lsf_right1      =  5.644834092857726
    lsf_right2      =  -19.30518829348393
    lsf_right3      =  8.99477407996752
    lsf_right4      =  -3.920453862370035
    lsf_right5      =  1.1863105993504295
    tem_depth       =  -0.36701991825573504
    velocity        =  -9682.402722160234
    wave_intercept  =  5845.405173520268
    wave_slope      =  0.014933572765569194
2026-03-26 12:15:11,067 - root - ERROR - Evaluated LSF:
2026-03-26 12:15:11,068 - root - ERROR - [nan nan nan nan nan nan nan nan nan nan nan nan nan nan nan nan nan nan
 nan nan nan nan nan nan nan nan nan nan nan nan nan nan nan nan nan nan
 nan nan nan nan nan nan nan nan nan nan nan nan nan nan nan nan nan nan
 nan nan nan nan nan nan nan nan nan nan nan nan nan nan nan nan nan nan
 nan]
2026-03-26 12:15:11,669 - root - ERROR - NaN value detected in oversampled model function.
2026-03-26 12:15:11,671 - root - ERROR - <ParameterSet (values: 17)>
    cont_intercept  =  4387.405747823673
    cont_slope      =  4.930089340156977
    iod_depth       =  0.754097874661222
    lsf_left_1      =  2.7940491914671504
    lsf_left_2      =  -19.37738615734589
    lsf_left_3      =  2.702825999759816
    lsf_left_4      =  -0.5742714547562628
    lsf_left_5      =  0.3136502984896343
    lsf_right1      =  6.956176926157192
    lsf_right2      =  -10.495888923258923
    lsf_right3      =  1.799257039774235
    lsf_right4      =  -3.6931343226125595
    lsf_right5      =  0.1376047015086324
    tem_depth       =  0.9790638422318153
    velocity        =  -1753.6842505459028
    wave_intercept  =  5855.791773750619
    wave_slope      =  0.0187131658286487
2026-03-26 12:15:11,673 - root - ERROR - Evaluated LSF:
2026-03-26 12:15:11,674 - root - ERROR - [nan nan nan nan nan nan nan nan nan nan nan nan nan nan nan nan nan nan
 nan nan nan nan nan nan nan nan nan nan nan nan nan nan nan nan nan nan
 nan nan nan nan nan nan nan nan nan nan nan nan nan nan nan nan nan nan
 nan nan nan nan nan nan nan nan nan nan nan nan nan nan nan nan nan nan
 nan]
2026-03-26 12:15:13,081 - root - ERROR - NaN value detected in oversampled model function.
2026-03-26 12:15:13,083 - root - ERROR - <ParameterSet (values: 17)>
    cont_intercept  =  8619.48787283558
    cont_slope      =  -0.6945404511554263
    iod_depth       =  0.15430187953193736
    lsf_left_1      =  10.966487426914881
    lsf_left_2      =  -18.63716303584393
    lsf_left_3      =  1.2149028572566904
    lsf_left_4      =  -1.9906689541036307
    lsf_left_5      =  0.28127774195422617
    lsf_right1      =  2.1099534223998195
    lsf_right2      =  -17.78622349681689
    lsf_right3      =  2.757961144164051
    lsf_right4      =  -3.915612683369514
    lsf_right5      =  0.28233684742182763
    tem_depth       =  1.2425658092628578
    velocity        =  -2042.0593333058507
    wave_intercept  =  5874.39104440002
    wave_slope      =  0.017202250766915
2026-03-26 12:15:13,085 - root - ERROR - Evaluated LSF:
2026-03-26 12:15:13,086 - root - ERROR - [nan nan nan nan nan nan nan nan nan nan nan nan nan nan nan nan nan nan
 nan nan nan nan nan nan nan nan nan nan nan nan nan nan nan nan nan nan
 nan nan nan nan nan nan nan nan nan nan nan nan nan nan nan nan nan nan
 nan nan nan nan nan nan nan nan nan nan nan nan nan nan nan nan nan nan
 nan]
2026-03-26 12:15:13,854 - root - ERROR - NaN value detected in oversampled model function.
2026-03-26 12:15:13,856 - root - ERROR - <ParameterSet (values: 17)>
    cont_intercept  =  8451.062351399705
    cont_slope      =  -0.37317053750251883
    iod_depth       =  0.7734035557561849
    lsf_left_1      =  2.8690843144113707
    lsf_left_2      =  -18.967500778588004
    lsf_left_3      =  3.604313240686079
    lsf_left_4      =  -0.48414279588554887
    lsf_left_5      =  0.14306326359966343
    lsf_right1      =  3.6535169667670493
    lsf_right2      =  -12.8519190102989
    lsf_right3      =  6.644876875142541
    lsf_right4      =  -2.0576758892099267
    lsf_right5      =  0.18735754093095014
    tem_depth       =  0.9281903649764196
    velocity        =  -1795.7255981912513
    wave_intercept  =  5885.305768500345
    wave_slope      =  0.016328005651644013
2026-03-26 12:15:13,857 - root - ERROR - Evaluated LSF:
2026-03-26 12:15:13,858 - root - ERROR - [nan nan nan nan nan nan nan nan nan nan nan nan nan nan nan nan nan nan
 nan nan nan nan nan nan nan nan nan nan nan nan nan nan nan nan nan nan
 nan nan nan nan nan nan nan nan nan nan nan nan nan nan nan nan nan nan
 nan nan nan nan nan nan nan nan nan nan nan nan nan nan nan nan nan nan
 nan]
2026-03-26 12:15:17,331 - root - ERROR - NaN value detected in oversampled model function.
2026-03-26 12:15:17,333 - root - ERROR - <ParameterSet (values: 17)>
    cont_intercept  =  7886.696133535434
    cont_slope      =  2.572709560430587
    iod_depth       =  0.7831484675192699
    lsf_left_1      =  5.906793306541245
    lsf_left_2      =  -17.364565057865548
    lsf_left_3      =  2.5578550006134035
    lsf_left_4      =  -1.6682304385223947
    lsf_left_5      =  1.0358364207066022
    lsf_right1      =  3.712814344937541
    lsf_right2      =  -19.36685461769015
    lsf_right3      =  1.2582665607488877
    lsf_right4      =  -1.4273212885646829
    lsf_right5      =  1.0958340215671205
    tem_depth       =  0.8867764092444796
    velocity        =  -2731.3514751617613
    wave_intercept  =  5929.181128528416
    wave_slope      =  0.017499658056927676
2026-03-26 12:15:17,334 - root - ERROR - Evaluated LSF:
2026-03-26 12:15:17,335 - root - ERROR - [nan nan nan nan nan nan nan nan nan nan nan nan nan nan nan nan nan nan
 nan nan nan nan nan nan nan nan nan nan nan nan nan nan nan nan nan nan
 nan nan nan nan nan nan nan nan nan nan nan nan nan nan nan nan nan nan
 nan nan nan nan nan nan nan nan nan nan nan nan nan nan nan nan nan nan
 nan]
2026-03-26 12:15:18,442 - root - ERROR - NaN value detected in oversampled model function.
2026-03-26 12:15:18,444 - root - ERROR - <ParameterSet (values: 17)>
    cont_intercept  =  9586.142584648847
    cont_slope      =  -0.4250492262977692
    iod_depth       =  0.8055545562679608
    lsf_left_1      =  2.528498881996098
    lsf_left_2      =  -18.740647648125705
    lsf_left_3      =  1.220119349664713
    lsf_left_4      =  -3.724844977951597
    lsf_left_5      =  1.0227928345627562
    lsf_right1      =  4.879942345247065
    lsf_right2      =  -13.011121481649974
    lsf_right3      =  2.9021667689743555
    lsf_right4      =  -3.9260702651026307
    lsf_right5      =  0.7929827360651289
    tem_depth       =  1.0204381931813715
    velocity        =  -1954.745987238362
    wave_intercept  =  5942.456566606315
    wave_slope      =  0.016556074305310323
2026-03-26 12:15:18,445 - root - ERROR - Evaluated LSF:
2026-03-26 12:15:18,446 - root - ERROR - [nan nan nan nan nan nan nan nan nan nan nan nan nan nan nan nan nan nan
 nan nan nan nan nan nan nan nan nan nan nan nan nan nan nan nan nan nan
 nan nan nan nan nan nan nan nan nan nan nan nan nan nan nan nan nan nan
 nan nan nan nan nan nan nan nan nan nan nan nan nan nan nan nan nan nan
 nan]
2026-03-26 12:15:19,426 - root - ERROR - NaN value detected in oversampled model function.
2026-03-26 12:15:19,428 - root - ERROR - <ParameterSet (values: 17)>
    cont_intercept  =  9300.991961044972
    cont_slope      =  1.0642771912963465
    iod_depth       =  0.645347601831075
    lsf_left_1      =  6.177703177086991
    lsf_left_2      =  -10.058723249020208
    lsf_left_3      =  1.14393829768132
    lsf_left_4      =  -3.259435783628388
    lsf_left_5      =  0.7559887156804046
    lsf_right1      =  2.2509069087025635
    lsf_right2      =  -16.069708266128238
    lsf_right3      =  1.149088317799482
    lsf_right4      =  -2.792067455785011
    lsf_right5      =  0.40410088820923634
    tem_depth       =  0.9674322895433037
    velocity        =  -1812.940167165668
    wave_intercept  =  5952.924626062623
    wave_slope      =  0.015760394408772187
2026-03-26 12:15:19,429 - root - ERROR - Evaluated LSF:
2026-03-26 12:15:19,430 - root - ERROR - [nan nan nan nan nan nan nan nan nan nan nan nan nan nan nan nan nan nan
 nan nan nan nan nan nan nan nan nan nan nan nan nan nan nan nan nan nan
 nan nan nan nan nan nan nan nan nan nan nan nan nan nan nan nan nan nan
 nan nan nan nan nan nan nan nan nan nan nan nan nan nan nan nan nan nan
 nan]
2026-03-26 12:15:19,861 - root - ERROR - NaN value detected in oversampled model function.
2026-03-26 12:15:19,862 - root - ERROR - <ParameterSet (values: 17)>
    cont_intercept  =  7715.251397220101
    cont_slope      =  -2.308369646234729
    iod_depth       =  0.411473877656923
    lsf_left_1      =  11.823645230679066
    lsf_left_2      =  -18.6818856309037
    lsf_left_3      =  1.999015733371905
    lsf_left_4      =  -2.8569440806501216
    lsf_left_5      =  0.7637294226216252
    lsf_right1      =  2.1973830164150314
    lsf_right2      =  -16.81598873568185
    lsf_right3      =  6.284810107362343
    lsf_right4      =  -3.803153224340995
    lsf_right5      =  1.1264592778200675
    tem_depth       =  -0.007841495615311833
    velocity        =  -10751.473015038508
    wave_intercept  =  5958.932507072137
    wave_slope      =  0.015319061625160585
2026-03-26 12:15:19,864 - root - ERROR - Evaluated LSF:
2026-03-26 12:15:19,865 - root - ERROR - [nan nan nan nan nan nan nan nan nan nan nan nan nan nan nan nan nan nan
 nan nan nan nan nan nan nan nan nan nan nan nan nan nan nan nan nan nan
 nan nan nan nan nan nan nan nan nan nan nan nan nan nan nan nan nan nan
 nan nan nan nan nan nan nan nan nan nan nan nan nan nan nan nan nan nan
 nan]
2026-03-26 12:15:20,357 - root - ERROR - NaN value detected in oversampled model function.
2026-03-26 12:15:20,358 - root - ERROR - <ParameterSet (values: 17)>
    cont_intercept  =  7416.185932517203
    cont_slope      =  -2.7790573746283904
    iod_depth       =  0.7954992279043362
    lsf_left_1      =  3.5967474650433076
    lsf_left_2      =  -16.796066620102867
    lsf_left_3      =  1.198012489167302
    lsf_left_4      =  -0.4967255701299438
    lsf_left_5      =  0.13829496861594343
    lsf_right1      =  2.1560510591148976
    lsf_right2      =  -4.480963947352782
    lsf_right3      =  2.2355290071906095
    lsf_right4      =  -0.9041965332124491
    lsf_right5      =  0.20954147470557033
    tem_depth       =  -0.13400231233777898
    velocity        =  -22226.025428482728
    wave_intercept  =  5962.838413579195
    wave_slope      =  0.014959624217434212
2026-03-26 12:15:20,360 - root - ERROR - Evaluated LSF:
2026-03-26 12:15:20,361 - root - ERROR - [nan nan nan nan nan nan nan nan nan nan nan nan nan nan nan nan nan nan
 nan nan nan nan nan nan nan nan nan nan nan nan nan nan nan nan nan nan
 nan nan nan nan nan nan nan nan nan nan nan nan nan nan nan nan nan nan
 nan nan nan nan nan nan nan nan nan nan nan nan nan nan nan nan nan nan
 nan]
2026-03-26 12:15:21,710 - root - ERROR - NaN value detected in oversampled model function.
2026-03-26 12:15:21,712 - root - ERROR - <ParameterSet (values: 17)>
    cont_intercept  =  6264.807492923257
    cont_slope      =  3.359447310696861
    iod_depth       =  0.755806333445396
    lsf_left_1      =  3.0350161609606507
    lsf_left_2      =  -19.392402356234573
    lsf_left_3      =  1.2514784718419643
    lsf_left_4      =  -3.793341725206267
    lsf_left_5      =  0.151771664311386
    lsf_right1      =  2.1177480109118156
    lsf_right2      =  -18.49001083213816
    lsf_right3      =  5.034084385445558
    lsf_right4      =  -3.724720086012141
    lsf_right5      =  0.30468918624746194
    tem_depth       =  0.921364138251609
    velocity        =  -1859.6599129336687
    wave_intercept  =  5977.903385935887
    wave_slope      =  0.01832691476204424
2026-03-26 12:15:21,714 - root - ERROR - Evaluated LSF:
2026-03-26 12:15:21,715 - root - ERROR - [nan nan nan nan nan nan nan nan nan nan nan nan nan nan nan nan nan nan
 nan nan nan nan nan nan nan nan nan nan nan nan nan nan nan nan nan nan
 nan nan nan nan nan nan nan nan nan nan nan nan nan nan nan nan nan nan
 nan nan nan nan nan nan nan nan nan nan nan nan nan nan nan nan nan nan
 nan]
2026-03-26 12:15:22,665 - root - ERROR - NaN value detected in oversampled model function.
2026-03-26 12:15:22,667 - root - ERROR - <ParameterSet (values: 17)>
    cont_intercept  =  8933.21502658409
    cont_slope      =  -0.1454164035349045
    iod_depth       =  0.5225352433180162
    lsf_left_1      =  2.085925017718764
    lsf_left_2      =  -18.918296514302334
    lsf_left_3      =  9.049373285674623
    lsf_left_4      =  -2.7765124246676027
    lsf_left_5      =  0.34063209857344934
    lsf_right1      =  2.1296222236929103
    lsf_right2      =  -13.209344433297087
    lsf_right3      =  1.8267758924753195
    lsf_right4      =  -3.9478228549560717
    lsf_right5      =  0.7937041735874127
    tem_depth       =  0.08144117677981005
    velocity        =  -4720.842577587803
    wave_intercept  =  5991.915213464963
    wave_slope      =  0.01733306870367662
2026-03-26 12:15:22,668 - root - ERROR - Evaluated LSF:
2026-03-26 12:15:22,670 - root - ERROR - [nan nan nan nan nan nan nan nan nan nan nan nan nan nan nan nan nan nan
 nan nan nan nan nan nan nan nan nan nan nan nan nan nan nan nan nan nan
 nan nan nan nan nan nan nan nan nan nan nan nan nan nan nan nan nan nan
 nan nan nan nan nan nan nan nan nan nan nan nan nan nan nan nan nan nan
 nan]
2026-03-26 12:15:24,401 - root - ERROR - Chunk 444: No Data! Returning LmfitResult with None.
2026-03-26 12:15:24,595 - root - ERROR - NaN value detected in oversampled model function.
2026-03-26 12:15:24,596 - root - ERROR - <ParameterSet (values: 17)>
    cont_intercept  =  8384.947397374843
    cont_slope      =  -1.5152793213761138
    iod_depth       =  0.3119855886608638
    lsf_left_1      =  2.6239058411434577
    lsf_left_2      =  -19.175038970873544
    lsf_left_3      =  9.357021214125355
    lsf_left_4      =  -3.648756673994927
    lsf_left_5      =  0.5274817556979277
    lsf_right1      =  2.1119905017645015
    lsf_right2      =  -4.340629601775019
    lsf_right3      =  3.298257950023725
    lsf_right4      =  -3.558639690119065
    lsf_right5      =  0.2998712294113901
    tem_depth       =  0.8971718327041645
    velocity        =  -2175.0673541330093
    wave_intercept  =  6017.343552305197
    wave_slope      =  0.015151065771494412
2026-03-26 12:15:24,598 - root - ERROR - Evaluated LSF:
2026-03-26 12:15:24,599 - root - ERROR - [nan nan nan nan nan nan nan nan nan nan nan nan nan nan nan nan nan nan
 nan nan nan nan nan nan nan nan nan nan nan nan nan nan nan nan nan nan
 nan nan nan nan nan nan nan nan nan nan nan nan nan nan nan nan nan nan
 nan nan nan nan nan nan nan nan nan nan nan nan nan nan nan nan nan nan
 nan]
2026-03-26 12:15:25,079 - root - ERROR - NaN value detected in oversampled model function.
2026-03-26 12:15:25,080 - root - ERROR - <ParameterSet (values: 17)>
    cont_intercept  =  7323.7844121881035
    cont_slope      =  -3.1280914194597007
    iod_depth       =  0.5523981064869256
    lsf_left_1      =  4.374255186304004
    lsf_left_2      =  -13.093500495144498
    lsf_left_3      =  5.932393026849993
    lsf_left_4      =  -2.421385508101157
    lsf_left_5      =  0.4341953473352891
    lsf_right1      =  4.650557234727783
    lsf_right2      =  -11.802612794844245
    lsf_right3      =  7.373659690446828
    lsf_right4      =  -2.1010432202831937
    lsf_right5      =  0.27215397028379473
    tem_depth       =  0.8712418386342174
    velocity        =  -2077.0940383863735
    wave_intercept  =  6023.262272745112
    wave_slope      =  0.014898589840886068
2026-03-26 12:15:25,082 - root - ERROR - Evaluated LSF:
2026-03-26 12:15:25,083 - root - ERROR - [nan nan nan nan nan nan nan nan nan nan nan nan nan nan nan nan nan nan
 nan nan nan nan nan nan nan nan nan nan nan nan nan nan nan nan nan nan
 nan nan nan nan nan nan nan nan nan nan nan nan nan nan nan nan nan nan
 nan nan nan nan nan nan nan nan nan nan nan nan nan nan nan nan nan nan
 nan]
2026-03-26 12:15:26,208 - root - ERROR - NaN value detected in oversampled model function.
2026-03-26 12:15:26,210 - root - ERROR - <ParameterSet (values: 17)>
    cont_intercept  =  8033.069273519696
    cont_slope      =  3.036405123373133
    iod_depth       =  0.708092490796421
    lsf_left_1      =  2.092555092551455
    lsf_left_2      =  -19.369803209478267
    lsf_left_3      =  1.139476901299456
    lsf_left_4      =  -2.199240392910479
    lsf_left_5      =  0.3760228540078858
    lsf_right1      =  2.1521569529395825
    lsf_right2      =  -14.044156176607828
    lsf_right3      =  2.1429054417681836
    lsf_right4      =  -1.9116084149815125
    lsf_right5      =  1.0567514978513683
    tem_depth       =  -0.31004408217602863
    velocity        =  -9349.281627406443
    wave_intercept  =  6044.25746393189
    wave_slope      =  0.01800629903996572
2026-03-26 12:15:26,211 - root - ERROR - Evaluated LSF:
2026-03-26 12:15:26,213 - root - ERROR - [nan nan nan nan nan nan nan nan nan nan nan nan nan nan nan nan nan nan
 nan nan nan nan nan nan nan nan nan nan nan nan nan nan nan nan nan nan
 nan nan nan nan nan nan nan nan nan nan nan nan nan nan nan nan nan nan
 nan nan nan nan nan nan nan nan nan nan nan nan nan nan nan nan nan nan
 nan]
2026-03-26 12:15:30,645 - root - ERROR - NaN value detected in oversampled model function.
2026-03-26 12:15:30,646 - root - ERROR - <ParameterSet (values: 17)>
    cont_intercept  =  6173.358554456969
    cont_slope      =  4.324279050137036
    iod_depth       =  0.6010750537480903
    lsf_left_1      =  5.852285849790142
    lsf_left_2      =  -14.350734226032714
    lsf_left_3      =  1.6950346776733234
    lsf_left_4      =  -0.7138233027950212
    lsf_left_5      =  0.15472184158976507
    lsf_right1      =  2.2919458172094194
    lsf_right2      =  -16.950836656314774
    lsf_right3      =  10.189782033080025
    lsf_right4      =  -3.335830105105038
    lsf_right5      =  0.13945668795838811
    tem_depth       =  0.9697541602060096
    velocity        =  -2244.483205554855
    wave_intercept  =  6095.031864336384
    wave_slope      =  0.01910377539794078
2026-03-26 12:15:30,648 - root - ERROR - Evaluated LSF:
2026-03-26 12:15:30,649 - root - ERROR - [nan nan nan nan nan nan nan nan nan nan nan nan nan nan nan nan nan nan
 nan nan nan nan nan nan nan nan nan nan nan nan nan nan nan nan nan nan
 nan nan nan nan nan nan nan nan nan nan nan nan nan nan nan nan nan nan
 nan nan nan nan nan nan nan nan nan nan nan nan nan nan nan nan nan nan
 nan]
2026-03-26 12:15:30,866 - root - ERROR - NaN value detected in oversampled model function.
2026-03-26 12:15:30,867 - root - ERROR - <ParameterSet (values: 17)>
    cont_intercept  =  7309.700268308247
    cont_slope      =  3.878625337573232
    iod_depth       =  0.8314512742836908
    lsf_left_1      =  2.1275336614572575
    lsf_left_2      =  -16.450310186298243
    lsf_left_3      =  9.16036667798301
    lsf_left_4      =  -3.850338985935438
    lsf_left_5      =  1.1939152791697971
    lsf_right1      =  2.343006155183584
    lsf_right2      =  -17.41036423686905
    lsf_right3      =  3.096971567708307
    lsf_right4      =  -1.8350009886757221
    lsf_right5      =  0.4481185422083308
    tem_depth       =  0.5242636581278284
    velocity        =  -17542.061677100963
    wave_intercept  =  6099.9139848654395
    wave_slope      =  0.0185888005234615
2026-03-26 12:15:30,869 - root - ERROR - Evaluated LSF:
2026-03-26 12:15:30,870 - root - ERROR - [nan nan nan nan nan nan nan nan nan nan nan nan nan nan nan nan nan nan
 nan nan nan nan nan nan nan nan nan nan nan nan nan nan nan nan nan nan
 nan nan nan nan nan nan nan nan nan nan nan nan nan nan nan nan nan nan
 nan nan nan nan nan nan nan nan nan nan nan nan nan nan nan nan nan nan
 nan]
2026-03-26 12:15:32,003 - root - ERROR - NaN value detected in oversampled model function.
2026-03-26 12:15:32,004 - root - ERROR - <ParameterSet (values: 17)>
    cont_intercept  =  9437.04224840113
    cont_slope      =  2.2678910277333215
    iod_depth       =  0.38656107702940423
    lsf_left_1      =  3.177504759176038
    lsf_left_2      =  -19.360930541108353
    lsf_left_3      =  8.321541033890284
    lsf_left_4      =  -3.2815050916043975
    lsf_left_5      =  1.0056313532458279
    lsf_right1      =  8.661851568724636
    lsf_right2      =  -13.367780199366258
    lsf_right3      =  1.8060011979450517
    lsf_right4      =  -2.7318130916179335
    lsf_right5      =  0.837726669687352
    tem_depth       =  0.9422528101117171
    velocity        =  -2363.001430615028
    wave_intercept  =  6116.229591323974
    wave_slope      =  0.017438421899937887
2026-03-26 12:15:32,006 - root - ERROR - Evaluated LSF:
2026-03-26 12:15:32,007 - root - ERROR - [nan nan nan nan nan nan nan nan nan nan nan nan nan nan nan nan nan nan
 nan nan nan nan nan nan nan nan nan nan nan nan nan nan nan nan nan nan
 nan nan nan nan nan nan nan nan nan nan nan nan nan nan nan nan nan nan
 nan nan nan nan nan nan nan nan nan nan nan nan nan nan nan nan nan nan
 nan]
2026-03-26 12:15:33,706 - root - ERROR - NaN value detected in oversampled model function.
2026-03-26 12:15:33,708 - root - ERROR - <ParameterSet (values: 17)>
    cont_intercept  =  8368.685462673024
    cont_slope      =  -2.8041145832432086
    iod_depth       =  0.9663721756006156
    lsf_left_1      =  5.021815769331798
    lsf_left_2      =  -18.979984773536046
    lsf_left_3      =  6.494636506622395
    lsf_left_4      =  -2.7479718804891755
    lsf_left_5      =  0.679633218497722
    lsf_right1      =  3.261471896383803
    lsf_right2      =  -18.42343301159201
    lsf_right3      =  7.25779530133142
    lsf_right4      =  -2.1397798921470272
    lsf_right5      =  0.15020102521461293
    tem_depth       =  0.34952557578833215
    velocity        =  -8200.723016359703
    wave_intercept  =  6139.71720330223
    wave_slope      =  0.015378637517426269
2026-03-26 12:15:33,709 - root - ERROR - Evaluated LSF:
2026-03-26 12:15:33,711 - root - ERROR - [nan nan nan nan nan nan nan nan nan nan nan nan nan nan nan nan nan nan
 nan nan nan nan nan nan nan nan nan nan nan nan nan nan nan nan nan nan
 nan nan nan nan nan nan nan nan nan nan nan nan nan nan nan nan nan nan
 nan nan nan nan nan nan nan nan nan nan nan nan nan nan nan nan nan nan
 nan]
2026-03-26 12:15:34,035 - root - ERROR - NaN value detected in oversampled model function.
2026-03-26 12:15:34,037 - root - ERROR - <ParameterSet (values: 17)>
    cont_intercept  =  5007.766409805578
    cont_slope      =  4.712033973745502
    iod_depth       =  -0.14434286646870342
    lsf_left_1      =  5.791606746700955
    lsf_left_2      =  -17.96078640058689
    lsf_left_3      =  2.144278629143966
    lsf_left_4      =  -2.680518990817886
    lsf_left_5      =  1.1590194823484135
    lsf_right1      =  2.97541631724959
    lsf_right2      =  -18.375010938055677
    lsf_right3      =  8.225778780465113
    lsf_right4      =  -2.8057522242249022
    lsf_right5      =  0.13945842573436396
    tem_depth       =  0.857459248737811
    velocity        =  -3465.672677465328
    wave_intercept  =  6151.52283652205
    wave_slope      =  0.019551503497311908
2026-03-26 12:15:34,038 - root - ERROR - Evaluated LSF:
2026-03-26 12:15:34,039 - root - ERROR - [nan nan nan nan nan nan nan nan nan nan nan nan nan nan nan nan nan nan
 nan nan nan nan nan nan nan nan nan nan nan nan nan nan nan nan nan nan
 nan nan nan nan nan nan nan nan nan nan nan nan nan nan nan nan nan nan
 nan nan nan nan nan nan nan nan nan nan nan nan nan nan nan nan nan nan
 nan]
2026-03-26 12:15:34,070 - root - ERROR - NaN value detected in oversampled model function.
2026-03-26 12:15:34,071 - root - ERROR - <ParameterSet (values: 17)>
    cont_intercept  =  5553.038667166838
    cont_slope      =  5.208208840107702
    iod_depth       =  0.292989784918417
    lsf_left_1      =  3.8480004229872913
    lsf_left_2      =  -15.300156527210493
    lsf_left_3      =  3.1412605097100372
    lsf_left_4      =  -1.7987857615080638
    lsf_left_5      =  0.7404186460606402
    lsf_right1      =  2.0896222479550484
    lsf_right2      =  -19.367194957110762
    lsf_right3      =  2.118341402821819
    lsf_right4      =  -3.3325401671753765
    lsf_right5      =  0.8754875282144461
    tem_depth       =  1.032718459561651
    velocity        =  -3184.0938141635993
    wave_intercept  =  6154.092445919288
    wave_slope      =  0.019243820972526856
2026-03-26 12:15:34,072 - root - ERROR - Evaluated LSF:
2026-03-26 12:15:34,074 - root - ERROR - [nan nan nan nan nan nan nan nan nan nan nan nan nan nan nan nan nan nan
 nan nan nan nan nan nan nan nan nan nan nan nan nan nan nan nan nan nan
 nan nan nan nan nan nan nan nan nan nan nan nan nan nan nan nan nan nan
 nan nan nan nan nan nan nan nan nan nan nan nan nan nan nan nan nan nan
 nan]
2026-03-26 12:15:35,349 - root - ERROR - NaN value detected in oversampled model function.
2026-03-26 12:15:35,351 - root - ERROR - <ParameterSet (values: 17)>
    cont_intercept  =  9518.85079487612
    cont_slope      =  1.3728673577933783
    iod_depth       =  0.6314879718770992
    lsf_left_1      =  2.2155001007946558
    lsf_left_2      =  -11.473352076370952
    lsf_left_3      =  4.865153346150448
    lsf_left_4      =  -2.9023427947714477
    lsf_left_5      =  0.3228936493639126
    lsf_right1      =  5.720335111798653
    lsf_right2      =  -13.470521851761884
    lsf_right3      =  10.242782078401476
    lsf_right4      =  -3.7574378868791847
    lsf_right5      =  0.1736972383248901
    tem_depth       =  0.9318566387864357
    velocity        =  -2104.546530710819
    wave_intercept  =  6175.777858765801
    wave_slope      =  0.017607282353990995
2026-03-26 12:15:35,353 - root - ERROR - Evaluated LSF:
2026-03-26 12:15:35,354 - root - ERROR - [nan nan nan nan nan nan nan nan nan nan nan nan nan nan nan nan nan nan
 nan nan nan nan nan nan nan nan nan nan nan nan nan nan nan nan nan nan
 nan nan nan nan nan nan nan nan nan nan nan nan nan nan nan nan nan nan
 nan nan nan nan nan nan nan nan nan nan nan nan nan nan nan nan nan nan
 nan]
2026-03-26 12:15:36,933 - root - ERROR - NaN value detected in oversampled model function.
2026-03-26 12:15:36,934 - root - ERROR - <ParameterSet (values: 17)>
    cont_intercept  =  8908.112651250132
    cont_slope      =  -1.4983859920466602
    iod_depth       =  0.531847855492115
    lsf_left_1      =  3.066649708087531
    lsf_left_2      =  -6.553909821677724
    lsf_left_3      =  1.2581032219062975
    lsf_left_4      =  -3.895668769065593
    lsf_left_5      =  1.1938854376015477
    lsf_right1      =  3.2463411145897414
    lsf_right2      =  -19.31144569273874
    lsf_right3      =  4.669859409321053
    lsf_right4      =  -3.753909043256707
    lsf_right5      =  0.13296986940429115
    tem_depth       =  0.8812500188390345
    velocity        =  -2115.853543629496
    wave_intercept  =  6191.27765310291
    wave_slope      =  0.016496043598222963
2026-03-26 12:15:36,936 - root - ERROR - Evaluated LSF:
2026-03-26 12:15:36,937 - root - ERROR - [nan nan nan nan nan nan nan nan nan nan nan nan nan nan nan nan nan nan
 nan nan nan nan nan nan nan nan nan nan nan nan nan nan nan nan nan nan
 nan nan nan nan nan nan nan nan nan nan nan nan nan nan nan nan nan nan
 nan nan nan nan nan nan nan nan nan nan nan nan nan nan nan nan nan nan
 nan]
2026-03-26 12:15:37,361 - root - ERROR - Chunk 519: No Data! Returning LmfitResult with None.
2026-03-26 12:15:38,114 - root - ERROR - NaN value detected in oversampled model function.
2026-03-26 12:15:38,116 - root - ERROR - <ParameterSet (values: 17)>
    cont_intercept  =  7367.111819931165
    cont_slope      =  -2.453326279151576
    iod_depth       =  0.5725850094934692
    lsf_left_1      =  2.0869112915064667
    lsf_left_2      =  -12.703761564384681
    lsf_left_3      =  1.934880072789948
    lsf_left_4      =  -1.6917481998692399
    lsf_left_5      =  0.1422644715568289
    lsf_right1      =  6.684437203712658
    lsf_right2      =  -19.343219671977103
    lsf_right3      =  1.1448793306247915
    lsf_right4      =  -2.9949465374813347
    lsf_right5      =  1.1947845816104166
    tem_depth       =  1.0201067078771255
    velocity        =  -2832.7081064421473
    wave_intercept  =  6205.768380085551
    wave_slope      =  0.015490536111760843
2026-03-26 12:15:38,117 - root - ERROR - Evaluated LSF:
2026-03-26 12:15:38,118 - root - ERROR - [nan nan nan nan nan nan nan nan nan nan nan nan nan nan nan nan nan nan
 nan nan nan nan nan nan nan nan nan nan nan nan nan nan nan nan nan nan
 nan nan nan nan nan nan nan nan nan nan nan nan nan nan nan nan nan nan
 nan nan nan nan nan nan nan nan nan nan nan nan nan nan nan nan nan nan
 nan]
2026-03-26 12:15:38,667 - root - ERROR - Chunk 529: No Data! Returning LmfitResult with None.
2026-03-26 12:15:39,593 - root - ERROR - NaN value detected in oversampled model function.
2026-03-26 12:15:39,594 - root - ERROR - <ParameterSet (values: 17)>
    cont_intercept  =  8127.531399373296
    cont_slope      =  3.828590561764679
    iod_depth       =  0.4078553711141657
    lsf_left_1      =  2.405672629331081
    lsf_left_2      =  -11.37024375513487
    lsf_left_3      =  2.1101283103720543
    lsf_left_4      =  -1.8808105155006771
    lsf_left_5      =  0.20361857516836834
    lsf_right1      =  2.9454349927081833
    lsf_right2      =  -14.8278720774712
    lsf_right3      =  4.987873573496296
    lsf_right4      =  -3.8396444946116115
    lsf_right5      =  0.9468307546887915
    tem_depth       =  0.9219566220650554
    velocity        =  -2266.9753646797085
    wave_intercept  =  6231.69953488127
    wave_slope      =  0.01835379148564277
2026-03-26 12:15:39,595 - root - ERROR - Evaluated LSF:
2026-03-26 12:15:39,596 - root - ERROR - [nan nan nan nan nan nan nan nan nan nan nan nan nan nan nan nan nan nan
 nan nan nan nan nan nan nan nan nan nan nan nan nan nan nan nan nan nan
 nan nan nan nan nan nan nan nan nan nan nan nan nan nan nan nan nan nan
 nan nan nan nan nan nan nan nan nan nan nan nan nan nan nan nan nan nan
 nan]
2026-03-26 12:15:39,614 - root - ERROR - NaN value detected in oversampled model function.
2026-03-26 12:15:39,615 - root - ERROR - <ParameterSet (values: 17)>
    cont_intercept  =  8672.324548768212
    cont_slope      =  0.6896637231940054
    iod_depth       =  0.34912121154126374
    lsf_left_1      =  10.414265925593105
    lsf_left_2      =  -19.39991921710466
    lsf_left_3      =  3.137028220021919
    lsf_left_4      =  -1.2592676450421072
    lsf_left_5      =  0.1892935969829065
    lsf_right1      =  3.5570093049136853
    lsf_right2      =  -14.66246043007987
    lsf_right3      =  5.97183019559393
    lsf_right4      =  -3.731613980915417
    lsf_right5      =  0.2259719163292719
    tem_depth       =  0.8801863288745365
    velocity        =  -2138.9883705984084
    wave_intercept  =  6234.073722874346
    wave_slope      =  0.01824534799622288
2026-03-26 12:15:39,616 - root - ERROR - Evaluated LSF:
2026-03-26 12:15:39,617 - root - ERROR - [nan nan nan nan nan nan nan nan nan nan nan nan nan nan nan nan nan nan
 nan nan nan nan nan nan nan nan nan nan nan nan nan nan nan nan nan nan
 nan nan nan nan nan nan nan nan nan nan nan nan nan nan nan nan nan nan
 nan nan nan nan nan nan nan nan nan nan nan nan nan nan nan nan nan nan
 nan]
2026-03-26 12:15:39,636 - root - ERROR - NaN value detected in oversampled model function.
2026-03-26 12:15:39,637 - root - ERROR - <ParameterSet (values: 17)>
    cont_intercept  =  9216.821182583944
    cont_slope      =  2.256846501907427
    iod_depth       =  0.849702596246807
    lsf_left_1      =  3.306660247229691
    lsf_left_2      =  -17.70687615070016
    lsf_left_3      =  7.023353327543399
    lsf_left_4      =  -3.0535945066693087
    lsf_left_5      =  0.4189157968564992
    lsf_right1      =  7.43305020017858
    lsf_right2      =  -15.629502834586061
    lsf_right3      =  3.411934452314241
    lsf_right4      =  -1.234170741233826
    lsf_right5      =  0.5309315609904428
    tem_depth       =  0.673245189992981
    velocity        =  -2565.288604535595
    wave_intercept  =  6236.450345266379
    wave_slope      =  0.01791001454784312
2026-03-26 12:15:39,639 - root - ERROR - Evaluated LSF:
2026-03-26 12:15:39,640 - root - ERROR - [nan nan nan nan nan nan nan nan nan nan nan nan nan nan nan nan nan nan
 nan nan nan nan nan nan nan nan nan nan nan nan nan nan nan nan nan nan
 nan nan nan nan nan nan nan nan nan nan nan nan nan nan nan nan nan nan
 nan nan nan nan nan nan nan nan nan nan nan nan nan nan nan nan nan nan
 nan]
2026-03-26 12:15:40,322 - root - ERROR - NaN value detected in oversampled model function.
2026-03-26 12:15:40,323 - root - ERROR - <ParameterSet (values: 17)>
    cont_intercept  =  9338.273085166202
    cont_slope      =  -1.2090929440090192
    iod_depth       =  0.6120364779268977
    lsf_left_1      =  2.269479661897359
    lsf_left_2      =  -18.369779157555307
    lsf_left_3      =  1.6695376800372859
    lsf_left_4      =  -3.8324928470647284
    lsf_left_5      =  0.240808343055417
    lsf_right1      =  3.0148920597018014
    lsf_right2      =  -16.628954350336343
    lsf_right3      =  2.640351137371322
    lsf_right4      =  -1.773938503687237
    lsf_right5      =  0.6828905467488094
    tem_depth       =  0.9092345892815006
    velocity        =  -2218.360784048722
    wave_intercept  =  6247.865353015218
    wave_slope      =  0.01712372376163348
2026-03-26 12:15:40,325 - root - ERROR - Evaluated LSF:
2026-03-26 12:15:40,326 - root - ERROR - [nan nan nan nan nan nan nan nan nan nan nan nan nan nan nan nan nan nan
 nan nan nan nan nan nan nan nan nan nan nan nan nan nan nan nan nan nan
 nan nan nan nan nan nan nan nan nan nan nan nan nan nan nan nan nan nan
 nan nan nan nan nan nan nan nan nan nan nan nan nan nan nan nan nan nan
 nan]
2026-03-26 12:15:40,997 - root - ERROR - NaN value detected in oversampled model function.
2026-03-26 12:15:40,998 - root - ERROR - <ParameterSet (values: 17)>
    cont_intercept  =  9246.643619468536
    cont_slope      =  -2.1282994479043884
    iod_depth       =  0.5742432591701514
    lsf_left_1      =  2.089313610407944
    lsf_left_2      =  -12.995296656392087
    lsf_left_3      =  6.150532093908932
    lsf_left_4      =  -3.601439130310624
    lsf_left_5      =  0.8171682406891903
    lsf_right1      =  2.0872135545610315
    lsf_right2      =  -11.39238651969705
    lsf_right3      =  3.953320366374521
    lsf_right4      =  -2.834111426396044
    lsf_right5      =  0.6501304848261089
    tem_depth       =  0.924504934338518
    velocity        =  -1457.866089977035
    wave_intercept  =  6256.629688675505
    wave_slope      =  0.016655899152038287
2026-03-26 12:15:41,000 - root - ERROR - Evaluated LSF:
2026-03-26 12:15:41,001 - root - ERROR - [nan nan nan nan nan nan nan nan nan nan nan nan nan nan nan nan nan nan
 nan nan nan nan nan nan nan nan nan nan nan nan nan nan nan nan nan nan
 nan nan nan nan nan nan nan nan nan nan nan nan nan nan nan nan nan nan
 nan nan nan nan nan nan nan nan nan nan nan nan nan nan nan nan nan nan
 nan]
2026-03-26 12:15:41,872 - root - ERROR - Chunk 549: No Data! Returning LmfitResult with None.
2026-03-26 12:15:43,366 - root - ERROR - Chunk 557: No Data! Returning LmfitResult with None.
2026-03-26 12:15:44,180 - root - ERROR - NaN value detected in oversampled model function.
2026-03-26 12:15:44,182 - root - ERROR - <ParameterSet (values: 17)>
    cont_intercept  =  9520.345692246285
    cont_slope      =  -2.4450416202448784
    iod_depth       =  1.843795586991901
    lsf_left_1      =  3.2113672300968767
    lsf_left_2      =  -10.774863240562565
    lsf_left_3      =  1.5064040868547646
    lsf_left_4      =  -3.9553605020841673
    lsf_left_5      =  0.528054137356113
    lsf_right1      =  2.5095642885952936
    lsf_right2      =  -17.087014146083508
    lsf_right3      =  2.9929915457539114
    lsf_right4      =  -3.4219109050020577
    lsf_right5      =  0.6848746509371159
    tem_depth       =  -0.2905309381505747
    velocity        =  -13759.14757390446
    wave_intercept  =  6305.473994104633
    wave_slope      =  0.017595274884447145
2026-03-26 12:15:44,183 - root - ERROR - Evaluated LSF:
2026-03-26 12:15:44,184 - root - ERROR - [nan nan nan nan nan nan nan nan nan nan nan nan nan nan nan nan nan nan
 nan nan nan nan nan nan nan nan nan nan nan nan nan nan nan nan nan nan
 nan nan nan nan nan nan nan nan nan nan nan nan nan nan nan nan nan nan
 nan nan nan nan nan nan nan nan nan nan nan nan nan nan nan nan nan nan
 nan]
2026-03-26 12:15:46,137 - root - ERROR - NaN value detected in oversampled model function.
2026-03-26 12:15:46,139 - root - ERROR - <ParameterSet (values: 17)>
    cont_intercept  =  8304.997174761596
    cont_slope      =  -4.0520395514742535
    iod_depth       =  0.30822347219226276
    lsf_left_1      =  2.087430931208024
    lsf_left_2      =  -18.79613091132772
    lsf_left_3      =  2.0736282272870605
    lsf_left_4      =  -2.57135191047551
    lsf_left_5      =  0.2008293626626752
    lsf_right1      =  8.606970746799677
    lsf_right2      =  -19.06069434527839
    lsf_right3      =  2.7698299762555374
    lsf_right4      =  -3.807564706783564
    lsf_right5      =  0.7864173080216599
    tem_depth       =  0.807244931925278
    velocity        =  -2564.5474357129624
    wave_intercept  =  6327.493033617193
    wave_slope      =  0.015932900864931668
2026-03-26 12:15:46,140 - root - ERROR - Evaluated LSF:
2026-03-26 12:15:46,141 - root - ERROR - [nan nan nan nan nan nan nan nan nan nan nan nan nan nan nan nan nan nan
 nan nan nan nan nan nan nan nan nan nan nan nan nan nan nan nan nan nan
 nan nan nan nan nan nan nan nan nan nan nan nan nan nan nan nan nan nan
 nan nan nan nan nan nan nan nan nan nan nan nan nan nan nan nan nan nan
 nan]
2026-03-26 12:15:46,158 - root - ERROR - NaN value detected in oversampled model function.
2026-03-26 12:15:46,159 - root - ERROR - <ParameterSet (values: 17)>
    cont_intercept  =  8096.5723582026
    cont_slope      =  -2.718292684325638
    iod_depth       =  0.650888413439684
    lsf_left_1      =  2.661112797825689
    lsf_left_2      =  -14.050381609301962
    lsf_left_3      =  1.5332154905256004
    lsf_left_4      =  -3.9597933664628098
    lsf_left_5      =  0.19377418069425653
    lsf_right1      =  2.515419420205985
    lsf_right2      =  -16.798909323293458
    lsf_right3      =  1.1786854238633342
    lsf_right4      =  -3.5605079432747204
    lsf_right5      =  1.1941803622491007
    tem_depth       =  0.23657931606908367
    velocity        =  -4064.2280744539603
    wave_intercept  =  6329.608972952672
    wave_slope      =  0.016055271250529916
2026-03-26 12:15:46,160 - root - ERROR - Evaluated LSF:
2026-03-26 12:15:46,161 - root - ERROR - [nan nan nan nan nan nan nan nan nan nan nan nan nan nan nan nan nan nan
 nan nan nan nan nan nan nan nan nan nan nan nan nan nan nan nan nan nan
 nan nan nan nan nan nan nan nan nan nan nan nan nan nan nan nan nan nan
 nan nan nan nan nan nan nan nan nan nan nan nan nan nan nan nan nan nan
 nan]
2026-03-26 12:15:46,425 - root - ERROR - NaN value detected in oversampled model function.
2026-03-26 12:15:46,427 - root - ERROR - <ParameterSet (values: 17)>
    cont_intercept  =  7300.351874718036
    cont_slope      =  -2.1905765942670623
    iod_depth       =  0.6958791742628505
    lsf_left_1      =  4.14360541400079
    lsf_left_2      =  -16.28366039346177
    lsf_left_3      =  1.713413695493569
    lsf_left_4      =  -0.5549045609489021
    lsf_left_5      =  0.4970860001473562
    lsf_right1      =  2.0939713352337206
    lsf_right2      =  -18.69701426401932
    lsf_right3      =  9.14544987500382
    lsf_right4      =  -2.7269616371000103
    lsf_right5      =  0.1329296492676473
    tem_depth       =  0.10730003569598212
    velocity        =  -8594.398280984497
    wave_intercept  =  6333.723389927418
    wave_slope      =  0.015498335647843402
2026-03-26 12:15:46,428 - root - ERROR - Evaluated LSF:
2026-03-26 12:15:46,429 - root - ERROR - [nan nan nan nan nan nan nan nan nan nan nan nan nan nan nan nan nan nan
 nan nan nan nan nan nan nan nan nan nan nan nan nan nan nan nan nan nan
 nan nan nan nan nan nan nan nan nan nan nan nan nan nan nan nan nan nan
 nan nan nan nan nan nan nan nan nan nan nan nan nan nan nan nan nan nan
 nan]
2026-03-26 12:15:49,883 - root - ERROR - NaN value detected in iodine function.
2026-03-26 12:15:49,885 - root - ERROR - Chunk could not be plotted
Traceback (most recent call last):
  File "/Users/jaklusmeyer/SONG/pyodine/pyodine/plot_lib.py", line 62, in plot_chunkmodel
    sp = fit_results[chunk_nr].fitted_spectrum
  File "/Users/jaklusmeyer/SONG/pyodine/pyodine/fitters/base.py", line 45, in fitted_spectrum
    return self.model.eval_spectrum(self.chunk, self.params, chunk_ind=self.chunk_ind)
  File "/Users/jaklusmeyer/SONG/pyodine/pyodine/models/base.py", line 79, in eval_spectrum
    flux = self.eval(chunk, params, chunk_ind=chunk_ind, **kwargs)
  File "/Users/jaklusmeyer/SONG/pyodine/pyodine/models/spectrum.py", line 138, in eval
    tck = splrep(tem.wave * doppler, flux_tem, s=0)
  File "/Users/jaklusmeyer/miniconda/envs/pyodine_env/lib/python3.9/site-packages/scipy/interpolate/_fitpack_py.py", line 295, in splrep
    res = _impl.splrep(x, y, w, xb, xe, k, task, s, t, full_output, per, quiet)
  File "/Users/jaklusmeyer/miniconda/envs/pyodine_env/lib/python3.9/site-packages/scipy/interpolate/_fitpack_impl.py", line 276, in splrep
    n, c, fp, ier = dfitpack.curfit(task, x, y, w, t, wrk, iwrk,
dfitpack.error: (xb<=x[0]) failed for 1st keyword xb: curfit:xb=nan
2026-03-26 12:15:52,963 - root - ERROR - NaN value detected in iodine function.
2026-03-26 12:15:52,965 - root - ERROR - Chunk could not be plotted
Traceback (most recent call last):
  File "/Users/jaklusmeyer/SONG/pyodine/pyodine/plot_lib.py", line 62, in plot_chunkmodel
    sp = fit_results[chunk_nr].fitted_spectrum
  File "/Users/jaklusmeyer/SONG/pyodine/pyodine/fitters/base.py", line 45, in fitted_spectrum
    return self.model.eval_spectrum(self.chunk, self.params, chunk_ind=self.chunk_ind)
  File "/Users/jaklusmeyer/SONG/pyodine/pyodine/models/base.py", line 79, in eval_spectrum
    flux = self.eval(chunk, params, chunk_ind=chunk_ind, **kwargs)
  File "/Users/jaklusmeyer/SONG/pyodine/pyodine/models/spectrum.py", line 138, in eval
    tck = splrep(tem.wave * doppler, flux_tem, s=0)
  File "/Users/jaklusmeyer/miniconda/envs/pyodine_env/lib/python3.9/site-packages/scipy/interpolate/_fitpack_py.py", line 295, in splrep
    res = _impl.splrep(x, y, w, xb, xe, k, task, s, t, full_output, per, quiet)
  File "/Users/jaklusmeyer/miniconda/envs/pyodine_env/lib/python3.9/site-packages/scipy/interpolate/_fitpack_impl.py", line 276, in splrep
    n, c, fp, ier = dfitpack.curfit(task, x, y, w, t, wrk, iwrk,
dfitpack.error: (xb<=x[0]) failed for 1st keyword xb: curfit:xb=nan
2026-03-26 13:02:15,797 - root - ERROR - NaN value detected in oversampled model function.
2026-03-26 13:02:15,799 - root - ERROR - <ParameterSet (values: 17)>
    cont_intercept  =  3722.6969599732083
    cont_slope      =  2.356792823052725
    iod_depth       =  0.5773606732680977
    lsf_left_1      =  10.186464461432124
    lsf_left_2      =  -19.255527015936558
    lsf_left_3      =  3.571656321629248
    lsf_left_4      =  -2.8321253768496266
    lsf_left_5      =  0.8485264627288379
    lsf_right1      =  3.5486758335703907
    lsf_right2      =  -15.002552637942241
    lsf_right3      =  3.40205928222682
    lsf_right4      =  -2.461386642974533
    lsf_right5      =  1.1691406862740026
    tem_depth       =  0.6891085013221818
    velocity        =  -2307.2795853274347
    wave_intercept  =  5127.957869062274
    wave_slope      =  0.015608025918777677
2026-03-26 13:02:15,800 - root - ERROR - Evaluated LSF:
2026-03-26 13:02:15,801 - root - ERROR - [nan nan nan nan nan nan nan nan nan nan nan nan nan nan nan nan nan nan
 nan nan nan nan nan nan nan nan nan nan nan nan nan nan nan nan nan nan
 nan nan nan nan nan nan nan nan nan nan nan nan nan nan nan nan nan nan
 nan nan nan nan nan nan nan nan nan nan nan nan nan nan nan nan nan nan
 nan]
2026-03-26 13:02:15,819 - root - ERROR - NaN value detected in oversampled model function.
2026-03-26 13:02:15,821 - root - ERROR - <ParameterSet (values: 17)>
    cont_intercept  =  3968.667433679738
    cont_slope      =  1.6853459302065665
    iod_depth       =  0.4957204679039525
    lsf_left_1      =  6.863878114610435
    lsf_left_2      =  -17.668820714876087
    lsf_left_3      =  6.038513341909399
    lsf_left_4      =  -3.516920270309314
    lsf_left_5      =  1.1845441126244634
    lsf_right1      =  3.8202116118233933
    lsf_right2      =  -17.11083254211717
    lsf_right3      =  9.708183114402857
    lsf_right4      =  -3.952188049373827
    lsf_right5      =  0.6331097270955137
    tem_depth       =  0.7437071585227671
    velocity        =  -2412.6579203149086
    wave_intercept  =  5129.971017466442
    wave_slope      =  0.01538916555236647
2026-03-26 13:02:15,822 - root - ERROR - Evaluated LSF:
2026-03-26 13:02:15,823 - root - ERROR - [nan nan nan nan nan nan nan nan nan nan nan nan nan nan nan nan nan nan
 nan nan nan nan nan nan nan nan nan nan nan nan nan nan nan nan nan nan
 nan nan nan nan nan nan nan nan nan nan nan nan nan nan nan nan nan nan
 nan nan nan nan nan nan nan nan nan nan nan nan nan nan nan nan nan nan
 nan]
2026-03-26 13:02:19,046 - root - ERROR - NaN value detected in oversampled model function.
2026-03-26 13:02:19,048 - root - ERROR - <ParameterSet (values: 17)>
    cont_intercept  =  4793.901602998951
    cont_slope      =  -0.24401630462208462
    iod_depth       =  0.6125343798962914
    lsf_left_1      =  7.592709569299916
    lsf_left_2      =  -14.457409018357264
    lsf_left_3      =  6.292012327856867
    lsf_left_4      =  -3.7872190137860695
    lsf_left_5      =  0.7254417501621959
    lsf_right1      =  3.684964044245551
    lsf_right2      =  -15.664177753459935
    lsf_right3      =  1.8694985590428892
    lsf_right4      =  -3.1600527334969315
    lsf_right5      =  0.9554073511795244
    tem_depth       =  0.817108817212752
    velocity        =  -2942.105121807312
    wave_intercept  =  5159.458197054807
    wave_slope      =  0.012984829879272537
2026-03-26 13:02:19,049 - root - ERROR - Evaluated LSF:
2026-03-26 13:02:19,050 - root - ERROR - [nan nan nan nan nan nan nan nan nan nan nan nan nan nan nan nan nan nan
 nan nan nan nan nan nan nan nan nan nan nan nan nan nan nan nan nan nan
 nan nan nan nan nan nan nan nan nan nan nan nan nan nan nan nan nan nan
 nan nan nan nan nan nan nan nan nan nan nan nan nan nan nan nan nan nan
 nan]
2026-03-26 13:02:20,322 - root - ERROR - Chunk 29: No Data! Returning LmfitResult with None.
2026-03-26 13:02:21,283 - root - ERROR - Chunk 32: No Data! Returning LmfitResult with None.
2026-03-26 13:02:22,477 - root - ERROR - NaN value detected in oversampled model function.
2026-03-26 13:02:22,478 - root - ERROR - <ParameterSet (values: 17)>
    cont_intercept  =  5527.33671518769
    cont_slope      =  -0.11153916342498864
    iod_depth       =  0.6128316200684703
    lsf_left_1      =  2.626142538391921
    lsf_left_2      =  -18.901746512845865
    lsf_left_3      =  4.215866344852017
    lsf_left_4      =  -3.838055531228132
    lsf_left_5      =  0.36470717537920405
    lsf_right1      =  3.096261866255815
    lsf_right2      =  -15.056595290443564
    lsf_right3      =  6.461832294155391
    lsf_right4      =  -2.805460318277606
    lsf_right5      =  0.34956375929819705
    tem_depth       =  0.77522725163966
    velocity        =  -2183.8524649498463
    wave_intercept  =  5188.922976574795
    wave_slope      =  0.014322901666119587
2026-03-26 13:02:22,480 - root - ERROR - Evaluated LSF:
2026-03-26 13:02:22,481 - root - ERROR - [nan nan nan nan nan nan nan nan nan nan nan nan nan nan nan nan nan nan
 nan nan nan nan nan nan nan nan nan nan nan nan nan nan nan nan nan nan
 nan nan nan nan nan nan nan nan nan nan nan nan nan nan nan nan nan nan
 nan nan nan nan nan nan nan nan nan nan nan nan nan nan nan nan nan nan
 nan]
2026-03-26 13:02:23,823 - root - ERROR - Chunk 47: No Data! Returning LmfitResult with None.
2026-03-26 13:02:24,133 - root - ERROR - NaN value detected in oversampled model function.
2026-03-26 13:02:24,135 - root - ERROR - <ParameterSet (values: 17)>
    cont_intercept  =  4278.63437152888
    cont_slope      =  -0.7717487558728399
    iod_depth       =  0.4831273314895109
    lsf_left_1      =  2.404800523215621
    lsf_left_2      =  -19.20765402415204
    lsf_left_3      =  3.307307827114999
    lsf_left_4      =  -2.1771654206168716
    lsf_left_5      =  0.709777644281008
    lsf_right1      =  2.6951596387255803
    lsf_right2      =  -18.250531024501658
    lsf_right3      =  1.140179214640202
    lsf_right4      =  -0.8797996858445196
    lsf_right5      =  0.2229936032583988
    tem_depth       =  0.7391111825618624
    velocity        =  -2141.175051018223
    wave_intercept  =  5206.569025325809
    wave_slope      =  0.012952462576019902
2026-03-26 13:02:24,136 - root - ERROR - Evaluated LSF:
2026-03-26 13:02:24,137 - root - ERROR - [nan nan nan nan nan nan nan nan nan nan nan nan nan nan nan nan nan nan
 nan nan nan nan nan nan nan nan nan nan nan nan nan nan nan nan nan nan
 nan nan nan nan nan nan nan nan nan nan nan nan nan nan nan nan nan nan
 nan nan nan nan nan nan nan nan nan nan nan nan nan nan nan nan nan nan
 nan]
2026-03-26 13:02:25,526 - root - ERROR - NaN value detected in oversampled model function.
2026-03-26 13:02:25,528 - root - ERROR - <ParameterSet (values: 17)>
    cont_intercept  =  5370.747559543112
    cont_slope      =  2.8373813859305246
    iod_depth       =  0.8209470228777009
    lsf_left_1      =  2.1282298916298767
    lsf_left_2      =  -10.251249418118734
    lsf_left_3      =  9.044902649789009
    lsf_left_4      =  -3.9294150947872475
    lsf_left_5      =  0.876097589442933
    lsf_right1      =  2.975474332176901
    lsf_right2      =  -15.67609776550584
    lsf_right3      =  10.013348919224047
    lsf_right4      =  -3.0492810849834218
    lsf_right5      =  0.20440691092870847
    tem_depth       =  -0.3273176807345879
    velocity        =  -10333.289259186216
    wave_intercept  =  5223.67294831488
    wave_slope      =  0.015158844545725516
2026-03-26 13:02:25,529 - root - ERROR - Evaluated LSF:
2026-03-26 13:02:25,531 - root - ERROR - [nan nan nan nan nan nan nan nan nan nan nan nan nan nan nan nan nan nan
 nan nan nan nan nan nan nan nan nan nan nan nan nan nan nan nan nan nan
 nan nan nan nan nan nan nan nan nan nan nan nan nan nan nan nan nan nan
 nan nan nan nan nan nan nan nan nan nan nan nan nan nan nan nan nan nan
 nan]
2026-03-26 13:02:25,712 - root - ERROR - NaN value detected in oversampled model function.
2026-03-26 13:02:25,714 - root - ERROR - <ParameterSet (values: 17)>
    cont_intercept  =  4741.512854091523
    cont_slope      =  2.4546672233722746
    iod_depth       =  0.4458750121282605
    lsf_left_1      =  8.99793936911657
    lsf_left_2      =  -16.600060917181743
    lsf_left_3      =  2.4611441038254687
    lsf_left_4      =  -2.2793940319258894
    lsf_left_5      =  0.6419469999629783
    lsf_right1      =  3.0794630242132115
    lsf_right2      =  -15.361930782009285
    lsf_right3      =  9.872092325860827
    lsf_right4      =  -2.4675276035476474
    lsf_right5      =  0.1539700438157522
    tem_depth       =  0.7480355483302779
    velocity        =  -2235.888079881351
    wave_intercept  =  5227.584538017203
    wave_slope      =  0.014898270514458531
2026-03-26 13:02:25,715 - root - ERROR - Evaluated LSF:
2026-03-26 13:02:25,717 - root - ERROR - [nan nan nan nan nan nan nan nan nan nan nan nan nan nan nan nan nan nan
 nan nan nan nan nan nan nan nan nan nan nan nan nan nan nan nan nan nan
 nan nan nan nan nan nan nan nan nan nan nan nan nan nan nan nan nan nan
 nan nan nan nan nan nan nan nan nan nan nan nan nan nan nan nan nan nan
 nan]
2026-03-26 13:02:30,450 - root - ERROR - NaN value detected in oversampled model function.
2026-03-26 13:02:30,452 - root - ERROR - <ParameterSet (values: 17)>
    cont_intercept  =  5652.062783741959
    cont_slope      =  2.0784251738370143
    iod_depth       =  0.6799855610686388
    lsf_left_1      =  2.821507323483319
    lsf_left_2      =  -10.205788852729032
    lsf_left_3      =  8.800882250318187
    lsf_left_4      =  -3.6225188882841866
    lsf_left_5      =  0.5859951626212887
    lsf_right1      =  6.406466894759545
    lsf_right2      =  -13.890136871654757
    lsf_right3      =  1.5808823259546352
    lsf_right4      =  -1.0672366781029212
    lsf_right5      =  0.4164159538842928
    tem_depth       =  0.710030724887099
    velocity        =  -2509.105003466499
    wave_intercept  =  5272.648805847185
    wave_slope      =  0.014984335353347993
2026-03-26 13:02:30,453 - root - ERROR - Evaluated LSF:
2026-03-26 13:02:30,454 - root - ERROR - [nan nan nan nan nan nan nan nan nan nan nan nan nan nan nan nan nan nan
 nan nan nan nan nan nan nan nan nan nan nan nan nan nan nan nan nan nan
 nan nan nan nan nan nan nan nan nan nan nan nan nan nan nan nan nan nan
 nan nan nan nan nan nan nan nan nan nan nan nan nan nan nan nan nan nan
 nan]
2026-03-26 13:02:30,458 - root - ERROR - Chunk 87: No Data! Returning LmfitResult with None.
2026-03-26 13:02:32,243 - root - ERROR - NaN value detected in oversampled model function.
2026-03-26 13:02:32,244 - root - ERROR - <ParameterSet (values: 17)>
    cont_intercept  =  3036.9220813626584
    cont_slope      =  3.364757200121921
    iod_depth       =  0.6283061736960974
    lsf_left_1      =  2.345981432460948
    lsf_left_2      =  -12.783452053526162
    lsf_left_3      =  2.758984227459009
    lsf_left_4      =  -3.907227531852038
    lsf_left_5      =  0.143258008292889
    lsf_right1      =  3.5720386516870244
    lsf_right2      =  -17.455382038663576
    lsf_right3      =  2.466860836307748
    lsf_right4      =  -1.575906897159304
    lsf_right5      =  0.3140552907639672
    tem_depth       =  1.025158949482183
    velocity        =  -2313.3284240623225
    wave_intercept  =  5295.640051185392
    wave_slope      =  0.016930704063105373
2026-03-26 13:02:32,245 - root - ERROR - Evaluated LSF:
2026-03-26 13:02:32,246 - root - ERROR - [nan nan nan nan nan nan nan nan nan nan nan nan nan nan nan nan nan nan
 nan nan nan nan nan nan nan nan nan nan nan nan nan nan nan nan nan nan
 nan nan nan nan nan nan nan nan nan nan nan nan nan nan nan nan nan nan
 nan nan nan nan nan nan nan nan nan nan nan nan nan nan nan nan nan nan
 nan]
2026-03-26 13:02:40,036 - root - ERROR - NaN value detected in oversampled model function.
2026-03-26 13:02:40,038 - root - ERROR - <ParameterSet (values: 17)>
    cont_intercept  =  6105.949112935765
    cont_slope      =  -2.0558518909927788
    iod_depth       =  0.6344785915094743
    lsf_left_1      =  2.3510690638025373
    lsf_left_2      =  -17.448190809349505
    lsf_left_3      =  3.318604811192063
    lsf_left_4      =  -2.816264599534566
    lsf_left_5      =  1.193549664031587
    lsf_right1      =  6.57490514132179
    lsf_right2      =  -11.909882678838517
    lsf_right3      =  1.2361006474699336
    lsf_right4      =  -3.352040560245425
    lsf_right5      =  1.1856774675289024
    tem_depth       =  0.7909873092928346
    velocity        =  -2280.3993770121856
    wave_intercept  =  5383.962903939687
    wave_slope      =  0.01376170196911174
2026-03-26 13:02:40,039 - root - ERROR - Evaluated LSF:
2026-03-26 13:02:40,040 - root - ERROR - [nan nan nan nan nan nan nan nan nan nan nan nan nan nan nan nan nan nan
 nan nan nan nan nan nan nan nan nan nan nan nan nan nan nan nan nan nan
 nan nan nan nan nan nan nan nan nan nan nan nan nan nan nan nan nan nan
 nan nan nan nan nan nan nan nan nan nan nan nan nan nan nan nan nan nan
 nan]
2026-03-26 13:02:40,980 - root - ERROR - NaN value detected in oversampled model function.
2026-03-26 13:02:40,981 - root - ERROR - <ParameterSet (values: 17)>
    cont_intercept  =  4282.750949717323
    cont_slope      =  1.9582893133190467
    iod_depth       =  0.5410156727747699
    lsf_left_1      =  8.103840286545779
    lsf_left_2      =  -19.094876986378345
    lsf_left_3      =  1.1824079058406014
    lsf_left_4      =  -3.0570682010594794
    lsf_left_5      =  1.0996037492493507
    lsf_right1      =  4.57314096333175
    lsf_right2      =  -17.360386872410274
    lsf_right3      =  2.400898530914474
    lsf_right4      =  -1.6544998576541876
    lsf_right5      =  0.26888235061746024
    tem_depth       =  0.8012690135633792
    velocity        =  -2156.31363721338
    wave_intercept  =  5398.116877033859
    wave_slope      =  0.01636713414653085
2026-03-26 13:02:40,983 - root - ERROR - Evaluated LSF:
2026-03-26 13:02:40,984 - root - ERROR - [nan nan nan nan nan nan nan nan nan nan nan nan nan nan nan nan nan nan
 nan nan nan nan nan nan nan nan nan nan nan nan nan nan nan nan nan nan
 nan nan nan nan nan nan nan nan nan nan nan nan nan nan nan nan nan nan
 nan nan nan nan nan nan nan nan nan nan nan nan nan nan nan nan nan nan
 nan]
2026-03-26 13:02:41,453 - root - ERROR - NaN value detected in oversampled model function.
2026-03-26 13:02:41,455 - root - ERROR - <ParameterSet (values: 17)>
    cont_intercept  =  5595.292028792762
    cont_slope      =  1.8744408290693206
    iod_depth       =  0.6122989990888813
    lsf_left_1      =  2.5796007663282783
    lsf_left_2      =  -11.73365988572652
    lsf_left_3      =  7.3510284201856475
    lsf_left_4      =  -3.8927304183788602
    lsf_left_5      =  1.094911687186376
    lsf_right1      =  2.5500621933014234
    lsf_right2      =  -19.221993545213248
    lsf_right3      =  3.309529755413858
    lsf_right4      =  -3.7986644674847385
    lsf_right5      =  0.4174651177610217
    tem_depth       =  0.8105440464145357
    velocity        =  -2352.6147516383085
    wave_intercept  =  5406.526354407848
    wave_slope      =  0.015872039770272562
2026-03-26 13:02:41,456 - root - ERROR - Evaluated LSF:
2026-03-26 13:02:41,458 - root - ERROR - [nan nan nan nan nan nan nan nan nan nan nan nan nan nan nan nan nan nan
 nan nan nan nan nan nan nan nan nan nan nan nan nan nan nan nan nan nan
 nan nan nan nan nan nan nan nan nan nan nan nan nan nan nan nan nan nan
 nan nan nan nan nan nan nan nan nan nan nan nan nan nan nan nan nan nan
 nan]
2026-03-26 13:02:44,435 - root - ERROR - NaN value detected in oversampled model function.
2026-03-26 13:02:44,437 - root - ERROR - <ParameterSet (values: 17)>
    cont_intercept  =  4176.502553599187
    cont_slope      =  2.6930179237710488
    iod_depth       =  0.8709780178902969
    lsf_left_1      =  9.040493638815263
    lsf_left_2      =  -18.11399942644449
    lsf_left_3      =  1.534668365447645
    lsf_left_4      =  -3.425865322920276
    lsf_left_5      =  0.14067808120697076
    lsf_right1      =  3.4647611407552983
    lsf_right2      =  -18.660452322692116
    lsf_right3      =  5.591592167153523
    lsf_right4      =  -3.664483636174901
    lsf_right5      =  0.14671143507469406
    tem_depth       =  0.5105861386919912
    velocity        =  -8949.92440311742
    wave_intercept  =  5441.93703631419
    wave_slope      =  0.017048552416283936
2026-03-26 13:02:44,438 - root - ERROR - Evaluated LSF:
2026-03-26 13:02:44,439 - root - ERROR - [nan nan nan nan nan nan nan nan nan nan nan nan nan nan nan nan nan nan
 nan nan nan nan nan nan nan nan nan nan nan nan nan nan nan nan nan nan
 nan nan nan nan nan nan nan nan nan nan nan nan nan nan nan nan nan nan
 nan nan nan nan nan nan nan nan nan nan nan nan nan nan nan nan nan nan
 nan]
2026-03-26 13:02:52,128 - root - ERROR - NaN value detected in oversampled model function.
2026-03-26 13:02:52,130 - root - ERROR - <ParameterSet (values: 17)>
    cont_intercept  =  5972.541443713494
    cont_slope      =  -1.4230376295112135
    iod_depth       =  0.6509955411741912
    lsf_left_1      =  2.490369615057512
    lsf_left_2      =  -13.565150228326763
    lsf_left_3      =  5.825774908724947
    lsf_left_4      =  -3.9556419334950017
    lsf_left_5      =  0.4492593477793209
    lsf_right1      =  2.305392025549126
    lsf_right2      =  -6.318327905972524
    lsf_right3      =  5.458158817819922
    lsf_right4      =  -3.5508446494373835
    lsf_right5      =  0.8659824024746535
    tem_depth       =  0.8139701432709536
    velocity        =  -2259.1940930634914
    wave_intercept  =  5533.0995843415585
    wave_slope      =  0.013791134961434564
2026-03-26 13:02:52,131 - root - ERROR - Evaluated LSF:
2026-03-26 13:02:52,132 - root - ERROR - [nan nan nan nan nan nan nan nan nan nan nan nan nan nan nan nan nan nan
 nan nan nan nan nan nan nan nan nan nan nan nan nan nan nan nan nan nan
 nan nan nan nan nan nan nan nan nan nan nan nan nan nan nan nan nan nan
 nan nan nan nan nan nan nan nan nan nan nan nan nan nan nan nan nan nan
 nan]
2026-03-26 13:03:03,177 - root - ERROR - Chunk 286: No Data! Returning LmfitResult with None.
2026-03-26 13:03:07,889 - root - ERROR - NaN value detected in oversampled model function.
2026-03-26 13:03:07,890 - root - ERROR - <ParameterSet (values: 17)>
    cont_intercept  =  8546.94897151609
    cont_slope      =  -0.11030423312692222
    iod_depth       =  0.8009236230019163
    lsf_left_1      =  9.902315305033284
    lsf_left_2      =  -19.203315645407606
    lsf_left_3      =  1.7193126844832745
    lsf_left_4      =  -2.921459964197255
    lsf_left_5      =  0.44027829757951464
    lsf_right1      =  5.251599040419251
    lsf_right2      =  -18.06945745834597
    lsf_right3      =  9.932138902897105
    lsf_right4      =  -3.95898582281065
    lsf_right5      =  0.8926131714263151
    tem_depth       =  0.5053116535161777
    velocity        =  -1720.9316740968768
    wave_intercept  =  5724.385674045504
    wave_slope      =  0.015621408307247167
2026-03-26 13:03:07,891 - root - ERROR - Evaluated LSF:
2026-03-26 13:03:07,892 - root - ERROR - [nan nan nan nan nan nan nan nan nan nan nan nan nan nan nan nan nan nan
 nan nan nan nan nan nan nan nan nan nan nan nan nan nan nan nan nan nan
 nan nan nan nan nan nan nan nan nan nan nan nan nan nan nan nan nan nan
 nan nan nan nan nan nan nan nan nan nan nan nan nan nan nan nan nan nan
 nan]
2026-03-26 13:03:11,256 - root - ERROR - NaN value detected in oversampled model function.
2026-03-26 13:03:11,259 - root - ERROR - <ParameterSet (values: 17)>
    cont_intercept  =  8677.533545739656
    cont_slope      =  1.9654387237107203
    iod_depth       =  0.7079844724021377
    lsf_left_1      =  6.065813374390871
    lsf_left_2      =  -17.924314456224405
    lsf_left_3      =  3.914817830889423
    lsf_left_4      =  -3.4205838473755015
    lsf_left_5      =  0.257032461615671
    lsf_right1      =  6.016278180974391
    lsf_right2      =  -15.429158890273404
    lsf_right3      =  2.5488836360396876
    lsf_right4      =  -3.89405101612537
    lsf_right5      =  0.392175930400902
    tem_depth       =  0.9573815020640128
    velocity        =  -2490.2586100019216
    wave_intercept  =  5767.923202781002
    wave_slope      =  0.016585222277085226
2026-03-26 13:03:11,260 - root - ERROR - Evaluated LSF:
2026-03-26 13:03:11,261 - root - ERROR - [nan nan nan nan nan nan nan nan nan nan nan nan nan nan nan nan nan nan
 nan nan nan nan nan nan nan nan nan nan nan nan nan nan nan nan nan nan
 nan nan nan nan nan nan nan nan nan nan nan nan nan nan nan nan nan nan
 nan nan nan nan nan nan nan nan nan nan nan nan nan nan nan nan nan nan
 nan]
2026-03-26 13:03:12,164 - root - ERROR - Chunk 343: No Data! Returning LmfitResult with None.
2026-03-26 13:03:15,549 - root - ERROR - NaN value detected in oversampled model function.
2026-03-26 13:03:15,551 - root - ERROR - <ParameterSet (values: 17)>
    cont_intercept  =  9443.812961494867
    cont_slope      =  0.3459505368595159
    iod_depth       =  0.8343795905993563
    lsf_left_1      =  2.2946733975250218
    lsf_left_2      =  -18.163157040814376
    lsf_left_3      =  1.8408582873488801
    lsf_left_4      =  -0.8376153936554664
    lsf_left_5      =  0.443786658167863
    lsf_right1      =  2.5942793669351434
    lsf_right2      =  -10.48688786969451
    lsf_right3      =  6.901082761497189
    lsf_right4      =  -3.5703149190381214
    lsf_right5      =  1.1499283470038608
    tem_depth       =  0.6444194274177006
    velocity        =  -4855.3852369473625
    wave_intercept  =  5833.4202250025755
    wave_slope      =  0.01586858911239216
2026-03-26 13:03:15,552 - root - ERROR - Evaluated LSF:
2026-03-26 13:03:15,554 - root - ERROR - [nan nan nan nan nan nan nan nan nan nan nan nan nan nan nan nan nan nan
 nan nan nan nan nan nan nan nan nan nan nan nan nan nan nan nan nan nan
 nan nan nan nan nan nan nan nan nan nan nan nan nan nan nan nan nan nan
 nan nan nan nan nan nan nan nan nan nan nan nan nan nan nan nan nan nan
 nan]
2026-03-26 13:03:16,183 - root - ERROR - NaN value detected in oversampled model function.
2026-03-26 13:03:16,185 - root - ERROR - <ParameterSet (values: 17)>
    cont_intercept  =  7982.516065694295
    cont_slope      =  -2.8812891004647936
    iod_depth       =  0.7203866798329315
    lsf_left_1      =  4.446232339215647
    lsf_left_2      =  -17.686722528451234
    lsf_left_3      =  1.976078120858051
    lsf_left_4      =  -2.2080915096922427
    lsf_left_5      =  0.13816712471534745
    lsf_right1      =  5.644834092857726
    lsf_right2      =  -19.30518829348393
    lsf_right3      =  8.99477407996752
    lsf_right4      =  -3.920453862370035
    lsf_right5      =  1.1863105993504295
    tem_depth       =  -0.36701991825573504
    velocity        =  -9682.402722160234
    wave_intercept  =  5845.405173520268
    wave_slope      =  0.014933572765569194
2026-03-26 13:03:16,186 - root - ERROR - Evaluated LSF:
2026-03-26 13:03:16,187 - root - ERROR - [nan nan nan nan nan nan nan nan nan nan nan nan nan nan nan nan nan nan
 nan nan nan nan nan nan nan nan nan nan nan nan nan nan nan nan nan nan
 nan nan nan nan nan nan nan nan nan nan nan nan nan nan nan nan nan nan
 nan nan nan nan nan nan nan nan nan nan nan nan nan nan nan nan nan nan
 nan]
2026-03-26 13:03:16,745 - root - ERROR - NaN value detected in oversampled model function.
2026-03-26 13:03:16,746 - root - ERROR - <ParameterSet (values: 17)>
    cont_intercept  =  4387.405747823673
    cont_slope      =  4.930089340156977
    iod_depth       =  0.754097874661222
    lsf_left_1      =  2.7940491914671504
    lsf_left_2      =  -19.37738615734589
    lsf_left_3      =  2.702825999759816
    lsf_left_4      =  -0.5742714547562628
    lsf_left_5      =  0.3136502984896343
    lsf_right1      =  6.956176926157192
    lsf_right2      =  -10.495888923258923
    lsf_right3      =  1.799257039774235
    lsf_right4      =  -3.6931343226125595
    lsf_right5      =  0.1376047015086324
    tem_depth       =  0.9790638422318153
    velocity        =  -1753.6842505459028
    wave_intercept  =  5855.791773750619
    wave_slope      =  0.0187131658286487
2026-03-26 13:03:16,747 - root - ERROR - Evaluated LSF:
2026-03-26 13:03:16,748 - root - ERROR - [nan nan nan nan nan nan nan nan nan nan nan nan nan nan nan nan nan nan
 nan nan nan nan nan nan nan nan nan nan nan nan nan nan nan nan nan nan
 nan nan nan nan nan nan nan nan nan nan nan nan nan nan nan nan nan nan
 nan nan nan nan nan nan nan nan nan nan nan nan nan nan nan nan nan nan
 nan]
2026-03-26 13:03:18,108 - root - ERROR - NaN value detected in oversampled model function.
2026-03-26 13:03:18,110 - root - ERROR - <ParameterSet (values: 17)>
    cont_intercept  =  8619.48787283558
    cont_slope      =  -0.6945404511554263
    iod_depth       =  0.15430187953193736
    lsf_left_1      =  10.966487426914881
    lsf_left_2      =  -18.63716303584393
    lsf_left_3      =  1.2149028572566904
    lsf_left_4      =  -1.9906689541036307
    lsf_left_5      =  0.28127774195422617
    lsf_right1      =  2.1099534223998195
    lsf_right2      =  -17.78622349681689
    lsf_right3      =  2.757961144164051
    lsf_right4      =  -3.915612683369514
    lsf_right5      =  0.28233684742182763
    tem_depth       =  1.2425658092628578
    velocity        =  -2042.0593333058507
    wave_intercept  =  5874.39104440002
    wave_slope      =  0.017202250766915
2026-03-26 13:03:18,111 - root - ERROR - Evaluated LSF:
2026-03-26 13:03:18,112 - root - ERROR - [nan nan nan nan nan nan nan nan nan nan nan nan nan nan nan nan nan nan
 nan nan nan nan nan nan nan nan nan nan nan nan nan nan nan nan nan nan
 nan nan nan nan nan nan nan nan nan nan nan nan nan nan nan nan nan nan
 nan nan nan nan nan nan nan nan nan nan nan nan nan nan nan nan nan nan
 nan]
2026-03-26 13:03:18,879 - root - ERROR - NaN value detected in oversampled model function.
2026-03-26 13:03:18,882 - root - ERROR - <ParameterSet (values: 17)>
    cont_intercept  =  8451.062351399705
    cont_slope      =  -0.37317053750251883
    iod_depth       =  0.7734035557561849
    lsf_left_1      =  2.8690843144113707
    lsf_left_2      =  -18.967500778588004
    lsf_left_3      =  3.604313240686079
    lsf_left_4      =  -0.48414279588554887
    lsf_left_5      =  0.14306326359966343
    lsf_right1      =  3.6535169667670493
    lsf_right2      =  -12.8519190102989
    lsf_right3      =  6.644876875142541
    lsf_right4      =  -2.0576758892099267
    lsf_right5      =  0.18735754093095014
    tem_depth       =  0.9281903649764196
    velocity        =  -1795.7255981912513
    wave_intercept  =  5885.305768500345
    wave_slope      =  0.016328005651644013
2026-03-26 13:03:18,883 - root - ERROR - Evaluated LSF:
2026-03-26 13:03:18,884 - root - ERROR - [nan nan nan nan nan nan nan nan nan nan nan nan nan nan nan nan nan nan
 nan nan nan nan nan nan nan nan nan nan nan nan nan nan nan nan nan nan
 nan nan nan nan nan nan nan nan nan nan nan nan nan nan nan nan nan nan
 nan nan nan nan nan nan nan nan nan nan nan nan nan nan nan nan nan nan
 nan]
2026-03-26 13:03:22,181 - root - ERROR - NaN value detected in oversampled model function.
2026-03-26 13:03:22,183 - root - ERROR - <ParameterSet (values: 17)>
    cont_intercept  =  7886.696133535434
    cont_slope      =  2.572709560430587
    iod_depth       =  0.7831484675192699
    lsf_left_1      =  5.906793306541245
    lsf_left_2      =  -17.364565057865548
    lsf_left_3      =  2.5578550006134035
    lsf_left_4      =  -1.6682304385223947
    lsf_left_5      =  1.0358364207066022
    lsf_right1      =  3.712814344937541
    lsf_right2      =  -19.36685461769015
    lsf_right3      =  1.2582665607488877
    lsf_right4      =  -1.4273212885646829
    lsf_right5      =  1.0958340215671205
    tem_depth       =  0.8867764092444796
    velocity        =  -2731.3514751617613
    wave_intercept  =  5929.181128528416
    wave_slope      =  0.017499658056927676
2026-03-26 13:03:22,184 - root - ERROR - Evaluated LSF:
2026-03-26 13:03:22,185 - root - ERROR - [nan nan nan nan nan nan nan nan nan nan nan nan nan nan nan nan nan nan
 nan nan nan nan nan nan nan nan nan nan nan nan nan nan nan nan nan nan
 nan nan nan nan nan nan nan nan nan nan nan nan nan nan nan nan nan nan
 nan nan nan nan nan nan nan nan nan nan nan nan nan nan nan nan nan nan
 nan]
2026-03-26 13:03:23,249 - root - ERROR - NaN value detected in oversampled model function.
2026-03-26 13:03:23,250 - root - ERROR - <ParameterSet (values: 17)>
    cont_intercept  =  9586.142584648847
    cont_slope      =  -0.4250492262977692
    iod_depth       =  0.8055545562679608
    lsf_left_1      =  2.528498881996098
    lsf_left_2      =  -18.740647648125705
    lsf_left_3      =  1.220119349664713
    lsf_left_4      =  -3.724844977951597
    lsf_left_5      =  1.0227928345627562
    lsf_right1      =  4.879942345247065
    lsf_right2      =  -13.011121481649974
    lsf_right3      =  2.9021667689743555
    lsf_right4      =  -3.9260702651026307
    lsf_right5      =  0.7929827360651289
    tem_depth       =  1.0204381931813715
    velocity        =  -1954.745987238362
    wave_intercept  =  5942.456566606315
    wave_slope      =  0.016556074305310323
2026-03-26 13:03:23,251 - root - ERROR - Evaluated LSF:
2026-03-26 13:03:23,252 - root - ERROR - [nan nan nan nan nan nan nan nan nan nan nan nan nan nan nan nan nan nan
 nan nan nan nan nan nan nan nan nan nan nan nan nan nan nan nan nan nan
 nan nan nan nan nan nan nan nan nan nan nan nan nan nan nan nan nan nan
 nan nan nan nan nan nan nan nan nan nan nan nan nan nan nan nan nan nan
 nan]
2026-03-26 13:03:24,152 - root - ERROR - NaN value detected in oversampled model function.
2026-03-26 13:03:24,154 - root - ERROR - <ParameterSet (values: 17)>
    cont_intercept  =  9300.991961044972
    cont_slope      =  1.0642771912963465
    iod_depth       =  0.645347601831075
    lsf_left_1      =  6.177703177086991
    lsf_left_2      =  -10.058723249020208
    lsf_left_3      =  1.14393829768132
    lsf_left_4      =  -3.259435783628388
    lsf_left_5      =  0.7559887156804046
    lsf_right1      =  2.2509069087025635
    lsf_right2      =  -16.069708266128238
    lsf_right3      =  1.149088317799482
    lsf_right4      =  -2.792067455785011
    lsf_right5      =  0.40410088820923634
    tem_depth       =  0.9674322895433037
    velocity        =  -1812.940167165668
    wave_intercept  =  5952.924626062623
    wave_slope      =  0.015760394408772187
2026-03-26 13:03:24,155 - root - ERROR - Evaluated LSF:
2026-03-26 13:03:24,157 - root - ERROR - [nan nan nan nan nan nan nan nan nan nan nan nan nan nan nan nan nan nan
 nan nan nan nan nan nan nan nan nan nan nan nan nan nan nan nan nan nan
 nan nan nan nan nan nan nan nan nan nan nan nan nan nan nan nan nan nan
 nan nan nan nan nan nan nan nan nan nan nan nan nan nan nan nan nan nan
 nan]
2026-03-26 13:03:24,578 - root - ERROR - NaN value detected in oversampled model function.
2026-03-26 13:03:24,579 - root - ERROR - <ParameterSet (values: 17)>
    cont_intercept  =  7715.251397220101
    cont_slope      =  -2.308369646234729
    iod_depth       =  0.411473877656923
    lsf_left_1      =  11.823645230679066
    lsf_left_2      =  -18.6818856309037
    lsf_left_3      =  1.999015733371905
    lsf_left_4      =  -2.8569440806501216
    lsf_left_5      =  0.7637294226216252
    lsf_right1      =  2.1973830164150314
    lsf_right2      =  -16.81598873568185
    lsf_right3      =  6.284810107362343
    lsf_right4      =  -3.803153224340995
    lsf_right5      =  1.1264592778200675
    tem_depth       =  -0.007841495615311833
    velocity        =  -10751.473015038508
    wave_intercept  =  5958.932507072137
    wave_slope      =  0.015319061625160585
2026-03-26 13:03:24,581 - root - ERROR - Evaluated LSF:
2026-03-26 13:03:24,582 - root - ERROR - [nan nan nan nan nan nan nan nan nan nan nan nan nan nan nan nan nan nan
 nan nan nan nan nan nan nan nan nan nan nan nan nan nan nan nan nan nan
 nan nan nan nan nan nan nan nan nan nan nan nan nan nan nan nan nan nan
 nan nan nan nan nan nan nan nan nan nan nan nan nan nan nan nan nan nan
 nan]
2026-03-26 13:03:25,021 - root - ERROR - NaN value detected in oversampled model function.
2026-03-26 13:03:25,023 - root - ERROR - <ParameterSet (values: 17)>
    cont_intercept  =  7416.185932517203
    cont_slope      =  -2.7790573746283904
    iod_depth       =  0.7954992279043362
    lsf_left_1      =  3.5967474650433076
    lsf_left_2      =  -16.796066620102867
    lsf_left_3      =  1.198012489167302
    lsf_left_4      =  -0.4967255701299438
    lsf_left_5      =  0.13829496861594343
    lsf_right1      =  2.1560510591148976
    lsf_right2      =  -4.480963947352782
    lsf_right3      =  2.2355290071906095
    lsf_right4      =  -0.9041965332124491
    lsf_right5      =  0.20954147470557033
    tem_depth       =  -0.13400231233777898
    velocity        =  -22226.025428482728
    wave_intercept  =  5962.838413579195
    wave_slope      =  0.014959624217434212
2026-03-26 13:03:25,024 - root - ERROR - Evaluated LSF:
2026-03-26 13:03:25,025 - root - ERROR - [nan nan nan nan nan nan nan nan nan nan nan nan nan nan nan nan nan nan
 nan nan nan nan nan nan nan nan nan nan nan nan nan nan nan nan nan nan
 nan nan nan nan nan nan nan nan nan nan nan nan nan nan nan nan nan nan
 nan nan nan nan nan nan nan nan nan nan nan nan nan nan nan nan nan nan
 nan]
2026-03-26 13:03:26,311 - root - ERROR - NaN value detected in oversampled model function.
2026-03-26 13:03:26,313 - root - ERROR - <ParameterSet (values: 17)>
    cont_intercept  =  6264.807492923257
    cont_slope      =  3.359447310696861
    iod_depth       =  0.755806333445396
    lsf_left_1      =  3.0350161609606507
    lsf_left_2      =  -19.392402356234573
    lsf_left_3      =  1.2514784718419643
    lsf_left_4      =  -3.793341725206267
    lsf_left_5      =  0.151771664311386
    lsf_right1      =  2.1177480109118156
    lsf_right2      =  -18.49001083213816
    lsf_right3      =  5.034084385445558
    lsf_right4      =  -3.724720086012141
    lsf_right5      =  0.30468918624746194
    tem_depth       =  0.921364138251609
    velocity        =  -1859.6599129336687
    wave_intercept  =  5977.903385935887
    wave_slope      =  0.01832691476204424
2026-03-26 13:03:26,314 - root - ERROR - Evaluated LSF:
2026-03-26 13:03:26,315 - root - ERROR - [nan nan nan nan nan nan nan nan nan nan nan nan nan nan nan nan nan nan
 nan nan nan nan nan nan nan nan nan nan nan nan nan nan nan nan nan nan
 nan nan nan nan nan nan nan nan nan nan nan nan nan nan nan nan nan nan
 nan nan nan nan nan nan nan nan nan nan nan nan nan nan nan nan nan nan
 nan]
2026-03-26 13:03:27,207 - root - ERROR - NaN value detected in oversampled model function.
2026-03-26 13:03:27,209 - root - ERROR - <ParameterSet (values: 17)>
    cont_intercept  =  8933.21502658409
    cont_slope      =  -0.1454164035349045
    iod_depth       =  0.5225352433180162
    lsf_left_1      =  2.085925017718764
    lsf_left_2      =  -18.918296514302334
    lsf_left_3      =  9.049373285674623
    lsf_left_4      =  -2.7765124246676027
    lsf_left_5      =  0.34063209857344934
    lsf_right1      =  2.1296222236929103
    lsf_right2      =  -13.209344433297087
    lsf_right3      =  1.8267758924753195
    lsf_right4      =  -3.9478228549560717
    lsf_right5      =  0.7937041735874127
    tem_depth       =  0.08144117677981005
    velocity        =  -4720.842577587803
    wave_intercept  =  5991.915213464963
    wave_slope      =  0.01733306870367662
2026-03-26 13:03:27,211 - root - ERROR - Evaluated LSF:
2026-03-26 13:03:27,212 - root - ERROR - [nan nan nan nan nan nan nan nan nan nan nan nan nan nan nan nan nan nan
 nan nan nan nan nan nan nan nan nan nan nan nan nan nan nan nan nan nan
 nan nan nan nan nan nan nan nan nan nan nan nan nan nan nan nan nan nan
 nan nan nan nan nan nan nan nan nan nan nan nan nan nan nan nan nan nan
 nan]
2026-03-26 13:03:28,820 - root - ERROR - Chunk 444: No Data! Returning LmfitResult with None.
2026-03-26 13:03:29,012 - root - ERROR - NaN value detected in oversampled model function.
2026-03-26 13:03:29,013 - root - ERROR - <ParameterSet (values: 17)>
    cont_intercept  =  8384.947397374843
    cont_slope      =  -1.5152793213761138
    iod_depth       =  0.3119855886608638
    lsf_left_1      =  2.6239058411434577
    lsf_left_2      =  -19.175038970873544
    lsf_left_3      =  9.357021214125355
    lsf_left_4      =  -3.648756673994927
    lsf_left_5      =  0.5274817556979277
    lsf_right1      =  2.1119905017645015
    lsf_right2      =  -4.340629601775019
    lsf_right3      =  3.298257950023725
    lsf_right4      =  -3.558639690119065
    lsf_right5      =  0.2998712294113901
    tem_depth       =  0.8971718327041645
    velocity        =  -2175.0673541330093
    wave_intercept  =  6017.343552305197
    wave_slope      =  0.015151065771494412
2026-03-26 13:03:29,015 - root - ERROR - Evaluated LSF:
2026-03-26 13:03:29,016 - root - ERROR - [nan nan nan nan nan nan nan nan nan nan nan nan nan nan nan nan nan nan
 nan nan nan nan nan nan nan nan nan nan nan nan nan nan nan nan nan nan
 nan nan nan nan nan nan nan nan nan nan nan nan nan nan nan nan nan nan
 nan nan nan nan nan nan nan nan nan nan nan nan nan nan nan nan nan nan
 nan]
2026-03-26 13:03:29,509 - root - ERROR - NaN value detected in oversampled model function.
2026-03-26 13:03:29,511 - root - ERROR - <ParameterSet (values: 17)>
    cont_intercept  =  7323.7844121881035
    cont_slope      =  -3.1280914194597007
    iod_depth       =  0.5523981064869256
    lsf_left_1      =  4.374255186304004
    lsf_left_2      =  -13.093500495144498
    lsf_left_3      =  5.932393026849993
    lsf_left_4      =  -2.421385508101157
    lsf_left_5      =  0.4341953473352891
    lsf_right1      =  4.650557234727783
    lsf_right2      =  -11.802612794844245
    lsf_right3      =  7.373659690446828
    lsf_right4      =  -2.1010432202831937
    lsf_right5      =  0.27215397028379473
    tem_depth       =  0.8712418386342174
    velocity        =  -2077.0940383863735
    wave_intercept  =  6023.262272745112
    wave_slope      =  0.014898589840886068
2026-03-26 13:03:29,512 - root - ERROR - Evaluated LSF:
2026-03-26 13:03:29,513 - root - ERROR - [nan nan nan nan nan nan nan nan nan nan nan nan nan nan nan nan nan nan
 nan nan nan nan nan nan nan nan nan nan nan nan nan nan nan nan nan nan
 nan nan nan nan nan nan nan nan nan nan nan nan nan nan nan nan nan nan
 nan nan nan nan nan nan nan nan nan nan nan nan nan nan nan nan nan nan
 nan]
2026-03-26 13:03:30,517 - root - ERROR - NaN value detected in oversampled model function.
2026-03-26 13:03:30,519 - root - ERROR - <ParameterSet (values: 17)>
    cont_intercept  =  8033.069273519696
    cont_slope      =  3.036405123373133
    iod_depth       =  0.708092490796421
    lsf_left_1      =  2.092555092551455
    lsf_left_2      =  -19.369803209478267
    lsf_left_3      =  1.139476901299456
    lsf_left_4      =  -2.199240392910479
    lsf_left_5      =  0.3760228540078858
    lsf_right1      =  2.1521569529395825
    lsf_right2      =  -14.044156176607828
    lsf_right3      =  2.1429054417681836
    lsf_right4      =  -1.9116084149815125
    lsf_right5      =  1.0567514978513683
    tem_depth       =  -0.31004408217602863
    velocity        =  -9349.281627406443
    wave_intercept  =  6044.25746393189
    wave_slope      =  0.01800629903996572
2026-03-26 13:03:30,520 - root - ERROR - Evaluated LSF:
2026-03-26 13:03:30,521 - root - ERROR - [nan nan nan nan nan nan nan nan nan nan nan nan nan nan nan nan nan nan
 nan nan nan nan nan nan nan nan nan nan nan nan nan nan nan nan nan nan
 nan nan nan nan nan nan nan nan nan nan nan nan nan nan nan nan nan nan
 nan nan nan nan nan nan nan nan nan nan nan nan nan nan nan nan nan nan
 nan]
2026-03-26 13:03:34,873 - root - ERROR - NaN value detected in oversampled model function.
2026-03-26 13:03:34,874 - root - ERROR - <ParameterSet (values: 17)>
    cont_intercept  =  6173.358554456969
    cont_slope      =  4.324279050137036
    iod_depth       =  0.6010750537480903
    lsf_left_1      =  5.852285849790142
    lsf_left_2      =  -14.350734226032714
    lsf_left_3      =  1.6950346776733234
    lsf_left_4      =  -0.7138233027950212
    lsf_left_5      =  0.15472184158976507
    lsf_right1      =  2.2919458172094194
    lsf_right2      =  -16.950836656314774
    lsf_right3      =  10.189782033080025
    lsf_right4      =  -3.335830105105038
    lsf_right5      =  0.13945668795838811
    tem_depth       =  0.9697541602060096
    velocity        =  -2244.483205554855
    wave_intercept  =  6095.031864336384
    wave_slope      =  0.01910377539794078
2026-03-26 13:03:34,875 - root - ERROR - Evaluated LSF:
2026-03-26 13:03:34,876 - root - ERROR - [nan nan nan nan nan nan nan nan nan nan nan nan nan nan nan nan nan nan
 nan nan nan nan nan nan nan nan nan nan nan nan nan nan nan nan nan nan
 nan nan nan nan nan nan nan nan nan nan nan nan nan nan nan nan nan nan
 nan nan nan nan nan nan nan nan nan nan nan nan nan nan nan nan nan nan
 nan]
2026-03-26 13:03:35,024 - root - ERROR - NaN value detected in oversampled model function.
2026-03-26 13:03:35,025 - root - ERROR - <ParameterSet (values: 17)>
    cont_intercept  =  7309.700268308247
    cont_slope      =  3.878625337573232
    iod_depth       =  0.8314512742836908
    lsf_left_1      =  2.1275336614572575
    lsf_left_2      =  -16.450310186298243
    lsf_left_3      =  9.16036667798301
    lsf_left_4      =  -3.850338985935438
    lsf_left_5      =  1.1939152791697971
    lsf_right1      =  2.343006155183584
    lsf_right2      =  -17.41036423686905
    lsf_right3      =  3.096971567708307
    lsf_right4      =  -1.8350009886757221
    lsf_right5      =  0.4481185422083308
    tem_depth       =  0.5242636581278284
    velocity        =  -17542.061677100963
    wave_intercept  =  6099.9139848654395
    wave_slope      =  0.0185888005234615
2026-03-26 13:03:35,026 - root - ERROR - Evaluated LSF:
2026-03-26 13:03:35,027 - root - ERROR - [nan nan nan nan nan nan nan nan nan nan nan nan nan nan nan nan nan nan
 nan nan nan nan nan nan nan nan nan nan nan nan nan nan nan nan nan nan
 nan nan nan nan nan nan nan nan nan nan nan nan nan nan nan nan nan nan
 nan nan nan nan nan nan nan nan nan nan nan nan nan nan nan nan nan nan
 nan]
2026-03-26 13:03:36,114 - root - ERROR - NaN value detected in oversampled model function.
2026-03-26 13:03:36,116 - root - ERROR - <ParameterSet (values: 17)>
    cont_intercept  =  9437.04224840113
    cont_slope      =  2.2678910277333215
    iod_depth       =  0.38656107702940423
    lsf_left_1      =  3.177504759176038
    lsf_left_2      =  -19.360930541108353
    lsf_left_3      =  8.321541033890284
    lsf_left_4      =  -3.2815050916043975
    lsf_left_5      =  1.0056313532458279
    lsf_right1      =  8.661851568724636
    lsf_right2      =  -13.367780199366258
    lsf_right3      =  1.8060011979450517
    lsf_right4      =  -2.7318130916179335
    lsf_right5      =  0.837726669687352
    tem_depth       =  0.9422528101117171
    velocity        =  -2363.001430615028
    wave_intercept  =  6116.229591323974
    wave_slope      =  0.017438421899937887
2026-03-26 13:03:36,117 - root - ERROR - Evaluated LSF:
2026-03-26 13:03:36,118 - root - ERROR - [nan nan nan nan nan nan nan nan nan nan nan nan nan nan nan nan nan nan
 nan nan nan nan nan nan nan nan nan nan nan nan nan nan nan nan nan nan
 nan nan nan nan nan nan nan nan nan nan nan nan nan nan nan nan nan nan
 nan nan nan nan nan nan nan nan nan nan nan nan nan nan nan nan nan nan
 nan]
2026-03-26 13:03:37,653 - root - ERROR - NaN value detected in oversampled model function.
2026-03-26 13:03:37,654 - root - ERROR - <ParameterSet (values: 17)>
    cont_intercept  =  8368.685462673024
    cont_slope      =  -2.8041145832432086
    iod_depth       =  0.9663721756006156
    lsf_left_1      =  5.021815769331798
    lsf_left_2      =  -18.979984773536046
    lsf_left_3      =  6.494636506622395
    lsf_left_4      =  -2.7479718804891755
    lsf_left_5      =  0.679633218497722
    lsf_right1      =  3.261471896383803
    lsf_right2      =  -18.42343301159201
    lsf_right3      =  7.25779530133142
    lsf_right4      =  -2.1397798921470272
    lsf_right5      =  0.15020102521461293
    tem_depth       =  0.34952557578833215
    velocity        =  -8200.723016359703
    wave_intercept  =  6139.71720330223
    wave_slope      =  0.015378637517426269
2026-03-26 13:03:37,656 - root - ERROR - Evaluated LSF:
2026-03-26 13:03:37,657 - root - ERROR - [nan nan nan nan nan nan nan nan nan nan nan nan nan nan nan nan nan nan
 nan nan nan nan nan nan nan nan nan nan nan nan nan nan nan nan nan nan
 nan nan nan nan nan nan nan nan nan nan nan nan nan nan nan nan nan nan
 nan nan nan nan nan nan nan nan nan nan nan nan nan nan nan nan nan nan
 nan]
2026-03-26 13:03:37,983 - root - ERROR - NaN value detected in oversampled model function.
2026-03-26 13:03:37,985 - root - ERROR - <ParameterSet (values: 17)>
    cont_intercept  =  5007.766409805578
    cont_slope      =  4.712033973745502
    iod_depth       =  -0.14434286646870342
    lsf_left_1      =  5.791606746700955
    lsf_left_2      =  -17.96078640058689
    lsf_left_3      =  2.144278629143966
    lsf_left_4      =  -2.680518990817886
    lsf_left_5      =  1.1590194823484135
    lsf_right1      =  2.97541631724959
    lsf_right2      =  -18.375010938055677
    lsf_right3      =  8.225778780465113
    lsf_right4      =  -2.8057522242249022
    lsf_right5      =  0.13945842573436396
    tem_depth       =  0.857459248737811
    velocity        =  -3465.672677465328
    wave_intercept  =  6151.52283652205
    wave_slope      =  0.019551503497311908
2026-03-26 13:03:37,986 - root - ERROR - Evaluated LSF:
2026-03-26 13:03:37,987 - root - ERROR - [nan nan nan nan nan nan nan nan nan nan nan nan nan nan nan nan nan nan
 nan nan nan nan nan nan nan nan nan nan nan nan nan nan nan nan nan nan
 nan nan nan nan nan nan nan nan nan nan nan nan nan nan nan nan nan nan
 nan nan nan nan nan nan nan nan nan nan nan nan nan nan nan nan nan nan
 nan]
2026-03-26 13:03:38,017 - root - ERROR - NaN value detected in oversampled model function.
2026-03-26 13:03:38,018 - root - ERROR - <ParameterSet (values: 17)>
    cont_intercept  =  5553.038667166838
    cont_slope      =  5.208208840107702
    iod_depth       =  0.292989784918417
    lsf_left_1      =  3.8480004229872913
    lsf_left_2      =  -15.300156527210493
    lsf_left_3      =  3.1412605097100372
    lsf_left_4      =  -1.7987857615080638
    lsf_left_5      =  0.7404186460606402
    lsf_right1      =  2.0896222479550484
    lsf_right2      =  -19.367194957110762
    lsf_right3      =  2.118341402821819
    lsf_right4      =  -3.3325401671753765
    lsf_right5      =  0.8754875282144461
    tem_depth       =  1.032718459561651
    velocity        =  -3184.0938141635993
    wave_intercept  =  6154.092445919288
    wave_slope      =  0.019243820972526856
2026-03-26 13:03:38,020 - root - ERROR - Evaluated LSF:
2026-03-26 13:03:38,021 - root - ERROR - [nan nan nan nan nan nan nan nan nan nan nan nan nan nan nan nan nan nan
 nan nan nan nan nan nan nan nan nan nan nan nan nan nan nan nan nan nan
 nan nan nan nan nan nan nan nan nan nan nan nan nan nan nan nan nan nan
 nan nan nan nan nan nan nan nan nan nan nan nan nan nan nan nan nan nan
 nan]
2026-03-26 13:03:39,218 - root - ERROR - NaN value detected in oversampled model function.
2026-03-26 13:03:39,219 - root - ERROR - <ParameterSet (values: 17)>
    cont_intercept  =  9518.85079487612
    cont_slope      =  1.3728673577933783
    iod_depth       =  0.6314879718770992
    lsf_left_1      =  2.2155001007946558
    lsf_left_2      =  -11.473352076370952
    lsf_left_3      =  4.865153346150448
    lsf_left_4      =  -2.9023427947714477
    lsf_left_5      =  0.3228936493639126
    lsf_right1      =  5.720335111798653
    lsf_right2      =  -13.470521851761884
    lsf_right3      =  10.242782078401476
    lsf_right4      =  -3.7574378868791847
    lsf_right5      =  0.1736972383248901
    tem_depth       =  0.9318566387864357
    velocity        =  -2104.546530710819
    wave_intercept  =  6175.777858765801
    wave_slope      =  0.017607282353990995
2026-03-26 13:03:39,220 - root - ERROR - Evaluated LSF:
2026-03-26 13:03:39,221 - root - ERROR - [nan nan nan nan nan nan nan nan nan nan nan nan nan nan nan nan nan nan
 nan nan nan nan nan nan nan nan nan nan nan nan nan nan nan nan nan nan
 nan nan nan nan nan nan nan nan nan nan nan nan nan nan nan nan nan nan
 nan nan nan nan nan nan nan nan nan nan nan nan nan nan nan nan nan nan
 nan]
2026-03-26 13:03:40,692 - root - ERROR - NaN value detected in oversampled model function.
2026-03-26 13:03:40,694 - root - ERROR - <ParameterSet (values: 17)>
    cont_intercept  =  8908.112651250132
    cont_slope      =  -1.4983859920466602
    iod_depth       =  0.531847855492115
    lsf_left_1      =  3.066649708087531
    lsf_left_2      =  -6.553909821677724
    lsf_left_3      =  1.2581032219062975
    lsf_left_4      =  -3.895668769065593
    lsf_left_5      =  1.1938854376015477
    lsf_right1      =  3.2463411145897414
    lsf_right2      =  -19.31144569273874
    lsf_right3      =  4.669859409321053
    lsf_right4      =  -3.753909043256707
    lsf_right5      =  0.13296986940429115
    tem_depth       =  0.8812500188390345
    velocity        =  -2115.853543629496
    wave_intercept  =  6191.27765310291
    wave_slope      =  0.016496043598222963
2026-03-26 13:03:40,695 - root - ERROR - Evaluated LSF:
2026-03-26 13:03:40,696 - root - ERROR - [nan nan nan nan nan nan nan nan nan nan nan nan nan nan nan nan nan nan
 nan nan nan nan nan nan nan nan nan nan nan nan nan nan nan nan nan nan
 nan nan nan nan nan nan nan nan nan nan nan nan nan nan nan nan nan nan
 nan nan nan nan nan nan nan nan nan nan nan nan nan nan nan nan nan nan
 nan]
2026-03-26 13:03:41,102 - root - ERROR - Chunk 519: No Data! Returning LmfitResult with None.
2026-03-26 13:03:41,805 - root - ERROR - NaN value detected in oversampled model function.
2026-03-26 13:03:41,807 - root - ERROR - <ParameterSet (values: 17)>
    cont_intercept  =  7367.111819931165
    cont_slope      =  -2.453326279151576
    iod_depth       =  0.5725850094934692
    lsf_left_1      =  2.0869112915064667
    lsf_left_2      =  -12.703761564384681
    lsf_left_3      =  1.934880072789948
    lsf_left_4      =  -1.6917481998692399
    lsf_left_5      =  0.1422644715568289
    lsf_right1      =  6.684437203712658
    lsf_right2      =  -19.343219671977103
    lsf_right3      =  1.1448793306247915
    lsf_right4      =  -2.9949465374813347
    lsf_right5      =  1.1947845816104166
    tem_depth       =  1.0201067078771255
    velocity        =  -2832.7081064421473
    wave_intercept  =  6205.768380085551
    wave_slope      =  0.015490536111760843
2026-03-26 13:03:41,808 - root - ERROR - Evaluated LSF:
2026-03-26 13:03:41,809 - root - ERROR - [nan nan nan nan nan nan nan nan nan nan nan nan nan nan nan nan nan nan
 nan nan nan nan nan nan nan nan nan nan nan nan nan nan nan nan nan nan
 nan nan nan nan nan nan nan nan nan nan nan nan nan nan nan nan nan nan
 nan nan nan nan nan nan nan nan nan nan nan nan nan nan nan nan nan nan
 nan]
2026-03-26 13:03:42,361 - root - ERROR - Chunk 529: No Data! Returning LmfitResult with None.
2026-03-26 13:03:43,229 - root - ERROR - NaN value detected in oversampled model function.
2026-03-26 13:03:43,231 - root - ERROR - <ParameterSet (values: 17)>
    cont_intercept  =  8127.531399373296
    cont_slope      =  3.828590561764679
    iod_depth       =  0.4078553711141657
    lsf_left_1      =  2.405672629331081
    lsf_left_2      =  -11.37024375513487
    lsf_left_3      =  2.1101283103720543
    lsf_left_4      =  -1.8808105155006771
    lsf_left_5      =  0.20361857516836834
    lsf_right1      =  2.9454349927081833
    lsf_right2      =  -14.8278720774712
    lsf_right3      =  4.987873573496296
    lsf_right4      =  -3.8396444946116115
    lsf_right5      =  0.9468307546887915
    tem_depth       =  0.9219566220650554
    velocity        =  -2266.9753646797085
    wave_intercept  =  6231.69953488127
    wave_slope      =  0.01835379148564277
2026-03-26 13:03:43,232 - root - ERROR - Evaluated LSF:
2026-03-26 13:03:43,233 - root - ERROR - [nan nan nan nan nan nan nan nan nan nan nan nan nan nan nan nan nan nan
 nan nan nan nan nan nan nan nan nan nan nan nan nan nan nan nan nan nan
 nan nan nan nan nan nan nan nan nan nan nan nan nan nan nan nan nan nan
 nan nan nan nan nan nan nan nan nan nan nan nan nan nan nan nan nan nan
 nan]
2026-03-26 13:03:43,250 - root - ERROR - NaN value detected in oversampled model function.
2026-03-26 13:03:43,251 - root - ERROR - <ParameterSet (values: 17)>
    cont_intercept  =  8672.324548768212
    cont_slope      =  0.6896637231940054
    iod_depth       =  0.34912121154126374
    lsf_left_1      =  10.414265925593105
    lsf_left_2      =  -19.39991921710466
    lsf_left_3      =  3.137028220021919
    lsf_left_4      =  -1.2592676450421072
    lsf_left_5      =  0.1892935969829065
    lsf_right1      =  3.5570093049136853
    lsf_right2      =  -14.66246043007987
    lsf_right3      =  5.97183019559393
    lsf_right4      =  -3.731613980915417
    lsf_right5      =  0.2259719163292719
    tem_depth       =  0.8801863288745365
    velocity        =  -2138.9883705984084
    wave_intercept  =  6234.073722874346
    wave_slope      =  0.01824534799622288
2026-03-26 13:03:43,252 - root - ERROR - Evaluated LSF:
2026-03-26 13:03:43,253 - root - ERROR - [nan nan nan nan nan nan nan nan nan nan nan nan nan nan nan nan nan nan
 nan nan nan nan nan nan nan nan nan nan nan nan nan nan nan nan nan nan
 nan nan nan nan nan nan nan nan nan nan nan nan nan nan nan nan nan nan
 nan nan nan nan nan nan nan nan nan nan nan nan nan nan nan nan nan nan
 nan]
2026-03-26 13:03:43,271 - root - ERROR - NaN value detected in oversampled model function.
2026-03-26 13:03:43,272 - root - ERROR - <ParameterSet (values: 17)>
    cont_intercept  =  9216.821182583944
    cont_slope      =  2.256846501907427
    iod_depth       =  0.849702596246807
    lsf_left_1      =  3.306660247229691
    lsf_left_2      =  -17.70687615070016
    lsf_left_3      =  7.023353327543399
    lsf_left_4      =  -3.0535945066693087
    lsf_left_5      =  0.4189157968564992
    lsf_right1      =  7.43305020017858
    lsf_right2      =  -15.629502834586061
    lsf_right3      =  3.411934452314241
    lsf_right4      =  -1.234170741233826
    lsf_right5      =  0.5309315609904428
    tem_depth       =  0.673245189992981
    velocity        =  -2565.288604535595
    wave_intercept  =  6236.450345266379
    wave_slope      =  0.01791001454784312
2026-03-26 13:03:43,273 - root - ERROR - Evaluated LSF:
2026-03-26 13:03:43,274 - root - ERROR - [nan nan nan nan nan nan nan nan nan nan nan nan nan nan nan nan nan nan
 nan nan nan nan nan nan nan nan nan nan nan nan nan nan nan nan nan nan
 nan nan nan nan nan nan nan nan nan nan nan nan nan nan nan nan nan nan
 nan nan nan nan nan nan nan nan nan nan nan nan nan nan nan nan nan nan
 nan]
2026-03-26 13:03:43,905 - root - ERROR - NaN value detected in oversampled model function.
2026-03-26 13:03:43,908 - root - ERROR - <ParameterSet (values: 17)>
    cont_intercept  =  9338.273085166202
    cont_slope      =  -1.2090929440090192
    iod_depth       =  0.6120364779268977
    lsf_left_1      =  2.269479661897359
    lsf_left_2      =  -18.369779157555307
    lsf_left_3      =  1.6695376800372859
    lsf_left_4      =  -3.8324928470647284
    lsf_left_5      =  0.240808343055417
    lsf_right1      =  3.0148920597018014
    lsf_right2      =  -16.628954350336343
    lsf_right3      =  2.640351137371322
    lsf_right4      =  -1.773938503687237
    lsf_right5      =  0.6828905467488094
    tem_depth       =  0.9092345892815006
    velocity        =  -2218.360784048722
    wave_intercept  =  6247.865353015218
    wave_slope      =  0.01712372376163348
2026-03-26 13:03:43,910 - root - ERROR - Evaluated LSF:
2026-03-26 13:03:43,911 - root - ERROR - [nan nan nan nan nan nan nan nan nan nan nan nan nan nan nan nan nan nan
 nan nan nan nan nan nan nan nan nan nan nan nan nan nan nan nan nan nan
 nan nan nan nan nan nan nan nan nan nan nan nan nan nan nan nan nan nan
 nan nan nan nan nan nan nan nan nan nan nan nan nan nan nan nan nan nan
 nan]
2026-03-26 13:03:44,580 - root - ERROR - NaN value detected in oversampled model function.
2026-03-26 13:03:44,582 - root - ERROR - <ParameterSet (values: 17)>
    cont_intercept  =  9246.643619468536
    cont_slope      =  -2.1282994479043884
    iod_depth       =  0.5742432591701514
    lsf_left_1      =  2.089313610407944
    lsf_left_2      =  -12.995296656392087
    lsf_left_3      =  6.150532093908932
    lsf_left_4      =  -3.601439130310624
    lsf_left_5      =  0.8171682406891903
    lsf_right1      =  2.0872135545610315
    lsf_right2      =  -11.39238651969705
    lsf_right3      =  3.953320366374521
    lsf_right4      =  -2.834111426396044
    lsf_right5      =  0.6501304848261089
    tem_depth       =  0.924504934338518
    velocity        =  -1457.866089977035
    wave_intercept  =  6256.629688675505
    wave_slope      =  0.016655899152038287
2026-03-26 13:03:44,584 - root - ERROR - Evaluated LSF:
2026-03-26 13:03:44,585 - root - ERROR - [nan nan nan nan nan nan nan nan nan nan nan nan nan nan nan nan nan nan
 nan nan nan nan nan nan nan nan nan nan nan nan nan nan nan nan nan nan
 nan nan nan nan nan nan nan nan nan nan nan nan nan nan nan nan nan nan
 nan nan nan nan nan nan nan nan nan nan nan nan nan nan nan nan nan nan
 nan]
2026-03-26 13:03:45,397 - root - ERROR - Chunk 549: No Data! Returning LmfitResult with None.
2026-03-26 13:03:46,823 - root - ERROR - Chunk 557: No Data! Returning LmfitResult with None.
2026-03-26 13:03:47,613 - root - ERROR - NaN value detected in oversampled model function.
2026-03-26 13:03:47,615 - root - ERROR - <ParameterSet (values: 17)>
    cont_intercept  =  9520.345692246285
    cont_slope      =  -2.4450416202448784
    iod_depth       =  1.843795586991901
    lsf_left_1      =  3.2113672300968767
    lsf_left_2      =  -10.774863240562565
    lsf_left_3      =  1.5064040868547646
    lsf_left_4      =  -3.9553605020841673
    lsf_left_5      =  0.528054137356113
    lsf_right1      =  2.5095642885952936
    lsf_right2      =  -17.087014146083508
    lsf_right3      =  2.9929915457539114
    lsf_right4      =  -3.4219109050020577
    lsf_right5      =  0.6848746509371159
    tem_depth       =  -0.2905309381505747
    velocity        =  -13759.14757390446
    wave_intercept  =  6305.473994104633
    wave_slope      =  0.017595274884447145
2026-03-26 13:03:47,616 - root - ERROR - Evaluated LSF:
2026-03-26 13:03:47,617 - root - ERROR - [nan nan nan nan nan nan nan nan nan nan nan nan nan nan nan nan nan nan
 nan nan nan nan nan nan nan nan nan nan nan nan nan nan nan nan nan nan
 nan nan nan nan nan nan nan nan nan nan nan nan nan nan nan nan nan nan
 nan nan nan nan nan nan nan nan nan nan nan nan nan nan nan nan nan nan
 nan]
2026-03-26 13:03:49,502 - root - ERROR - NaN value detected in oversampled model function.
2026-03-26 13:03:49,503 - root - ERROR - <ParameterSet (values: 17)>
    cont_intercept  =  8304.997174761596
    cont_slope      =  -4.0520395514742535
    iod_depth       =  0.30822347219226276
    lsf_left_1      =  2.087430931208024
    lsf_left_2      =  -18.79613091132772
    lsf_left_3      =  2.0736282272870605
    lsf_left_4      =  -2.57135191047551
    lsf_left_5      =  0.2008293626626752
    lsf_right1      =  8.606970746799677
    lsf_right2      =  -19.06069434527839
    lsf_right3      =  2.7698299762555374
    lsf_right4      =  -3.807564706783564
    lsf_right5      =  0.7864173080216599
    tem_depth       =  0.807244931925278
    velocity        =  -2564.5474357129624
    wave_intercept  =  6327.493033617193
    wave_slope      =  0.015932900864931668
2026-03-26 13:03:49,505 - root - ERROR - Evaluated LSF:
2026-03-26 13:03:49,506 - root - ERROR - [nan nan nan nan nan nan nan nan nan nan nan nan nan nan nan nan nan nan
 nan nan nan nan nan nan nan nan nan nan nan nan nan nan nan nan nan nan
 nan nan nan nan nan nan nan nan nan nan nan nan nan nan nan nan nan nan
 nan nan nan nan nan nan nan nan nan nan nan nan nan nan nan nan nan nan
 nan]
2026-03-26 13:03:49,522 - root - ERROR - NaN value detected in oversampled model function.
2026-03-26 13:03:49,524 - root - ERROR - <ParameterSet (values: 17)>
    cont_intercept  =  8096.5723582026
    cont_slope      =  -2.718292684325638
    iod_depth       =  0.650888413439684
    lsf_left_1      =  2.661112797825689
    lsf_left_2      =  -14.050381609301962
    lsf_left_3      =  1.5332154905256004
    lsf_left_4      =  -3.9597933664628098
    lsf_left_5      =  0.19377418069425653
    lsf_right1      =  2.515419420205985
    lsf_right2      =  -16.798909323293458
    lsf_right3      =  1.1786854238633342
    lsf_right4      =  -3.5605079432747204
    lsf_right5      =  1.1941803622491007
    tem_depth       =  0.23657931606908367
    velocity        =  -4064.2280744539603
    wave_intercept  =  6329.608972952672
    wave_slope      =  0.016055271250529916
2026-03-26 13:03:49,525 - root - ERROR - Evaluated LSF:
2026-03-26 13:03:49,526 - root - ERROR - [nan nan nan nan nan nan nan nan nan nan nan nan nan nan nan nan nan nan
 nan nan nan nan nan nan nan nan nan nan nan nan nan nan nan nan nan nan
 nan nan nan nan nan nan nan nan nan nan nan nan nan nan nan nan nan nan
 nan nan nan nan nan nan nan nan nan nan nan nan nan nan nan nan nan nan
 nan]
2026-03-26 13:03:49,779 - root - ERROR - NaN value detected in oversampled model function.
2026-03-26 13:03:49,781 - root - ERROR - <ParameterSet (values: 17)>
    cont_intercept  =  7300.351874718036
    cont_slope      =  -2.1905765942670623
    iod_depth       =  0.6958791742628505
    lsf_left_1      =  4.14360541400079
    lsf_left_2      =  -16.28366039346177
    lsf_left_3      =  1.713413695493569
    lsf_left_4      =  -0.5549045609489021
    lsf_left_5      =  0.4970860001473562
    lsf_right1      =  2.0939713352337206
    lsf_right2      =  -18.69701426401932
    lsf_right3      =  9.14544987500382
    lsf_right4      =  -2.7269616371000103
    lsf_right5      =  0.1329296492676473
    tem_depth       =  0.10730003569598212
    velocity        =  -8594.398280984497
    wave_intercept  =  6333.723389927418
    wave_slope      =  0.015498335647843402
2026-03-26 13:03:49,782 - root - ERROR - Evaluated LSF:
2026-03-26 13:03:49,783 - root - ERROR - [nan nan nan nan nan nan nan nan nan nan nan nan nan nan nan nan nan nan
 nan nan nan nan nan nan nan nan nan nan nan nan nan nan nan nan nan nan
 nan nan nan nan nan nan nan nan nan nan nan nan nan nan nan nan nan nan
 nan nan nan nan nan nan nan nan nan nan nan nan nan nan nan nan nan nan
 nan]
2026-03-26 13:03:53,119 - root - ERROR - NaN value detected in iodine function.
2026-03-26 13:03:53,121 - root - ERROR - Chunk could not be plotted
Traceback (most recent call last):
  File "/Users/jaklusmeyer/SONG/pyodine/pyodine/plot_lib.py", line 62, in plot_chunkmodel
    sp = fit_results[chunk_nr].fitted_spectrum
  File "/Users/jaklusmeyer/SONG/pyodine/pyodine/fitters/base.py", line 45, in fitted_spectrum
    return self.model.eval_spectrum(self.chunk, self.params, chunk_ind=self.chunk_ind)
  File "/Users/jaklusmeyer/SONG/pyodine/pyodine/models/base.py", line 79, in eval_spectrum
    flux = self.eval(chunk, params, chunk_ind=chunk_ind, **kwargs)
  File "/Users/jaklusmeyer/SONG/pyodine/pyodine/models/spectrum.py", line 138, in eval
    tck = splrep(tem.wave * doppler, flux_tem, s=0)
  File "/Users/jaklusmeyer/miniconda/envs/pyodine_env/lib/python3.9/site-packages/scipy/interpolate/_fitpack_py.py", line 295, in splrep
    res = _impl.splrep(x, y, w, xb, xe, k, task, s, t, full_output, per, quiet)
  File "/Users/jaklusmeyer/miniconda/envs/pyodine_env/lib/python3.9/site-packages/scipy/interpolate/_fitpack_impl.py", line 276, in splrep
    n, c, fp, ier = dfitpack.curfit(task, x, y, w, t, wrk, iwrk,
dfitpack.error: (xb<=x[0]) failed for 1st keyword xb: curfit:xb=nan
2026-03-26 13:03:56,191 - root - ERROR - NaN value detected in iodine function.
2026-03-26 13:03:56,192 - root - ERROR - Chunk could not be plotted
Traceback (most recent call last):
  File "/Users/jaklusmeyer/SONG/pyodine/pyodine/plot_lib.py", line 62, in plot_chunkmodel
    sp = fit_results[chunk_nr].fitted_spectrum
  File "/Users/jaklusmeyer/SONG/pyodine/pyodine/fitters/base.py", line 45, in fitted_spectrum
    return self.model.eval_spectrum(self.chunk, self.params, chunk_ind=self.chunk_ind)
  File "/Users/jaklusmeyer/SONG/pyodine/pyodine/models/base.py", line 79, in eval_spectrum
    flux = self.eval(chunk, params, chunk_ind=chunk_ind, **kwargs)
  File "/Users/jaklusmeyer/SONG/pyodine/pyodine/models/spectrum.py", line 138, in eval
    tck = splrep(tem.wave * doppler, flux_tem, s=0)
  File "/Users/jaklusmeyer/miniconda/envs/pyodine_env/lib/python3.9/site-packages/scipy/interpolate/_fitpack_py.py", line 295, in splrep
    res = _impl.splrep(x, y, w, xb, xe, k, task, s, t, full_output, per, quiet)
  File "/Users/jaklusmeyer/miniconda/envs/pyodine_env/lib/python3.9/site-packages/scipy/interpolate/_fitpack_impl.py", line 276, in splrep
    n, c, fp, ier = dfitpack.curfit(task, x, y, w, t, wrk, iwrk,
dfitpack.error: (xb<=x[0]) failed for 1st keyword xb: curfit:xb=nan
