2026-03-10 09:07:42,141 - root - ERROR - Chunk 0: No Data! Returning LmfitResult with None.
2026-03-10 09:07:42,142 - root - ERROR - Chunk 1: No Data! Returning LmfitResult with None.
2026-03-10 09:07:42,143 - root - ERROR - Chunk 2: No Data! Returning LmfitResult with None.
2026-03-10 09:07:42,144 - root - ERROR - Chunk 3: No Data! Returning LmfitResult with None.
2026-03-10 09:07:42,146 - root - ERROR - Chunk 4: No Data! Returning LmfitResult with None.
2026-03-10 09:07:42,147 - root - ERROR - Chunk 5: No Data! Returning LmfitResult with None.
2026-03-10 09:07:42,148 - root - ERROR - Chunk 6: No Data! Returning LmfitResult with None.
2026-03-10 09:07:42,149 - root - ERROR - Chunk 7: No Data! Returning LmfitResult with None.
2026-03-10 09:07:42,150 - root - ERROR - Chunk 8: No Data! Returning LmfitResult with None.
2026-03-10 09:07:42,151 - root - ERROR - Chunk 9: No Data! Returning LmfitResult with None.
2026-03-10 09:07:42,153 - root - ERROR - Chunk 10: No Data! Returning LmfitResult with None.
2026-03-10 09:07:42,154 - root - ERROR - Chunk 11: No Data! Returning LmfitResult with None.
2026-03-10 09:07:42,155 - root - ERROR - Chunk 12: No Data! Returning LmfitResult with None.
2026-03-10 09:07:42,156 - root - ERROR - Chunk 13: No Data! Returning LmfitResult with None.
2026-03-10 09:07:42,157 - root - ERROR - Chunk 14: No Data! Returning LmfitResult with None.
2026-03-10 09:07:42,158 - root - ERROR - Chunk 15: No Data! Returning LmfitResult with None.
2026-03-10 09:07:42,159 - root - ERROR - Chunk 16: No Data! Returning LmfitResult with None.
2026-03-10 09:07:42,160 - root - ERROR - Chunk 17: No Data! Returning LmfitResult with None.
2026-03-10 09:07:42,162 - root - ERROR - Chunk 18: No Data! Returning LmfitResult with None.
2026-03-10 09:07:42,163 - root - ERROR - Chunk 19: No Data! Returning LmfitResult with None.
2026-03-10 09:07:42,164 - root - ERROR - Chunk 20: No Data! Returning LmfitResult with None.
2026-03-10 09:07:42,165 - root - ERROR - Chunk 21: No Data! Returning LmfitResult with None.
2026-03-10 09:07:42,166 - root - ERROR - Chunk 22: No Data! Returning LmfitResult with None.
2026-03-10 09:07:42,167 - root - ERROR - Chunk 23: No Data! Returning LmfitResult with None.
2026-03-10 09:07:42,168 - root - ERROR - Chunk 24: No Data! Returning LmfitResult with None.
2026-03-10 09:07:42,169 - root - ERROR - Chunk 25: No Data! Returning LmfitResult with None.
2026-03-10 09:07:42,170 - root - ERROR - Chunk 26: No Data! Returning LmfitResult with None.
2026-03-10 09:07:42,171 - root - ERROR - Chunk 27: No Data! Returning LmfitResult with None.
2026-03-10 09:07:42,172 - root - ERROR - Chunk 28: No Data! Returning LmfitResult with None.
2026-03-10 09:07:42,173 - root - ERROR - Chunk 29: No Data! Returning LmfitResult with None.
2026-03-10 09:07:42,174 - root - ERROR - Chunk 30: No Data! Returning LmfitResult with None.
2026-03-10 09:07:42,175 - root - ERROR - Chunk 31: No Data! Returning LmfitResult with None.
2026-03-10 09:07:42,176 - root - ERROR - Chunk 32: No Data! Returning LmfitResult with None.
2026-03-10 09:07:42,177 - root - ERROR - Chunk 33: No Data! Returning LmfitResult with None.
2026-03-10 09:07:42,178 - root - ERROR - Chunk 34: No Data! Returning LmfitResult with None.
2026-03-10 09:07:42,179 - root - ERROR - Chunk 35: No Data! Returning LmfitResult with None.
2026-03-10 09:07:42,180 - root - ERROR - Chunk 36: No Data! Returning LmfitResult with None.
2026-03-10 09:07:42,181 - root - ERROR - Chunk 37: No Data! Returning LmfitResult with None.
2026-03-10 09:07:42,182 - root - ERROR - Chunk 38: No Data! Returning LmfitResult with None.
2026-03-10 09:07:42,183 - root - ERROR - Chunk 39: No Data! Returning LmfitResult with None.
2026-03-10 09:07:42,184 - root - ERROR - Chunk 40: No Data! Returning LmfitResult with None.
2026-03-10 09:07:42,185 - root - ERROR - Chunk 41: No Data! Returning LmfitResult with None.
2026-03-10 09:07:42,186 - root - ERROR - Chunk 42: No Data! Returning LmfitResult with None.
2026-03-10 09:07:42,187 - root - ERROR - Chunk 43: No Data! Returning LmfitResult with None.
2026-03-10 09:07:42,188 - root - ERROR - Chunk 44: No Data! Returning LmfitResult with None.
2026-03-10 09:07:42,189 - root - ERROR - Chunk 45: No Data! Returning LmfitResult with None.
2026-03-10 09:07:42,190 - root - ERROR - Chunk 46: No Data! Returning LmfitResult with None.
2026-03-10 09:07:42,191 - root - ERROR - Chunk 47: No Data! Returning LmfitResult with None.
2026-03-10 09:07:42,193 - root - ERROR - Chunk 48: No Data! Returning LmfitResult with None.
2026-03-10 09:07:42,194 - root - ERROR - Chunk 49: No Data! Returning LmfitResult with None.
2026-03-10 09:07:42,195 - root - ERROR - Chunk 50: No Data! Returning LmfitResult with None.
2026-03-10 09:07:42,196 - root - ERROR - Chunk 51: No Data! Returning LmfitResult with None.
2026-03-10 09:07:42,197 - root - ERROR - Chunk 52: No Data! Returning LmfitResult with None.
2026-03-10 09:07:42,198 - root - ERROR - Chunk 53: No Data! Returning LmfitResult with None.
2026-03-10 09:07:42,199 - root - ERROR - Chunk 54: No Data! Returning LmfitResult with None.
2026-03-10 09:07:42,201 - root - ERROR - Chunk 55: No Data! Returning LmfitResult with None.
2026-03-10 09:07:42,202 - root - ERROR - Chunk 56: No Data! Returning LmfitResult with None.
2026-03-10 09:07:42,204 - root - ERROR - Chunk 57: No Data! Returning LmfitResult with None.
2026-03-10 09:07:42,205 - root - ERROR - Chunk 58: No Data! Returning LmfitResult with None.
2026-03-10 09:07:42,207 - root - ERROR - Chunk 59: No Data! Returning LmfitResult with None.
2026-03-10 09:07:42,208 - root - ERROR - Chunk 60: No Data! Returning LmfitResult with None.
2026-03-10 09:07:42,210 - root - ERROR - Chunk 61: No Data! Returning LmfitResult with None.
2026-03-10 09:07:42,211 - root - ERROR - Chunk 62: No Data! Returning LmfitResult with None.
2026-03-10 09:07:42,212 - root - ERROR - Chunk 63: No Data! Returning LmfitResult with None.
2026-03-10 09:07:42,213 - root - ERROR - Chunk 64: No Data! Returning LmfitResult with None.
2026-03-10 09:07:42,214 - root - ERROR - Chunk 65: No Data! Returning LmfitResult with None.
2026-03-10 09:07:42,215 - root - ERROR - Chunk 66: No Data! Returning LmfitResult with None.
2026-03-10 09:07:42,216 - root - ERROR - Chunk 67: No Data! Returning LmfitResult with None.
2026-03-10 09:07:42,217 - root - ERROR - Chunk 68: No Data! Returning LmfitResult with None.
2026-03-10 09:07:42,219 - root - ERROR - Chunk 69: No Data! Returning LmfitResult with None.
2026-03-10 09:07:42,220 - root - ERROR - Chunk 70: No Data! Returning LmfitResult with None.
2026-03-10 09:07:42,221 - root - ERROR - Chunk 71: No Data! Returning LmfitResult with None.
2026-03-10 09:07:42,222 - root - ERROR - Chunk 72: No Data! Returning LmfitResult with None.
2026-03-10 09:07:42,223 - root - ERROR - Chunk 73: No Data! Returning LmfitResult with None.
2026-03-10 09:07:42,225 - root - ERROR - Chunk 74: No Data! Returning LmfitResult with None.
2026-03-10 09:07:42,226 - root - ERROR - Chunk 75: No Data! Returning LmfitResult with None.
2026-03-10 09:07:42,227 - root - ERROR - Chunk 76: No Data! Returning LmfitResult with None.
2026-03-10 09:07:42,227 - root - ERROR - Chunk 77: No Data! Returning LmfitResult with None.
2026-03-10 09:07:42,228 - root - ERROR - Chunk 78: No Data! Returning LmfitResult with None.
2026-03-10 09:07:42,229 - root - ERROR - Chunk 79: No Data! Returning LmfitResult with None.
2026-03-10 09:07:42,230 - root - ERROR - Chunk 80: No Data! Returning LmfitResult with None.
2026-03-10 09:07:42,232 - root - ERROR - Chunk 81: No Data! Returning LmfitResult with None.
2026-03-10 09:07:42,233 - root - ERROR - Chunk 82: No Data! Returning LmfitResult with None.
2026-03-10 09:07:42,234 - root - ERROR - Chunk 83: No Data! Returning LmfitResult with None.
2026-03-10 09:07:42,235 - root - ERROR - Chunk 84: No Data! Returning LmfitResult with None.
2026-03-10 09:07:42,236 - root - ERROR - Chunk 85: No Data! Returning LmfitResult with None.
2026-03-10 09:07:42,237 - root - ERROR - Chunk 86: No Data! Returning LmfitResult with None.
2026-03-10 09:07:42,238 - root - ERROR - Chunk 87: No Data! Returning LmfitResult with None.
2026-03-10 09:07:42,239 - root - ERROR - Chunk 88: No Data! Returning LmfitResult with None.
2026-03-10 09:07:42,240 - root - ERROR - Chunk 89: No Data! Returning LmfitResult with None.
2026-03-10 09:07:42,241 - root - ERROR - Chunk 90: No Data! Returning LmfitResult with None.
2026-03-10 09:07:42,242 - root - ERROR - Chunk 91: No Data! Returning LmfitResult with None.
2026-03-10 09:07:42,243 - root - ERROR - Chunk 92: No Data! Returning LmfitResult with None.
2026-03-10 09:07:42,243 - root - ERROR - Chunk 93: No Data! Returning LmfitResult with None.
2026-03-10 09:07:42,244 - root - ERROR - Chunk 94: No Data! Returning LmfitResult with None.
2026-03-10 09:07:42,245 - root - ERROR - Chunk 95: No Data! Returning LmfitResult with None.
2026-03-10 09:07:42,248 - root - ERROR - Chunk 96: No Data! Returning LmfitResult with None.
2026-03-10 09:07:42,249 - root - ERROR - Chunk 97: No Data! Returning LmfitResult with None.
2026-03-10 09:07:42,250 - root - ERROR - Chunk 98: No Data! Returning LmfitResult with None.
2026-03-10 09:07:42,251 - root - ERROR - Chunk 99: No Data! Returning LmfitResult with None.
2026-03-10 09:07:42,252 - root - ERROR - Chunk 100: No Data! Returning LmfitResult with None.
2026-03-10 09:07:42,253 - root - ERROR - Chunk 101: No Data! Returning LmfitResult with None.
2026-03-10 09:07:42,254 - root - ERROR - Chunk 102: No Data! Returning LmfitResult with None.
2026-03-10 09:07:42,255 - root - ERROR - Chunk 103: No Data! Returning LmfitResult with None.
2026-03-10 09:07:42,256 - root - ERROR - Chunk 104: No Data! Returning LmfitResult with None.
2026-03-10 09:07:42,257 - root - ERROR - Chunk 105: No Data! Returning LmfitResult with None.
2026-03-10 09:07:42,258 - root - ERROR - Chunk 106: No Data! Returning LmfitResult with None.
2026-03-10 09:07:42,259 - root - ERROR - Chunk 107: No Data! Returning LmfitResult with None.
2026-03-10 09:07:42,260 - root - ERROR - Chunk 108: No Data! Returning LmfitResult with None.
2026-03-10 09:07:42,262 - root - ERROR - Chunk 109: No Data! Returning LmfitResult with None.
2026-03-10 09:07:42,263 - root - ERROR - Chunk 110: No Data! Returning LmfitResult with None.
2026-03-10 09:07:42,264 - root - ERROR - Chunk 111: No Data! Returning LmfitResult with None.
2026-03-10 09:07:42,265 - root - ERROR - Chunk 112: No Data! Returning LmfitResult with None.
2026-03-10 09:07:42,266 - root - ERROR - Chunk 113: No Data! Returning LmfitResult with None.
2026-03-10 09:07:42,266 - root - ERROR - Chunk 114: No Data! Returning LmfitResult with None.
2026-03-10 09:07:42,267 - root - ERROR - Chunk 115: No Data! Returning LmfitResult with None.
2026-03-10 09:07:42,268 - root - ERROR - Chunk 116: No Data! Returning LmfitResult with None.
2026-03-10 09:07:42,269 - root - ERROR - Chunk 117: No Data! Returning LmfitResult with None.
2026-03-10 09:07:42,270 - root - ERROR - Chunk 118: No Data! Returning LmfitResult with None.
2026-03-10 09:07:42,271 - root - ERROR - Chunk 119: No Data! Returning LmfitResult with None.
2026-03-10 09:07:42,272 - root - ERROR - Chunk 120: No Data! Returning LmfitResult with None.
2026-03-10 09:07:42,273 - root - ERROR - Chunk 121: No Data! Returning LmfitResult with None.
2026-03-10 09:07:42,274 - root - ERROR - Chunk 122: No Data! Returning LmfitResult with None.
2026-03-10 09:07:42,275 - root - ERROR - Chunk 123: No Data! Returning LmfitResult with None.
2026-03-10 09:07:42,277 - root - ERROR - Chunk 124: No Data! Returning LmfitResult with None.
2026-03-10 09:07:42,278 - root - ERROR - Chunk 125: No Data! Returning LmfitResult with None.
2026-03-10 09:07:42,279 - root - ERROR - Chunk 126: No Data! Returning LmfitResult with None.
2026-03-10 09:07:42,280 - root - ERROR - Chunk 127: No Data! Returning LmfitResult with None.
2026-03-10 09:07:42,281 - root - ERROR - Chunk 128: No Data! Returning LmfitResult with None.
2026-03-10 09:07:42,282 - root - ERROR - Chunk 129: No Data! Returning LmfitResult with None.
2026-03-10 09:07:42,283 - root - ERROR - Chunk 130: No Data! Returning LmfitResult with None.
2026-03-10 09:07:42,284 - root - ERROR - Chunk 131: No Data! Returning LmfitResult with None.
2026-03-10 09:07:42,285 - root - ERROR - Chunk 132: No Data! Returning LmfitResult with None.
2026-03-10 09:07:42,286 - root - ERROR - Chunk 133: No Data! Returning LmfitResult with None.
2026-03-10 09:07:42,287 - root - ERROR - Chunk 134: No Data! Returning LmfitResult with None.
2026-03-10 09:07:42,289 - root - ERROR - Chunk 135: No Data! Returning LmfitResult with None.
2026-03-10 09:07:42,290 - root - ERROR - Chunk 136: No Data! Returning LmfitResult with None.
2026-03-10 09:07:42,291 - root - ERROR - Chunk 137: No Data! Returning LmfitResult with None.
2026-03-10 09:07:42,292 - root - ERROR - Chunk 138: No Data! Returning LmfitResult with None.
2026-03-10 09:07:42,293 - root - ERROR - Chunk 139: No Data! Returning LmfitResult with None.
2026-03-10 09:07:42,294 - root - ERROR - Chunk 140: No Data! Returning LmfitResult with None.
2026-03-10 09:07:42,298 - root - ERROR - Chunk 141: No Data! Returning LmfitResult with None.
2026-03-10 09:07:42,306 - root - ERROR - Chunk 142: No Data! Returning LmfitResult with None.
2026-03-10 09:07:42,331 - root - ERROR - Chunk 143: No Data! Returning LmfitResult with None.
2026-03-10 09:07:42,332 - root - ERROR - Chunk 144: No Data! Returning LmfitResult with None.
2026-03-10 09:07:42,333 - root - ERROR - Chunk 145: No Data! Returning LmfitResult with None.
2026-03-10 09:07:42,334 - root - ERROR - Chunk 146: No Data! Returning LmfitResult with None.
2026-03-10 09:07:42,335 - root - ERROR - Chunk 147: No Data! Returning LmfitResult with None.
2026-03-10 09:07:42,336 - root - ERROR - Chunk 148: No Data! Returning LmfitResult with None.
2026-03-10 09:07:42,337 - root - ERROR - Chunk 149: No Data! Returning LmfitResult with None.
2026-03-10 09:07:42,346 - root - ERROR - Chunk 150: No Data! Returning LmfitResult with None.
2026-03-10 09:07:42,348 - root - ERROR - Chunk 151: No Data! Returning LmfitResult with None.
2026-03-10 09:07:42,349 - root - ERROR - Chunk 152: No Data! Returning LmfitResult with None.
2026-03-10 09:07:42,351 - root - ERROR - Chunk 153: No Data! Returning LmfitResult with None.
2026-03-10 09:07:42,352 - root - ERROR - Chunk 154: No Data! Returning LmfitResult with None.
2026-03-10 09:07:42,353 - root - ERROR - Chunk 155: No Data! Returning LmfitResult with None.
2026-03-10 09:07:42,355 - root - ERROR - Chunk 156: No Data! Returning LmfitResult with None.
2026-03-10 09:07:42,356 - root - ERROR - Chunk 157: No Data! Returning LmfitResult with None.
2026-03-10 09:07:42,357 - root - ERROR - Chunk 158: No Data! Returning LmfitResult with None.
2026-03-10 09:07:42,358 - root - ERROR - Chunk 159: No Data! Returning LmfitResult with None.
2026-03-10 09:07:42,359 - root - ERROR - Chunk 160: No Data! Returning LmfitResult with None.
2026-03-10 09:07:42,360 - root - ERROR - Chunk 161: No Data! Returning LmfitResult with None.
2026-03-10 09:07:42,361 - root - ERROR - Chunk 162: No Data! Returning LmfitResult with None.
2026-03-10 09:07:42,362 - root - ERROR - Chunk 163: No Data! Returning LmfitResult with None.
2026-03-10 09:07:42,363 - root - ERROR - Chunk 164: No Data! Returning LmfitResult with None.
2026-03-10 09:07:42,364 - root - ERROR - Chunk 165: No Data! Returning LmfitResult with None.
2026-03-10 09:07:42,365 - root - ERROR - Chunk 166: No Data! Returning LmfitResult with None.
2026-03-10 09:07:42,366 - root - ERROR - Chunk 167: No Data! Returning LmfitResult with None.
2026-03-10 09:07:42,366 - root - ERROR - Chunk 168: No Data! Returning LmfitResult with None.
2026-03-10 09:07:42,367 - root - ERROR - Chunk 169: No Data! Returning LmfitResult with None.
2026-03-10 09:07:42,368 - root - ERROR - Chunk 170: No Data! Returning LmfitResult with None.
2026-03-10 09:07:42,369 - root - ERROR - Chunk 171: No Data! Returning LmfitResult with None.
2026-03-10 09:07:42,370 - root - ERROR - Chunk 172: No Data! Returning LmfitResult with None.
2026-03-10 09:07:42,371 - root - ERROR - Chunk 173: No Data! Returning LmfitResult with None.
2026-03-10 09:07:42,372 - root - ERROR - Chunk 174: No Data! Returning LmfitResult with None.
2026-03-10 09:07:42,375 - root - ERROR - Chunk 175: No Data! Returning LmfitResult with None.
2026-03-10 09:07:42,376 - root - ERROR - Chunk 176: No Data! Returning LmfitResult with None.
2026-03-10 09:07:42,377 - root - ERROR - Chunk 177: No Data! Returning LmfitResult with None.
2026-03-10 09:07:42,378 - root - ERROR - Chunk 178: No Data! Returning LmfitResult with None.
2026-03-10 09:07:42,379 - root - ERROR - Chunk 179: No Data! Returning LmfitResult with None.
2026-03-10 09:07:42,380 - root - ERROR - Chunk 180: No Data! Returning LmfitResult with None.
2026-03-10 09:07:42,382 - root - ERROR - Chunk 181: No Data! Returning LmfitResult with None.
2026-03-10 09:07:42,383 - root - ERROR - Chunk 182: No Data! Returning LmfitResult with None.
2026-03-10 09:07:42,384 - root - ERROR - Chunk 183: No Data! Returning LmfitResult with None.
2026-03-10 09:07:42,385 - root - ERROR - Chunk 184: No Data! Returning LmfitResult with None.
2026-03-10 09:07:42,386 - root - ERROR - Chunk 185: No Data! Returning LmfitResult with None.
2026-03-10 09:07:42,387 - root - ERROR - Chunk 186: No Data! Returning LmfitResult with None.
2026-03-10 09:07:42,389 - root - ERROR - Chunk 187: No Data! Returning LmfitResult with None.
2026-03-10 09:07:42,390 - root - ERROR - Chunk 188: No Data! Returning LmfitResult with None.
2026-03-10 09:07:42,391 - root - ERROR - Chunk 189: No Data! Returning LmfitResult with None.
2026-03-10 09:07:42,392 - root - ERROR - Chunk 190: No Data! Returning LmfitResult with None.
2026-03-10 09:07:42,393 - root - ERROR - Chunk 191: No Data! Returning LmfitResult with None.
2026-03-10 09:07:42,394 - root - ERROR - Chunk 192: No Data! Returning LmfitResult with None.
2026-03-10 09:07:42,395 - root - ERROR - Chunk 193: No Data! Returning LmfitResult with None.
2026-03-10 09:07:42,397 - root - ERROR - Chunk 194: No Data! Returning LmfitResult with None.
2026-03-10 09:07:42,398 - root - ERROR - Chunk 195: No Data! Returning LmfitResult with None.
2026-03-10 09:07:42,399 - root - ERROR - Chunk 196: No Data! Returning LmfitResult with None.
2026-03-10 09:07:42,400 - root - ERROR - Chunk 197: No Data! Returning LmfitResult with None.
2026-03-10 09:07:42,401 - root - ERROR - Chunk 198: No Data! Returning LmfitResult with None.
2026-03-10 09:07:42,403 - root - ERROR - Chunk 199: No Data! Returning LmfitResult with None.
2026-03-10 09:07:42,404 - root - ERROR - Chunk 200: No Data! Returning LmfitResult with None.
2026-03-10 09:07:42,405 - root - ERROR - Chunk 201: No Data! Returning LmfitResult with None.
2026-03-10 09:07:42,406 - root - ERROR - Chunk 202: No Data! Returning LmfitResult with None.
2026-03-10 09:07:42,407 - root - ERROR - Chunk 203: No Data! Returning LmfitResult with None.
2026-03-10 09:07:42,408 - root - ERROR - Chunk 204: No Data! Returning LmfitResult with None.
2026-03-10 09:07:42,409 - root - ERROR - Chunk 205: No Data! Returning LmfitResult with None.
2026-03-10 09:07:42,410 - root - ERROR - Chunk 206: No Data! Returning LmfitResult with None.
2026-03-10 09:07:42,411 - root - ERROR - Chunk 207: No Data! Returning LmfitResult with None.
2026-03-10 09:07:42,412 - root - ERROR - Chunk 208: No Data! Returning LmfitResult with None.
2026-03-10 09:07:42,413 - root - ERROR - Chunk 209: No Data! Returning LmfitResult with None.
2026-03-10 09:07:42,414 - root - ERROR - Chunk 210: No Data! Returning LmfitResult with None.
2026-03-10 09:07:42,415 - root - ERROR - Chunk 211: No Data! Returning LmfitResult with None.
2026-03-10 09:07:42,416 - root - ERROR - Chunk 212: No Data! Returning LmfitResult with None.
2026-03-10 09:07:42,417 - root - ERROR - Chunk 213: No Data! Returning LmfitResult with None.
2026-03-10 09:07:42,419 - root - ERROR - Chunk 214: No Data! Returning LmfitResult with None.
2026-03-10 09:07:42,420 - root - ERROR - Chunk 215: No Data! Returning LmfitResult with None.
2026-03-10 09:07:42,421 - root - ERROR - Chunk 216: No Data! Returning LmfitResult with None.
2026-03-10 09:07:42,422 - root - ERROR - Chunk 217: No Data! Returning LmfitResult with None.
2026-03-10 09:07:42,423 - root - ERROR - Chunk 218: No Data! Returning LmfitResult with None.
2026-03-10 09:07:42,424 - root - ERROR - Chunk 219: No Data! Returning LmfitResult with None.
2026-03-10 09:07:42,425 - root - ERROR - Chunk 220: No Data! Returning LmfitResult with None.
2026-03-10 09:07:42,427 - root - ERROR - Chunk 221: No Data! Returning LmfitResult with None.
2026-03-10 09:07:42,428 - root - ERROR - Chunk 222: No Data! Returning LmfitResult with None.
2026-03-10 09:07:42,431 - root - ERROR - Chunk 223: No Data! Returning LmfitResult with None.
2026-03-10 09:07:42,432 - root - ERROR - Chunk 224: No Data! Returning LmfitResult with None.
2026-03-10 09:07:42,433 - root - ERROR - Chunk 225: No Data! Returning LmfitResult with None.
2026-03-10 09:07:42,434 - root - ERROR - Chunk 226: No Data! Returning LmfitResult with None.
2026-03-10 09:07:42,435 - root - ERROR - Chunk 227: No Data! Returning LmfitResult with None.
2026-03-10 09:07:42,436 - root - ERROR - Chunk 228: No Data! Returning LmfitResult with None.
2026-03-10 09:07:42,437 - root - ERROR - Chunk 229: No Data! Returning LmfitResult with None.
2026-03-10 09:07:42,438 - root - ERROR - Chunk 230: No Data! Returning LmfitResult with None.
2026-03-10 09:07:42,439 - root - ERROR - Chunk 231: No Data! Returning LmfitResult with None.
2026-03-10 09:07:42,440 - root - ERROR - Chunk 232: No Data! Returning LmfitResult with None.
2026-03-10 09:07:42,441 - root - ERROR - Chunk 233: No Data! Returning LmfitResult with None.
2026-03-10 09:07:42,442 - root - ERROR - Chunk 234: No Data! Returning LmfitResult with None.
2026-03-10 09:07:42,444 - root - ERROR - Chunk 235: No Data! Returning LmfitResult with None.
2026-03-10 09:07:42,445 - root - ERROR - Chunk 236: No Data! Returning LmfitResult with None.
2026-03-10 09:07:42,446 - root - ERROR - Chunk 237: No Data! Returning LmfitResult with None.
2026-03-10 09:07:42,447 - root - ERROR - Chunk 238: No Data! Returning LmfitResult with None.
2026-03-10 09:07:42,448 - root - ERROR - Chunk 239: No Data! Returning LmfitResult with None.
2026-03-10 09:07:42,449 - root - ERROR - Chunk 240: No Data! Returning LmfitResult with None.
2026-03-10 09:07:42,450 - root - ERROR - Chunk 241: No Data! Returning LmfitResult with None.
2026-03-10 09:07:42,451 - root - ERROR - Chunk 242: No Data! Returning LmfitResult with None.
2026-03-10 09:07:42,452 - root - ERROR - Chunk 243: No Data! Returning LmfitResult with None.
2026-03-10 09:07:42,453 - root - ERROR - Chunk 244: No Data! Returning LmfitResult with None.
2026-03-10 09:07:42,454 - root - ERROR - Chunk 245: No Data! Returning LmfitResult with None.
2026-03-10 09:07:42,454 - root - ERROR - Chunk 246: No Data! Returning LmfitResult with None.
2026-03-10 09:07:42,455 - root - ERROR - Chunk 247: No Data! Returning LmfitResult with None.
2026-03-10 09:07:42,456 - root - ERROR - Chunk 248: No Data! Returning LmfitResult with None.
2026-03-10 09:07:42,457 - root - ERROR - Chunk 249: No Data! Returning LmfitResult with None.
2026-03-10 09:07:42,458 - root - ERROR - Chunk 250: No Data! Returning LmfitResult with None.
2026-03-10 09:07:42,459 - root - ERROR - Chunk 251: No Data! Returning LmfitResult with None.
2026-03-10 09:07:42,460 - root - ERROR - Chunk 252: No Data! Returning LmfitResult with None.
2026-03-10 09:07:42,461 - root - ERROR - Chunk 253: No Data! Returning LmfitResult with None.
2026-03-10 09:07:42,462 - root - ERROR - Chunk 254: No Data! Returning LmfitResult with None.
2026-03-10 09:07:42,463 - root - ERROR - Chunk 255: No Data! Returning LmfitResult with None.
2026-03-10 09:07:42,464 - root - ERROR - Chunk 256: No Data! Returning LmfitResult with None.
2026-03-10 09:07:42,465 - root - ERROR - Chunk 257: No Data! Returning LmfitResult with None.
2026-03-10 09:07:42,466 - root - ERROR - Chunk 258: No Data! Returning LmfitResult with None.
2026-03-10 09:07:42,467 - root - ERROR - Chunk 259: No Data! Returning LmfitResult with None.
2026-03-10 09:07:42,468 - root - ERROR - Chunk 260: No Data! Returning LmfitResult with None.
2026-03-10 09:07:42,469 - root - ERROR - Chunk 261: No Data! Returning LmfitResult with None.
2026-03-10 09:07:42,470 - root - ERROR - Chunk 262: No Data! Returning LmfitResult with None.
2026-03-10 09:07:42,471 - root - ERROR - Chunk 263: No Data! Returning LmfitResult with None.
2026-03-10 09:07:42,472 - root - ERROR - Chunk 264: No Data! Returning LmfitResult with None.
2026-03-10 09:07:42,473 - root - ERROR - Chunk 265: No Data! Returning LmfitResult with None.
2026-03-10 09:07:42,474 - root - ERROR - Chunk 266: No Data! Returning LmfitResult with None.
2026-03-10 09:07:42,475 - root - ERROR - Chunk 267: No Data! Returning LmfitResult with None.
2026-03-10 09:07:42,476 - root - ERROR - Chunk 268: No Data! Returning LmfitResult with None.
2026-03-10 09:07:42,477 - root - ERROR - Chunk 269: No Data! Returning LmfitResult with None.
2026-03-10 09:07:42,478 - root - ERROR - Chunk 270: No Data! Returning LmfitResult with None.
2026-03-10 09:07:42,479 - root - ERROR - Chunk 271: No Data! Returning LmfitResult with None.
2026-03-10 09:07:42,480 - root - ERROR - Chunk 272: No Data! Returning LmfitResult with None.
2026-03-10 09:07:42,481 - root - ERROR - Chunk 273: No Data! Returning LmfitResult with None.
2026-03-10 09:07:42,482 - root - ERROR - Chunk 274: No Data! Returning LmfitResult with None.
2026-03-10 09:07:42,483 - root - ERROR - Chunk 275: No Data! Returning LmfitResult with None.
2026-03-10 09:07:42,484 - root - ERROR - Chunk 276: No Data! Returning LmfitResult with None.
2026-03-10 09:07:42,485 - root - ERROR - Chunk 277: No Data! Returning LmfitResult with None.
2026-03-10 09:07:42,486 - root - ERROR - Chunk 278: No Data! Returning LmfitResult with None.
2026-03-10 09:07:42,487 - root - ERROR - Chunk 279: No Data! Returning LmfitResult with None.
2026-03-10 09:07:42,488 - root - ERROR - Chunk 280: No Data! Returning LmfitResult with None.
2026-03-10 09:08:06,613 - root - ERROR - Polynomial fitting failed. Falling back to input values
Traceback (most recent call last):
  File "/Users/jaklusmeyer/SONG/pyodine/pyodine/lib/misc.py", line 529, in fit_polynomial
    pfit, stats = np.polynomial.Polynomial.fit(
  File "/Users/jaklusmeyer/miniconda/envs/pyodine_env/lib/python3.9/site-packages/numpy/polynomial/_polybase.py", line 1036, in fit
    xnew = pu.mapdomain(x, domain, window)
  File "/Users/jaklusmeyer/miniconda/envs/pyodine_env/lib/python3.9/site-packages/numpy/polynomial/polyutils.py", line 371, in mapdomain
    off, scl = mapparms(old, new)
  File "/Users/jaklusmeyer/miniconda/envs/pyodine_env/lib/python3.9/site-packages/numpy/polynomial/polyutils.py", line 303, in mapparms
    off = (old[1]*new[0] - old[0]*new[1])/oldlen
ZeroDivisionError: division by zero
2026-03-10 09:08:06,615 - root - ERROR - Polynomial fitting failed. Falling back to input values
Traceback (most recent call last):
  File "/Users/jaklusmeyer/SONG/pyodine/pyodine/lib/misc.py", line 529, in fit_polynomial
    pfit, stats = np.polynomial.Polynomial.fit(
  File "/Users/jaklusmeyer/miniconda/envs/pyodine_env/lib/python3.9/site-packages/numpy/polynomial/_polybase.py", line 1036, in fit
    xnew = pu.mapdomain(x, domain, window)
  File "/Users/jaklusmeyer/miniconda/envs/pyodine_env/lib/python3.9/site-packages/numpy/polynomial/polyutils.py", line 371, in mapdomain
    off, scl = mapparms(old, new)
  File "/Users/jaklusmeyer/miniconda/envs/pyodine_env/lib/python3.9/site-packages/numpy/polynomial/polyutils.py", line 303, in mapparms
    off = (old[1]*new[0] - old[0]*new[1])/oldlen
ZeroDivisionError: division by zero
2026-03-10 09:08:06,617 - root - ERROR - Polynomial fitting failed. Falling back to input values
Traceback (most recent call last):
  File "/Users/jaklusmeyer/SONG/pyodine/pyodine/lib/misc.py", line 529, in fit_polynomial
    pfit, stats = np.polynomial.Polynomial.fit(
  File "/Users/jaklusmeyer/miniconda/envs/pyodine_env/lib/python3.9/site-packages/numpy/polynomial/_polybase.py", line 1036, in fit
    xnew = pu.mapdomain(x, domain, window)
  File "/Users/jaklusmeyer/miniconda/envs/pyodine_env/lib/python3.9/site-packages/numpy/polynomial/polyutils.py", line 371, in mapdomain
    off, scl = mapparms(old, new)
  File "/Users/jaklusmeyer/miniconda/envs/pyodine_env/lib/python3.9/site-packages/numpy/polynomial/polyutils.py", line 303, in mapparms
    off = (old[1]*new[0] - old[0]*new[1])/oldlen
ZeroDivisionError: division by zero
2026-03-10 09:08:06,618 - root - ERROR - Polynomial fitting failed. Falling back to input values
Traceback (most recent call last):
  File "/Users/jaklusmeyer/SONG/pyodine/pyodine/lib/misc.py", line 529, in fit_polynomial
    pfit, stats = np.polynomial.Polynomial.fit(
  File "/Users/jaklusmeyer/miniconda/envs/pyodine_env/lib/python3.9/site-packages/numpy/polynomial/_polybase.py", line 1036, in fit
    xnew = pu.mapdomain(x, domain, window)
  File "/Users/jaklusmeyer/miniconda/envs/pyodine_env/lib/python3.9/site-packages/numpy/polynomial/polyutils.py", line 371, in mapdomain
    off, scl = mapparms(old, new)
  File "/Users/jaklusmeyer/miniconda/envs/pyodine_env/lib/python3.9/site-packages/numpy/polynomial/polyutils.py", line 303, in mapparms
    off = (old[1]*new[0] - old[0]*new[1])/oldlen
ZeroDivisionError: division by zero
2026-03-10 09:08:06,620 - root - ERROR - Polynomial fitting failed. Falling back to input values
Traceback (most recent call last):
  File "/Users/jaklusmeyer/SONG/pyodine/pyodine/lib/misc.py", line 529, in fit_polynomial
    pfit, stats = np.polynomial.Polynomial.fit(
  File "/Users/jaklusmeyer/miniconda/envs/pyodine_env/lib/python3.9/site-packages/numpy/polynomial/_polybase.py", line 1036, in fit
    xnew = pu.mapdomain(x, domain, window)
  File "/Users/jaklusmeyer/miniconda/envs/pyodine_env/lib/python3.9/site-packages/numpy/polynomial/polyutils.py", line 371, in mapdomain
    off, scl = mapparms(old, new)
  File "/Users/jaklusmeyer/miniconda/envs/pyodine_env/lib/python3.9/site-packages/numpy/polynomial/polyutils.py", line 303, in mapparms
    off = (old[1]*new[0] - old[0]*new[1])/oldlen
ZeroDivisionError: division by zero
2026-03-10 09:08:06,621 - root - ERROR - Polynomial fitting failed. Falling back to input values
Traceback (most recent call last):
  File "/Users/jaklusmeyer/SONG/pyodine/pyodine/lib/misc.py", line 529, in fit_polynomial
    pfit, stats = np.polynomial.Polynomial.fit(
  File "/Users/jaklusmeyer/miniconda/envs/pyodine_env/lib/python3.9/site-packages/numpy/polynomial/_polybase.py", line 1036, in fit
    xnew = pu.mapdomain(x, domain, window)
  File "/Users/jaklusmeyer/miniconda/envs/pyodine_env/lib/python3.9/site-packages/numpy/polynomial/polyutils.py", line 371, in mapdomain
    off, scl = mapparms(old, new)
  File "/Users/jaklusmeyer/miniconda/envs/pyodine_env/lib/python3.9/site-packages/numpy/polynomial/polyutils.py", line 303, in mapparms
    off = (old[1]*new[0] - old[0]*new[1])/oldlen
ZeroDivisionError: division by zero
2026-03-10 09:08:06,623 - root - ERROR - Polynomial fitting failed. Falling back to input values
Traceback (most recent call last):
  File "/Users/jaklusmeyer/SONG/pyodine/pyodine/lib/misc.py", line 529, in fit_polynomial
    pfit, stats = np.polynomial.Polynomial.fit(
  File "/Users/jaklusmeyer/miniconda/envs/pyodine_env/lib/python3.9/site-packages/numpy/polynomial/_polybase.py", line 1036, in fit
    xnew = pu.mapdomain(x, domain, window)
  File "/Users/jaklusmeyer/miniconda/envs/pyodine_env/lib/python3.9/site-packages/numpy/polynomial/polyutils.py", line 371, in mapdomain
    off, scl = mapparms(old, new)
  File "/Users/jaklusmeyer/miniconda/envs/pyodine_env/lib/python3.9/site-packages/numpy/polynomial/polyutils.py", line 303, in mapparms
    off = (old[1]*new[0] - old[0]*new[1])/oldlen
ZeroDivisionError: division by zero
2026-03-10 09:08:06,631 - root - ERROR - Polynomial fitting failed. Falling back to input values
Traceback (most recent call last):
  File "/Users/jaklusmeyer/SONG/pyodine/pyodine/lib/misc.py", line 529, in fit_polynomial
    pfit, stats = np.polynomial.Polynomial.fit(
  File "/Users/jaklusmeyer/miniconda/envs/pyodine_env/lib/python3.9/site-packages/numpy/polynomial/_polybase.py", line 1036, in fit
    xnew = pu.mapdomain(x, domain, window)
  File "/Users/jaklusmeyer/miniconda/envs/pyodine_env/lib/python3.9/site-packages/numpy/polynomial/polyutils.py", line 371, in mapdomain
    off, scl = mapparms(old, new)
  File "/Users/jaklusmeyer/miniconda/envs/pyodine_env/lib/python3.9/site-packages/numpy/polynomial/polyutils.py", line 303, in mapparms
    off = (old[1]*new[0] - old[0]*new[1])/oldlen
ZeroDivisionError: division by zero
2026-03-10 09:08:06,633 - root - ERROR - Polynomial fitting failed. Falling back to input values
Traceback (most recent call last):
  File "/Users/jaklusmeyer/SONG/pyodine/pyodine/lib/misc.py", line 529, in fit_polynomial
    pfit, stats = np.polynomial.Polynomial.fit(
  File "/Users/jaklusmeyer/miniconda/envs/pyodine_env/lib/python3.9/site-packages/numpy/polynomial/_polybase.py", line 1036, in fit
    xnew = pu.mapdomain(x, domain, window)
  File "/Users/jaklusmeyer/miniconda/envs/pyodine_env/lib/python3.9/site-packages/numpy/polynomial/polyutils.py", line 371, in mapdomain
    off, scl = mapparms(old, new)
  File "/Users/jaklusmeyer/miniconda/envs/pyodine_env/lib/python3.9/site-packages/numpy/polynomial/polyutils.py", line 303, in mapparms
    off = (old[1]*new[0] - old[0]*new[1])/oldlen
ZeroDivisionError: division by zero
2026-03-10 09:08:06,635 - root - ERROR - Polynomial fitting failed. Falling back to input values
Traceback (most recent call last):
  File "/Users/jaklusmeyer/SONG/pyodine/pyodine/lib/misc.py", line 529, in fit_polynomial
    pfit, stats = np.polynomial.Polynomial.fit(
  File "/Users/jaklusmeyer/miniconda/envs/pyodine_env/lib/python3.9/site-packages/numpy/polynomial/_polybase.py", line 1036, in fit
    xnew = pu.mapdomain(x, domain, window)
  File "/Users/jaklusmeyer/miniconda/envs/pyodine_env/lib/python3.9/site-packages/numpy/polynomial/polyutils.py", line 371, in mapdomain
    off, scl = mapparms(old, new)
  File "/Users/jaklusmeyer/miniconda/envs/pyodine_env/lib/python3.9/site-packages/numpy/polynomial/polyutils.py", line 303, in mapparms
    off = (old[1]*new[0] - old[0]*new[1])/oldlen
ZeroDivisionError: division by zero
2026-03-10 09:08:06,636 - root - ERROR - Polynomial fitting failed. Falling back to input values
Traceback (most recent call last):
  File "/Users/jaklusmeyer/SONG/pyodine/pyodine/lib/misc.py", line 529, in fit_polynomial
    pfit, stats = np.polynomial.Polynomial.fit(
  File "/Users/jaklusmeyer/miniconda/envs/pyodine_env/lib/python3.9/site-packages/numpy/polynomial/_polybase.py", line 1036, in fit
    xnew = pu.mapdomain(x, domain, window)
  File "/Users/jaklusmeyer/miniconda/envs/pyodine_env/lib/python3.9/site-packages/numpy/polynomial/polyutils.py", line 371, in mapdomain
    off, scl = mapparms(old, new)
  File "/Users/jaklusmeyer/miniconda/envs/pyodine_env/lib/python3.9/site-packages/numpy/polynomial/polyutils.py", line 303, in mapparms
    off = (old[1]*new[0] - old[0]*new[1])/oldlen
ZeroDivisionError: division by zero
2026-03-10 09:08:06,638 - root - ERROR - Polynomial fitting failed. Falling back to input values
Traceback (most recent call last):
  File "/Users/jaklusmeyer/SONG/pyodine/pyodine/lib/misc.py", line 529, in fit_polynomial
    pfit, stats = np.polynomial.Polynomial.fit(
  File "/Users/jaklusmeyer/miniconda/envs/pyodine_env/lib/python3.9/site-packages/numpy/polynomial/_polybase.py", line 1036, in fit
    xnew = pu.mapdomain(x, domain, window)
  File "/Users/jaklusmeyer/miniconda/envs/pyodine_env/lib/python3.9/site-packages/numpy/polynomial/polyutils.py", line 371, in mapdomain
    off, scl = mapparms(old, new)
  File "/Users/jaklusmeyer/miniconda/envs/pyodine_env/lib/python3.9/site-packages/numpy/polynomial/polyutils.py", line 303, in mapparms
    off = (old[1]*new[0] - old[0]*new[1])/oldlen
ZeroDivisionError: division by zero
2026-03-10 09:08:06,639 - root - ERROR - Polynomial fitting failed. Falling back to input values
Traceback (most recent call last):
  File "/Users/jaklusmeyer/SONG/pyodine/pyodine/lib/misc.py", line 529, in fit_polynomial
    pfit, stats = np.polynomial.Polynomial.fit(
  File "/Users/jaklusmeyer/miniconda/envs/pyodine_env/lib/python3.9/site-packages/numpy/polynomial/_polybase.py", line 1036, in fit
    xnew = pu.mapdomain(x, domain, window)
  File "/Users/jaklusmeyer/miniconda/envs/pyodine_env/lib/python3.9/site-packages/numpy/polynomial/polyutils.py", line 371, in mapdomain
    off, scl = mapparms(old, new)
  File "/Users/jaklusmeyer/miniconda/envs/pyodine_env/lib/python3.9/site-packages/numpy/polynomial/polyutils.py", line 303, in mapparms
    off = (old[1]*new[0] - old[0]*new[1])/oldlen
ZeroDivisionError: division by zero
2026-03-10 09:08:06,640 - root - ERROR - Polynomial fitting failed. Falling back to input values
Traceback (most recent call last):
  File "/Users/jaklusmeyer/SONG/pyodine/pyodine/lib/misc.py", line 529, in fit_polynomial
    pfit, stats = np.polynomial.Polynomial.fit(
  File "/Users/jaklusmeyer/miniconda/envs/pyodine_env/lib/python3.9/site-packages/numpy/polynomial/_polybase.py", line 1036, in fit
    xnew = pu.mapdomain(x, domain, window)
  File "/Users/jaklusmeyer/miniconda/envs/pyodine_env/lib/python3.9/site-packages/numpy/polynomial/polyutils.py", line 371, in mapdomain
    off, scl = mapparms(old, new)
  File "/Users/jaklusmeyer/miniconda/envs/pyodine_env/lib/python3.9/site-packages/numpy/polynomial/polyutils.py", line 303, in mapparms
    off = (old[1]*new[0] - old[0]*new[1])/oldlen
ZeroDivisionError: division by zero
2026-03-10 09:08:09,207 - root - ERROR - NaN value detected in iodine function.
2026-03-10 09:08:09,209 - root - ERROR - Chunk could not be plotted
Traceback (most recent call last):
  File "/Users/jaklusmeyer/SONG/pyodine/pyodine/plot_lib.py", line 62, in plot_chunkmodel
    sp = fit_results[chunk_nr].fitted_spectrum
  File "/Users/jaklusmeyer/SONG/pyodine/pyodine/fitters/base.py", line 45, in fitted_spectrum
    return self.model.eval_spectrum(self.chunk, self.params, chunk_ind=self.chunk_ind)
  File "/Users/jaklusmeyer/SONG/pyodine/pyodine/models/base.py", line 79, in eval_spectrum
    flux = self.eval(chunk, params, chunk_ind=chunk_ind, **kwargs)
  File "/Users/jaklusmeyer/SONG/pyodine/pyodine/models/spectrum.py", line 138, in eval
    tck = splrep(tem.wave * doppler, flux_tem, s=0)
  File "/Users/jaklusmeyer/miniconda/envs/pyodine_env/lib/python3.9/site-packages/scipy/interpolate/_fitpack_py.py", line 295, in splrep
    res = _impl.splrep(x, y, w, xb, xe, k, task, s, t, full_output, per, quiet)
  File "/Users/jaklusmeyer/miniconda/envs/pyodine_env/lib/python3.9/site-packages/scipy/interpolate/_fitpack_impl.py", line 276, in splrep
    n, c, fp, ier = dfitpack.curfit(task, x, y, w, t, wrk, iwrk,
dfitpack.error: (xb<=x[0]) failed for 1st keyword xb: curfit:xb=nan
2026-03-10 09:08:09,494 - root - ERROR - NaN value detected in iodine function.
2026-03-10 09:08:09,496 - root - ERROR - Chunk could not be plotted
Traceback (most recent call last):
  File "/Users/jaklusmeyer/SONG/pyodine/pyodine/plot_lib.py", line 62, in plot_chunkmodel
    sp = fit_results[chunk_nr].fitted_spectrum
  File "/Users/jaklusmeyer/SONG/pyodine/pyodine/fitters/base.py", line 45, in fitted_spectrum
    return self.model.eval_spectrum(self.chunk, self.params, chunk_ind=self.chunk_ind)
  File "/Users/jaklusmeyer/SONG/pyodine/pyodine/models/base.py", line 79, in eval_spectrum
    flux = self.eval(chunk, params, chunk_ind=chunk_ind, **kwargs)
  File "/Users/jaklusmeyer/SONG/pyodine/pyodine/models/spectrum.py", line 138, in eval
    tck = splrep(tem.wave * doppler, flux_tem, s=0)
  File "/Users/jaklusmeyer/miniconda/envs/pyodine_env/lib/python3.9/site-packages/scipy/interpolate/_fitpack_py.py", line 295, in splrep
    res = _impl.splrep(x, y, w, xb, xe, k, task, s, t, full_output, per, quiet)
  File "/Users/jaklusmeyer/miniconda/envs/pyodine_env/lib/python3.9/site-packages/scipy/interpolate/_fitpack_impl.py", line 276, in splrep
    n, c, fp, ier = dfitpack.curfit(task, x, y, w, t, wrk, iwrk,
dfitpack.error: (xb<=x[0]) failed for 1st keyword xb: curfit:xb=nan
2026-03-10 09:08:12,758 - root - ERROR - Chunk 0: No Data! Returning LmfitResult with None.
2026-03-10 09:08:12,760 - root - ERROR - Chunk 1: No Data! Returning LmfitResult with None.
2026-03-10 09:08:12,761 - root - ERROR - Chunk 2: No Data! Returning LmfitResult with None.
2026-03-10 09:08:12,762 - root - ERROR - Chunk 3: No Data! Returning LmfitResult with None.
2026-03-10 09:08:12,764 - root - ERROR - Chunk 4: No Data! Returning LmfitResult with None.
2026-03-10 09:08:12,765 - root - ERROR - Chunk 5: No Data! Returning LmfitResult with None.
2026-03-10 09:08:12,766 - root - ERROR - Chunk 6: No Data! Returning LmfitResult with None.
2026-03-10 09:08:12,767 - root - ERROR - Chunk 7: No Data! Returning LmfitResult with None.
2026-03-10 09:08:12,768 - root - ERROR - Chunk 8: No Data! Returning LmfitResult with None.
2026-03-10 09:08:12,769 - root - ERROR - Chunk 9: No Data! Returning LmfitResult with None.
2026-03-10 09:08:12,807 - root - ERROR - Chunk 10: No Data! Returning LmfitResult with None.
2026-03-10 09:08:12,809 - root - ERROR - Chunk 11: No Data! Returning LmfitResult with None.
2026-03-10 09:08:12,811 - root - ERROR - Chunk 12: No Data! Returning LmfitResult with None.
2026-03-10 09:08:12,812 - root - ERROR - Chunk 13: No Data! Returning LmfitResult with None.
2026-03-10 09:08:12,816 - root - ERROR - Chunk 14: No Data! Returning LmfitResult with None.
2026-03-10 09:08:12,820 - root - ERROR - Chunk 15: No Data! Returning LmfitResult with None.
2026-03-10 09:08:12,826 - root - ERROR - Chunk 16: No Data! Returning LmfitResult with None.
2026-03-10 09:08:12,827 - root - ERROR - Chunk 17: No Data! Returning LmfitResult with None.
2026-03-10 09:08:12,828 - root - ERROR - Chunk 18: No Data! Returning LmfitResult with None.
2026-03-10 09:08:12,830 - root - ERROR - Chunk 19: No Data! Returning LmfitResult with None.
2026-03-10 09:08:12,831 - root - ERROR - Chunk 20: No Data! Returning LmfitResult with None.
2026-03-10 09:08:12,833 - root - ERROR - Chunk 21: No Data! Returning LmfitResult with None.
2026-03-10 09:08:12,835 - root - ERROR - Chunk 22: No Data! Returning LmfitResult with None.
2026-03-10 09:08:12,836 - root - ERROR - Chunk 23: No Data! Returning LmfitResult with None.
2026-03-10 09:08:12,837 - root - ERROR - Chunk 24: No Data! Returning LmfitResult with None.
2026-03-10 09:08:12,838 - root - ERROR - Chunk 25: No Data! Returning LmfitResult with None.
2026-03-10 09:08:12,839 - root - ERROR - Chunk 26: No Data! Returning LmfitResult with None.
2026-03-10 09:08:12,840 - root - ERROR - Chunk 27: No Data! Returning LmfitResult with None.
2026-03-10 09:08:12,842 - root - ERROR - Chunk 28: No Data! Returning LmfitResult with None.
2026-03-10 09:08:12,843 - root - ERROR - Chunk 29: No Data! Returning LmfitResult with None.
2026-03-10 09:08:12,844 - root - ERROR - Chunk 30: No Data! Returning LmfitResult with None.
2026-03-10 09:08:12,845 - root - ERROR - Chunk 31: No Data! Returning LmfitResult with None.
2026-03-10 09:08:12,847 - root - ERROR - Chunk 32: No Data! Returning LmfitResult with None.
2026-03-10 09:08:12,848 - root - ERROR - Chunk 33: No Data! Returning LmfitResult with None.
2026-03-10 09:08:12,849 - root - ERROR - Chunk 34: No Data! Returning LmfitResult with None.
2026-03-10 09:08:12,850 - root - ERROR - Chunk 35: No Data! Returning LmfitResult with None.
2026-03-10 09:08:12,852 - root - ERROR - Chunk 36: No Data! Returning LmfitResult with None.
2026-03-10 09:08:12,853 - root - ERROR - Chunk 37: No Data! Returning LmfitResult with None.
2026-03-10 09:08:12,855 - root - ERROR - Chunk 38: No Data! Returning LmfitResult with None.
2026-03-10 09:08:12,856 - root - ERROR - Chunk 39: No Data! Returning LmfitResult with None.
2026-03-10 09:08:12,857 - root - ERROR - Chunk 40: No Data! Returning LmfitResult with None.
2026-03-10 09:08:12,858 - root - ERROR - Chunk 41: No Data! Returning LmfitResult with None.
2026-03-10 09:08:12,859 - root - ERROR - Chunk 42: No Data! Returning LmfitResult with None.
2026-03-10 09:08:12,860 - root - ERROR - Chunk 43: No Data! Returning LmfitResult with None.
2026-03-10 09:08:12,862 - root - ERROR - Chunk 44: No Data! Returning LmfitResult with None.
2026-03-10 09:08:12,863 - root - ERROR - Chunk 45: No Data! Returning LmfitResult with None.
2026-03-10 09:08:12,864 - root - ERROR - Chunk 46: No Data! Returning LmfitResult with None.
2026-03-10 09:08:12,866 - root - ERROR - Chunk 47: No Data! Returning LmfitResult with None.
2026-03-10 09:08:12,867 - root - ERROR - Chunk 48: No Data! Returning LmfitResult with None.
2026-03-10 09:08:12,868 - root - ERROR - Chunk 49: No Data! Returning LmfitResult with None.
2026-03-10 09:08:12,869 - root - ERROR - Chunk 50: No Data! Returning LmfitResult with None.
2026-03-10 09:08:12,870 - root - ERROR - Chunk 51: No Data! Returning LmfitResult with None.
2026-03-10 09:08:12,872 - root - ERROR - Chunk 52: No Data! Returning LmfitResult with None.
2026-03-10 09:08:12,873 - root - ERROR - Chunk 53: No Data! Returning LmfitResult with None.
2026-03-10 09:08:12,874 - root - ERROR - Chunk 54: No Data! Returning LmfitResult with None.
2026-03-10 09:08:12,875 - root - ERROR - Chunk 55: No Data! Returning LmfitResult with None.
2026-03-10 09:08:12,876 - root - ERROR - Chunk 56: No Data! Returning LmfitResult with None.
2026-03-10 09:08:12,877 - root - ERROR - Chunk 57: No Data! Returning LmfitResult with None.
2026-03-10 09:08:12,878 - root - ERROR - Chunk 58: No Data! Returning LmfitResult with None.
2026-03-10 09:08:12,879 - root - ERROR - Chunk 59: No Data! Returning LmfitResult with None.
2026-03-10 09:08:12,880 - root - ERROR - Chunk 60: No Data! Returning LmfitResult with None.
2026-03-10 09:08:12,881 - root - ERROR - Chunk 61: No Data! Returning LmfitResult with None.
2026-03-10 09:08:12,883 - root - ERROR - Chunk 62: No Data! Returning LmfitResult with None.
2026-03-10 09:08:12,884 - root - ERROR - Chunk 63: No Data! Returning LmfitResult with None.
2026-03-10 09:08:12,889 - root - ERROR - Chunk 64: No Data! Returning LmfitResult with None.
2026-03-10 09:08:12,891 - root - ERROR - Chunk 65: No Data! Returning LmfitResult with None.
2026-03-10 09:08:12,892 - root - ERROR - Chunk 66: No Data! Returning LmfitResult with None.
2026-03-10 09:08:12,893 - root - ERROR - Chunk 67: No Data! Returning LmfitResult with None.
2026-03-10 09:08:12,894 - root - ERROR - Chunk 68: No Data! Returning LmfitResult with None.
2026-03-10 09:08:12,895 - root - ERROR - Chunk 69: No Data! Returning LmfitResult with None.
2026-03-10 09:08:12,897 - root - ERROR - Chunk 70: No Data! Returning LmfitResult with None.
2026-03-10 09:08:12,898 - root - ERROR - Chunk 71: No Data! Returning LmfitResult with None.
2026-03-10 09:08:12,899 - root - ERROR - Chunk 72: No Data! Returning LmfitResult with None.
2026-03-10 09:08:12,900 - root - ERROR - Chunk 73: No Data! Returning LmfitResult with None.
2026-03-10 09:08:12,902 - root - ERROR - Chunk 74: No Data! Returning LmfitResult with None.
2026-03-10 09:08:12,903 - root - ERROR - Chunk 75: No Data! Returning LmfitResult with None.
2026-03-10 09:08:12,904 - root - ERROR - Chunk 76: No Data! Returning LmfitResult with None.
2026-03-10 09:08:12,906 - root - ERROR - Chunk 77: No Data! Returning LmfitResult with None.
2026-03-10 09:08:12,907 - root - ERROR - Chunk 78: No Data! Returning LmfitResult with None.
2026-03-10 09:08:12,908 - root - ERROR - Chunk 79: No Data! Returning LmfitResult with None.
2026-03-10 09:08:12,949 - root - ERROR - Chunk 80: No Data! Returning LmfitResult with None.
2026-03-10 09:08:12,950 - root - ERROR - Chunk 81: No Data! Returning LmfitResult with None.
2026-03-10 09:08:12,953 - root - ERROR - Chunk 82: No Data! Returning LmfitResult with None.
2026-03-10 09:08:12,963 - root - ERROR - Chunk 83: No Data! Returning LmfitResult with None.
2026-03-10 09:08:12,966 - root - ERROR - Chunk 84: No Data! Returning LmfitResult with None.
2026-03-10 09:08:12,967 - root - ERROR - Chunk 85: No Data! Returning LmfitResult with None.
2026-03-10 09:08:12,968 - root - ERROR - Chunk 86: No Data! Returning LmfitResult with None.
2026-03-10 09:08:12,970 - root - ERROR - Chunk 87: No Data! Returning LmfitResult with None.
2026-03-10 09:08:12,971 - root - ERROR - Chunk 88: No Data! Returning LmfitResult with None.
2026-03-10 09:08:12,973 - root - ERROR - Chunk 89: No Data! Returning LmfitResult with None.
2026-03-10 09:08:12,974 - root - ERROR - Chunk 90: No Data! Returning LmfitResult with None.
2026-03-10 09:08:12,975 - root - ERROR - Chunk 91: No Data! Returning LmfitResult with None.
2026-03-10 09:08:12,976 - root - ERROR - Chunk 92: No Data! Returning LmfitResult with None.
2026-03-10 09:08:12,977 - root - ERROR - Chunk 93: No Data! Returning LmfitResult with None.
2026-03-10 09:08:12,978 - root - ERROR - Chunk 94: No Data! Returning LmfitResult with None.
2026-03-10 09:08:12,979 - root - ERROR - Chunk 95: No Data! Returning LmfitResult with None.
2026-03-10 09:08:12,980 - root - ERROR - Chunk 96: No Data! Returning LmfitResult with None.
2026-03-10 09:08:12,981 - root - ERROR - Chunk 97: No Data! Returning LmfitResult with None.
2026-03-10 09:08:12,982 - root - ERROR - Chunk 98: No Data! Returning LmfitResult with None.
2026-03-10 09:08:12,983 - root - ERROR - Chunk 99: No Data! Returning LmfitResult with None.
2026-03-10 09:08:12,984 - root - ERROR - Chunk 100: No Data! Returning LmfitResult with None.
2026-03-10 09:08:12,984 - root - ERROR - Chunk 101: No Data! Returning LmfitResult with None.
2026-03-10 09:08:12,985 - root - ERROR - Chunk 102: No Data! Returning LmfitResult with None.
2026-03-10 09:08:12,986 - root - ERROR - Chunk 103: No Data! Returning LmfitResult with None.
2026-03-10 09:08:12,987 - root - ERROR - Chunk 104: No Data! Returning LmfitResult with None.
2026-03-10 09:08:12,988 - root - ERROR - Chunk 105: No Data! Returning LmfitResult with None.
2026-03-10 09:08:12,989 - root - ERROR - Chunk 106: No Data! Returning LmfitResult with None.
2026-03-10 09:08:12,990 - root - ERROR - Chunk 107: No Data! Returning LmfitResult with None.
2026-03-10 09:08:12,991 - root - ERROR - Chunk 108: No Data! Returning LmfitResult with None.
2026-03-10 09:08:12,992 - root - ERROR - Chunk 109: No Data! Returning LmfitResult with None.
2026-03-10 09:08:12,993 - root - ERROR - Chunk 110: No Data! Returning LmfitResult with None.
2026-03-10 09:08:12,994 - root - ERROR - Chunk 111: No Data! Returning LmfitResult with None.
2026-03-10 09:08:12,996 - root - ERROR - Chunk 112: No Data! Returning LmfitResult with None.
2026-03-10 09:08:12,997 - root - ERROR - Chunk 113: No Data! Returning LmfitResult with None.
2026-03-10 09:08:12,998 - root - ERROR - Chunk 114: No Data! Returning LmfitResult with None.
2026-03-10 09:08:12,999 - root - ERROR - Chunk 115: No Data! Returning LmfitResult with None.
2026-03-10 09:08:13,000 - root - ERROR - Chunk 116: No Data! Returning LmfitResult with None.
2026-03-10 09:08:13,002 - root - ERROR - Chunk 117: No Data! Returning LmfitResult with None.
2026-03-10 09:08:13,003 - root - ERROR - Chunk 118: No Data! Returning LmfitResult with None.
2026-03-10 09:08:13,004 - root - ERROR - Chunk 119: No Data! Returning LmfitResult with None.
2026-03-10 09:08:13,006 - root - ERROR - Chunk 120: No Data! Returning LmfitResult with None.
2026-03-10 09:08:13,007 - root - ERROR - Chunk 121: No Data! Returning LmfitResult with None.
2026-03-10 09:08:13,008 - root - ERROR - Chunk 122: No Data! Returning LmfitResult with None.
2026-03-10 09:08:13,009 - root - ERROR - Chunk 123: No Data! Returning LmfitResult with None.
2026-03-10 09:08:13,010 - root - ERROR - Chunk 124: No Data! Returning LmfitResult with None.
2026-03-10 09:08:13,011 - root - ERROR - Chunk 125: No Data! Returning LmfitResult with None.
2026-03-10 09:08:13,012 - root - ERROR - Chunk 126: No Data! Returning LmfitResult with None.
2026-03-10 09:08:13,015 - root - ERROR - Chunk 127: No Data! Returning LmfitResult with None.
2026-03-10 09:08:13,016 - root - ERROR - Chunk 128: No Data! Returning LmfitResult with None.
2026-03-10 09:08:13,017 - root - ERROR - Chunk 129: No Data! Returning LmfitResult with None.
2026-03-10 09:08:13,018 - root - ERROR - Chunk 130: No Data! Returning LmfitResult with None.
2026-03-10 09:08:13,019 - root - ERROR - Chunk 131: No Data! Returning LmfitResult with None.
2026-03-10 09:08:13,020 - root - ERROR - Chunk 132: No Data! Returning LmfitResult with None.
2026-03-10 09:08:13,021 - root - ERROR - Chunk 133: No Data! Returning LmfitResult with None.
2026-03-10 09:08:13,022 - root - ERROR - Chunk 134: No Data! Returning LmfitResult with None.
2026-03-10 09:08:13,023 - root - ERROR - Chunk 135: No Data! Returning LmfitResult with None.
2026-03-10 09:08:13,024 - root - ERROR - Chunk 136: No Data! Returning LmfitResult with None.
2026-03-10 09:08:13,025 - root - ERROR - Chunk 137: No Data! Returning LmfitResult with None.
2026-03-10 09:08:13,026 - root - ERROR - Chunk 138: No Data! Returning LmfitResult with None.
2026-03-10 09:08:13,048 - root - ERROR - Chunk 139: No Data! Returning LmfitResult with None.
2026-03-10 09:08:13,049 - root - ERROR - Chunk 140: No Data! Returning LmfitResult with None.
2026-03-10 09:08:13,050 - root - ERROR - Chunk 141: No Data! Returning LmfitResult with None.
2026-03-10 09:08:13,051 - root - ERROR - Chunk 142: No Data! Returning LmfitResult with None.
2026-03-10 09:08:13,052 - root - ERROR - Chunk 143: No Data! Returning LmfitResult with None.
2026-03-10 09:08:13,053 - root - ERROR - Chunk 144: No Data! Returning LmfitResult with None.
2026-03-10 09:08:13,054 - root - ERROR - Chunk 145: No Data! Returning LmfitResult with None.
2026-03-10 09:08:13,056 - root - ERROR - Chunk 146: No Data! Returning LmfitResult with None.
2026-03-10 09:08:13,057 - root - ERROR - Chunk 147: No Data! Returning LmfitResult with None.
2026-03-10 09:08:13,058 - root - ERROR - Chunk 148: No Data! Returning LmfitResult with None.
2026-03-10 09:08:13,059 - root - ERROR - Chunk 149: No Data! Returning LmfitResult with None.
2026-03-10 09:08:13,060 - root - ERROR - Chunk 150: No Data! Returning LmfitResult with None.
2026-03-10 09:08:13,061 - root - ERROR - Chunk 151: No Data! Returning LmfitResult with None.
2026-03-10 09:08:13,062 - root - ERROR - Chunk 152: No Data! Returning LmfitResult with None.
2026-03-10 09:08:13,063 - root - ERROR - Chunk 153: No Data! Returning LmfitResult with None.
2026-03-10 09:08:13,064 - root - ERROR - Chunk 154: No Data! Returning LmfitResult with None.
2026-03-10 09:08:13,065 - root - ERROR - Chunk 155: No Data! Returning LmfitResult with None.
2026-03-10 09:08:13,066 - root - ERROR - Chunk 156: No Data! Returning LmfitResult with None.
2026-03-10 09:08:13,067 - root - ERROR - Chunk 157: No Data! Returning LmfitResult with None.
2026-03-10 09:08:13,068 - root - ERROR - Chunk 158: No Data! Returning LmfitResult with None.
2026-03-10 09:08:13,070 - root - ERROR - Chunk 159: No Data! Returning LmfitResult with None.
2026-03-10 09:08:13,072 - root - ERROR - Chunk 160: No Data! Returning LmfitResult with None.
2026-03-10 09:08:13,073 - root - ERROR - Chunk 161: No Data! Returning LmfitResult with None.
2026-03-10 09:08:13,074 - root - ERROR - Chunk 162: No Data! Returning LmfitResult with None.
2026-03-10 09:08:13,075 - root - ERROR - Chunk 163: No Data! Returning LmfitResult with None.
2026-03-10 09:08:13,075 - root - ERROR - Chunk 164: No Data! Returning LmfitResult with None.
2026-03-10 09:08:13,076 - root - ERROR - Chunk 165: No Data! Returning LmfitResult with None.
2026-03-10 09:08:13,078 - root - ERROR - Chunk 166: No Data! Returning LmfitResult with None.
2026-03-10 09:08:13,078 - root - ERROR - Chunk 167: No Data! Returning LmfitResult with None.
2026-03-10 09:08:13,080 - root - ERROR - Chunk 168: No Data! Returning LmfitResult with None.
2026-03-10 09:08:13,081 - root - ERROR - Chunk 169: No Data! Returning LmfitResult with None.
2026-03-10 09:08:13,082 - root - ERROR - Chunk 170: No Data! Returning LmfitResult with None.
2026-03-10 09:08:13,083 - root - ERROR - Chunk 171: No Data! Returning LmfitResult with None.
2026-03-10 09:08:13,084 - root - ERROR - Chunk 172: No Data! Returning LmfitResult with None.
2026-03-10 09:08:13,085 - root - ERROR - Chunk 173: No Data! Returning LmfitResult with None.
2026-03-10 09:08:13,086 - root - ERROR - Chunk 174: No Data! Returning LmfitResult with None.
2026-03-10 09:08:13,087 - root - ERROR - Chunk 175: No Data! Returning LmfitResult with None.
2026-03-10 09:08:13,088 - root - ERROR - Chunk 176: No Data! Returning LmfitResult with None.
2026-03-10 09:08:13,089 - root - ERROR - Chunk 177: No Data! Returning LmfitResult with None.
2026-03-10 09:08:13,090 - root - ERROR - Chunk 178: No Data! Returning LmfitResult with None.
2026-03-10 09:08:13,092 - root - ERROR - Chunk 179: No Data! Returning LmfitResult with None.
2026-03-10 09:08:13,093 - root - ERROR - Chunk 180: No Data! Returning LmfitResult with None.
2026-03-10 09:08:13,094 - root - ERROR - Chunk 181: No Data! Returning LmfitResult with None.
2026-03-10 09:08:13,095 - root - ERROR - Chunk 182: No Data! Returning LmfitResult with None.
2026-03-10 09:08:13,096 - root - ERROR - Chunk 183: No Data! Returning LmfitResult with None.
2026-03-10 09:08:13,097 - root - ERROR - Chunk 184: No Data! Returning LmfitResult with None.
2026-03-10 09:08:13,098 - root - ERROR - Chunk 185: No Data! Returning LmfitResult with None.
2026-03-10 09:08:13,099 - root - ERROR - Chunk 186: No Data! Returning LmfitResult with None.
2026-03-10 09:08:13,100 - root - ERROR - Chunk 187: No Data! Returning LmfitResult with None.
2026-03-10 09:08:13,102 - root - ERROR - Chunk 188: No Data! Returning LmfitResult with None.
2026-03-10 09:08:13,103 - root - ERROR - Chunk 189: No Data! Returning LmfitResult with None.
2026-03-10 09:08:13,104 - root - ERROR - Chunk 190: No Data! Returning LmfitResult with None.
2026-03-10 09:08:13,105 - root - ERROR - Chunk 191: No Data! Returning LmfitResult with None.
2026-03-10 09:08:13,106 - root - ERROR - Chunk 192: No Data! Returning LmfitResult with None.
2026-03-10 09:08:13,107 - root - ERROR - Chunk 193: No Data! Returning LmfitResult with None.
2026-03-10 09:08:13,108 - root - ERROR - Chunk 194: No Data! Returning LmfitResult with None.
2026-03-10 09:08:13,109 - root - ERROR - Chunk 195: No Data! Returning LmfitResult with None.
2026-03-10 09:08:13,110 - root - ERROR - Chunk 196: No Data! Returning LmfitResult with None.
2026-03-10 09:08:13,111 - root - ERROR - Chunk 197: No Data! Returning LmfitResult with None.
2026-03-10 09:08:13,112 - root - ERROR - Chunk 198: No Data! Returning LmfitResult with None.
2026-03-10 09:08:13,113 - root - ERROR - Chunk 199: No Data! Returning LmfitResult with None.
2026-03-10 09:08:13,114 - root - ERROR - Chunk 200: No Data! Returning LmfitResult with None.
2026-03-10 09:08:13,116 - root - ERROR - Chunk 201: No Data! Returning LmfitResult with None.
2026-03-10 09:08:13,116 - root - ERROR - Chunk 202: No Data! Returning LmfitResult with None.
2026-03-10 09:08:13,117 - root - ERROR - Chunk 203: No Data! Returning LmfitResult with None.
2026-03-10 09:08:13,118 - root - ERROR - Chunk 204: No Data! Returning LmfitResult with None.
2026-03-10 09:08:13,119 - root - ERROR - Chunk 205: No Data! Returning LmfitResult with None.
2026-03-10 09:08:13,120 - root - ERROR - Chunk 206: No Data! Returning LmfitResult with None.
2026-03-10 09:08:13,123 - root - ERROR - Chunk 207: No Data! Returning LmfitResult with None.
2026-03-10 09:08:13,124 - root - ERROR - Chunk 208: No Data! Returning LmfitResult with None.
2026-03-10 09:08:13,125 - root - ERROR - Chunk 209: No Data! Returning LmfitResult with None.
2026-03-10 09:08:13,126 - root - ERROR - Chunk 210: No Data! Returning LmfitResult with None.
2026-03-10 09:08:13,127 - root - ERROR - Chunk 211: No Data! Returning LmfitResult with None.
2026-03-10 09:08:13,128 - root - ERROR - Chunk 212: No Data! Returning LmfitResult with None.
2026-03-10 09:08:13,129 - root - ERROR - Chunk 213: No Data! Returning LmfitResult with None.
2026-03-10 09:08:13,130 - root - ERROR - Chunk 214: No Data! Returning LmfitResult with None.
2026-03-10 09:08:13,131 - root - ERROR - Chunk 215: No Data! Returning LmfitResult with None.
2026-03-10 09:08:13,132 - root - ERROR - Chunk 216: No Data! Returning LmfitResult with None.
2026-03-10 09:08:13,133 - root - ERROR - Chunk 217: No Data! Returning LmfitResult with None.
2026-03-10 09:08:13,134 - root - ERROR - Chunk 218: No Data! Returning LmfitResult with None.
2026-03-10 09:08:13,135 - root - ERROR - Chunk 219: No Data! Returning LmfitResult with None.
2026-03-10 09:08:13,136 - root - ERROR - Chunk 220: No Data! Returning LmfitResult with None.
2026-03-10 09:08:13,138 - root - ERROR - Chunk 221: No Data! Returning LmfitResult with None.
2026-03-10 09:08:13,139 - root - ERROR - Chunk 222: No Data! Returning LmfitResult with None.
2026-03-10 09:08:13,140 - root - ERROR - Chunk 223: No Data! Returning LmfitResult with None.
2026-03-10 09:08:13,141 - root - ERROR - Chunk 224: No Data! Returning LmfitResult with None.
2026-03-10 09:08:13,142 - root - ERROR - Chunk 225: No Data! Returning LmfitResult with None.
2026-03-10 09:08:13,144 - root - ERROR - Chunk 226: No Data! Returning LmfitResult with None.
2026-03-10 09:08:13,163 - root - ERROR - Chunk 227: No Data! Returning LmfitResult with None.
2026-03-10 09:08:13,183 - root - ERROR - Chunk 228: No Data! Returning LmfitResult with None.
2026-03-10 09:08:13,184 - root - ERROR - Chunk 229: No Data! Returning LmfitResult with None.
2026-03-10 09:08:13,186 - root - ERROR - Chunk 230: No Data! Returning LmfitResult with None.
2026-03-10 09:08:13,187 - root - ERROR - Chunk 231: No Data! Returning LmfitResult with None.
2026-03-10 09:08:13,188 - root - ERROR - Chunk 232: No Data! Returning LmfitResult with None.
2026-03-10 09:08:13,189 - root - ERROR - Chunk 233: No Data! Returning LmfitResult with None.
2026-03-10 09:08:13,191 - root - ERROR - Chunk 234: No Data! Returning LmfitResult with None.
2026-03-10 09:08:13,192 - root - ERROR - Chunk 235: No Data! Returning LmfitResult with None.
2026-03-10 09:08:13,193 - root - ERROR - Chunk 236: No Data! Returning LmfitResult with None.
2026-03-10 09:08:13,194 - root - ERROR - Chunk 237: No Data! Returning LmfitResult with None.
2026-03-10 09:08:13,195 - root - ERROR - Chunk 238: No Data! Returning LmfitResult with None.
2026-03-10 09:08:13,199 - root - ERROR - Chunk 239: No Data! Returning LmfitResult with None.
2026-03-10 09:08:13,200 - root - ERROR - Chunk 240: No Data! Returning LmfitResult with None.
2026-03-10 09:08:13,203 - root - ERROR - Chunk 241: No Data! Returning LmfitResult with None.
2026-03-10 09:08:13,205 - root - ERROR - Chunk 242: No Data! Returning LmfitResult with None.
2026-03-10 09:08:13,206 - root - ERROR - Chunk 243: No Data! Returning LmfitResult with None.
2026-03-10 09:08:13,216 - root - ERROR - Chunk 244: No Data! Returning LmfitResult with None.
2026-03-10 09:08:13,218 - root - ERROR - Chunk 245: No Data! Returning LmfitResult with None.
2026-03-10 09:08:13,219 - root - ERROR - Chunk 246: No Data! Returning LmfitResult with None.
2026-03-10 09:08:13,220 - root - ERROR - Chunk 247: No Data! Returning LmfitResult with None.
2026-03-10 09:08:13,222 - root - ERROR - Chunk 248: No Data! Returning LmfitResult with None.
2026-03-10 09:08:13,223 - root - ERROR - Chunk 249: No Data! Returning LmfitResult with None.
2026-03-10 09:08:13,224 - root - ERROR - Chunk 250: No Data! Returning LmfitResult with None.
2026-03-10 09:08:13,225 - root - ERROR - Chunk 251: No Data! Returning LmfitResult with None.
2026-03-10 09:08:13,226 - root - ERROR - Chunk 252: No Data! Returning LmfitResult with None.
2026-03-10 09:08:13,227 - root - ERROR - Chunk 253: No Data! Returning LmfitResult with None.
2026-03-10 09:08:13,229 - root - ERROR - Chunk 254: No Data! Returning LmfitResult with None.
2026-03-10 09:08:13,230 - root - ERROR - Chunk 255: No Data! Returning LmfitResult with None.
2026-03-10 09:08:13,232 - root - ERROR - Chunk 256: No Data! Returning LmfitResult with None.
2026-03-10 09:08:13,233 - root - ERROR - Chunk 257: No Data! Returning LmfitResult with None.
2026-03-10 09:08:13,235 - root - ERROR - Chunk 258: No Data! Returning LmfitResult with None.
2026-03-10 09:08:13,237 - root - ERROR - Chunk 259: No Data! Returning LmfitResult with None.
2026-03-10 09:08:13,238 - root - ERROR - Chunk 260: No Data! Returning LmfitResult with None.
2026-03-10 09:08:13,239 - root - ERROR - Chunk 261: No Data! Returning LmfitResult with None.
2026-03-10 09:08:13,240 - root - ERROR - Chunk 262: No Data! Returning LmfitResult with None.
2026-03-10 09:08:13,241 - root - ERROR - Chunk 263: No Data! Returning LmfitResult with None.
2026-03-10 09:08:13,243 - root - ERROR - Chunk 264: No Data! Returning LmfitResult with None.
2026-03-10 09:08:13,244 - root - ERROR - Chunk 265: No Data! Returning LmfitResult with None.
2026-03-10 09:08:13,245 - root - ERROR - Chunk 266: No Data! Returning LmfitResult with None.
2026-03-10 09:08:13,246 - root - ERROR - Chunk 267: No Data! Returning LmfitResult with None.
2026-03-10 09:08:13,247 - root - ERROR - Chunk 268: No Data! Returning LmfitResult with None.
2026-03-10 09:08:13,249 - root - ERROR - Chunk 269: No Data! Returning LmfitResult with None.
2026-03-10 09:08:13,253 - root - ERROR - Chunk 270: No Data! Returning LmfitResult with None.
2026-03-10 09:08:13,255 - root - ERROR - Chunk 271: No Data! Returning LmfitResult with None.
2026-03-10 09:08:13,256 - root - ERROR - Chunk 272: No Data! Returning LmfitResult with None.
2026-03-10 09:08:13,259 - root - ERROR - Chunk 273: No Data! Returning LmfitResult with None.
2026-03-10 09:08:13,262 - root - ERROR - Chunk 274: No Data! Returning LmfitResult with None.
2026-03-10 09:08:13,264 - root - ERROR - Chunk 275: No Data! Returning LmfitResult with None.
2026-03-10 09:08:13,265 - root - ERROR - Chunk 276: No Data! Returning LmfitResult with None.
2026-03-10 09:08:13,266 - root - ERROR - Chunk 277: No Data! Returning LmfitResult with None.
2026-03-10 09:08:13,267 - root - ERROR - Chunk 278: No Data! Returning LmfitResult with None.
2026-03-10 09:08:13,269 - root - ERROR - Chunk 279: No Data! Returning LmfitResult with None.
2026-03-10 09:08:13,270 - root - ERROR - Chunk 280: No Data! Returning LmfitResult with None.
2026-03-10 09:08:13,340 - root - ERROR - NaN value detected in oversampled model function.
2026-03-10 09:08:13,341 - root - ERROR - <ParameterSet (values: 17)>
    cont_intercept  =  18587.60875113005
    cont_slope      =  -6.9082915414629325
    iod_depth       =  2.003959746766616
    lsf_left_1      =  2.7775909005900594
    lsf_left_2      =  -13.16524973777248
    lsf_left_3      =  1.8546639343056694
    lsf_left_4      =  -1.3277288694891398
    lsf_left_5      =  0.5045195832032966
    lsf_right1      =  6.047300120931105
    lsf_right2      =  -10.60834811736305
    lsf_right3      =  3.070114776562649
    lsf_right4      =  -3.1050897143022897
    lsf_right5      =  0.27878638621094975
    tem_depth       =  1.0066708196974243
    velocity        =  -25584.86097920651
    wave_intercept  =  4983.784483554051
    wave_slope      =  0.013245647011406635
2026-03-10 09:08:13,342 - root - ERROR - Evaluated LSF:
2026-03-10 09:08:13,343 - root - ERROR - [nan nan nan nan nan nan nan nan nan nan nan nan nan nan nan nan nan nan
 nan nan nan nan nan nan nan nan nan nan nan nan nan nan nan nan nan nan
 nan nan nan nan nan nan nan nan nan nan nan nan nan nan nan nan nan nan
 nan nan nan nan nan nan nan nan nan nan nan nan nan nan nan nan nan nan
 nan]
2026-03-10 09:08:14,787 - root - ERROR - NaN value detected in oversampled model function.
2026-03-10 09:08:14,789 - root - ERROR - <ParameterSet (values: 17)>
    cont_intercept  =  4884.357574156966
    cont_slope      =  9.450457854488999
    iod_depth       =  0.6332901711970291
    lsf_left_1      =  2.2843077389819184
    lsf_left_2      =  -18.02352236385846
    lsf_left_3      =  3.930655501610188
    lsf_left_4      =  -0.441399981785056
    lsf_left_5      =  0.15244146710833983
    lsf_right1      =  8.755760725193136
    lsf_right2      =  -14.096995825281992
    lsf_right3      =  1.2260223441843674
    lsf_right4      =  -3.919143284699715
    lsf_right5      =  1.1786594364065548
    tem_depth       =  0.9589543694231121
    velocity        =  -25026.91710339094
    wave_intercept  =  4991.42950249925
    wave_slope      =  0.015986759887631707
2026-03-10 09:08:14,790 - root - ERROR - Evaluated LSF:
2026-03-10 09:08:14,791 - root - ERROR - [nan nan nan nan nan nan nan nan nan nan nan nan nan nan nan nan nan nan
 nan nan nan nan nan nan nan nan nan nan nan nan nan nan nan nan nan nan
 nan nan nan nan nan nan nan nan nan nan nan nan nan nan nan nan nan nan
 nan nan nan nan nan nan nan nan nan nan nan nan nan nan nan nan nan nan
 nan]
2026-03-10 09:08:16,664 - root - ERROR - NaN value detected in oversampled model function.
2026-03-10 09:08:16,666 - root - ERROR - <ParameterSet (values: 17)>
    cont_intercept  =  19454.41950549798
    cont_slope      =  -0.9467462327410188
    iod_depth       =  0.9893792319091996
    lsf_left_1      =  2.512924978414608
    lsf_left_2      =  -15.703795031742876
    lsf_left_3      =  2.489882244123024
    lsf_left_4      =  -2.289002563710988
    lsf_left_5      =  0.30325713500908336
    lsf_right1      =  6.207772848011487
    lsf_right2      =  -18.584767405656883
    lsf_right3      =  1.3789191694731713
    lsf_right4      =  -2.536699037732804
    lsf_right5      =  0.15713005966956792
    tem_depth       =  0.9927218186462173
    velocity        =  -28790.53124875482
    wave_intercept  =  5024.564482716212
    wave_slope      =  0.013365651053718371
2026-03-10 09:08:16,667 - root - ERROR - Evaluated LSF:
2026-03-10 09:08:16,668 - root - ERROR - [nan nan nan nan nan nan nan nan nan nan nan nan nan nan nan nan nan nan
 nan nan nan nan nan nan nan nan nan nan nan nan nan nan nan nan nan nan
 nan nan nan nan nan nan nan nan nan nan nan nan nan nan nan nan nan nan
 nan nan nan nan nan nan nan nan nan nan nan nan nan nan nan nan nan nan
 nan]
2026-03-10 09:08:18,415 - root - ERROR - NaN value detected in oversampled model function.
2026-03-10 09:08:18,416 - root - ERROR - <ParameterSet (values: 17)>
    cont_intercept  =  6865.6746978735855
    cont_slope      =  9.876097440811272
    iod_depth       =  1.0078219893611935
    lsf_left_1      =  2.469678743263631
    lsf_left_2      =  -12.082578413706685
    lsf_left_3      =  3.375401767114233
    lsf_left_4      =  -2.064195634379483
    lsf_left_5      =  0.16265905447317974
    lsf_right1      =  2.821696970716591
    lsf_right2      =  -9.745894947225345
    lsf_right3      =  1.284264858386295
    lsf_right4      =  -0.546282015873321
    lsf_right5      =  0.2616523005409269
    tem_depth       =  0.9840521848506266
    velocity        =  -28880.557490556843
    wave_intercept  =  5036.345446284169
    wave_slope      =  0.01579769858168264
2026-03-10 09:08:18,417 - root - ERROR - Evaluated LSF:
2026-03-10 09:08:18,418 - root - ERROR - [nan nan nan nan nan nan nan nan nan nan nan nan nan nan nan nan nan nan
 nan nan nan nan nan nan nan nan nan nan nan nan nan nan nan nan nan nan
 nan nan nan nan nan nan nan nan nan nan nan nan nan nan nan nan nan nan
 nan nan nan nan nan nan nan nan nan nan nan nan nan nan nan nan nan nan
 nan]
2026-03-10 09:08:19,147 - root - ERROR - NaN value detected in oversampled model function.
2026-03-10 09:08:19,148 - root - ERROR - <ParameterSet (values: 17)>
    cont_intercept  =  14687.96782187658
    cont_slope      =  11.00489789473001
    iod_depth       =  1.0330839286529092
    lsf_left_1      =  2.7111403868587765
    lsf_left_2      =  -8.269933346144441
    lsf_left_3      =  1.745933145264793
    lsf_left_4      =  -0.9839378250909077
    lsf_left_5      =  0.18147039577659405
    lsf_right1      =  3.2660171092557806
    lsf_right2      =  -18.406951704597354
    lsf_right3      =  1.526203028426911
    lsf_right4      =  -1.0140570452400937
    lsf_right5      =  0.4342349291223699
    tem_depth       =  0.9873839339358028
    velocity        =  -29006.08049206186
    wave_intercept  =  5049.182898717436
    wave_slope      =  0.01480098444229733
2026-03-10 09:08:19,149 - root - ERROR - Evaluated LSF:
2026-03-10 09:08:19,150 - root - ERROR - [nan nan nan nan nan nan nan nan nan nan nan nan nan nan nan nan nan nan
 nan nan nan nan nan nan nan nan nan nan nan nan nan nan nan nan nan nan
 nan nan nan nan nan nan nan nan nan nan nan nan nan nan nan nan nan nan
 nan nan nan nan nan nan nan nan nan nan nan nan nan nan nan nan nan nan
 nan]
2026-03-10 09:08:22,132 - root - ERROR - NaN value detected in oversampled model function.
2026-03-10 09:08:22,133 - root - ERROR - <ParameterSet (values: 17)>
    cont_intercept  =  6152.909455507511
    cont_slope      =  10.488988933665496
    iod_depth       =  0.6775479763040667
    lsf_left_1      =  5.731370259960762
    lsf_left_2      =  -18.3894593719577
    lsf_left_3      =  1.4645762437400398
    lsf_left_4      =  -3.720688790492002
    lsf_left_5      =  1.2244439344317484
    lsf_right1      =  6.095524467839905
    lsf_right2      =  -16.43462664727963
    lsf_right3      =  4.129726659372789
    lsf_right4      =  -2.8699048240023686
    lsf_right5      =  0.3316127938539626
    tem_depth       =  0.9883131901489325
    velocity        =  -29248.66153169527
    wave_intercept  =  5074.552991395403
    wave_slope      =  0.01634637499445661
2026-03-10 09:08:22,135 - root - ERROR - Evaluated LSF:
2026-03-10 09:08:22,136 - root - ERROR - [nan nan nan nan nan nan nan nan nan nan nan nan nan nan nan nan nan nan
 nan nan nan nan nan nan nan nan nan nan nan nan nan nan nan nan nan nan
 nan nan nan nan nan nan nan nan nan nan nan nan nan nan nan nan nan nan
 nan nan nan nan nan nan nan nan nan nan nan nan nan nan nan nan nan nan
 nan]
2026-03-10 09:08:34,105 - root - ERROR - NaN value detected in oversampled model function.
2026-03-10 09:08:34,107 - root - ERROR - <ParameterSet (values: 17)>
    cont_intercept  =  6688.530240904567
    cont_slope      =  5.2601439159482215
    iod_depth       =  1.0155719095637152
    lsf_left_1      =  3.0358836428347025
    lsf_left_2      =  -18.764498582843423
    lsf_left_3      =  2.4900399820577963
    lsf_left_4      =  -3.4417065304845638
    lsf_left_5      =  0.9991777638774011
    lsf_right1      =  3.770257354524117
    lsf_right2      =  -16.67870513252271
    lsf_right3      =  8.887782193458431
    lsf_right4      =  -2.156711391945068
    lsf_right5      =  0.17182459811171077
    tem_depth       =  0.9766276262105044
    velocity        =  -28744.783569253552
    wave_intercept  =  5204.674371376866
    wave_slope      =  0.01662226177175347
2026-03-10 09:08:34,108 - root - ERROR - Evaluated LSF:
2026-03-10 09:08:34,109 - root - ERROR - [nan nan nan nan nan nan nan nan nan nan nan nan nan nan nan nan nan nan
 nan nan nan nan nan nan nan nan nan nan nan nan nan nan nan nan nan nan
 nan nan nan nan nan nan nan nan nan nan nan nan nan nan nan nan nan nan
 nan nan nan nan nan nan nan nan nan nan nan nan nan nan nan nan nan nan
 nan]
2026-03-10 09:08:37,195 - root - ERROR - NaN value detected in oversampled model function.
2026-03-10 09:08:37,199 - root - ERROR - <ParameterSet (values: 17)>
    cont_intercept  =  15790.359782487747
    cont_slope      =  -10.383934422527117
    iod_depth       =  0.9488633839508142
    lsf_left_1      =  2.447729127555336
    lsf_left_2      =  -17.82542494010204
    lsf_left_3      =  3.893672930726485
    lsf_left_4      =  -2.125500873764021
    lsf_left_5      =  0.3225623024204065
    lsf_right1      =  4.826463221766983
    lsf_right2      =  -18.76188622284605
    lsf_right3      =  3.127639392191414
    lsf_right4      =  -2.4695774279837472
    lsf_right5      =  0.6224805537624625
    tem_depth       =  0.9753468942733179
    velocity        =  -28843.636873983836
    wave_intercept  =  5256.698905104693
    wave_slope      =  0.012532687557895822
2026-03-10 09:08:37,201 - root - ERROR - Evaluated LSF:
2026-03-10 09:08:37,202 - root - ERROR - [nan nan nan nan nan nan nan nan nan nan nan nan nan nan nan nan nan nan
 nan nan nan nan nan nan nan nan nan nan nan nan nan nan nan nan nan nan
 nan nan nan nan nan nan nan nan nan nan nan nan nan nan nan nan nan nan
 nan nan nan nan nan nan nan nan nan nan nan nan nan nan nan nan nan nan
 nan]
2026-03-10 09:08:38,993 - root - ERROR - NaN value detected in oversampled model function.
2026-03-10 09:08:38,994 - root - ERROR - <ParameterSet (values: 17)>
    cont_intercept  =  19012.601824465255
    cont_slope      =  11.095683157949697
    iod_depth       =  1.0229682007424938
    lsf_left_1      =  7.615293533466452
    lsf_left_2      =  -15.505840984911362
    lsf_left_3      =  2.037230125971245
    lsf_left_4      =  -1.9369119192968391
    lsf_left_5      =  0.5057129144015191
    lsf_right1      =  3.3050661192119684
    lsf_right2      =  -12.366123575228926
    lsf_right3      =  1.2285946791393028
    lsf_right4      =  -1.005675341562572
    lsf_right5      =  0.20944906048674272
    tem_depth       =  0.9814704527344064
    velocity        =  -28672.28653176958
    wave_intercept  =  5263.092002757634
    wave_slope      =  0.015732876420612645
2026-03-10 09:08:38,996 - root - ERROR - Evaluated LSF:
2026-03-10 09:08:38,997 - root - ERROR - [nan nan nan nan nan nan nan nan nan nan nan nan nan nan nan nan nan nan
 nan nan nan nan nan nan nan nan nan nan nan nan nan nan nan nan nan nan
 nan nan nan nan nan nan nan nan nan nan nan nan nan nan nan nan nan nan
 nan nan nan nan nan nan nan nan nan nan nan nan nan nan nan nan nan nan
 nan]
2026-03-10 09:08:47,701 - root - ERROR - NaN value detected in oversampled model function.
2026-03-10 09:08:47,703 - root - ERROR - <ParameterSet (values: 17)>
    cont_intercept  =  31110.591159428455
    cont_slope      =  23.36030271799102
    iod_depth       =  1.0455243775684886
    lsf_left_1      =  2.4478663538952916
    lsf_left_2      =  -16.646961950442844
    lsf_left_3      =  2.547698366625821
    lsf_left_4      =  -1.6367216196381156
    lsf_left_5      =  0.4965863227021208
    lsf_right1      =  5.98755125181457
    lsf_right2      =  -14.572516881327063
    lsf_right3      =  7.730652135139154
    lsf_right4      =  -3.64432026030774
    lsf_right5      =  0.9305102220083936
    tem_depth       =  1.045325650151435
    velocity        =  -28829.30663566877
    wave_intercept  =  5355.4367821945125
    wave_slope      =  0.01595673912076977
2026-03-10 09:08:47,704 - root - ERROR - Evaluated LSF:
2026-03-10 09:08:47,705 - root - ERROR - [nan nan nan nan nan nan nan nan nan nan nan nan nan nan nan nan nan nan
 nan nan nan nan nan nan nan nan nan nan nan nan nan nan nan nan nan nan
 nan nan nan nan nan nan nan nan nan nan nan nan nan nan nan nan nan nan
 nan nan nan nan nan nan nan nan nan nan nan nan nan nan nan nan nan nan
 nan]
2026-03-10 09:08:54,574 - root - ERROR - NaN value detected in oversampled model function.
2026-03-10 09:08:54,575 - root - ERROR - <ParameterSet (values: 17)>
    cont_intercept  =  23303.87173790218
    cont_slope      =  -17.326059848628393
    iod_depth       =  1.0492310565381942
    lsf_left_1      =  9.442502910962734
    lsf_left_2      =  -18.7493810819289
    lsf_left_3      =  2.2290708617601593
    lsf_left_4      =  -0.8677201000040866
    lsf_left_5      =  0.391118010677525
    lsf_right1      =  4.098539968066058
    lsf_right2      =  -18.19291180049313
    lsf_right3      =  7.186210655065843
    lsf_right4      =  -3.136423876383783
    lsf_right5      =  1.1367199202352023
    tem_depth       =  0.9893849914922098
    velocity        =  -28615.11414384015
    wave_intercept  =  5434.817565846434
    wave_slope      =  0.013631184279749213
2026-03-10 09:08:54,576 - root - ERROR - Evaluated LSF:
2026-03-10 09:08:54,577 - root - ERROR - [nan nan nan nan nan nan nan nan nan nan nan nan nan nan nan nan nan nan
 nan nan nan nan nan nan nan nan nan nan nan nan nan nan nan nan nan nan
 nan nan nan nan nan nan nan nan nan nan nan nan nan nan nan nan nan nan
 nan nan nan nan nan nan nan nan nan nan nan nan nan nan nan nan nan nan
 nan]
2026-03-10 09:08:59,540 - root - ERROR - NaN value detected in oversampled model function.
2026-03-10 09:08:59,542 - root - ERROR - <ParameterSet (values: 17)>
    cont_intercept  =  18377.29831306362
    cont_slope      =  -14.619312576591643
    iod_depth       =  0.9506887559053221
    lsf_left_1      =  4.018872392360226
    lsf_left_2      =  -16.053339459660346
    lsf_left_3      =  2.354343354285343
    lsf_left_4      =  -1.5161381764165625
    lsf_left_5      =  0.3749613812000959
    lsf_right1      =  6.475542129965157
    lsf_right2      =  -18.04271691898337
    lsf_right3      =  4.687828772117475
    lsf_right4      =  -3.8373160609830523
    lsf_right5      =  0.7342670167717993
    tem_depth       =  0.978591873803468
    velocity        =  -28563.006540541628
    wave_intercept  =  5495.988019880021
    wave_slope      =  0.01270557575430087
2026-03-10 09:08:59,543 - root - ERROR - Evaluated LSF:
2026-03-10 09:08:59,544 - root - ERROR - [nan nan nan nan nan nan nan nan nan nan nan nan nan nan nan nan nan nan
 nan nan nan nan nan nan nan nan nan nan nan nan nan nan nan nan nan nan
 nan nan nan nan nan nan nan nan nan nan nan nan nan nan nan nan nan nan
 nan nan nan nan nan nan nan nan nan nan nan nan nan nan nan nan nan nan
 nan]
2026-03-10 09:09:03,872 - root - ERROR - NaN value detected in oversampled model function.
2026-03-10 09:09:03,873 - root - ERROR - <ParameterSet (values: 17)>
    cont_intercept  =  12648.332526040711
    cont_slope      =  -11.82743784747509
    iod_depth       =  0.9672013220822071
    lsf_left_1      =  2.365026312271431
    lsf_left_2      =  -12.886231080813497
    lsf_left_3      =  1.2792236124047183
    lsf_left_4      =  -3.6987961995687315
    lsf_left_5      =  0.16725724846566692
    lsf_right1      =  3.0530642298179593
    lsf_right2      =  -13.375422766805766
    lsf_right3      =  6.818548621549765
    lsf_right4      =  -3.804934912178383
    lsf_right5      =  1.2430158997957157
    tem_depth       =  0.9928702554822774
    velocity        =  -28963.935334549536
    wave_intercept  =  5551.500970113709
    wave_slope      =  0.012295010906199397
2026-03-10 09:09:03,874 - root - ERROR - Evaluated LSF:
2026-03-10 09:09:03,875 - root - ERROR - [nan nan nan nan nan nan nan nan nan nan nan nan nan nan nan nan nan nan
 nan nan nan nan nan nan nan nan nan nan nan nan nan nan nan nan nan nan
 nan nan nan nan nan nan nan nan nan nan nan nan nan nan nan nan nan nan
 nan nan nan nan nan nan nan nan nan nan nan nan nan nan nan nan nan nan
 nan]
2026-03-10 09:09:11,287 - root - ERROR - NaN value detected in oversampled model function.
2026-03-10 09:09:11,288 - root - ERROR - <ParameterSet (values: 17)>
    cont_intercept  =  32832.027654050784
    cont_slope      =  -18.036308702627636
    iod_depth       =  1.049349503613039
    lsf_left_1      =  2.6282853660828924
    lsf_left_2      =  -5.424903250995342
    lsf_left_3      =  1.8572872292808917
    lsf_left_4      =  -3.917300762252256
    lsf_left_5      =  0.4742751965632583
    lsf_right1      =  2.5601419771279565
    lsf_right2      =  -18.405806638482932
    lsf_right3      =  6.477681661378024
    lsf_right4      =  -3.734352945954703
    lsf_right5      =  1.1220887833860778
    tem_depth       =  1.024234256300886
    velocity        =  -28752.366501579083
    wave_intercept  =  5637.589658324391
    wave_slope      =  0.013867986501136548
2026-03-10 09:09:11,289 - root - ERROR - Evaluated LSF:
2026-03-10 09:09:11,290 - root - ERROR - [nan nan nan nan nan nan nan nan nan nan nan nan nan nan nan nan nan nan
 nan nan nan nan nan nan nan nan nan nan nan nan nan nan nan nan nan nan
 nan nan nan nan nan nan nan nan nan nan nan nan nan nan nan nan nan nan
 nan nan nan nan nan nan nan nan nan nan nan nan nan nan nan nan nan nan
 nan]
2026-03-10 09:09:25,014 - root - ERROR - NaN value detected in oversampled model function.
2026-03-10 09:09:25,016 - root - ERROR - <ParameterSet (values: 17)>
    cont_intercept  =  46904.827074222696
    cont_slope      =  -19.330757587673773
    iod_depth       =  1.0171939388088682
    lsf_left_1      =  9.238516971113444
    lsf_left_2      =  -18.058867334377684
    lsf_left_3      =  1.4577008145464958
    lsf_left_4      =  -1.6190515076237948
    lsf_left_5      =  1.1118587905051047
    lsf_right1      =  6.827253347118209
    lsf_right2      =  -18.73541998985555
    lsf_right3      =  2.810784927399305
    lsf_right4      =  -2.5475397640779525
    lsf_right5      =  1.0747967972682861
    tem_depth       =  1.0213246473989752
    velocity        =  -28451.380128301407
    wave_intercept  =  5791.951140604147
    wave_slope      =  0.014642117416677609
2026-03-10 09:09:25,017 - root - ERROR - Evaluated LSF:
2026-03-10 09:09:25,018 - root - ERROR - [nan nan nan nan nan nan nan nan nan nan nan nan nan nan nan nan nan nan
 nan nan nan nan nan nan nan nan nan nan nan nan nan nan nan nan nan nan
 nan nan nan nan nan nan nan nan nan nan nan nan nan nan nan nan nan nan
 nan nan nan nan nan nan nan nan nan nan nan nan nan nan nan nan nan nan
 nan]
2026-03-10 09:09:26,915 - root - ERROR - NaN value detected in oversampled model function.
2026-03-10 09:09:26,916 - root - ERROR - <ParameterSet (values: 17)>
    cont_intercept  =  30154.263066019954
    cont_slope      =  32.212350830482535
    iod_depth       =  1.0171366420389107
    lsf_left_1      =  7.472556205313957
    lsf_left_2      =  -18.18399474834134
    lsf_left_3      =  2.6676862605492877
    lsf_left_4      =  -2.3818084257470042
    lsf_left_5      =  0.6801723015215784
    lsf_right1      =  8.578155448653046
    lsf_right2      =  -18.82471334444791
    lsf_right3      =  5.318748822056113
    lsf_right4      =  -2.1455294529355426
    lsf_right5      =  0.3680330523028902
    tem_depth       =  1.0261895480306393
    velocity        =  -28692.928341485487
    wave_intercept  =  5803.833214211476
    wave_slope      =  0.018175078918910022
2026-03-10 09:09:26,917 - root - ERROR - Evaluated LSF:
2026-03-10 09:09:26,918 - root - ERROR - [nan nan nan nan nan nan nan nan nan nan nan nan nan nan nan nan nan nan
 nan nan nan nan nan nan nan nan nan nan nan nan nan nan nan nan nan nan
 nan nan nan nan nan nan nan nan nan nan nan nan nan nan nan nan nan nan
 nan nan nan nan nan nan nan nan nan nan nan nan nan nan nan nan nan nan
 nan]
2026-03-10 09:09:29,605 - root - ERROR - NaN value detected in oversampled model function.
2026-03-10 09:09:29,606 - root - ERROR - <ParameterSet (values: 17)>
    cont_intercept  =  46887.5874066603
    cont_slope      =  -26.093677870535572
    iod_depth       =  0.9877488191654871
    lsf_left_1      =  3.5723739431744788
    lsf_left_2      =  -14.080555139691299
    lsf_left_3      =  10.241231800778907
    lsf_left_4      =  -3.175946282186891
    lsf_left_5      =  0.31857086179813277
    lsf_right1      =  3.6774759983258565
    lsf_right2      =  -13.79964127894107
    lsf_right3      =  1.6068212017390813
    lsf_right4      =  -1.2553045477011389
    lsf_right5      =  0.14684380180890258
    tem_depth       =  1.004063862252291
    velocity        =  -28851.06319825195
    wave_intercept  =  5847.11249884322
    wave_slope      =  0.014819769026111583
2026-03-10 09:09:29,607 - root - ERROR - Evaluated LSF:
2026-03-10 09:09:29,608 - root - ERROR - [nan nan nan nan nan nan nan nan nan nan nan nan nan nan nan nan nan nan
 nan nan nan nan nan nan nan nan nan nan nan nan nan nan nan nan nan nan
 nan nan nan nan nan nan nan nan nan nan nan nan nan nan nan nan nan nan
 nan nan nan nan nan nan nan nan nan nan nan nan nan nan nan nan nan nan
 nan]
2026-03-10 09:09:32,581 - root - ERROR - NaN value detected in oversampled model function.
2026-03-10 09:09:32,583 - root - ERROR - <ParameterSet (values: 17)>
    cont_intercept  =  61982.820520974834
    cont_slope      =  -12.403185672747451
    iod_depth       =  0.9982558350903471
    lsf_left_1      =  7.278441272389615
    lsf_left_2      =  -18.21697376633947
    lsf_left_3      =  5.737840091370918
    lsf_left_4      =  -2.9763081809991547
    lsf_left_5      =  0.9929541696816004
    lsf_right1      =  4.748009211889543
    lsf_right2      =  -13.80486921907934
    lsf_right3      =  1.8622952092651701
    lsf_right4      =  -3.5551613639962865
    lsf_right5      =  1.2247388199517866
    tem_depth       =  1.0450290470609842
    velocity        =  -28652.590153987094
    wave_intercept  =  5880.631119505891
    wave_slope      =  0.016660300788152418
2026-03-10 09:09:32,584 - root - ERROR - Evaluated LSF:
2026-03-10 09:09:32,592 - root - ERROR - [nan nan nan nan nan nan nan nan nan nan nan nan nan nan nan nan nan nan
 nan nan nan nan nan nan nan nan nan nan nan nan nan nan nan nan nan nan
 nan nan nan nan nan nan nan nan nan nan nan nan nan nan nan nan nan nan
 nan nan nan nan nan nan nan nan nan nan nan nan nan nan nan nan nan nan
 nan]
2026-03-10 09:09:34,109 - root - ERROR - NaN value detected in oversampled model function.
2026-03-10 09:09:34,110 - root - ERROR - <ParameterSet (values: 17)>
    cont_intercept  =  24511.47884335295
    cont_slope      =  -14.787682304380303
    iod_depth       =  1.0234626453451756
    lsf_left_1      =  5.598449174778066
    lsf_left_2      =  -16.383302806420996
    lsf_left_3      =  1.6464029769110766
    lsf_left_4      =  -2.61925507170731
    lsf_left_5      =  1.1210054373722533
    lsf_right1      =  2.5250743760897842
    lsf_right2      =  -18.63441725939599
    lsf_right3      =  10.245843857010255
    lsf_right4      =  -3.1303754452715586
    lsf_right5      =  0.18747850602645308
    tem_depth       =  0.9644063187803983
    velocity        =  -29039.637212587906
    wave_intercept  =  5918.722744195404
    wave_slope      =  0.013703544596488674
2026-03-10 09:09:34,111 - root - ERROR - Evaluated LSF:
2026-03-10 09:09:34,112 - root - ERROR - [nan nan nan nan nan nan nan nan nan nan nan nan nan nan nan nan nan nan
 nan nan nan nan nan nan nan nan nan nan nan nan nan nan nan nan nan nan
 nan nan nan nan nan nan nan nan nan nan nan nan nan nan nan nan nan nan
 nan nan nan nan nan nan nan nan nan nan nan nan nan nan nan nan nan nan
 nan]
2026-03-10 09:09:35,703 - root - ERROR - NaN value detected in oversampled model function.
2026-03-10 09:09:35,704 - root - ERROR - <ParameterSet (values: 17)>
    cont_intercept  =  67533.05802185618
    cont_slope      =  7.755995036147795
    iod_depth       =  1.0596773911514374
    lsf_left_1      =  2.318238181354736
    lsf_left_2      =  -18.522498476843364
    lsf_left_3      =  6.045735788289019
    lsf_left_4      =  -2.2624677250251133
    lsf_left_5      =  0.7416263121557426
    lsf_right1      =  2.3889689259989804
    lsf_right2      =  -16.161996878982336
    lsf_right3      =  3.4957934970356987
    lsf_right4      =  -1.4656847544746716
    lsf_right5      =  0.6564429962787559
    tem_depth       =  1.0153660130188986
    velocity        =  -28795.573755624595
    wave_intercept  =  5937.706276035866
    wave_slope      =  0.01690052274336223
2026-03-10 09:09:35,706 - root - ERROR - Evaluated LSF:
2026-03-10 09:09:35,707 - root - ERROR - [nan nan nan nan nan nan nan nan nan nan nan nan nan nan nan nan nan nan
 nan nan nan nan nan nan nan nan nan nan nan nan nan nan nan nan nan nan
 nan nan nan nan nan nan nan nan nan nan nan nan nan nan nan nan nan nan
 nan nan nan nan nan nan nan nan nan nan nan nan nan nan nan nan nan nan
 nan]
2026-03-10 09:09:35,779 - root - ERROR - NaN value detected in oversampled model function.
2026-03-10 09:09:35,781 - root - ERROR - <ParameterSet (values: 17)>
    cont_intercept  =  68338.44906465993
    cont_slope      =  -2.059971223058506
    iod_depth       =  0.9977070623187719
    lsf_left_1      =  4.002615264050379
    lsf_left_2      =  -14.453642559543141
    lsf_left_3      =  6.168432944781207
    lsf_left_4      =  -3.5775478032449075
    lsf_left_5      =  0.24340744502034561
    lsf_right1      =  2.9620907977437048
    lsf_right2      =  -11.830134322500818
    lsf_right3      =  2.5751000175893135
    lsf_right4      =  -0.4433314533116426
    lsf_right5      =  0.14432743847226406
    tem_depth       =  1.0267996347609356
    velocity        =  -28594.678799060162
    wave_intercept  =  5941.7280095836695
    wave_slope      =  0.016576233323166472
2026-03-10 09:09:35,782 - root - ERROR - Evaluated LSF:
2026-03-10 09:09:35,783 - root - ERROR - [nan nan nan nan nan nan nan nan nan nan nan nan nan nan nan nan nan nan
 nan nan nan nan nan nan nan nan nan nan nan nan nan nan nan nan nan nan
 nan nan nan nan nan nan nan nan nan nan nan nan nan nan nan nan nan nan
 nan nan nan nan nan nan nan nan nan nan nan nan nan nan nan nan nan nan
 nan]
2026-03-10 09:09:38,298 - root - ERROR - NaN value detected in oversampled model function.
2026-03-10 09:09:38,299 - root - ERROR - <ParameterSet (values: 17)>
    cont_intercept  =  28559.57276454786
    cont_slope      =  29.28255596511722
    iod_depth       =  0.7846308904906846
    lsf_left_1      =  2.3187203046265252
    lsf_left_2      =  -7.371918265172214
    lsf_left_3      =  2.6507967428397112
    lsf_left_4      =  -2.8513394797796696
    lsf_left_5      =  0.39071216650334095
    lsf_right1      =  2.3209183947377157
    lsf_right2      =  -18.722836915692255
    lsf_right3      =  4.635601759553037
    lsf_right4      =  -1.2604200543304511
    lsf_right5      =  0.5725924227656392
    tem_depth       =  0.7204517237226487
    velocity        =  -29030.464597776725
    wave_intercept  =  5970.137391681682
    wave_slope      =  0.019186673224397963
2026-03-10 09:09:38,301 - root - ERROR - Evaluated LSF:
2026-03-10 09:09:38,302 - root - ERROR - [nan nan nan nan nan nan nan nan nan nan nan nan nan nan nan nan nan nan
 nan nan nan nan nan nan nan nan nan nan nan nan nan nan nan nan nan nan
 nan nan nan nan nan nan nan nan nan nan nan nan nan nan nan nan nan nan
 nan nan nan nan nan nan nan nan nan nan nan nan nan nan nan nan nan nan
 nan]
2026-03-10 09:09:40,246 - root - ERROR - NaN value detected in oversampled model function.
2026-03-10 09:09:40,247 - root - ERROR - <ParameterSet (values: 17)>
    cont_intercept  =  69964.55150540217
    cont_slope      =  -15.289435798102554
    iod_depth       =  1.071659755748688
    lsf_left_1      =  5.268238230577452
    lsf_left_2      =  -14.56942629248617
    lsf_left_3      =  3.2268680266219767
    lsf_left_4      =  -3.625904858178969
    lsf_left_5      =  0.5156722561387592
    lsf_right1      =  2.4390891306856815
    lsf_right2      =  -13.733918050175053
    lsf_right3      =  4.0991740249266035
    lsf_right4      =  -3.77119151230377
    lsf_right5      =  0.4891612299041019
    tem_depth       =  1.450871032614908
    velocity        =  -29327.728522971884
    wave_intercept  =  6009.7436064598405
    wave_slope      =  0.015948223061017234
2026-03-10 09:09:40,248 - root - ERROR - Evaluated LSF:
2026-03-10 09:09:40,249 - root - ERROR - [nan nan nan nan nan nan nan nan nan nan nan nan nan nan nan nan nan nan
 nan nan nan nan nan nan nan nan nan nan nan nan nan nan nan nan nan nan
 nan nan nan nan nan nan nan nan nan nan nan nan nan nan nan nan nan nan
 nan nan nan nan nan nan nan nan nan nan nan nan nan nan nan nan nan nan
 nan]
2026-03-10 09:09:40,458 - root - ERROR - NaN value detected in oversampled model function.
2026-03-10 09:09:40,460 - root - ERROR - <ParameterSet (values: 17)>
    cont_intercept  =  54845.16695199425
    cont_slope      =  -20.461532980057804
    iod_depth       =  0.9131099200932424
    lsf_left_1      =  2.9261318382370565
    lsf_left_2      =  -18.58552072474863
    lsf_left_3      =  1.9821104787031363
    lsf_left_4      =  -1.985712609424063
    lsf_left_5      =  0.22985602297840102
    lsf_right1      =  4.998717633068288
    lsf_right2      =  -9.716558326242161
    lsf_right3      =  7.094785566388716
    lsf_right4      =  -3.837138437628407
    lsf_right5      =  0.14254516972896789
    tem_depth       =  0.9919873466990513
    velocity        =  -28663.594487814265
    wave_intercept  =  6019.075771656488
    wave_slope      =  0.015228550203464515
2026-03-10 09:09:40,461 - root - ERROR - Evaluated LSF:
2026-03-10 09:09:40,462 - root - ERROR - [nan nan nan nan nan nan nan nan nan nan nan nan nan nan nan nan nan nan
 nan nan nan nan nan nan nan nan nan nan nan nan nan nan nan nan nan nan
 nan nan nan nan nan nan nan nan nan nan nan nan nan nan nan nan nan nan
 nan nan nan nan nan nan nan nan nan nan nan nan nan nan nan nan nan nan
 nan]
2026-03-10 09:09:41,058 - root - ERROR - NaN value detected in oversampled model function.
2026-03-10 09:09:41,060 - root - ERROR - <ParameterSet (values: 17)>
    cont_intercept  =  38295.28544003838
    cont_slope      =  -25.873108071682996
    iod_depth       =  0.9016304655755479
    lsf_left_1      =  2.873093721915013
    lsf_left_2      =  -15.938001216691994
    lsf_left_3      =  1.830658772898131
    lsf_left_4      =  -1.4426346552068496
    lsf_left_5      =  0.24389276012052838
    lsf_right1      =  4.807162973108467
    lsf_right2      =  -11.466790592004527
    lsf_right3      =  5.297034992663314
    lsf_right4      =  -3.6893930693302273
    lsf_right5      =  0.5066488439043696
    tem_depth       =  0.9976244583258854
    velocity        =  -28894.543379343082
    wave_intercept  =  6029.69844853777
    wave_slope      =  0.014351220698003502
2026-03-10 09:09:41,061 - root - ERROR - Evaluated LSF:
2026-03-10 09:09:41,062 - root - ERROR - [nan nan nan nan nan nan nan nan nan nan nan nan nan nan nan nan nan nan
 nan nan nan nan nan nan nan nan nan nan nan nan nan nan nan nan nan nan
 nan nan nan nan nan nan nan nan nan nan nan nan nan nan nan nan nan nan
 nan nan nan nan nan nan nan nan nan nan nan nan nan nan nan nan nan nan
 nan]
2026-03-10 09:09:41,655 - root - ERROR - NaN value detected in oversampled model function.
2026-03-10 09:09:41,656 - root - ERROR - <ParameterSet (values: 17)>
    cont_intercept  =  31122.28628347782
    cont_slope      =  49.11486310614949
    iod_depth       =  0.38698840351169483
    lsf_left_1      =  8.245910703227988
    lsf_left_2      =  -18.812836003637198
    lsf_left_3      =  1.2390265050599925
    lsf_left_4      =  -1.0577787154442881
    lsf_left_5      =  0.6346876662499008
    lsf_right1      =  4.063731619422956
    lsf_right2      =  -18.663520633666607
    lsf_right3      =  5.287191988954154
    lsf_right4      =  -1.099272729958492
    lsf_right5      =  0.14046894757780923
    tem_depth       =  1.0931948477501507
    velocity        =  -29167.584078883487
    wave_intercept  =  6029.242308756703
    wave_slope      =  0.019519327361553856
2026-03-10 09:09:41,658 - root - ERROR - Evaluated LSF:
2026-03-10 09:09:41,659 - root - ERROR - [nan nan nan nan nan nan nan nan nan nan nan nan nan nan nan nan nan nan
 nan nan nan nan nan nan nan nan nan nan nan nan nan nan nan nan nan nan
 nan nan nan nan nan nan nan nan nan nan nan nan nan nan nan nan nan nan
 nan nan nan nan nan nan nan nan nan nan nan nan nan nan nan nan nan nan
 nan]
2026-03-10 09:09:45,735 - root - ERROR - NaN value detected in oversampled model function.
2026-03-10 09:09:45,737 - root - ERROR - <ParameterSet (values: 17)>
    cont_intercept  =  16320.044725964926
    cont_slope      =  -14.897898923602058
    iod_depth       =  0.8326119450662327
    lsf_left_1      =  4.309364281209881
    lsf_left_2      =  -15.823410493626364
    lsf_left_3      =  3.3687195852550786
    lsf_left_4      =  -2.6091652936537866
    lsf_left_5      =  0.568194883484399
    lsf_right1      =  3.9424707765738276
    lsf_right2      =  -7.738538995501706
    lsf_right3      =  1.759998182600328
    lsf_right4      =  -1.0169275718593482
    lsf_right5      =  0.15895843217888506
    tem_depth       =  0.9745990382629022
    velocity        =  -28690.287148395983
    wave_intercept  =  6102.7316585710605
    wave_slope      =  0.013372246275758174
2026-03-10 09:09:45,738 - root - ERROR - Evaluated LSF:
2026-03-10 09:09:45,739 - root - ERROR - [nan nan nan nan nan nan nan nan nan nan nan nan nan nan nan nan nan nan
 nan nan nan nan nan nan nan nan nan nan nan nan nan nan nan nan nan nan
 nan nan nan nan nan nan nan nan nan nan nan nan nan nan nan nan nan nan
 nan nan nan nan nan nan nan nan nan nan nan nan nan nan nan nan nan nan
 nan]
2026-03-10 09:09:46,295 - root - ERROR - NaN value detected in oversampled model function.
2026-03-10 09:09:46,296 - root - ERROR - <ParameterSet (values: 17)>
    cont_intercept  =  49217.40269175834
    cont_slope      =  36.18729014976335
    iod_depth       =  0.8863009581353899
    lsf_left_1      =  2.8458319937895147
    lsf_left_2      =  -8.050809378424429
    lsf_left_3      =  1.2962879692628035
    lsf_left_4      =  -3.7035206340314772
    lsf_left_5      =  0.6651547649674239
    lsf_right1      =  7.280441941685583
    lsf_right2      =  -18.785894358720526
    lsf_right3      =  1.297346659230648
    lsf_right4      =  -3.824577793223465
    lsf_right5      =  0.3283675260374784
    tem_depth       =  0.9823432349268146
    velocity        =  -28755.52774142661
    wave_intercept  =  6098.558316846136
    wave_slope      =  0.01875620850733705
2026-03-10 09:09:46,297 - root - ERROR - Evaluated LSF:
2026-03-10 09:09:46,298 - root - ERROR - [nan nan nan nan nan nan nan nan nan nan nan nan nan nan nan nan nan nan
 nan nan nan nan nan nan nan nan nan nan nan nan nan nan nan nan nan nan
 nan nan nan nan nan nan nan nan nan nan nan nan nan nan nan nan nan nan
 nan nan nan nan nan nan nan nan nan nan nan nan nan nan nan nan nan nan
 nan]
2026-03-10 09:09:46,567 - root - ERROR - NaN value detected in oversampled model function.
2026-03-10 09:09:46,569 - root - ERROR - <ParameterSet (values: 17)>
    cont_intercept  =  61768.594636864145
    cont_slope      =  33.47181713221361
    iod_depth       =  0.8197991908261169
    lsf_left_1      =  12.877818084239287
    lsf_left_2      =  -18.604189869977475
    lsf_left_3      =  1.300519887872866
    lsf_left_4      =  -3.8679574113192885
    lsf_left_5      =  0.3457267559921389
    lsf_right1      =  3.0327971894522876
    lsf_right2      =  -18.3212273161255
    lsf_right3      =  1.8527656107302009
    lsf_right4      =  -1.8266144876205948
    lsf_right5      =  0.29639192526705127
    tem_depth       =  0.9402911482681083
    velocity        =  -28822.723253831366
    wave_intercept  =  6105.201693747101
    wave_slope      =  0.018221694656850012
2026-03-10 09:09:46,570 - root - ERROR - Evaluated LSF:
2026-03-10 09:09:46,571 - root - ERROR - [nan nan nan nan nan nan nan nan nan nan nan nan nan nan nan nan nan nan
 nan nan nan nan nan nan nan nan nan nan nan nan nan nan nan nan nan nan
 nan nan nan nan nan nan nan nan nan nan nan nan nan nan nan nan nan nan
 nan nan nan nan nan nan nan nan nan nan nan nan nan nan nan nan nan nan
 nan]
2026-03-10 09:09:48,082 - root - ERROR - NaN value detected in oversampled model function.
2026-03-10 09:09:48,084 - root - ERROR - <ParameterSet (values: 17)>
    cont_intercept  =  54558.037507525165
    cont_slope      =  -28.615680699538434
    iod_depth       =  0.8800271713419596
    lsf_left_1      =  2.5805254103511186
    lsf_left_2      =  -13.273329684025875
    lsf_left_3      =  2.3564210649480986
    lsf_left_4      =  -2.794385293365764
    lsf_left_5      =  0.6213656291278717
    lsf_right1      =  5.262502531181747
    lsf_right2      =  -18.823952130850138
    lsf_right3      =  10.903264200632803
    lsf_right4      =  -3.840309552926525
    lsf_right5      =  0.7440375171032507
    tem_depth       =  0.978964964108432
    velocity        =  -28664.316128436938
    wave_intercept  =  6143.136611579086
    wave_slope      =  0.01530525798134041
2026-03-10 09:09:48,085 - root - ERROR - Evaluated LSF:
2026-03-10 09:09:48,086 - root - ERROR - [nan nan nan nan nan nan nan nan nan nan nan nan nan nan nan nan nan nan
 nan nan nan nan nan nan nan nan nan nan nan nan nan nan nan nan nan nan
 nan nan nan nan nan nan nan nan nan nan nan nan nan nan nan nan nan nan
 nan nan nan nan nan nan nan nan nan nan nan nan nan nan nan nan nan nan
 nan]
2026-03-10 09:09:49,155 - root - ERROR - NaN value detected in oversampled model function.
2026-03-10 09:09:49,157 - root - ERROR - <ParameterSet (values: 17)>
    cont_intercept  =  30242.865031320645
    cont_slope      =  33.986042349747166
    iod_depth       =  0.36731774462580663
    lsf_left_1      =  4.24540724809424
    lsf_left_2      =  -18.786724565235996
    lsf_left_3      =  10.290606479649151
    lsf_left_4      =  -2.3399505480160903
    lsf_left_5      =  0.31013121795781856
    lsf_right1      =  3.3929363426880204
    lsf_right2      =  -16.574538007808357
    lsf_right3      =  10.992835729881962
    lsf_right4      =  -3.890452784292596
    lsf_right5      =  0.7084251237282552
    tem_depth       =  0.9913514231808319
    velocity        =  -29577.882287741944
    wave_intercept  =  6151.027328468171
    wave_slope      =  0.020057162049442454
2026-03-10 09:09:49,158 - root - ERROR - Evaluated LSF:
2026-03-10 09:09:49,159 - root - ERROR - [nan nan nan nan nan nan nan nan nan nan nan nan nan nan nan nan nan nan
 nan nan nan nan nan nan nan nan nan nan nan nan nan nan nan nan nan nan
 nan nan nan nan nan nan nan nan nan nan nan nan nan nan nan nan nan nan
 nan nan nan nan nan nan nan nan nan nan nan nan nan nan nan nan nan nan
 nan]
2026-03-10 09:09:50,472 - root - ERROR - NaN value detected in oversampled model function.
2026-03-10 09:09:50,474 - root - ERROR - <ParameterSet (values: 17)>
    cont_intercept  =  66239.36264658876
    cont_slope      =  -9.249961852379814
    iod_depth       =  0.9278621067771831
    lsf_left_1      =  3.2188198456442487
    lsf_left_2      =  -14.749820419688348
    lsf_left_3      =  9.514092039324066
    lsf_left_4      =  -3.749837744992593
    lsf_left_5      =  0.529475702507888
    lsf_right1      =  3.5946739138827146
    lsf_right2      =  -13.516794445304441
    lsf_right3      =  9.274480353301461
    lsf_right4      =  -3.546027275610432
    lsf_right5      =  0.6696317798179588
    tem_depth       =  0.9870635810532837
    velocity        =  -28578.300131935983
    wave_intercept  =  6189.884439597866
    wave_slope      =  0.016577545315215544
2026-03-10 09:09:50,475 - root - ERROR - Evaluated LSF:
2026-03-10 09:09:50,476 - root - ERROR - [nan nan nan nan nan nan nan nan nan nan nan nan nan nan nan nan nan nan
 nan nan nan nan nan nan nan nan nan nan nan nan nan nan nan nan nan nan
 nan nan nan nan nan nan nan nan nan nan nan nan nan nan nan nan nan nan
 nan nan nan nan nan nan nan nan nan nan nan nan nan nan nan nan nan nan
 nan]
2026-03-10 09:09:51,175 - root - ERROR - NaN value detected in oversampled model function.
2026-03-10 09:09:51,176 - root - ERROR - <ParameterSet (values: 17)>
    cont_intercept  =  49755.48130510759
    cont_slope      =  -33.47926765633806
    iod_depth       =  0.9603546000996869
    lsf_left_1      =  2.9252636380821615
    lsf_left_2      =  -17.07028577166263
    lsf_left_3      =  1.586599448907986
    lsf_left_4      =  -3.2234467894083254
    lsf_left_5      =  0.5406136130751371
    lsf_right1      =  5.12152903213911
    lsf_right2      =  -10.004849740017987
    lsf_right3      =  5.999728409197526
    lsf_right4      =  -3.892454498285919
    lsf_right5      =  0.6081394820388758
    tem_depth       =  0.8870197103877372
    velocity        =  -28519.387248668365
    wave_intercept  =  6207.019100476968
    wave_slope      =  0.015208139511666073
2026-03-10 09:09:51,177 - root - ERROR - Evaluated LSF:
2026-03-10 09:09:51,178 - root - ERROR - [nan nan nan nan nan nan nan nan nan nan nan nan nan nan nan nan nan nan
 nan nan nan nan nan nan nan nan nan nan nan nan nan nan nan nan nan nan
 nan nan nan nan nan nan nan nan nan nan nan nan nan nan nan nan nan nan
 nan nan nan nan nan nan nan nan nan nan nan nan nan nan nan nan nan nan
 nan]
2026-03-10 09:09:52,188 - root - ERROR - NaN value detected in oversampled model function.
2026-03-10 09:09:52,189 - root - ERROR - <ParameterSet (values: 17)>
    cont_intercept  =  29569.789212304782
    cont_slope      =  35.0600454440075
    iod_depth       =  0.026596746715658676
    lsf_left_1      =  3.903896031426873
    lsf_left_2      =  -18.19615917334935
    lsf_left_3      =  1.2403520881018624
    lsf_left_4      =  -2.008086540373682
    lsf_left_5      =  0.4279687473009415
    lsf_right1      =  7.5884233222001
    lsf_right2      =  -12.651758319358537
    lsf_right3      =  5.31998327383698
    lsf_right4      =  -3.2002072126695964
    lsf_right5      =  1.078124552534967
    tem_depth       =  0.9739648879655268
    velocity        =  -27853.71909886548
    wave_intercept  =  6213.842324188339
    wave_slope      =  0.019848494162736503
2026-03-10 09:09:52,191 - root - ERROR - Evaluated LSF:
2026-03-10 09:09:52,192 - root - ERROR - [nan nan nan nan nan nan nan nan nan nan nan nan nan nan nan nan nan nan
 nan nan nan nan nan nan nan nan nan nan nan nan nan nan nan nan nan nan
 nan nan nan nan nan nan nan nan nan nan nan nan nan nan nan nan nan nan
 nan nan nan nan nan nan nan nan nan nan nan nan nan nan nan nan nan nan
 nan]
2026-03-10 09:09:52,604 - root - ERROR - NaN value detected in oversampled model function.
2026-03-10 09:09:52,606 - root - ERROR - <ParameterSet (values: 17)>
    cont_intercept  =  53281.56565031742
    cont_slope      =  33.00721310614439
    iod_depth       =  0.8403657261971176
    lsf_left_1      =  5.079745105972065
    lsf_left_2      =  -16.375105808661804
    lsf_left_3      =  6.379970911008225
    lsf_left_4      =  -2.1089363738480618
    lsf_left_5      =  0.3699364639025542
    lsf_right1      =  4.4592097861113285
    lsf_right2      =  -18.008566752313946
    lsf_right3      =  9.057332558141837
    lsf_right4      =  -1.775171224925598
    lsf_right5      =  0.1800493774186729
    tem_depth       =  0.9787700642576033
    velocity        =  -28956.85644494871
    wave_intercept  =  6225.297892555655
    wave_slope      =  0.018894051075116953
2026-03-10 09:09:52,607 - root - ERROR - Evaluated LSF:
2026-03-10 09:09:52,608 - root - ERROR - [nan nan nan nan nan nan nan nan nan nan nan nan nan nan nan nan nan nan
 nan nan nan nan nan nan nan nan nan nan nan nan nan nan nan nan nan nan
 nan nan nan nan nan nan nan nan nan nan nan nan nan nan nan nan nan nan
 nan nan nan nan nan nan nan nan nan nan nan nan nan nan nan nan nan nan
 nan]
2026-03-10 09:09:54,785 - root - ERROR - Polynomial fitting failed. Falling back to input values
Traceback (most recent call last):
  File "/Users/jaklusmeyer/SONG/pyodine/pyodine/lib/misc.py", line 529, in fit_polynomial
    pfit, stats = np.polynomial.Polynomial.fit(
  File "/Users/jaklusmeyer/miniconda/envs/pyodine_env/lib/python3.9/site-packages/numpy/polynomial/_polybase.py", line 1036, in fit
    xnew = pu.mapdomain(x, domain, window)
  File "/Users/jaklusmeyer/miniconda/envs/pyodine_env/lib/python3.9/site-packages/numpy/polynomial/polyutils.py", line 371, in mapdomain
    off, scl = mapparms(old, new)
  File "/Users/jaklusmeyer/miniconda/envs/pyodine_env/lib/python3.9/site-packages/numpy/polynomial/polyutils.py", line 303, in mapparms
    off = (old[1]*new[0] - old[0]*new[1])/oldlen
ZeroDivisionError: division by zero
2026-03-10 09:09:54,787 - root - ERROR - Polynomial fitting failed. Falling back to input values
Traceback (most recent call last):
  File "/Users/jaklusmeyer/SONG/pyodine/pyodine/lib/misc.py", line 529, in fit_polynomial
    pfit, stats = np.polynomial.Polynomial.fit(
  File "/Users/jaklusmeyer/miniconda/envs/pyodine_env/lib/python3.9/site-packages/numpy/polynomial/_polybase.py", line 1036, in fit
    xnew = pu.mapdomain(x, domain, window)
  File "/Users/jaklusmeyer/miniconda/envs/pyodine_env/lib/python3.9/site-packages/numpy/polynomial/polyutils.py", line 371, in mapdomain
    off, scl = mapparms(old, new)
  File "/Users/jaklusmeyer/miniconda/envs/pyodine_env/lib/python3.9/site-packages/numpy/polynomial/polyutils.py", line 303, in mapparms
    off = (old[1]*new[0] - old[0]*new[1])/oldlen
ZeroDivisionError: division by zero
2026-03-10 09:09:54,789 - root - ERROR - Polynomial fitting failed. Falling back to input values
Traceback (most recent call last):
  File "/Users/jaklusmeyer/SONG/pyodine/pyodine/lib/misc.py", line 529, in fit_polynomial
    pfit, stats = np.polynomial.Polynomial.fit(
  File "/Users/jaklusmeyer/miniconda/envs/pyodine_env/lib/python3.9/site-packages/numpy/polynomial/_polybase.py", line 1036, in fit
    xnew = pu.mapdomain(x, domain, window)
  File "/Users/jaklusmeyer/miniconda/envs/pyodine_env/lib/python3.9/site-packages/numpy/polynomial/polyutils.py", line 371, in mapdomain
    off, scl = mapparms(old, new)
  File "/Users/jaklusmeyer/miniconda/envs/pyodine_env/lib/python3.9/site-packages/numpy/polynomial/polyutils.py", line 303, in mapparms
    off = (old[1]*new[0] - old[0]*new[1])/oldlen
ZeroDivisionError: division by zero
2026-03-10 09:09:54,790 - root - ERROR - Polynomial fitting failed. Falling back to input values
Traceback (most recent call last):
  File "/Users/jaklusmeyer/SONG/pyodine/pyodine/lib/misc.py", line 529, in fit_polynomial
    pfit, stats = np.polynomial.Polynomial.fit(
  File "/Users/jaklusmeyer/miniconda/envs/pyodine_env/lib/python3.9/site-packages/numpy/polynomial/_polybase.py", line 1036, in fit
    xnew = pu.mapdomain(x, domain, window)
  File "/Users/jaklusmeyer/miniconda/envs/pyodine_env/lib/python3.9/site-packages/numpy/polynomial/polyutils.py", line 371, in mapdomain
    off, scl = mapparms(old, new)
  File "/Users/jaklusmeyer/miniconda/envs/pyodine_env/lib/python3.9/site-packages/numpy/polynomial/polyutils.py", line 303, in mapparms
    off = (old[1]*new[0] - old[0]*new[1])/oldlen
ZeroDivisionError: division by zero
2026-03-10 09:09:54,791 - root - ERROR - Polynomial fitting failed. Falling back to input values
Traceback (most recent call last):
  File "/Users/jaklusmeyer/SONG/pyodine/pyodine/lib/misc.py", line 529, in fit_polynomial
    pfit, stats = np.polynomial.Polynomial.fit(
  File "/Users/jaklusmeyer/miniconda/envs/pyodine_env/lib/python3.9/site-packages/numpy/polynomial/_polybase.py", line 1036, in fit
    xnew = pu.mapdomain(x, domain, window)
  File "/Users/jaklusmeyer/miniconda/envs/pyodine_env/lib/python3.9/site-packages/numpy/polynomial/polyutils.py", line 371, in mapdomain
    off, scl = mapparms(old, new)
  File "/Users/jaklusmeyer/miniconda/envs/pyodine_env/lib/python3.9/site-packages/numpy/polynomial/polyutils.py", line 303, in mapparms
    off = (old[1]*new[0] - old[0]*new[1])/oldlen
ZeroDivisionError: division by zero
2026-03-10 09:09:54,793 - root - ERROR - Polynomial fitting failed. Falling back to input values
Traceback (most recent call last):
  File "/Users/jaklusmeyer/SONG/pyodine/pyodine/lib/misc.py", line 529, in fit_polynomial
    pfit, stats = np.polynomial.Polynomial.fit(
  File "/Users/jaklusmeyer/miniconda/envs/pyodine_env/lib/python3.9/site-packages/numpy/polynomial/_polybase.py", line 1036, in fit
    xnew = pu.mapdomain(x, domain, window)
  File "/Users/jaklusmeyer/miniconda/envs/pyodine_env/lib/python3.9/site-packages/numpy/polynomial/polyutils.py", line 371, in mapdomain
    off, scl = mapparms(old, new)
  File "/Users/jaklusmeyer/miniconda/envs/pyodine_env/lib/python3.9/site-packages/numpy/polynomial/polyutils.py", line 303, in mapparms
    off = (old[1]*new[0] - old[0]*new[1])/oldlen
ZeroDivisionError: division by zero
2026-03-10 09:09:54,794 - root - ERROR - Polynomial fitting failed. Falling back to input values
Traceback (most recent call last):
  File "/Users/jaklusmeyer/SONG/pyodine/pyodine/lib/misc.py", line 529, in fit_polynomial
    pfit, stats = np.polynomial.Polynomial.fit(
  File "/Users/jaklusmeyer/miniconda/envs/pyodine_env/lib/python3.9/site-packages/numpy/polynomial/_polybase.py", line 1036, in fit
    xnew = pu.mapdomain(x, domain, window)
  File "/Users/jaklusmeyer/miniconda/envs/pyodine_env/lib/python3.9/site-packages/numpy/polynomial/polyutils.py", line 371, in mapdomain
    off, scl = mapparms(old, new)
  File "/Users/jaklusmeyer/miniconda/envs/pyodine_env/lib/python3.9/site-packages/numpy/polynomial/polyutils.py", line 303, in mapparms
    off = (old[1]*new[0] - old[0]*new[1])/oldlen
ZeroDivisionError: division by zero
2026-03-10 09:09:54,805 - root - ERROR - Polynomial fitting failed. Falling back to input values
Traceback (most recent call last):
  File "/Users/jaklusmeyer/SONG/pyodine/pyodine/lib/misc.py", line 529, in fit_polynomial
    pfit, stats = np.polynomial.Polynomial.fit(
  File "/Users/jaklusmeyer/miniconda/envs/pyodine_env/lib/python3.9/site-packages/numpy/polynomial/_polybase.py", line 1036, in fit
    xnew = pu.mapdomain(x, domain, window)
  File "/Users/jaklusmeyer/miniconda/envs/pyodine_env/lib/python3.9/site-packages/numpy/polynomial/polyutils.py", line 371, in mapdomain
    off, scl = mapparms(old, new)
  File "/Users/jaklusmeyer/miniconda/envs/pyodine_env/lib/python3.9/site-packages/numpy/polynomial/polyutils.py", line 303, in mapparms
    off = (old[1]*new[0] - old[0]*new[1])/oldlen
ZeroDivisionError: division by zero
2026-03-10 09:09:54,806 - root - ERROR - Polynomial fitting failed. Falling back to input values
Traceback (most recent call last):
  File "/Users/jaklusmeyer/SONG/pyodine/pyodine/lib/misc.py", line 529, in fit_polynomial
    pfit, stats = np.polynomial.Polynomial.fit(
  File "/Users/jaklusmeyer/miniconda/envs/pyodine_env/lib/python3.9/site-packages/numpy/polynomial/_polybase.py", line 1036, in fit
    xnew = pu.mapdomain(x, domain, window)
  File "/Users/jaklusmeyer/miniconda/envs/pyodine_env/lib/python3.9/site-packages/numpy/polynomial/polyutils.py", line 371, in mapdomain
    off, scl = mapparms(old, new)
  File "/Users/jaklusmeyer/miniconda/envs/pyodine_env/lib/python3.9/site-packages/numpy/polynomial/polyutils.py", line 303, in mapparms
    off = (old[1]*new[0] - old[0]*new[1])/oldlen
ZeroDivisionError: division by zero
2026-03-10 09:09:54,809 - root - ERROR - Polynomial fitting failed. Falling back to input values
Traceback (most recent call last):
  File "/Users/jaklusmeyer/SONG/pyodine/pyodine/lib/misc.py", line 529, in fit_polynomial
    pfit, stats = np.polynomial.Polynomial.fit(
  File "/Users/jaklusmeyer/miniconda/envs/pyodine_env/lib/python3.9/site-packages/numpy/polynomial/_polybase.py", line 1036, in fit
    xnew = pu.mapdomain(x, domain, window)
  File "/Users/jaklusmeyer/miniconda/envs/pyodine_env/lib/python3.9/site-packages/numpy/polynomial/polyutils.py", line 371, in mapdomain
    off, scl = mapparms(old, new)
  File "/Users/jaklusmeyer/miniconda/envs/pyodine_env/lib/python3.9/site-packages/numpy/polynomial/polyutils.py", line 303, in mapparms
    off = (old[1]*new[0] - old[0]*new[1])/oldlen
ZeroDivisionError: division by zero
2026-03-10 09:09:54,811 - root - ERROR - Polynomial fitting failed. Falling back to input values
Traceback (most recent call last):
  File "/Users/jaklusmeyer/SONG/pyodine/pyodine/lib/misc.py", line 529, in fit_polynomial
    pfit, stats = np.polynomial.Polynomial.fit(
  File "/Users/jaklusmeyer/miniconda/envs/pyodine_env/lib/python3.9/site-packages/numpy/polynomial/_polybase.py", line 1036, in fit
    xnew = pu.mapdomain(x, domain, window)
  File "/Users/jaklusmeyer/miniconda/envs/pyodine_env/lib/python3.9/site-packages/numpy/polynomial/polyutils.py", line 371, in mapdomain
    off, scl = mapparms(old, new)
  File "/Users/jaklusmeyer/miniconda/envs/pyodine_env/lib/python3.9/site-packages/numpy/polynomial/polyutils.py", line 303, in mapparms
    off = (old[1]*new[0] - old[0]*new[1])/oldlen
ZeroDivisionError: division by zero
2026-03-10 09:09:54,812 - root - ERROR - Polynomial fitting failed. Falling back to input values
Traceback (most recent call last):
  File "/Users/jaklusmeyer/SONG/pyodine/pyodine/lib/misc.py", line 529, in fit_polynomial
    pfit, stats = np.polynomial.Polynomial.fit(
  File "/Users/jaklusmeyer/miniconda/envs/pyodine_env/lib/python3.9/site-packages/numpy/polynomial/_polybase.py", line 1036, in fit
    xnew = pu.mapdomain(x, domain, window)
  File "/Users/jaklusmeyer/miniconda/envs/pyodine_env/lib/python3.9/site-packages/numpy/polynomial/polyutils.py", line 371, in mapdomain
    off, scl = mapparms(old, new)
  File "/Users/jaklusmeyer/miniconda/envs/pyodine_env/lib/python3.9/site-packages/numpy/polynomial/polyutils.py", line 303, in mapparms
    off = (old[1]*new[0] - old[0]*new[1])/oldlen
ZeroDivisionError: division by zero
2026-03-10 09:09:54,813 - root - ERROR - Polynomial fitting failed. Falling back to input values
Traceback (most recent call last):
  File "/Users/jaklusmeyer/SONG/pyodine/pyodine/lib/misc.py", line 529, in fit_polynomial
    pfit, stats = np.polynomial.Polynomial.fit(
  File "/Users/jaklusmeyer/miniconda/envs/pyodine_env/lib/python3.9/site-packages/numpy/polynomial/_polybase.py", line 1036, in fit
    xnew = pu.mapdomain(x, domain, window)
  File "/Users/jaklusmeyer/miniconda/envs/pyodine_env/lib/python3.9/site-packages/numpy/polynomial/polyutils.py", line 371, in mapdomain
    off, scl = mapparms(old, new)
  File "/Users/jaklusmeyer/miniconda/envs/pyodine_env/lib/python3.9/site-packages/numpy/polynomial/polyutils.py", line 303, in mapparms
    off = (old[1]*new[0] - old[0]*new[1])/oldlen
ZeroDivisionError: division by zero
2026-03-10 09:09:54,815 - root - ERROR - Polynomial fitting failed. Falling back to input values
Traceback (most recent call last):
  File "/Users/jaklusmeyer/SONG/pyodine/pyodine/lib/misc.py", line 529, in fit_polynomial
    pfit, stats = np.polynomial.Polynomial.fit(
  File "/Users/jaklusmeyer/miniconda/envs/pyodine_env/lib/python3.9/site-packages/numpy/polynomial/_polybase.py", line 1036, in fit
    xnew = pu.mapdomain(x, domain, window)
  File "/Users/jaklusmeyer/miniconda/envs/pyodine_env/lib/python3.9/site-packages/numpy/polynomial/polyutils.py", line 371, in mapdomain
    off, scl = mapparms(old, new)
  File "/Users/jaklusmeyer/miniconda/envs/pyodine_env/lib/python3.9/site-packages/numpy/polynomial/polyutils.py", line 303, in mapparms
    off = (old[1]*new[0] - old[0]*new[1])/oldlen
ZeroDivisionError: division by zero
2026-03-10 09:09:57,501 - root - ERROR - NaN value detected in iodine function.
2026-03-10 09:09:57,502 - root - ERROR - Chunk could not be plotted
Traceback (most recent call last):
  File "/Users/jaklusmeyer/SONG/pyodine/pyodine/plot_lib.py", line 62, in plot_chunkmodel
    sp = fit_results[chunk_nr].fitted_spectrum
  File "/Users/jaklusmeyer/SONG/pyodine/pyodine/fitters/base.py", line 45, in fitted_spectrum
    return self.model.eval_spectrum(self.chunk, self.params, chunk_ind=self.chunk_ind)
  File "/Users/jaklusmeyer/SONG/pyodine/pyodine/models/base.py", line 79, in eval_spectrum
    flux = self.eval(chunk, params, chunk_ind=chunk_ind, **kwargs)
  File "/Users/jaklusmeyer/SONG/pyodine/pyodine/models/spectrum.py", line 138, in eval
    tck = splrep(tem.wave * doppler, flux_tem, s=0)
  File "/Users/jaklusmeyer/miniconda/envs/pyodine_env/lib/python3.9/site-packages/scipy/interpolate/_fitpack_py.py", line 295, in splrep
    res = _impl.splrep(x, y, w, xb, xe, k, task, s, t, full_output, per, quiet)
  File "/Users/jaklusmeyer/miniconda/envs/pyodine_env/lib/python3.9/site-packages/scipy/interpolate/_fitpack_impl.py", line 276, in splrep
    n, c, fp, ier = dfitpack.curfit(task, x, y, w, t, wrk, iwrk,
dfitpack.error: (xb<=x[0]) failed for 1st keyword xb: curfit:xb=nan
2026-03-10 09:09:57,769 - root - ERROR - NaN value detected in iodine function.
2026-03-10 09:09:57,770 - root - ERROR - Chunk could not be plotted
Traceback (most recent call last):
  File "/Users/jaklusmeyer/SONG/pyodine/pyodine/plot_lib.py", line 62, in plot_chunkmodel
    sp = fit_results[chunk_nr].fitted_spectrum
  File "/Users/jaklusmeyer/SONG/pyodine/pyodine/fitters/base.py", line 45, in fitted_spectrum
    return self.model.eval_spectrum(self.chunk, self.params, chunk_ind=self.chunk_ind)
  File "/Users/jaklusmeyer/SONG/pyodine/pyodine/models/base.py", line 79, in eval_spectrum
    flux = self.eval(chunk, params, chunk_ind=chunk_ind, **kwargs)
  File "/Users/jaklusmeyer/SONG/pyodine/pyodine/models/spectrum.py", line 138, in eval
    tck = splrep(tem.wave * doppler, flux_tem, s=0)
  File "/Users/jaklusmeyer/miniconda/envs/pyodine_env/lib/python3.9/site-packages/scipy/interpolate/_fitpack_py.py", line 295, in splrep
    res = _impl.splrep(x, y, w, xb, xe, k, task, s, t, full_output, per, quiet)
  File "/Users/jaklusmeyer/miniconda/envs/pyodine_env/lib/python3.9/site-packages/scipy/interpolate/_fitpack_impl.py", line 276, in splrep
    n, c, fp, ier = dfitpack.curfit(task, x, y, w, t, wrk, iwrk,
dfitpack.error: (xb<=x[0]) failed for 1st keyword xb: curfit:xb=nan
