INFO - 
INFO - Branch: master
INFO - Hash: c2a71ac
INFO - ---------------------------
INFO - Working on: /Users/jaklusmeyer/SONG/reduce/UT260321/sciencestar/HD185144_ec_260308.0243.fits
INFO - 
INFO - Median flux of the observation: 10401
INFO - Loading template from file: /Users/jaklusmeyer/SONG/reduce/0007_sigdra_temp_results_v4/obs_temp_highsnr_test.h5
INFO - 
INFO - Order correction: 0
INFO - 
INFO - Measured velocity rel. to reference spectrum: 30.164 km/s
INFO - Template velocity: 38.044 km/s
INFO - Velocity guess: -7.880 km/s (relative to template)

INFO - (Barycentric velocity of observation: -3.121 km/s)
INFO - (Barycentric velocity of template: -4.628 km/s)

INFO - 
INFO - Barycentric redshift between template and observation: 
INFO - v = -1507.0392740056495, z = -5.026941918617744e-06

INFO - Startpixel (order 26, chunk 29): -65
INFO - -> Correcting to 0.
INFO - Startpixel (order 26, chunk 32): -65
INFO - -> Correcting to 0.
INFO - Startpixel (order 26, chunk 47): -65
INFO - -> Correcting to 0.
INFO - Startpixel (order 28, chunk 87): -65
INFO - -> Correcting to 0.
INFO - Startpixel (order 36, chunk 286): -65
INFO - -> Correcting to 0.
INFO - Startpixel (order 38, chunk 343): -65
INFO - -> Correcting to 0.
INFO - Startpixel (order 42, chunk 444): -65
INFO - -> Correcting to 0.
INFO - Startpixel (order 45, chunk 519): -65
INFO - -> Correcting to 0.
INFO - Startpixel (order 46, chunk 529): -65
INFO - -> Correcting to 0.
INFO - Startpixel (order 46, chunk 549): -65
INFO - -> Correcting to 0.
INFO - Startpixel (order 47, chunk 557): -65
INFO - -> Correcting to 0.
INFO - 
INFO - Total number of chunks: 575
INFO - Nr. chunks in order 0: 25
INFO - First and last covered pixel of chunks in order 0: 17, 3266
INFO - Orders: 25 - 47 (23 in total)
INFO - 
INFO - ----------------------
INFO - RUN 0
INFO - ----------------------
INFO - 
INFO - Constraining parameters for RUN 0
WARNING - Chunk 29:
WARNING - (xb<=x[0]) failed for 1st keyword xb: curfit:xb=nan
WARNING - Chunk 32:
WARNING - (xb<=x[0]) failed for 1st keyword xb: curfit:xb=nan
WARNING - Chunk 47:
WARNING - (xb<=x[0]) failed for 1st keyword xb: curfit:xb=nan
WARNING - Chunk 87:
WARNING - (xb<=x[0]) failed for 1st keyword xb: curfit:xb=nan
WARNING - Chunk 286:
WARNING - (xb<=x[0]) failed for 1st keyword xb: curfit:xb=nan
WARNING - Chunk 343:
WARNING - (xb<=x[0]) failed for 1st keyword xb: curfit:xb=nan
WARNING - Chunk 444:
WARNING - (xb<=x[0]) failed for 1st keyword xb: curfit:xb=nan
WARNING - Chunk 519:
WARNING - (xb<=x[0]) failed for 1st keyword xb: curfit:xb=nan
WARNING - Chunk 529:
WARNING - (xb<=x[0]) failed for 1st keyword xb: curfit:xb=nan
WARNING - Chunk 549:
WARNING - (xb<=x[0]) failed for 1st keyword xb: curfit:xb=nan
WARNING - Chunk 557:
WARNING - (xb<=x[0]) failed for 1st keyword xb: curfit:xb=nan
INFO - 
INFO - Number of chunks with no uncertainties: 0
INFO - Number of chunks with outliers: 0
INFO - Number of chunks with nan fitted red. Chi2: 11
INFO - 
INFO - Creating analysis plots...
INFO - 
INFO - ----------------------
INFO - RUN 1
INFO - ----------------------
INFO - 
INFO - Constraining parameters for RUN 1
INFO - 
INFO - Fitted LSF parameters:
INFO - <ParameterSet (values: 10)>
    left_1  =  10.53276988007277
    left_2  =  -10.769968153492696
    left_3  =  5.707545186549361
    left_4  =  -2.2023180526375223
    left_5  =  0.6646649381025335
    right1  =  10.532772286197503
    right2  =  -10.769967458802036
    right3  =  5.7075438491310875
    right4  =  -2.202316852599258
    right5  =  0.6646644363858094
ERROR - Chunk 29: No Data! Returning LmfitResult with None.
ERROR - Chunk 32: No Data! Returning LmfitResult with None.
ERROR - NaN value detected in oversampled model function.
ERROR - <ParameterSet (values: 17)>
    cont_intercept  =  8705.434853257724
    cont_slope      =  7.860224077466856
    iod_depth       =  0.6281856755240643
    lsf_left_1      =  3.277685506300492
    lsf_left_2      =  -14.940373433959959
    lsf_left_3      =  1.3578600467413509
    lsf_left_4      =  -3.8801064421423503
    lsf_left_5      =  1.192256948328653
    lsf_right1      =  4.003169568917519
    lsf_right2      =  -19.2781831005119
    lsf_right3      =  10.017850755390908
    lsf_right4      =  -3.562093808167736
    lsf_right5      =  0.5116153554474314
    tem_depth       =  0.7502290856578206
    velocity        =  -2144.2044305273484
    wave_intercept  =  5185.186839588572
    wave_slope      =  0.014578783869117127
ERROR - Evaluated LSF:
ERROR - [nan nan nan nan nan nan nan nan nan nan nan nan nan nan nan nan nan nan
 nan nan nan nan nan nan nan nan nan nan nan nan nan nan nan nan nan nan
 nan nan nan nan nan nan nan nan nan nan nan nan nan nan nan nan nan nan
 nan nan nan nan nan nan nan nan nan nan nan nan nan nan nan nan nan nan
 nan]
WARNING - Chunk 37:
WARNING - NaN values detected in your input data or the output of your objective/model function - fitting algorithms cannot handle this! Please read https://lmfit.github.io/lmfit-py/faq.html#i-get-errors-from-nan-in-my-fit-what-can-i-do for more information.
ERROR - NaN value detected in oversampled model function.
ERROR - <ParameterSet (values: 17)>
    cont_intercept  =  13117.158901174214
    cont_slope      =  0.6937506338907262
    iod_depth       =  0.7222614936388875
    lsf_left_1      =  3.2080002816282587
    lsf_left_2      =  -12.242962648012952
    lsf_left_3      =  1.1611449918204042
    lsf_left_4      =  -2.275575100236842
    lsf_left_5      =  0.13769453730158468
    lsf_right1      =  2.4145589784253954
    lsf_right2      =  -19.06592292785318
    lsf_right3      =  9.484124317586327
    lsf_right4      =  -3.925977610285982
    lsf_right5      =  1.1831974441464324
    tem_depth       =  0.9196596073782418
    velocity        =  -1792.5169465886986
    wave_intercept  =  5188.941904557673
    wave_slope      =  0.014262732841708802
ERROR - Evaluated LSF:
ERROR - [nan nan nan nan nan nan nan nan nan nan nan nan nan nan nan nan nan nan
 nan nan nan nan nan nan nan nan nan nan nan nan nan nan nan nan nan nan
 nan nan nan nan nan nan nan nan nan nan nan nan nan nan nan nan nan nan
 nan nan nan nan nan nan nan nan nan nan nan nan nan nan nan nan nan nan
 nan]
WARNING - Chunk 39:
WARNING - NaN values detected in your input data or the output of your objective/model function - fitting algorithms cannot handle this! Please read https://lmfit.github.io/lmfit-py/faq.html#i-get-errors-from-nan-in-my-fit-what-can-i-do for more information.
ERROR - NaN value detected in oversampled model function.
ERROR - <ParameterSet (values: 17)>
    cont_intercept  =  13187.00938291935
    cont_slope      =  -5.479892690243058
    iod_depth       =  0.7420133152063139
    lsf_left_1      =  5.057944483404618
    lsf_left_2      =  -12.446587801500456
    lsf_left_3      =  1.9799653210447548
    lsf_left_4      =  -0.5413082903261381
    lsf_left_5      =  0.14934418032411068
    lsf_right1      =  4.448294488528574
    lsf_right2      =  -18.845081736479273
    lsf_right3      =  8.456690603272332
    lsf_right4      =  -2.3324542828337615
    lsf_right5      =  0.31480102926246845
    tem_depth       =  0.9237603827374452
    velocity        =  -1546.831159683525
    wave_intercept  =  5199.745652250318
    wave_slope      =  0.013429362991587326
ERROR - Evaluated LSF:
ERROR - [nan nan nan nan nan nan nan nan nan nan nan nan nan nan nan nan nan nan
 nan nan nan nan nan nan nan nan nan nan nan nan nan nan nan nan nan nan
 nan nan nan nan nan nan nan nan nan nan nan nan nan nan nan nan nan nan
 nan nan nan nan nan nan nan nan nan nan nan nan nan nan nan nan nan nan
 nan]
WARNING - Chunk 45:
WARNING - NaN values detected in your input data or the output of your objective/model function - fitting algorithms cannot handle this! Please read https://lmfit.github.io/lmfit-py/faq.html#i-get-errors-from-nan-in-my-fit-what-can-i-do for more information.
ERROR - Chunk 47: No Data! Returning LmfitResult with None.
ERROR - NaN value detected in oversampled model function.
ERROR - <ParameterSet (values: 17)>
    cont_intercept  =  6033.200300503125
    cont_slope      =  5.690594179293736
    iod_depth       =  0.5294635264490545
    lsf_left_1      =  4.01407911388238
    lsf_left_2      =  -12.708141969612836
    lsf_left_3      =  6.520177948893134
    lsf_left_4      =  -3.7175794520758827
    lsf_left_5      =  0.4967035158215076
    lsf_right1      =  2.6465171899095785
    lsf_right2      =  -13.406580645490026
    lsf_right3      =  2.01065973084102
    lsf_right4      =  -0.5042394227223799
    lsf_right5      =  0.1402735189520025
    tem_depth       =  0.829829109298675
    velocity        =  -2120.808876371564
    wave_intercept  =  5207.260208930199
    wave_slope      =  0.0164744295952902
ERROR - Evaluated LSF:
ERROR - [nan nan nan nan nan nan nan nan nan nan nan nan nan nan nan nan nan nan
 nan nan nan nan nan nan nan nan nan nan nan nan nan nan nan nan nan nan
 nan nan nan nan nan nan nan nan nan nan nan nan nan nan nan nan nan nan
 nan nan nan nan nan nan nan nan nan nan nan nan nan nan nan nan nan nan
 nan]
WARNING - Chunk 51:
WARNING - NaN values detected in your input data or the output of your objective/model function - fitting algorithms cannot handle this! Please read https://lmfit.github.io/lmfit-py/faq.html#i-get-errors-from-nan-in-my-fit-what-can-i-do for more information.
ERROR - NaN value detected in oversampled model function.
ERROR - <ParameterSet (values: 17)>
    cont_intercept  =  12580.609312538041
    cont_slope      =  12.650371259405135
    iod_depth       =  1.032256300882026
    lsf_left_1      =  4.226996174343036
    lsf_left_2      =  -19.380144976949342
    lsf_left_3      =  2.719811248913882
    lsf_left_4      =  -2.0631220873008793
    lsf_left_5      =  0.1352662667909148
    lsf_right1      =  3.2122583203879245
    lsf_right2      =  -11.25312308265215
    lsf_right3      =  2.05479797430731
    lsf_right4      =  -0.8707259382210792
    lsf_right5      =  0.5055454693204509
    tem_depth       =  -0.3722595752971227
    velocity        =  -8860.938840442726
    wave_intercept  =  5223.692245576154
    wave_slope      =  0.015083473768997796
ERROR - Evaluated LSF:
ERROR - [nan nan nan nan nan nan nan nan nan nan nan nan nan nan nan nan nan nan
 nan nan nan nan nan nan nan nan nan nan nan nan nan nan nan nan nan nan
 nan nan nan nan nan nan nan nan nan nan nan nan nan nan nan nan nan nan
 nan nan nan nan nan nan nan nan nan nan nan nan nan nan nan nan nan nan
 nan]
WARNING - Chunk 59:
WARNING - NaN values detected in your input data or the output of your objective/model function - fitting algorithms cannot handle this! Please read https://lmfit.github.io/lmfit-py/faq.html#i-get-errors-from-nan-in-my-fit-what-can-i-do for more information.
ERROR - NaN value detected in oversampled model function.
ERROR - <ParameterSet (values: 17)>
    cont_intercept  =  15670.531156484805
    cont_slope      =  0.7615746387607829
    iod_depth       =  0.7978469513446451
    lsf_left_1      =  3.8936420891546453
    lsf_left_2      =  -18.694858638879417
    lsf_left_3      =  5.32826778393252
    lsf_left_4      =  -2.609784159403319
    lsf_left_5      =  0.3295355399497061
    lsf_right1      =  4.19760415159598
    lsf_right2      =  -15.072759826522535
    lsf_right3      =  2.0699055290601716
    lsf_right4      =  -0.880487827241641
    lsf_right5      =  0.14153890211985326
    tem_depth       =  0.9974205514315844
    velocity        =  -2297.343327676455
    wave_intercept  =  5236.9878598720725
    wave_slope      =  0.014094180297452812
ERROR - Evaluated LSF:
ERROR - [nan nan nan nan nan nan nan nan nan nan nan nan nan nan nan nan nan nan
 nan nan nan nan nan nan nan nan nan nan nan nan nan nan nan nan nan nan
 nan nan nan nan nan nan nan nan nan nan nan nan nan nan nan nan nan nan
 nan nan nan nan nan nan nan nan nan nan nan nan nan nan nan nan nan nan
 nan]
WARNING - Chunk 66:
WARNING - NaN values detected in your input data or the output of your objective/model function - fitting algorithms cannot handle this! Please read https://lmfit.github.io/lmfit-py/faq.html#i-get-errors-from-nan-in-my-fit-what-can-i-do for more information.
ERROR - NaN value detected in oversampled model function.
ERROR - <ParameterSet (values: 17)>
    cont_intercept  =  14130.29998208784
    cont_slope      =  -4.173415589955903
    iod_depth       =  0.7247677764262263
    lsf_left_1      =  2.624644884693553
    lsf_left_2      =  -13.048988621985735
    lsf_left_3      =  2.308455743565503
    lsf_left_4      =  -2.330559224703907
    lsf_left_5      =  0.612133177159419
    lsf_right1      =  7.093893104732783
    lsf_right2      =  -11.525658025957433
    lsf_right3      =  1.5103269536045423
    lsf_right4      =  -2.148075565852656
    lsf_right5      =  1.0307375973433248
    tem_depth       =  0.9868602908956523
    velocity        =  -1856.8701227798883
    wave_intercept  =  5244.180614050128
    wave_slope      =  0.013528548869442877
ERROR - Evaluated LSF:
ERROR - [nan nan nan nan nan nan nan nan nan nan nan nan nan nan nan nan nan nan
 nan nan nan nan nan nan nan nan nan nan nan nan nan nan nan nan nan nan
 nan nan nan nan nan nan nan nan nan nan nan nan nan nan nan nan nan nan
 nan nan nan nan nan nan nan nan nan nan nan nan nan nan nan nan nan nan
 nan]
WARNING - Chunk 70:
WARNING - NaN values detected in your input data or the output of your objective/model function - fitting algorithms cannot handle this! Please read https://lmfit.github.io/lmfit-py/faq.html#i-get-errors-from-nan-in-my-fit-what-can-i-do for more information.
ERROR - NaN value detected in oversampled model function.
ERROR - <ParameterSet (values: 17)>
    cont_intercept  =  11216.956026726213
    cont_slope      =  -5.5651116804331
    iod_depth       =  0.6210465191969263
    lsf_left_1      =  3.744134579116433
    lsf_left_2      =  -16.37209707217422
    lsf_left_3      =  10.190281124555765
    lsf_left_4      =  -3.348104911470242
    lsf_left_5      =  0.14314625510623036
    lsf_right1      =  10.509607645842893
    lsf_right2      =  -18.64471814787732
    lsf_right3      =  2.2553405638873274
    lsf_right4      =  -2.6148827495116604
    lsf_right5      =  1.069323826600449
    tem_depth       =  0.9084125336894253
    velocity        =  -1745.8758895625656
    wave_intercept  =  5251.082154463849
    wave_slope      =  0.013014961196782308
ERROR - Evaluated LSF:
ERROR - [nan nan nan nan nan nan nan nan nan nan nan nan nan nan nan nan nan nan
 nan nan nan nan nan nan nan nan nan nan nan nan nan nan nan nan nan nan
 nan nan nan nan nan nan nan nan nan nan nan nan nan nan nan nan nan nan
 nan nan nan nan nan nan nan nan nan nan nan nan nan nan nan nan nan nan
 nan]
WARNING - Chunk 74:
WARNING - NaN values detected in your input data or the output of your objective/model function - fitting algorithms cannot handle this! Please read https://lmfit.github.io/lmfit-py/faq.html#i-get-errors-from-nan-in-my-fit-what-can-i-do for more information.
ERROR - NaN value detected in oversampled model function.
ERROR - <ParameterSet (values: 17)>
    cont_intercept  =  6094.806981755253
    cont_slope      =  8.588658943266136
    iod_depth       =  0.5656122984181944
    lsf_left_1      =  2.3203834268541295
    lsf_left_2      =  -19.38203533666129
    lsf_left_3      =  1.1688855835619827
    lsf_left_4      =  -0.843246967777088
    lsf_left_5      =  0.3397741364701111
    lsf_right1      =  2.8109964187516985
    lsf_right2      =  -15.174753418609761
    lsf_right3      =  10.256602116478634
    lsf_right4      =  -3.2179966725122346
    lsf_right5      =  0.40739518496024874
    tem_depth       =  0.8935968032677516
    velocity        =  -2523.3972628838046
    wave_intercept  =  5249.986464652868
    wave_slope      =  0.016696430862322743
ERROR - Evaluated LSF:
ERROR - [nan nan nan nan nan nan nan nan nan nan nan nan nan nan nan nan nan nan
 nan nan nan nan nan nan nan nan nan nan nan nan nan nan nan nan nan nan
 nan nan nan nan nan nan nan nan nan nan nan nan nan nan nan nan nan nan
 nan nan nan nan nan nan nan nan nan nan nan nan nan nan nan nan nan nan
 nan]
WARNING - Chunk 75:
WARNING - NaN values detected in your input data or the output of your objective/model function - fitting algorithms cannot handle this! Please read https://lmfit.github.io/lmfit-py/faq.html#i-get-errors-from-nan-in-my-fit-what-can-i-do for more information.
ERROR - Chunk 87: No Data! Returning LmfitResult with None.
ERROR - NaN value detected in oversampled model function.
ERROR - <ParameterSet (values: 17)>
    cont_intercept  =  6772.437554369368
    cont_slope      =  9.810339110832807
    iod_depth       =  0.618259061528458
    lsf_left_1      =  8.844625728471616
    lsf_left_2      =  -19.21198757537879
    lsf_left_3      =  8.481234392251826
    lsf_left_4      =  -3.280153741241794
    lsf_left_5      =  0.3779395827633033
    lsf_right1      =  2.974762698614011
    lsf_right2      =  -15.779666453720791
    lsf_right3      =  9.7289810134789
    lsf_right4      =  -3.292623289585964
    lsf_right5      =  0.6093737747072013
    tem_depth       =  0.9054849151196576
    velocity        =  -1583.1566167608764
    wave_intercept  =  5295.656744791474
    wave_slope      =  0.016949072683659826
ERROR - Evaluated LSF:
ERROR - [nan nan nan nan nan nan nan nan nan nan nan nan nan nan nan nan nan nan
 nan nan nan nan nan nan nan nan nan nan nan nan nan nan nan nan nan nan
 nan nan nan nan nan nan nan nan nan nan nan nan nan nan nan nan nan nan
 nan nan nan nan nan nan nan nan nan nan nan nan nan nan nan nan nan nan
 nan]
WARNING - Chunk 100:
WARNING - NaN values detected in your input data or the output of your objective/model function - fitting algorithms cannot handle this! Please read https://lmfit.github.io/lmfit-py/faq.html#i-get-errors-from-nan-in-my-fit-what-can-i-do for more information.
ERROR - NaN value detected in oversampled model function.
ERROR - <ParameterSet (values: 17)>
    cont_intercept  =  12914.254103142786
    cont_slope      =  4.3403056096388175
    iod_depth       =  0.9271882013222066
    lsf_left_1      =  3.2680572975664752
    lsf_left_2      =  -14.514288561206737
    lsf_left_3      =  2.256083560753713
    lsf_left_4      =  -0.9247616817688065
    lsf_left_5      =  0.17613858702264695
    lsf_right1      =  2.3460996750638565
    lsf_right2      =  -5.494605172138527
    lsf_right3      =  1.2002347415721963
    lsf_right4      =  -1.679028172321869
    lsf_right5      =  0.36957542164645907
    tem_depth       =  0.5980916232687905
    velocity        =  -11120.818312795289
    wave_intercept  =  5310.481619116412
    wave_slope      =  0.0157184853836849
ERROR - Evaluated LSF:
ERROR - [nan nan nan nan nan nan nan nan nan nan nan nan nan nan nan nan nan nan
 nan nan nan nan nan nan nan nan nan nan nan nan nan nan nan nan nan nan
 nan nan nan nan nan nan nan nan nan nan nan nan nan nan nan nan nan nan
 nan nan nan nan nan nan nan nan nan nan nan nan nan nan nan nan nan nan
 nan]
WARNING - Chunk 107:
WARNING - NaN values detected in your input data or the output of your objective/model function - fitting algorithms cannot handle this! Please read https://lmfit.github.io/lmfit-py/faq.html#i-get-errors-from-nan-in-my-fit-what-can-i-do for more information.
ERROR - NaN value detected in oversampled model function.
ERROR - <ParameterSet (values: 17)>
    cont_intercept  =  16736.47927430809
    cont_slope      =  5.044362912169553
    iod_depth       =  0.761004098111088
    lsf_left_1      =  2.165807086519928
    lsf_left_2      =  -19.30768499979773
    lsf_left_3      =  2.8336724543544523
    lsf_left_4      =  -3.944518354228042
    lsf_left_5      =  0.13765831236236484
    lsf_right1      =  3.205981724320101
    lsf_right2      =  -12.5572791359587
    lsf_right3      =  4.953697562124882
    lsf_right4      =  -3.787372975183539
    lsf_right5      =  0.8856091521723846
    tem_depth       =  0.9267982903005392
    velocity        =  -1687.7035595770124
    wave_intercept  =  5365.154847242561
    wave_slope      =  0.015275932542979116
ERROR - Evaluated LSF:
ERROR - [nan nan nan nan nan nan nan nan nan nan nan nan nan nan nan nan nan nan
 nan nan nan nan nan nan nan nan nan nan nan nan nan nan nan nan nan nan
 nan nan nan nan nan nan nan nan nan nan nan nan nan nan nan nan nan nan
 nan nan nan nan nan nan nan nan nan nan nan nan nan nan nan nan nan nan
 nan]
WARNING - Chunk 136:
WARNING - NaN values detected in your input data or the output of your objective/model function - fitting algorithms cannot handle this! Please read https://lmfit.github.io/lmfit-py/faq.html#i-get-errors-from-nan-in-my-fit-what-can-i-do for more information.
ERROR - NaN value detected in oversampled model function.
ERROR - <ParameterSet (values: 17)>
    cont_intercept  =  16236.159599425011
    cont_slope      =  7.573699739875824
    iod_depth       =  0.9963458935253767
    lsf_left_1      =  2.229700309428233
    lsf_left_2      =  -6.096717078730347
    lsf_left_3      =  5.213636434849618
    lsf_left_4      =  -3.122390651369189
    lsf_left_5      =  0.7049811010764211
    lsf_right1      =  2.319769566728785
    lsf_right2      =  -19.07343838524264
    lsf_right3      =  2.9727492072681514
    lsf_right4      =  -2.273551711561161
    lsf_right5      =  0.6705700637276912
    tem_depth       =  -0.26130542478034496
    velocity        =  -16297.660053565145
    wave_intercept  =  5551.872463186014
    wave_slope      =  0.01645045164713031
ERROR - Evaluated LSF:
ERROR - [nan nan nan nan nan nan nan nan nan nan nan nan nan nan nan nan nan nan
 nan nan nan nan nan nan nan nan nan nan nan nan nan nan nan nan nan nan
 nan nan nan nan nan nan nan nan nan nan nan nan nan nan nan nan nan nan
 nan nan nan nan nan nan nan nan nan nan nan nan nan nan nan nan nan nan
 nan]
WARNING - Chunk 232:
WARNING - NaN values detected in your input data or the output of your objective/model function - fitting algorithms cannot handle this! Please read https://lmfit.github.io/lmfit-py/faq.html#i-get-errors-from-nan-in-my-fit-what-can-i-do for more information.
ERROR - NaN value detected in oversampled model function.
ERROR - <ParameterSet (values: 17)>
    cont_intercept  =  10546.802339893607
    cont_slope      =  10.131826369005442
    iod_depth       =  0.7444657771540205
    lsf_left_1      =  2.3200923535563502
    lsf_left_2      =  -15.355288138103315
    lsf_left_3      =  8.114689625346028
    lsf_left_4      =  -3.8576227077118412
    lsf_left_5      =  0.8357970812769274
    lsf_right1      =  2.4638025043816567
    lsf_right2      =  -17.988353043885947
    lsf_right3      =  1.3065739547678907
    lsf_right4      =  -3.9602206531666964
    lsf_right5      =  0.1484287716268975
    tem_depth       =  0.8848441769670756
    velocity        =  -2126.4981887693893
    wave_intercept  =  5591.754999003821
    wave_slope      =  0.017436497368647018
ERROR - Evaluated LSF:
ERROR - [nan nan nan nan nan nan nan nan nan nan nan nan nan nan nan nan nan nan
 nan nan nan nan nan nan nan nan nan nan nan nan nan nan nan nan nan nan
 nan nan nan nan nan nan nan nan nan nan nan nan nan nan nan nan nan nan
 nan nan nan nan nan nan nan nan nan nan nan nan nan nan nan nan nan nan
 nan]
WARNING - Chunk 252:
WARNING - NaN values detected in your input data or the output of your objective/model function - fitting algorithms cannot handle this! Please read https://lmfit.github.io/lmfit-py/faq.html#i-get-errors-from-nan-in-my-fit-what-can-i-do for more information.
ERROR - NaN value detected in oversampled model function.
ERROR - <ParameterSet (values: 17)>
    cont_intercept  =  18680.80537495996
    cont_slope      =  -4.58489256889037
    iod_depth       =  0.8346302154567371
    lsf_left_1      =  2.9471633086972933
    lsf_left_2      =  -19.34855435789456
    lsf_left_3      =  10.27320141216814
    lsf_left_4      =  -2.646852440320429
    lsf_left_5      =  0.37030482701484324
    lsf_right1      =  2.908018196631655
    lsf_right2      =  -16.722731876851018
    lsf_right3      =  9.107516293193134
    lsf_right4      =  -3.209854006647534
    lsf_right5      =  0.23650365197080597
    tem_depth       =  1.0226057618708697
    velocity        =  -1199.51567135928
    wave_intercept  =  5627.164850232572
    wave_slope      =  0.014659563159410775
ERROR - Evaluated LSF:
ERROR - [nan nan nan nan nan nan nan nan nan nan nan nan nan nan nan nan nan nan
 nan nan nan nan nan nan nan nan nan nan nan nan nan nan nan nan nan nan
 nan nan nan nan nan nan nan nan nan nan nan nan nan nan nan nan nan nan
 nan nan nan nan nan nan nan nan nan nan nan nan nan nan nan nan nan nan
 nan]
WARNING - Chunk 269:
WARNING - NaN values detected in your input data or the output of your objective/model function - fitting algorithms cannot handle this! Please read https://lmfit.github.io/lmfit-py/faq.html#i-get-errors-from-nan-in-my-fit-what-can-i-do for more information.
ERROR - Chunk 286: No Data! Returning LmfitResult with None.
ERROR - NaN value detected in oversampled model function.
ERROR - <ParameterSet (values: 17)>
    cont_intercept  =  21963.703481360346
    cont_slope      =  -5.366004798137289
    iod_depth       =  0.9016907209792672
    lsf_left_1      =  3.2424039698762948
    lsf_left_2      =  -11.600001688114656
    lsf_left_3      =  2.625711182975394
    lsf_left_4      =  -1.3109747131878682
    lsf_left_5      =  0.6297417595634353
    lsf_right1      =  3.715100365888218
    lsf_right2      =  -19.1879091909314
    lsf_right3      =  1.4206946579392563
    lsf_right4      =  -2.0951595698758423
    lsf_right5      =  1.167998200119745
    tem_depth       =  0.971235674410829
    velocity        =  -1733.2915016289162
    wave_intercept  =  5675.372188945258
    wave_slope      =  0.015102897619814815
ERROR - Evaluated LSF:
ERROR - [nan nan nan nan nan nan nan nan nan nan nan nan nan nan nan nan nan nan
 nan nan nan nan nan nan nan nan nan nan nan nan nan nan nan nan nan nan
 nan nan nan nan nan nan nan nan nan nan nan nan nan nan nan nan nan nan
 nan nan nan nan nan nan nan nan nan nan nan nan nan nan nan nan nan nan
 nan]
WARNING - Chunk 292:
WARNING - NaN values detected in your input data or the output of your objective/model function - fitting algorithms cannot handle this! Please read https://lmfit.github.io/lmfit-py/faq.html#i-get-errors-from-nan-in-my-fit-what-can-i-do for more information.
ERROR - NaN value detected in oversampled model function.
ERROR - <ParameterSet (values: 17)>
    cont_intercept  =  19854.37108771217
    cont_slope      =  2.8310818563376254
    iod_depth       =  0.8610603500229921
    lsf_left_1      =  3.071325243731724
    lsf_left_2      =  -19.385732706911757
    lsf_left_3      =  1.4262494229873932
    lsf_left_4      =  -2.0125722453052677
    lsf_left_5      =  0.8411039286353309
    lsf_right1      =  3.6369276034801388
    lsf_right2      =  -16.34086075785345
    lsf_right3      =  8.224515097472427
    lsf_right4      =  -2.546512465397538
    lsf_right5      =  0.42450732373784733
    tem_depth       =  0.9893339468425688
    velocity        =  -1882.3289796169395
    wave_intercept  =  5714.020988194129
    wave_slope      =  0.01638701477378691
ERROR - Evaluated LSF:
ERROR - [nan nan nan nan nan nan nan nan nan nan nan nan nan nan nan nan nan nan
 nan nan nan nan nan nan nan nan nan nan nan nan nan nan nan nan nan nan
 nan nan nan nan nan nan nan nan nan nan nan nan nan nan nan nan nan nan
 nan nan nan nan nan nan nan nan nan nan nan nan nan nan nan nan nan nan
 nan]
WARNING - Chunk 310:
WARNING - NaN values detected in your input data or the output of your objective/model function - fitting algorithms cannot handle this! Please read https://lmfit.github.io/lmfit-py/faq.html#i-get-errors-from-nan-in-my-fit-what-can-i-do for more information.
ERROR - NaN value detected in oversampled model function.
ERROR - <ParameterSet (values: 17)>
    cont_intercept  =  12501.36910302437
    cont_slope      =  8.315210774060544
    iod_depth       =  0.785030689306455
    lsf_left_1      =  5.441375223348192
    lsf_left_2      =  -18.566031109255828
    lsf_left_3      =  3.0090526933930377
    lsf_left_4      =  -0.6061915145719778
    lsf_left_5      =  0.3012303806965257
    lsf_right1      =  3.1501186601751003
    lsf_right2      =  -11.548634783918319
    lsf_right3      =  8.931620509261872
    lsf_right4      =  -3.6996736795531744
    lsf_right5      =  0.4853666526018563
    tem_depth       =  1.1654756382831772
    velocity        =  -2300.1854262013644
    wave_intercept  =  5750.019199539124
    wave_slope      =  0.018141436008120404
ERROR - Evaluated LSF:
ERROR - [nan nan nan nan nan nan nan nan nan nan nan nan nan nan nan nan nan nan
 nan nan nan nan nan nan nan nan nan nan nan nan nan nan nan nan nan nan
 nan nan nan nan nan nan nan nan nan nan nan nan nan nan nan nan nan nan
 nan nan nan nan nan nan nan nan nan nan nan nan nan nan nan nan nan nan
 nan]
WARNING - Chunk 327:
WARNING - NaN values detected in your input data or the output of your objective/model function - fitting algorithms cannot handle this! Please read https://lmfit.github.io/lmfit-py/faq.html#i-get-errors-from-nan-in-my-fit-what-can-i-do for more information.
ERROR - NaN value detected in oversampled model function.
ERROR - <ParameterSet (values: 17)>
    cont_intercept  =  18027.699742605102
    cont_slope      =  4.309066622180909
    iod_depth       =  0.8896027000527726
    lsf_left_1      =  4.842928860876732
    lsf_left_2      =  -18.811981264094943
    lsf_left_3      =  5.009373652947026
    lsf_left_4      =  -2.176569810157178
    lsf_left_5      =  0.9595591535582688
    lsf_right1      =  7.506505560566938
    lsf_right2      =  -18.072569797610658
    lsf_right3      =  2.0845555441611614
    lsf_right4      =  -1.062095837235542
    lsf_right5      =  0.14303447727144625
    tem_depth       =  0.1036378009692216
    velocity        =  -17751.285369325884
    wave_intercept  =  5759.152560071118
    wave_slope      =  0.01719971463664215
ERROR - Evaluated LSF:
ERROR - [nan nan nan nan nan nan nan nan nan nan nan nan nan nan nan nan nan nan
 nan nan nan nan nan nan nan nan nan nan nan nan nan nan nan nan nan nan
 nan nan nan nan nan nan nan nan nan nan nan nan nan nan nan nan nan nan
 nan nan nan nan nan nan nan nan nan nan nan nan nan nan nan nan nan nan
 nan]
WARNING - Chunk 331:
WARNING - NaN values detected in your input data or the output of your objective/model function - fitting algorithms cannot handle this! Please read https://lmfit.github.io/lmfit-py/faq.html#i-get-errors-from-nan-in-my-fit-what-can-i-do for more information.
ERROR - Chunk 343: No Data! Returning LmfitResult with None.
ERROR - NaN value detected in oversampled model function.
ERROR - <ParameterSet (values: 17)>
    cont_intercept  =  25121.723088735733
    cont_slope      =  0.16214675694846986
    iod_depth       =  0.8996623550746479
    lsf_left_1      =  12.281585249884698
    lsf_left_2      =  -19.255015527816276
    lsf_left_3      =  4.810211608129986
    lsf_left_4      =  -2.7328454478460023
    lsf_left_5      =  0.15818247458022036
    lsf_right1      =  3.1365532754139203
    lsf_right2      =  -19.350447663227918
    lsf_right3      =  2.383321410254602
    lsf_right4      =  -3.943643038943373
    lsf_right5      =  0.5383530319321196
    tem_depth       =  0.9362255192476115
    velocity        =  -1424.6330532810969
    wave_intercept  =  5831.370086809931
    wave_slope      =  0.016042592381358307
ERROR - Evaluated LSF:
ERROR - [nan nan nan nan nan nan nan nan nan nan nan nan nan nan nan nan nan nan
 nan nan nan nan nan nan nan nan nan nan nan nan nan nan nan nan nan nan
 nan nan nan nan nan nan nan nan nan nan nan nan nan nan nan nan nan nan
 nan nan nan nan nan nan nan nan nan nan nan nan nan nan nan nan nan nan
 nan]
WARNING - Chunk 364:
WARNING - NaN values detected in your input data or the output of your objective/model function - fitting algorithms cannot handle this! Please read https://lmfit.github.io/lmfit-py/faq.html#i-get-errors-from-nan-in-my-fit-what-can-i-do for more information.
ERROR - NaN value detected in oversampled model function.
ERROR - <ParameterSet (values: 17)>
    cont_intercept  =  24943.921074854356
    cont_slope      =  5.428742719936171
    iod_depth       =  0.6918973009265209
    lsf_left_1      =  2.2446082426268554
    lsf_left_2      =  -16.569517071815373
    lsf_left_3      =  1.3181703110417105
    lsf_left_4      =  -3.883413851452198
    lsf_left_5      =  0.6980905400165549
    lsf_right1      =  8.468921624640409
    lsf_right2      =  -19.349768434624806
    lsf_right3      =  2.5324868338293127
    lsf_right4      =  -3.6806112496962102
    lsf_right5      =  1.1357374990307298
    tem_depth       =  0.07039607361321687
    velocity        =  -26625.944127110815
    wave_intercept  =  5835.499845133538
    wave_slope      =  0.01574334243428316
ERROR - Evaluated LSF:
ERROR - [nan nan nan nan nan nan nan nan nan nan nan nan nan nan nan nan nan nan
 nan nan nan nan nan nan nan nan nan nan nan nan nan nan nan nan nan nan
 nan nan nan nan nan nan nan nan nan nan nan nan nan nan nan nan nan nan
 nan nan nan nan nan nan nan nan nan nan nan nan nan nan nan nan nan nan
 nan]
WARNING - Chunk 366:
WARNING - NaN values detected in your input data or the output of your objective/model function - fitting algorithms cannot handle this! Please read https://lmfit.github.io/lmfit-py/faq.html#i-get-errors-from-nan-in-my-fit-what-can-i-do for more information.
ERROR - NaN value detected in oversampled model function.
ERROR - <ParameterSet (values: 17)>
    cont_intercept  =  11084.45779462534
    cont_slope      =  12.835478085385576
    iod_depth       =  0.7522302575860966
    lsf_left_1      =  2.1486142602753335
    lsf_left_2      =  -18.213676138176776
    lsf_left_3      =  1.7701265012755178
    lsf_left_4      =  -0.6730595563733397
    lsf_left_5      =  0.21715865894051545
    lsf_right1      =  8.792825293262794
    lsf_right2      =  -15.292209916383868
    lsf_right3      =  4.7404296013622
    lsf_right4      =  -3.551862444581735
    lsf_right5      =  0.27949309395525995
    tem_depth       =  1.136686074694063
    velocity        =  -1880.363237546184
    wave_intercept  =  5855.799144782238
    wave_slope      =  0.0186252583529346
ERROR - Evaluated LSF:
ERROR - [nan nan nan nan nan nan nan nan nan nan nan nan nan nan nan nan nan nan
 nan nan nan nan nan nan nan nan nan nan nan nan nan nan nan nan nan nan
 nan nan nan nan nan nan nan nan nan nan nan nan nan nan nan nan nan nan
 nan nan nan nan nan nan nan nan nan nan nan nan nan nan nan nan nan nan
 nan]
WARNING - Chunk 375:
WARNING - NaN values detected in your input data or the output of your objective/model function - fitting algorithms cannot handle this! Please read https://lmfit.github.io/lmfit-py/faq.html#i-get-errors-from-nan-in-my-fit-what-can-i-do for more information.
ERROR - NaN value detected in oversampled model function.
ERROR - <ParameterSet (values: 17)>
    cont_intercept  =  23309.289079776307
    cont_slope      =  -0.08095534730579115
    iod_depth       =  0.24280678432852668
    lsf_left_1      =  13.885670973415344
    lsf_left_2      =  -19.385824920576585
    lsf_left_3      =  1.1429420891522903
    lsf_left_4      =  -3.9110981613978493
    lsf_left_5      =  0.22186576420452364
    lsf_right1      =  2.1120328107228357
    lsf_right2      =  -17.12149137921939
    lsf_right3      =  1.1963489722069023
    lsf_right4      =  -1.955493737777085
    lsf_right5      =  1.0650244434131588
    tem_depth       =  1.453427678723031
    velocity        =  -2627.508983520128
    wave_intercept  =  5874.4249856148335
    wave_slope      =  0.01742187369399822
ERROR - Evaluated LSF:
ERROR - [nan nan nan nan nan nan nan nan nan nan nan nan nan nan nan nan nan nan
 nan nan nan nan nan nan nan nan nan nan nan nan nan nan nan nan nan nan
 nan nan nan nan nan nan nan nan nan nan nan nan nan nan nan nan nan nan
 nan nan nan nan nan nan nan nan nan nan nan nan nan nan nan nan nan nan
 nan]
WARNING - Chunk 383:
WARNING - NaN values detected in your input data or the output of your objective/model function - fitting algorithms cannot handle this! Please read https://lmfit.github.io/lmfit-py/faq.html#i-get-errors-from-nan-in-my-fit-what-can-i-do for more information.
ERROR - NaN value detected in oversampled model function.
ERROR - <ParameterSet (values: 17)>
    cont_intercept  =  24256.286345773744
    cont_slope      =  -2.999634972435438
    iod_depth       =  0.8734220174558989
    lsf_left_1      =  2.210069230484786
    lsf_left_2      =  -17.26390209102619
    lsf_left_3      =  9.868788981389322
    lsf_left_4      =  -3.4333510576263344
    lsf_left_5      =  0.5541910604765763
    lsf_right1      =  3.358505737631018
    lsf_right2      =  -19.384073679862666
    lsf_right3      =  10.272780238887085
    lsf_right4      =  -2.2907859883060584
    lsf_right5      =  0.3153974922411529
    tem_depth       =  1.0610831786445585
    velocity        =  -1761.405805965179
    wave_intercept  =  5881.028007197518
    wave_slope      =  0.01664505008176167
ERROR - Evaluated LSF:
ERROR - [nan nan nan nan nan nan nan nan nan nan nan nan nan nan nan nan nan nan
 nan nan nan nan nan nan nan nan nan nan nan nan nan nan nan nan nan nan
 nan nan nan nan nan nan nan nan nan nan nan nan nan nan nan nan nan nan
 nan nan nan nan nan nan nan nan nan nan nan nan nan nan nan nan nan nan
 nan]
WARNING - Chunk 386:
WARNING - NaN values detected in your input data or the output of your objective/model function - fitting algorithms cannot handle this! Please read https://lmfit.github.io/lmfit-py/faq.html#i-get-errors-from-nan-in-my-fit-what-can-i-do for more information.
ERROR - NaN value detected in oversampled model function.
ERROR - <ParameterSet (values: 17)>
    cont_intercept  =  21616.455534236982
    cont_slope      =  -7.359106464902933
    iod_depth       =  0.799931975866228
    lsf_left_1      =  5.673042547039189
    lsf_left_2      =  -18.69712123461382
    lsf_left_3      =  1.141724776502915
    lsf_left_4      =  -2.0859888248754848
    lsf_left_5      =  0.6130087279588923
    lsf_right1      =  2.1071960118308337
    lsf_right2      =  -5.946743321846419
    lsf_right3      =  6.395505110218949
    lsf_right4      =  -3.9641424513202894
    lsf_right5      =  0.9888051917126525
    tem_depth       =  1.027462925859287
    velocity        =  -1985.688329556905
    wave_intercept  =  5899.679621368552
    wave_slope      =  0.015412819011693304
ERROR - Evaluated LSF:
ERROR - [nan nan nan nan nan nan nan nan nan nan nan nan nan nan nan nan nan nan
 nan nan nan nan nan nan nan nan nan nan nan nan nan nan nan nan nan nan
 nan nan nan nan nan nan nan nan nan nan nan nan nan nan nan nan nan nan
 nan nan nan nan nan nan nan nan nan nan nan nan nan nan nan nan nan nan
 nan]
WARNING - Chunk 395:
WARNING - NaN values detected in your input data or the output of your objective/model function - fitting algorithms cannot handle this! Please read https://lmfit.github.io/lmfit-py/faq.html#i-get-errors-from-nan-in-my-fit-what-can-i-do for more information.
ERROR - NaN value detected in oversampled model function.
ERROR - <ParameterSet (values: 17)>
    cont_intercept  =  25779.253003662485
    cont_slope      =  22.60461530254229
    iod_depth       =  0.6669356946157866
    lsf_left_1      =  8.182217738198622
    lsf_left_2      =  -16.424501055847845
    lsf_left_3      =  5.321042923284342
    lsf_left_4      =  -3.41632884420967
    lsf_left_5      =  0.5629095611065996
    lsf_right1      =  2.1384384400489975
    lsf_right2      =  -17.880962267977534
    lsf_right3      =  3.0195164075329384
    lsf_right4      =  -0.7140474093090488
    lsf_right5      =  0.3516461878717807
    tem_depth       =  -0.08285579563913989
    velocity        =  -13006.616785447979
    wave_intercept  =  5942.478176153534
    wave_slope      =  0.016409016634351348
ERROR - Evaluated LSF:
ERROR - [nan nan nan nan nan nan nan nan nan nan nan nan nan nan nan nan nan nan
 nan nan nan nan nan nan nan nan nan nan nan nan nan nan nan nan nan nan
 nan nan nan nan nan nan nan nan nan nan nan nan nan nan nan nan nan nan
 nan nan nan nan nan nan nan nan nan nan nan nan nan nan nan nan nan nan
 nan]
WARNING - Chunk 413:
WARNING - NaN values detected in your input data or the output of your objective/model function - fitting algorithms cannot handle this! Please read https://lmfit.github.io/lmfit-py/faq.html#i-get-errors-from-nan-in-my-fit-what-can-i-do for more information.
ERROR - NaN value detected in oversampled model function.
ERROR - <ParameterSet (values: 17)>
    cont_intercept  =  21615.779279022587
    cont_slope      =  -4.658275879856838
    iod_depth       =  0.8138504123503544
    lsf_left_1      =  2.60854078303508
    lsf_left_2      =  -10.415936209352461
    lsf_left_3      =  7.216158215206813
    lsf_left_4      =  -3.1326475863321273
    lsf_left_5      =  0.1344585343353352
    lsf_right1      =  3.391609077048611
    lsf_right2      =  -19.171837701213086
    lsf_right3      =  4.842225863982567
    lsf_right4      =  -3.8284201541427665
    lsf_right5      =  0.29358277767685825
    tem_depth       =  0.9647104201303748
    velocity        =  -1810.048490116861
    wave_intercept  =  5956.954907663901
    wave_slope      =  0.015380588893603667
ERROR - Evaluated LSF:
ERROR - [nan nan nan nan nan nan nan nan nan nan nan nan nan nan nan nan nan nan
 nan nan nan nan nan nan nan nan nan nan nan nan nan nan nan nan nan nan
 nan nan nan nan nan nan nan nan nan nan nan nan nan nan nan nan nan nan
 nan nan nan nan nan nan nan nan nan nan nan nan nan nan nan nan nan nan
 nan]
WARNING - Chunk 420:
WARNING - NaN values detected in your input data or the output of your objective/model function - fitting algorithms cannot handle this! Please read https://lmfit.github.io/lmfit-py/faq.html#i-get-errors-from-nan-in-my-fit-what-can-i-do for more information.
ERROR - NaN value detected in oversampled model function.
ERROR - <ParameterSet (values: 17)>
    cont_intercept  =  22962.69934104747
    cont_slope      =  9.621276158527179
    iod_depth       =  0.7846988530306162
    lsf_left_1      =  2.2767698063407544
    lsf_left_2      =  -9.146298813512857
    lsf_left_3      =  2.170076456580543
    lsf_left_4      =  -2.3738080445147354
    lsf_left_5      =  0.19099456018671734
    lsf_right1      =  4.7862829924867505
    lsf_right2      =  -16.762533458462556
    lsf_right3      =  5.830669943561406
    lsf_right4      =  -3.93251041168059
    lsf_right5      =  1.1916842872500353
    tem_depth       =  0.9482744068583374
    velocity        =  -2242.3610662717942
    wave_intercept  =  5987.3136198854
    wave_slope      =  0.017610707531135052
ERROR - Evaluated LSF:
ERROR - [nan nan nan nan nan nan nan nan nan nan nan nan nan nan nan nan nan nan
 nan nan nan nan nan nan nan nan nan nan nan nan nan nan nan nan nan nan
 nan nan nan nan nan nan nan nan nan nan nan nan nan nan nan nan nan nan
 nan nan nan nan nan nan nan nan nan nan nan nan nan nan nan nan nan nan
 nan]
WARNING - Chunk 432:
WARNING - NaN values detected in your input data or the output of your objective/model function - fitting algorithms cannot handle this! Please read https://lmfit.github.io/lmfit-py/faq.html#i-get-errors-from-nan-in-my-fit-what-can-i-do for more information.
ERROR - NaN value detected in oversampled model function.
ERROR - <ParameterSet (values: 17)>
    cont_intercept  =  24666.316525850838
    cont_slope      =  7.61142494503736
    iod_depth       =  0.7431898566643478
    lsf_left_1      =  5.364236006265743
    lsf_left_2      =  -19.120565285329665
    lsf_left_3      =  1.1504890967408223
    lsf_left_4      =  -1.3919768195502358
    lsf_left_5      =  0.2982880993712384
    lsf_right1      =  2.1081323797173424
    lsf_right2      =  -19.074287805912274
    lsf_right3      =  3.685592723128274
    lsf_right4      =  -1.1968947772209657
    lsf_right5      =  0.6015107899126819
    tem_depth       =  1.4328131865427574
    velocity        =  -5149.164291893794
    wave_intercept  =  5991.936038867139
    wave_slope      =  0.01671987726420239
ERROR - Evaluated LSF:
ERROR - [nan nan nan nan nan nan nan nan nan nan nan nan nan nan nan nan nan nan
 nan nan nan nan nan nan nan nan nan nan nan nan nan nan nan nan nan nan
 nan nan nan nan nan nan nan nan nan nan nan nan nan nan nan nan nan nan
 nan nan nan nan nan nan nan nan nan nan nan nan nan nan nan nan nan nan
 nan]
WARNING - Chunk 434:
WARNING - NaN values detected in your input data or the output of your objective/model function - fitting algorithms cannot handle this! Please read https://lmfit.github.io/lmfit-py/faq.html#i-get-errors-from-nan-in-my-fit-what-can-i-do for more information.
ERROR - NaN value detected in oversampled model function.
ERROR - <ParameterSet (values: 17)>
    cont_intercept  =  24904.31359392516
    cont_slope      =  -2.080244523428086
    iod_depth       =  0.8187925845438747
    lsf_left_1      =  4.0520595359676665
    lsf_left_2      =  -18.992316718478616
    lsf_left_3      =  3.0413260594905136
    lsf_left_4      =  -3.337006028420241
    lsf_left_5      =  0.1628725945537998
    lsf_right1      =  2.24341953693242
    lsf_right2      =  -19.383381237911312
    lsf_right3      =  7.72421128834012
    lsf_right4      =  -3.551313521003185
    lsf_right5      =  1.1662817826278578
    tem_depth       =  0.9973575741780022
    velocity        =  -1594.0843167968803
    wave_intercept  =  6002.874222397621
    wave_slope      =  0.01662678190130907
ERROR - Evaluated LSF:
ERROR - [nan nan nan nan nan nan nan nan nan nan nan nan nan nan nan nan nan nan
 nan nan nan nan nan nan nan nan nan nan nan nan nan nan nan nan nan nan
 nan nan nan nan nan nan nan nan nan nan nan nan nan nan nan nan nan nan
 nan nan nan nan nan nan nan nan nan nan nan nan nan nan nan nan nan nan
 nan]
WARNING - Chunk 439:
WARNING - NaN values detected in your input data or the output of your objective/model function - fitting algorithms cannot handle this! Please read https://lmfit.github.io/lmfit-py/faq.html#i-get-errors-from-nan-in-my-fit-what-can-i-do for more information.
ERROR - NaN value detected in oversampled model function.
ERROR - <ParameterSet (values: 17)>
    cont_intercept  =  24548.137538584528
    cont_slope      =  -5.543175854199447
    iod_depth       =  0.6014506605271575
    lsf_left_1      =  3.638645549264291
    lsf_left_2      =  -19.090284319208006
    lsf_left_3      =  5.337870525654019
    lsf_left_4      =  -1.3591935947324028
    lsf_left_5      =  0.28632427450447384
    lsf_right1      =  2.177681089263775
    lsf_right2      =  -13.105721476696472
    lsf_right3      =  6.787087070707352
    lsf_right4      =  -1.8745974976117439
    lsf_right5      =  0.3212567731528434
    tem_depth       =  0.9899276807282673
    velocity        =  -1753.0754878901723
    wave_intercept  =  6009.205402684944
    wave_slope      =  0.016078682693474868
ERROR - Evaluated LSF:
ERROR - [nan nan nan nan nan nan nan nan nan nan nan nan nan nan nan nan nan nan
 nan nan nan nan nan nan nan nan nan nan nan nan nan nan nan nan nan nan
 nan nan nan nan nan nan nan nan nan nan nan nan nan nan nan nan nan nan
 nan nan nan nan nan nan nan nan nan nan nan nan nan nan nan nan nan nan
 nan]
WARNING - Chunk 442:
WARNING - NaN values detected in your input data or the output of your objective/model function - fitting algorithms cannot handle this! Please read https://lmfit.github.io/lmfit-py/faq.html#i-get-errors-from-nan-in-my-fit-what-can-i-do for more information.
ERROR - Chunk 444: No Data! Returning LmfitResult with None.
ERROR - NaN value detected in oversampled model function.
ERROR - <ParameterSet (values: 17)>
    cont_intercept  =  22449.311095171997
    cont_slope      =  -6.544627910674335
    iod_depth       =  0.17900647829149663
    lsf_left_1      =  3.752292433994704
    lsf_left_2      =  -19.374145129965715
    lsf_left_3      =  8.680763388862268
    lsf_left_4      =  -3.963938126591618
    lsf_left_5      =  0.6265680093391375
    lsf_right1      =  11.906105923428585
    lsf_right2      =  -19.384183913984096
    lsf_right3      =  4.066040520093189
    lsf_right4      =  -0.8075130806653235
    lsf_right5      =  0.22241209376445897
    tem_depth       =  0.9767937111402457
    velocity        =  -1698.047422960028
    wave_intercept  =  6017.369902528239
    wave_slope      =  0.01567408822038177
ERROR - Evaluated LSF:
ERROR - [nan nan nan nan nan nan nan nan nan nan nan nan nan nan nan nan nan nan
 nan nan nan nan nan nan nan nan nan nan nan nan nan nan nan nan nan nan
 nan nan nan nan nan nan nan nan nan nan nan nan nan nan nan nan nan nan
 nan nan nan nan nan nan nan nan nan nan nan nan nan nan nan nan nan nan
 nan]
WARNING - Chunk 446:
WARNING - NaN values detected in your input data or the output of your objective/model function - fitting algorithms cannot handle this! Please read https://lmfit.github.io/lmfit-py/faq.html#i-get-errors-from-nan-in-my-fit-what-can-i-do for more information.
ERROR - NaN value detected in oversampled model function.
ERROR - <ParameterSet (values: 17)>
    cont_intercept  =  25884.871711576932
    cont_slope      =  -3.431401509951269
    iod_depth       =  0.7475853652794678
    lsf_left_1      =  5.430467863740448
    lsf_left_2      =  -10.405904854659692
    lsf_left_3      =  1.8510168548346377
    lsf_left_4      =  -2.056328829963687
    lsf_left_5      =  0.5224724344928349
    lsf_right1      =  5.263110953222149
    lsf_right2      =  -18.45268860810387
    lsf_right3      =  2.2866468617359645
    lsf_right4      =  -3.7420718601024774
    lsf_right5      =  0.9290775324199871
    tem_depth       =  -0.30809177445471647
    velocity        =  -12275.558834895133
    wave_intercept  =  6053.466231421489
    wave_slope      =  0.017363196576154774
ERROR - Evaluated LSF:
ERROR - [nan nan nan nan nan nan nan nan nan nan nan nan nan nan nan nan nan nan
 nan nan nan nan nan nan nan nan nan nan nan nan nan nan nan nan nan nan
 nan nan nan nan nan nan nan nan nan nan nan nan nan nan nan nan nan nan
 nan nan nan nan nan nan nan nan nan nan nan nan nan nan nan nan nan nan
 nan]
WARNING - Chunk 460:
WARNING - NaN values detected in your input data or the output of your objective/model function - fitting algorithms cannot handle this! Please read https://lmfit.github.io/lmfit-py/faq.html#i-get-errors-from-nan-in-my-fit-what-can-i-do for more information.
ERROR - NaN value detected in oversampled model function.
ERROR - <ParameterSet (values: 17)>
    cont_intercept  =  19392.122609367183
    cont_slope      =  5.912317331157088
    iod_depth       =  0.8100665484393119
    lsf_left_1      =  4.613828425746391
    lsf_left_2      =  -13.444388585378968
    lsf_left_3      =  1.1482320766213885
    lsf_left_4      =  -3.680835597710728
    lsf_left_5      =  0.2944668121764189
    lsf_right1      =  2.8630398066836698
    lsf_right2      =  -15.798478397653843
    lsf_right3      =  4.433178623012559
    lsf_right4      =  -2.429900777417128
    lsf_right5      =  0.19032096528409934
    tem_depth       =  0.9645930105690953
    velocity        =  -2414.391943965669
    wave_intercept  =  6102.323876988377
    wave_slope      =  0.018403041296518173
ERROR - Evaluated LSF:
ERROR - [nan nan nan nan nan nan nan nan nan nan nan nan nan nan nan nan nan nan
 nan nan nan nan nan nan nan nan nan nan nan nan nan nan nan nan nan nan
 nan nan nan nan nan nan nan nan nan nan nan nan nan nan nan nan nan nan
 nan nan nan nan nan nan nan nan nan nan nan nan nan nan nan nan nan nan
 nan]
WARNING - Chunk 480:
WARNING - NaN values detected in your input data or the output of your objective/model function - fitting algorithms cannot handle this! Please read https://lmfit.github.io/lmfit-py/faq.html#i-get-errors-from-nan-in-my-fit-what-can-i-do for more information.
ERROR - NaN value detected in oversampled model function.
ERROR - <ParameterSet (values: 17)>
    cont_intercept  =  21254.594784588393
    cont_slope      =  8.0759090749459
    iod_depth       =  0.6249154700783652
    lsf_left_1      =  4.047898434216629
    lsf_left_2      =  -11.141885269493347
    lsf_left_3      =  1.2557101344971786
    lsf_left_4      =  -0.535436196249186
    lsf_left_5      =  0.13458237727902989
    lsf_right1      =  2.1465726917514196
    lsf_right2      =  -19.383848793370724
    lsf_right3      =  5.877926121046311
    lsf_right4      =  -2.327642852344325
    lsf_right5      =  0.535055288652609
    tem_depth       =  0.993832318823281
    velocity        =  -1899.1578972365712
    wave_intercept  =  6104.713912724141
    wave_slope      =  0.01829611547729668
ERROR - Evaluated LSF:
ERROR - [nan nan nan nan nan nan nan nan nan nan nan nan nan nan nan nan nan nan
 nan nan nan nan nan nan nan nan nan nan nan nan nan nan nan nan nan nan
 nan nan nan nan nan nan nan nan nan nan nan nan nan nan nan nan nan nan
 nan nan nan nan nan nan nan nan nan nan nan nan nan nan nan nan nan nan
 nan]
WARNING - Chunk 481:
WARNING - NaN values detected in your input data or the output of your objective/model function - fitting algorithms cannot handle this! Please read https://lmfit.github.io/lmfit-py/faq.html#i-get-errors-from-nan-in-my-fit-what-can-i-do for more information.
ERROR - NaN value detected in oversampled model function.
ERROR - <ParameterSet (values: 17)>
    cont_intercept  =  26826.432093993484
    cont_slope      =  1.8542441611283946
    iod_depth       =  0.9811108664041593
    lsf_left_1      =  10.266689915793851
    lsf_left_2      =  -18.965615662765444
    lsf_left_3      =  8.065825960556273
    lsf_left_4      =  -3.950883444895
    lsf_left_5      =  0.1358346771980959
    lsf_right1      =  2.109102091144383
    lsf_right2      =  -19.306970720350133
    lsf_right3      =  3.70560666642659
    lsf_right4      =  -2.7944724916758554
    lsf_right5      =  0.18653165106221922
    tem_depth       =  0.7861005400424954
    velocity        =  -1932.9390568429055
    wave_intercept  =  6118.512789003684
    wave_slope      =  0.01718152598025832
ERROR - Evaluated LSF:
ERROR - [nan nan nan nan nan nan nan nan nan nan nan nan nan nan nan nan nan nan
 nan nan nan nan nan nan nan nan nan nan nan nan nan nan nan nan nan nan
 nan nan nan nan nan nan nan nan nan nan nan nan nan nan nan nan nan nan
 nan nan nan nan nan nan nan nan nan nan nan nan nan nan nan nan nan nan
 nan]
WARNING - Chunk 487:
WARNING - NaN values detected in your input data or the output of your objective/model function - fitting algorithms cannot handle this! Please read https://lmfit.github.io/lmfit-py/faq.html#i-get-errors-from-nan-in-my-fit-what-can-i-do for more information.
ERROR - NaN value detected in oversampled model function.
ERROR - <ParameterSet (values: 17)>
    cont_intercept  =  20647.877074434473
    cont_slope      =  -5.223869931054408
    iod_depth       =  0.4338829101372499
    lsf_left_1      =  2.7991474638045135
    lsf_left_2      =  -19.268729318989603
    lsf_left_3      =  1.4957002200745941
    lsf_left_4      =  -0.7775508741258186
    lsf_left_5      =  0.5306380894286744
    lsf_right1      =  2.1084947634249644
    lsf_right2      =  -13.462713422889227
    lsf_right3      =  5.342093857888776
    lsf_right4      =  -1.5330349377786816
    lsf_right5      =  0.45785734807303724
    tem_depth       =  0.990252503796434
    velocity        =  -2343.923049484373
    wave_intercept  =  6137.680791023526
    wave_slope      =  0.015699124393999456
ERROR - Evaluated LSF:
ERROR - [nan nan nan nan nan nan nan nan nan nan nan nan nan nan nan nan nan nan
 nan nan nan nan nan nan nan nan nan nan nan nan nan nan nan nan nan nan
 nan nan nan nan nan nan nan nan nan nan nan nan nan nan nan nan nan nan
 nan nan nan nan nan nan nan nan nan nan nan nan nan nan nan nan nan nan
 nan]
WARNING - Chunk 496:
WARNING - NaN values detected in your input data or the output of your objective/model function - fitting algorithms cannot handle this! Please read https://lmfit.github.io/lmfit-py/faq.html#i-get-errors-from-nan-in-my-fit-what-can-i-do for more information.
ERROR - NaN value detected in oversampled model function.
ERROR - <ParameterSet (values: 17)>
    cont_intercept  =  22599.106004347384
    cont_slope      =  -10.58954624464941
    iod_depth       =  0.15386738913515222
    lsf_left_1      =  2.2152411590504357
    lsf_left_2      =  -17.219984684739075
    lsf_left_3      =  8.800145254921297
    lsf_left_4      =  -3.9596720980717994
    lsf_left_5      =  0.794802725182358
    lsf_right1      =  2.2216022548005694
    lsf_right2      =  -19.329525996426156
    lsf_right3      =  1.1417550275685024
    lsf_right4      =  -3.937524546512796
    lsf_right5      =  0.16518411868835195
    tem_depth       =  0.8777632211343738
    velocity        =  -3489.7272429571576
    wave_intercept  =  6139.720443298623
    wave_slope      =  0.015531332966580165
ERROR - Evaluated LSF:
ERROR - [nan nan nan nan nan nan nan nan nan nan nan nan nan nan nan nan nan nan
 nan nan nan nan nan nan nan nan nan nan nan nan nan nan nan nan nan nan
 nan nan nan nan nan nan nan nan nan nan nan nan nan nan nan nan nan nan
 nan nan nan nan nan nan nan nan nan nan nan nan nan nan nan nan nan nan
 nan]
WARNING - Chunk 497:
WARNING - NaN values detected in your input data or the output of your objective/model function - fitting algorithms cannot handle this! Please read https://lmfit.github.io/lmfit-py/faq.html#i-get-errors-from-nan-in-my-fit-what-can-i-do for more information.
ERROR - NaN value detected in oversampled model function.
ERROR - <ParameterSet (values: 17)>
    cont_intercept  =  14903.253016994993
    cont_slope      =  14.829533954074911
    iod_depth       =  0.19112957038858727
    lsf_left_1      =  2.485678415218046
    lsf_left_2      =  -14.404691705141769
    lsf_left_3      =  4.817348764002919
    lsf_left_4      =  -2.526958652236598
    lsf_left_5      =  0.44404941946186793
    lsf_right1      =  6.318212104435699
    lsf_right2      =  -11.243278829626053
    lsf_right3      =  5.384240803034675
    lsf_right4      =  -2.604456383150697
    lsf_right5      =  0.18444065740082052
    tem_depth       =  1.1138139673581589
    velocity        =  -2412.1253731855895
    wave_intercept  =  6154.0872952368745
    wave_slope      =  0.019012289262524025
ERROR - Evaluated LSF:
ERROR - [nan nan nan nan nan nan nan nan nan nan nan nan nan nan nan nan nan nan
 nan nan nan nan nan nan nan nan nan nan nan nan nan nan nan nan nan nan
 nan nan nan nan nan nan nan nan nan nan nan nan nan nan nan nan nan nan
 nan nan nan nan nan nan nan nan nan nan nan nan nan nan nan nan nan nan
 nan]
WARNING - Chunk 501:
WARNING - NaN values detected in your input data or the output of your objective/model function - fitting algorithms cannot handle this! Please read https://lmfit.github.io/lmfit-py/faq.html#i-get-errors-from-nan-in-my-fit-what-can-i-do for more information.
ERROR - NaN value detected in oversampled model function.
ERROR - <ParameterSet (values: 17)>
    cont_intercept  =  18535.39781416195
    cont_slope      =  8.086443595411984
    iod_depth       =  0.6484623784000744
    lsf_left_1      =  2.107683562672083
    lsf_left_2      =  -16.950075944603704
    lsf_left_3      =  1.2354616368453737
    lsf_left_4      =  -1.296340238118086
    lsf_left_5      =  0.19211558180783841
    lsf_right1      =  9.16462965463753
    lsf_right2      =  -13.719788811905147
    lsf_right3      =  2.8749053309490034
    lsf_right4      =  -3.6774919882871275
    lsf_right5      =  0.1493889810043188
    tem_depth       =  0.9899397897864428
    velocity        =  -1757.1836053672387
    wave_intercept  =  6163.957189493278
    wave_slope      =  0.018610829956655608
ERROR - Evaluated LSF:
ERROR - [nan nan nan nan nan nan nan nan nan nan nan nan nan nan nan nan nan nan
 nan nan nan nan nan nan nan nan nan nan nan nan nan nan nan nan nan nan
 nan nan nan nan nan nan nan nan nan nan nan nan nan nan nan nan nan nan
 nan nan nan nan nan nan nan nan nan nan nan nan nan nan nan nan nan nan
 nan]
WARNING - Chunk 505:
WARNING - NaN values detected in your input data or the output of your objective/model function - fitting algorithms cannot handle this! Please read https://lmfit.github.io/lmfit-py/faq.html#i-get-errors-from-nan-in-my-fit-what-can-i-do for more information.
ERROR - Chunk 519: No Data! Returning LmfitResult with None.
ERROR - NaN value detected in oversampled model function.
ERROR - <ParameterSet (values: 17)>
    cont_intercept  =  13436.699252671957
    cont_slope      =  11.15673683585114
    iod_depth       =  0.8041819275223706
    lsf_left_1      =  2.3094364771489264
    lsf_left_2      =  -11.116896871033532
    lsf_left_3      =  2.1737250559932946
    lsf_left_4      =  -3.9638366528955222
    lsf_left_5      =  1.050769496702529
    lsf_right1      =  2.3374829106692676
    lsf_right2      =  -4.2098430189703855
    lsf_right3      =  1.1652851960469273
    lsf_right4      =  -3.9081045010509516
    lsf_right5      =  0.1778199033235368
    tem_depth       =  0.9967335329867726
    velocity        =  -1658.058070344837
    wave_intercept  =  6214.324863156644
    wave_slope      =  0.019623076318030855
ERROR - Evaluated LSF:
ERROR - [nan nan nan nan nan nan nan nan nan nan nan nan nan nan nan nan nan nan
 nan nan nan nan nan nan nan nan nan nan nan nan nan nan nan nan nan nan
 nan nan nan nan nan nan nan nan nan nan nan nan nan nan nan nan nan nan
 nan nan nan nan nan nan nan nan nan nan nan nan nan nan nan nan nan nan
 nan]
WARNING - Chunk 525:
WARNING - NaN values detected in your input data or the output of your objective/model function - fitting algorithms cannot handle this! Please read https://lmfit.github.io/lmfit-py/faq.html#i-get-errors-from-nan-in-my-fit-what-can-i-do for more information.
ERROR - NaN value detected in oversampled model function.
ERROR - <ParameterSet (values: 17)>
    cont_intercept  =  18557.597397455833
    cont_slope      =  9.998015856280226
    iod_depth       =  1.7272438748592767
    lsf_left_1      =  4.6919882148875365
    lsf_left_2      =  -9.895173147805387
    lsf_left_3      =  1.6367312617200902
    lsf_left_4      =  -2.633066703965601
    lsf_left_5      =  1.1664286523169665
    lsf_right1      =  6.985420804895382
    lsf_right2      =  -17.672709795421508
    lsf_right3      =  6.546974635022677
    lsf_right4      =  -3.790935599924541
    lsf_right5      =  0.3721248684073132
    tem_depth       =  0.9928405557593243
    velocity        =  -7773.012439769304
    wave_intercept  =  6221.8489003325485
    wave_slope      =  0.01961015262782552
ERROR - Evaluated LSF:
ERROR - [nan nan nan nan nan nan nan nan nan nan nan nan nan nan nan nan nan nan
 nan nan nan nan nan nan nan nan nan nan nan nan nan nan nan nan nan nan
 nan nan nan nan nan nan nan nan nan nan nan nan nan nan nan nan nan nan
 nan nan nan nan nan nan nan nan nan nan nan nan nan nan nan nan nan nan
 nan]
WARNING - Chunk 528:
WARNING - NaN values detected in your input data or the output of your objective/model function - fitting algorithms cannot handle this! Please read https://lmfit.github.io/lmfit-py/faq.html#i-get-errors-from-nan-in-my-fit-what-can-i-do for more information.
ERROR - Chunk 529: No Data! Returning LmfitResult with None.
ERROR - NaN value detected in oversampled model function.
ERROR - <ParameterSet (values: 17)>
    cont_intercept  =  24534.585202563598
    cont_slope      =  -4.3548996031897325
    iod_depth       =  0.2505241397249194
    lsf_left_1      =  2.4410297215604126
    lsf_left_2      =  -14.227658575511825
    lsf_left_3      =  6.4262485934600235
    lsf_left_4      =  -1.3268719628475396
    lsf_left_5      =  0.19171104503368383
    lsf_right1      =  3.7868313960000606
    lsf_right2      =  -15.951092150422223
    lsf_right3      =  1.1473033156144328
    lsf_right4      =  -0.8223112825030019
    lsf_right5      =  0.3721389307179351
    tem_depth       =  0.9015261009604105
    velocity        =  -2758.078861379617
    wave_intercept  =  6258.748613804571
    wave_slope      =  0.016081717113611806
ERROR - Evaluated LSF:
ERROR - [nan nan nan nan nan nan nan nan nan nan nan nan nan nan nan nan nan nan
 nan nan nan nan nan nan nan nan nan nan nan nan nan nan nan nan nan nan
 nan nan nan nan nan nan nan nan nan nan nan nan nan nan nan nan nan nan
 nan nan nan nan nan nan nan nan nan nan nan nan nan nan nan nan nan nan
 nan]
WARNING - Chunk 544:
WARNING - NaN values detected in your input data or the output of your objective/model function - fitting algorithms cannot handle this! Please read https://lmfit.github.io/lmfit-py/faq.html#i-get-errors-from-nan-in-my-fit-what-can-i-do for more information.
ERROR - Chunk 549: No Data! Returning LmfitResult with None.
ERROR - NaN value detected in oversampled model function.
ERROR - <ParameterSet (values: 17)>
    cont_intercept  =  13096.378668014688
    cont_slope      =  13.197357485987423
    iod_depth       =  0.7917581804696552
    lsf_left_1      =  2.2930055777876333
    lsf_left_2      =  -16.288858175858415
    lsf_left_3      =  6.412135538766967
    lsf_left_4      =  -1.216281066188642
    lsf_left_5      =  0.14386165832253567
    lsf_right1      =  5.225155500947912
    lsf_right2      =  -12.89579627604894
    lsf_right3      =  1.3415845390670278
    lsf_right4      =  -2.9025886530903424
    lsf_right5      =  0.5383482978217234
    tem_depth       =  1.0329321759824859
    velocity        =  -2909.2687013407653
    wave_intercept  =  6278.367759938873
    wave_slope      =  0.0199710202591344
ERROR - Evaluated LSF:
ERROR - [nan nan nan nan nan nan nan nan nan nan nan nan nan nan nan nan nan nan
 nan nan nan nan nan nan nan nan nan nan nan nan nan nan nan nan nan nan
 nan nan nan nan nan nan nan nan nan nan nan nan nan nan nan nan nan nan
 nan nan nan nan nan nan nan nan nan nan nan nan nan nan nan nan nan nan
 nan]
WARNING - Chunk 550:
WARNING - NaN values detected in your input data or the output of your objective/model function - fitting algorithms cannot handle this! Please read https://lmfit.github.io/lmfit-py/faq.html#i-get-errors-from-nan-in-my-fit-what-can-i-do for more information.
ERROR - Chunk 557: No Data! Returning LmfitResult with None.
ERROR - NaN value detected in oversampled model function.
ERROR - <ParameterSet (values: 17)>
    cont_intercept  =  26521.513186815435
    cont_slope      =  -15.616922173754942
    iod_depth       =  1.8039915060550589
    lsf_left_1      =  7.851572205943752
    lsf_left_2      =  -18.69038810783767
    lsf_left_3      =  4.053118094912385
    lsf_left_4      =  -2.4694096702267165
    lsf_left_5      =  1.1872819406601787
    lsf_right1      =  9.114550335288648
    lsf_right2      =  -17.39262593969275
    lsf_right3      =  1.1569159966250988
    lsf_right4      =  -3.6760637827223857
    lsf_right5      =  0.17390822397635172
    tem_depth       =  -0.6142675781653697
    velocity        =  -10772.965176802907
    wave_intercept  =  6305.502823438914
    wave_slope      =  0.017315593290425903
ERROR - Evaluated LSF:
ERROR - [nan nan nan nan nan nan nan nan nan nan nan nan nan nan nan nan nan nan
 nan nan nan nan nan nan nan nan nan nan nan nan nan nan nan nan nan nan
 nan nan nan nan nan nan nan nan nan nan nan nan nan nan nan nan nan nan
 nan nan nan nan nan nan nan nan nan nan nan nan nan nan nan nan nan nan
 nan]
WARNING - Chunk 561:
WARNING - NaN values detected in your input data or the output of your objective/model function - fitting algorithms cannot handle this! Please read https://lmfit.github.io/lmfit-py/faq.html#i-get-errors-from-nan-in-my-fit-what-can-i-do for more information.
ERROR - NaN value detected in oversampled model function.
ERROR - <ParameterSet (values: 17)>
    cont_intercept  =  26881.510923889145
    cont_slope      =  -5.0249722524398015
    iod_depth       =  0.47341671196108626
    lsf_left_1      =  2.8611813440261633
    lsf_left_2      =  -19.20552598230813
    lsf_left_3      =  9.284319664325567
    lsf_left_4      =  -2.625652518182023
    lsf_left_5      =  0.6113327260002721
    lsf_right1      =  2.413698065123857
    lsf_right2      =  -13.320113845042904
    lsf_right3      =  1.2717206774367167
    lsf_right4      =  -3.498312760507442
    lsf_right5      =  0.9420811275756319
    tem_depth       =  0.9340060496093274
    velocity        =  -1780.4757021973483
    wave_intercept  =  6314.567581854749
    wave_slope      =  0.01751790161276571
ERROR - Evaluated LSF:
ERROR - [nan nan nan nan nan nan nan nan nan nan nan nan nan nan nan nan nan nan
 nan nan nan nan nan nan nan nan nan nan nan nan nan nan nan nan nan nan
 nan nan nan nan nan nan nan nan nan nan nan nan nan nan nan nan nan nan
 nan nan nan nan nan nan nan nan nan nan nan nan nan nan nan nan nan nan
 nan]
WARNING - Chunk 565:
WARNING - NaN values detected in your input data or the output of your objective/model function - fitting algorithms cannot handle this! Please read https://lmfit.github.io/lmfit-py/faq.html#i-get-errors-from-nan-in-my-fit-what-can-i-do for more information.
ERROR - NaN value detected in oversampled model function.
ERROR - <ParameterSet (values: 17)>
    cont_intercept  =  20592.34613647234
    cont_slope      =  -9.026912111358698
    iod_depth       =  0.24709655930439847
    lsf_left_1      =  2.106566181088823
    lsf_left_2      =  -18.630365304759167
    lsf_left_3      =  7.151536426483769
    lsf_left_4      =  -3.012906053502666
    lsf_left_5      =  0.18359021025484978
    lsf_right1      =  2.8481930400997917
    lsf_right2      =  -16.771516140515537
    lsf_right3      =  10.196204809741605
    lsf_right4      =  -2.520486217386262
    lsf_right5      =  0.13293385276936467
    tem_depth       =  0.9952527490720109
    velocity        =  -2913.747842568145
    wave_intercept  =  6331.6765796385935
    wave_slope      =  0.01619857935030341
ERROR - Evaluated LSF:
ERROR - [nan nan nan nan nan nan nan nan nan nan nan nan nan nan nan nan nan nan
 nan nan nan nan nan nan nan nan nan nan nan nan nan nan nan nan nan nan
 nan nan nan nan nan nan nan nan nan nan nan nan nan nan nan nan nan nan
 nan nan nan nan nan nan nan nan nan nan nan nan nan nan nan nan nan nan
 nan]
WARNING - Chunk 573:
WARNING - NaN values detected in your input data or the output of your objective/model function - fitting algorithms cannot handle this! Please read https://lmfit.github.io/lmfit-py/faq.html#i-get-errors-from-nan-in-my-fit-what-can-i-do for more information.
INFO - 
INFO - Number of chunks with no uncertainties: 2
INFO - Number of chunks with outliers: 0
INFO - Number of chunks with nan fitted red. Chi2: 58
INFO - 
INFO - Creating analysis plots...
ERROR - NaN value detected in iodine function.
ERROR - Chunk could not be plotted
Traceback (most recent call last):
  File "/Users/jaklusmeyer/SONG/pyodine/pyodine/plot_lib.py", line 62, in plot_chunkmodel
    sp = fit_results[chunk_nr].fitted_spectrum
  File "/Users/jaklusmeyer/SONG/pyodine/pyodine/fitters/base.py", line 45, in fitted_spectrum
    return self.model.eval_spectrum(self.chunk, self.params, chunk_ind=self.chunk_ind)
  File "/Users/jaklusmeyer/SONG/pyodine/pyodine/models/base.py", line 79, in eval_spectrum
    flux = self.eval(chunk, params, chunk_ind=chunk_ind, **kwargs)
  File "/Users/jaklusmeyer/SONG/pyodine/pyodine/models/spectrum.py", line 138, in eval
    tck = splrep(tem.wave * doppler, flux_tem, s=0)
  File "/Users/jaklusmeyer/miniconda/envs/pyodine_env/lib/python3.9/site-packages/scipy/interpolate/_fitpack_py.py", line 295, in splrep
    res = _impl.splrep(x, y, w, xb, xe, k, task, s, t, full_output, per, quiet)
  File "/Users/jaklusmeyer/miniconda/envs/pyodine_env/lib/python3.9/site-packages/scipy/interpolate/_fitpack_impl.py", line 276, in splrep
    n, c, fp, ier = dfitpack.curfit(task, x, y, w, t, wrk, iwrk,
dfitpack.error: (xb<=x[0]) failed for 1st keyword xb: curfit:xb=nan
ERROR - NaN value detected in iodine function.
ERROR - Chunk could not be plotted
Traceback (most recent call last):
  File "/Users/jaklusmeyer/SONG/pyodine/pyodine/plot_lib.py", line 62, in plot_chunkmodel
    sp = fit_results[chunk_nr].fitted_spectrum
  File "/Users/jaklusmeyer/SONG/pyodine/pyodine/fitters/base.py", line 45, in fitted_spectrum
    return self.model.eval_spectrum(self.chunk, self.params, chunk_ind=self.chunk_ind)
  File "/Users/jaklusmeyer/SONG/pyodine/pyodine/models/base.py", line 79, in eval_spectrum
    flux = self.eval(chunk, params, chunk_ind=chunk_ind, **kwargs)
  File "/Users/jaklusmeyer/SONG/pyodine/pyodine/models/spectrum.py", line 138, in eval
    tck = splrep(tem.wave * doppler, flux_tem, s=0)
  File "/Users/jaklusmeyer/miniconda/envs/pyodine_env/lib/python3.9/site-packages/scipy/interpolate/_fitpack_py.py", line 295, in splrep
    res = _impl.splrep(x, y, w, xb, xe, k, task, s, t, full_output, per, quiet)
  File "/Users/jaklusmeyer/miniconda/envs/pyodine_env/lib/python3.9/site-packages/scipy/interpolate/_fitpack_impl.py", line 276, in splrep
    n, c, fp, ier = dfitpack.curfit(task, x, y, w, t, wrk, iwrk,
dfitpack.error: (xb<=x[0]) failed for 1st keyword xb: curfit:xb=nan
INFO - Velocity robust mean: -1876.9659157904507
INFO - Velocity robust std: 600.3039198654218
INFO - 
INFO - Velocity error robust mean: 201.193693148396
INFO - Velocity error robust std: 192.46605698983575
INFO - 
INFO - Minimum error: 61.45091261463766 in chunk 18
INFO - Maximum error: 37376.960899702106 in chunk 271
INFO - 
INFO - Chunks with nan velocities: [ 29  32  37  39  45  47  51  59  66  70  74  75  87 100 107 136 232 252
 269 286 292 310 327 331 343 364 366 375 383 386 395 413 420 432 434 439
 442 444 446 460 480 481 487 496 497 501 505 519 525 528 529 544 549 550
 557 561 565 573]
INFO - Chunks with nan velocity errors: [ 29  32  37  39  45  47  51  59  66  70  74  75  87 100 107 136 232 252
 269 286 292 310 327 331 343 364 366 375 383 386 395 413 420 432 434 435
 439 442 444 446 460 462 480 481 487 496 497 501 505 519 525 528 529 544
 549 550 557 561 565 573]
INFO - Velocity error at percentile 80: 814.5841345715522
INFO - 
INFO - Time to model this observation: 136.1300609111786
INFO - 
INFO - Branch: master
INFO - Hash: c2a71ac
INFO - ---------------------------
INFO - Working on: /Users/jaklusmeyer/SONG/reduce/UT260321/sciencestar/HD185144_ec_260308.0243.fits
INFO - 
INFO - Median flux of the observation: 10401
INFO - Loading template from file: /Users/jaklusmeyer/SONG/reduce/0007_sigdra_temp_results_v4/obs_temp_highsnr_test.h5
INFO - 
INFO - Order correction: 0
INFO - 
INFO - Measured velocity rel. to reference spectrum: 30.164 km/s
INFO - Template velocity: 38.044 km/s
INFO - Velocity guess: -7.880 km/s (relative to template)

INFO - (Barycentric velocity of observation: -3.121 km/s)
INFO - (Barycentric velocity of template: -4.628 km/s)

INFO - 
INFO - Barycentric redshift between template and observation: 
INFO - v = -1507.0392740056495, z = -5.026941918617744e-06

INFO - Startpixel (order 26, chunk 29): -65
INFO - -> Correcting to 0.
INFO - Startpixel (order 26, chunk 32): -65
INFO - -> Correcting to 0.
INFO - Startpixel (order 26, chunk 47): -65
INFO - -> Correcting to 0.
INFO - Startpixel (order 28, chunk 87): -65
INFO - -> Correcting to 0.
INFO - Startpixel (order 36, chunk 286): -65
INFO - -> Correcting to 0.
INFO - Startpixel (order 38, chunk 343): -65
INFO - -> Correcting to 0.
INFO - Startpixel (order 42, chunk 444): -65
INFO - -> Correcting to 0.
INFO - Startpixel (order 45, chunk 519): -65
INFO - -> Correcting to 0.
INFO - Startpixel (order 46, chunk 529): -65
INFO - -> Correcting to 0.
INFO - Startpixel (order 46, chunk 549): -65
INFO - -> Correcting to 0.
INFO - Startpixel (order 47, chunk 557): -65
INFO - -> Correcting to 0.
INFO - 
INFO - Total number of chunks: 575
INFO - Nr. chunks in order 0: 25
INFO - First and last covered pixel of chunks in order 0: 17, 3266
INFO - Orders: 25 - 47 (23 in total)
INFO - 
INFO - ----------------------
INFO - RUN 0
INFO - ----------------------
INFO - 
INFO - Constraining parameters for RUN 0
WARNING - Chunk 29:
WARNING - (xb<=x[0]) failed for 1st keyword xb: curfit:xb=nan
WARNING - Chunk 32:
WARNING - (xb<=x[0]) failed for 1st keyword xb: curfit:xb=nan
WARNING - Chunk 47:
WARNING - (xb<=x[0]) failed for 1st keyword xb: curfit:xb=nan
WARNING - Chunk 87:
WARNING - (xb<=x[0]) failed for 1st keyword xb: curfit:xb=nan
WARNING - Chunk 286:
WARNING - (xb<=x[0]) failed for 1st keyword xb: curfit:xb=nan
WARNING - Chunk 343:
WARNING - (xb<=x[0]) failed for 1st keyword xb: curfit:xb=nan
WARNING - Chunk 444:
WARNING - (xb<=x[0]) failed for 1st keyword xb: curfit:xb=nan
WARNING - Chunk 519:
WARNING - (xb<=x[0]) failed for 1st keyword xb: curfit:xb=nan
WARNING - Chunk 529:
WARNING - (xb<=x[0]) failed for 1st keyword xb: curfit:xb=nan
WARNING - Chunk 549:
WARNING - (xb<=x[0]) failed for 1st keyword xb: curfit:xb=nan
WARNING - Chunk 557:
WARNING - (xb<=x[0]) failed for 1st keyword xb: curfit:xb=nan
INFO - 
INFO - Number of chunks with no uncertainties: 0
INFO - Number of chunks with outliers: 0
INFO - Number of chunks with nan fitted red. Chi2: 11
INFO - 
INFO - Creating analysis plots...
INFO - 
INFO - ----------------------
INFO - RUN 1
INFO - ----------------------
INFO - 
INFO - Constraining parameters for RUN 1
INFO - 
INFO - Fitted LSF parameters:
INFO - <ParameterSet (values: 10)>
    left_1  =  10.53276988007277
    left_2  =  -10.769968153492696
    left_3  =  5.707545186549361
    left_4  =  -2.2023180526375223
    left_5  =  0.6646649381025335
    right1  =  10.532772286197503
    right2  =  -10.769967458802036
    right3  =  5.7075438491310875
    right4  =  -2.202316852599258
    right5  =  0.6646644363858094
ERROR - Chunk 29: No Data! Returning LmfitResult with None.
ERROR - Chunk 32: No Data! Returning LmfitResult with None.
ERROR - NaN value detected in oversampled model function.
ERROR - <ParameterSet (values: 17)>
    cont_intercept  =  8705.434853257724
    cont_slope      =  7.860224077466856
    iod_depth       =  0.6281856755240643
    lsf_left_1      =  3.277685506300492
    lsf_left_2      =  -14.940373433959959
    lsf_left_3      =  1.3578600467413509
    lsf_left_4      =  -3.8801064421423503
    lsf_left_5      =  1.192256948328653
    lsf_right1      =  4.003169568917519
    lsf_right2      =  -19.2781831005119
    lsf_right3      =  10.017850755390908
    lsf_right4      =  -3.562093808167736
    lsf_right5      =  0.5116153554474314
    tem_depth       =  0.7502290856578206
    velocity        =  -2144.2044305273484
    wave_intercept  =  5185.186839588572
    wave_slope      =  0.014578783869117127
ERROR - Evaluated LSF:
ERROR - [nan nan nan nan nan nan nan nan nan nan nan nan nan nan nan nan nan nan
 nan nan nan nan nan nan nan nan nan nan nan nan nan nan nan nan nan nan
 nan nan nan nan nan nan nan nan nan nan nan nan nan nan nan nan nan nan
 nan nan nan nan nan nan nan nan nan nan nan nan nan nan nan nan nan nan
 nan]
WARNING - Chunk 37:
WARNING - NaN values detected in your input data or the output of your objective/model function - fitting algorithms cannot handle this! Please read https://lmfit.github.io/lmfit-py/faq.html#i-get-errors-from-nan-in-my-fit-what-can-i-do for more information.
ERROR - NaN value detected in oversampled model function.
ERROR - <ParameterSet (values: 17)>
    cont_intercept  =  13117.158901174214
    cont_slope      =  0.6937506338907262
    iod_depth       =  0.7222614936388875
    lsf_left_1      =  3.2080002816282587
    lsf_left_2      =  -12.242962648012952
    lsf_left_3      =  1.1611449918204042
    lsf_left_4      =  -2.275575100236842
    lsf_left_5      =  0.13769453730158468
    lsf_right1      =  2.4145589784253954
    lsf_right2      =  -19.06592292785318
    lsf_right3      =  9.484124317586327
    lsf_right4      =  -3.925977610285982
    lsf_right5      =  1.1831974441464324
    tem_depth       =  0.9196596073782418
    velocity        =  -1792.5169465886986
    wave_intercept  =  5188.941904557673
    wave_slope      =  0.014262732841708802
ERROR - Evaluated LSF:
ERROR - [nan nan nan nan nan nan nan nan nan nan nan nan nan nan nan nan nan nan
 nan nan nan nan nan nan nan nan nan nan nan nan nan nan nan nan nan nan
 nan nan nan nan nan nan nan nan nan nan nan nan nan nan nan nan nan nan
 nan nan nan nan nan nan nan nan nan nan nan nan nan nan nan nan nan nan
 nan]
WARNING - Chunk 39:
WARNING - NaN values detected in your input data or the output of your objective/model function - fitting algorithms cannot handle this! Please read https://lmfit.github.io/lmfit-py/faq.html#i-get-errors-from-nan-in-my-fit-what-can-i-do for more information.
ERROR - NaN value detected in oversampled model function.
ERROR - <ParameterSet (values: 17)>
    cont_intercept  =  13187.00938291935
    cont_slope      =  -5.479892690243058
    iod_depth       =  0.7420133152063139
    lsf_left_1      =  5.057944483404618
    lsf_left_2      =  -12.446587801500456
    lsf_left_3      =  1.9799653210447548
    lsf_left_4      =  -0.5413082903261381
    lsf_left_5      =  0.14934418032411068
    lsf_right1      =  4.448294488528574
    lsf_right2      =  -18.845081736479273
    lsf_right3      =  8.456690603272332
    lsf_right4      =  -2.3324542828337615
    lsf_right5      =  0.31480102926246845
    tem_depth       =  0.9237603827374452
    velocity        =  -1546.831159683525
    wave_intercept  =  5199.745652250318
    wave_slope      =  0.013429362991587326
ERROR - Evaluated LSF:
ERROR - [nan nan nan nan nan nan nan nan nan nan nan nan nan nan nan nan nan nan
 nan nan nan nan nan nan nan nan nan nan nan nan nan nan nan nan nan nan
 nan nan nan nan nan nan nan nan nan nan nan nan nan nan nan nan nan nan
 nan nan nan nan nan nan nan nan nan nan nan nan nan nan nan nan nan nan
 nan]
WARNING - Chunk 45:
WARNING - NaN values detected in your input data or the output of your objective/model function - fitting algorithms cannot handle this! Please read https://lmfit.github.io/lmfit-py/faq.html#i-get-errors-from-nan-in-my-fit-what-can-i-do for more information.
ERROR - Chunk 47: No Data! Returning LmfitResult with None.
ERROR - NaN value detected in oversampled model function.
ERROR - <ParameterSet (values: 17)>
    cont_intercept  =  6033.200300503125
    cont_slope      =  5.690594179293736
    iod_depth       =  0.5294635264490545
    lsf_left_1      =  4.01407911388238
    lsf_left_2      =  -12.708141969612836
    lsf_left_3      =  6.520177948893134
    lsf_left_4      =  -3.7175794520758827
    lsf_left_5      =  0.4967035158215076
    lsf_right1      =  2.6465171899095785
    lsf_right2      =  -13.406580645490026
    lsf_right3      =  2.01065973084102
    lsf_right4      =  -0.5042394227223799
    lsf_right5      =  0.1402735189520025
    tem_depth       =  0.829829109298675
    velocity        =  -2120.808876371564
    wave_intercept  =  5207.260208930199
    wave_slope      =  0.0164744295952902
ERROR - Evaluated LSF:
ERROR - [nan nan nan nan nan nan nan nan nan nan nan nan nan nan nan nan nan nan
 nan nan nan nan nan nan nan nan nan nan nan nan nan nan nan nan nan nan
 nan nan nan nan nan nan nan nan nan nan nan nan nan nan nan nan nan nan
 nan nan nan nan nan nan nan nan nan nan nan nan nan nan nan nan nan nan
 nan]
WARNING - Chunk 51:
WARNING - NaN values detected in your input data or the output of your objective/model function - fitting algorithms cannot handle this! Please read https://lmfit.github.io/lmfit-py/faq.html#i-get-errors-from-nan-in-my-fit-what-can-i-do for more information.
ERROR - NaN value detected in oversampled model function.
ERROR - <ParameterSet (values: 17)>
    cont_intercept  =  12580.609312538041
    cont_slope      =  12.650371259405135
    iod_depth       =  1.032256300882026
    lsf_left_1      =  4.226996174343036
    lsf_left_2      =  -19.380144976949342
    lsf_left_3      =  2.719811248913882
    lsf_left_4      =  -2.0631220873008793
    lsf_left_5      =  0.1352662667909148
    lsf_right1      =  3.2122583203879245
    lsf_right2      =  -11.25312308265215
    lsf_right3      =  2.05479797430731
    lsf_right4      =  -0.8707259382210792
    lsf_right5      =  0.5055454693204509
    tem_depth       =  -0.3722595752971227
    velocity        =  -8860.938840442726
    wave_intercept  =  5223.692245576154
    wave_slope      =  0.015083473768997796
ERROR - Evaluated LSF:
ERROR - [nan nan nan nan nan nan nan nan nan nan nan nan nan nan nan nan nan nan
 nan nan nan nan nan nan nan nan nan nan nan nan nan nan nan nan nan nan
 nan nan nan nan nan nan nan nan nan nan nan nan nan nan nan nan nan nan
 nan nan nan nan nan nan nan nan nan nan nan nan nan nan nan nan nan nan
 nan]
WARNING - Chunk 59:
WARNING - NaN values detected in your input data or the output of your objective/model function - fitting algorithms cannot handle this! Please read https://lmfit.github.io/lmfit-py/faq.html#i-get-errors-from-nan-in-my-fit-what-can-i-do for more information.
ERROR - NaN value detected in oversampled model function.
ERROR - <ParameterSet (values: 17)>
    cont_intercept  =  15670.531156484805
    cont_slope      =  0.7615746387607829
    iod_depth       =  0.7978469513446451
    lsf_left_1      =  3.8936420891546453
    lsf_left_2      =  -18.694858638879417
    lsf_left_3      =  5.32826778393252
    lsf_left_4      =  -2.609784159403319
    lsf_left_5      =  0.3295355399497061
    lsf_right1      =  4.19760415159598
    lsf_right2      =  -15.072759826522535
    lsf_right3      =  2.0699055290601716
    lsf_right4      =  -0.880487827241641
    lsf_right5      =  0.14153890211985326
    tem_depth       =  0.9974205514315844
    velocity        =  -2297.343327676455
    wave_intercept  =  5236.9878598720725
    wave_slope      =  0.014094180297452812
ERROR - Evaluated LSF:
ERROR - [nan nan nan nan nan nan nan nan nan nan nan nan nan nan nan nan nan nan
 nan nan nan nan nan nan nan nan nan nan nan nan nan nan nan nan nan nan
 nan nan nan nan nan nan nan nan nan nan nan nan nan nan nan nan nan nan
 nan nan nan nan nan nan nan nan nan nan nan nan nan nan nan nan nan nan
 nan]
WARNING - Chunk 66:
WARNING - NaN values detected in your input data or the output of your objective/model function - fitting algorithms cannot handle this! Please read https://lmfit.github.io/lmfit-py/faq.html#i-get-errors-from-nan-in-my-fit-what-can-i-do for more information.
ERROR - NaN value detected in oversampled model function.
ERROR - <ParameterSet (values: 17)>
    cont_intercept  =  14130.29998208784
    cont_slope      =  -4.173415589955903
    iod_depth       =  0.7247677764262263
    lsf_left_1      =  2.624644884693553
    lsf_left_2      =  -13.048988621985735
    lsf_left_3      =  2.308455743565503
    lsf_left_4      =  -2.330559224703907
    lsf_left_5      =  0.612133177159419
    lsf_right1      =  7.093893104732783
    lsf_right2      =  -11.525658025957433
    lsf_right3      =  1.5103269536045423
    lsf_right4      =  -2.148075565852656
    lsf_right5      =  1.0307375973433248
    tem_depth       =  0.9868602908956523
    velocity        =  -1856.8701227798883
    wave_intercept  =  5244.180614050128
    wave_slope      =  0.013528548869442877
ERROR - Evaluated LSF:
ERROR - [nan nan nan nan nan nan nan nan nan nan nan nan nan nan nan nan nan nan
 nan nan nan nan nan nan nan nan nan nan nan nan nan nan nan nan nan nan
 nan nan nan nan nan nan nan nan nan nan nan nan nan nan nan nan nan nan
 nan nan nan nan nan nan nan nan nan nan nan nan nan nan nan nan nan nan
 nan]
WARNING - Chunk 70:
WARNING - NaN values detected in your input data or the output of your objective/model function - fitting algorithms cannot handle this! Please read https://lmfit.github.io/lmfit-py/faq.html#i-get-errors-from-nan-in-my-fit-what-can-i-do for more information.
ERROR - NaN value detected in oversampled model function.
ERROR - <ParameterSet (values: 17)>
    cont_intercept  =  11216.956026726213
    cont_slope      =  -5.5651116804331
    iod_depth       =  0.6210465191969263
    lsf_left_1      =  3.744134579116433
    lsf_left_2      =  -16.37209707217422
    lsf_left_3      =  10.190281124555765
    lsf_left_4      =  -3.348104911470242
    lsf_left_5      =  0.14314625510623036
    lsf_right1      =  10.509607645842893
    lsf_right2      =  -18.64471814787732
    lsf_right3      =  2.2553405638873274
    lsf_right4      =  -2.6148827495116604
    lsf_right5      =  1.069323826600449
    tem_depth       =  0.9084125336894253
    velocity        =  -1745.8758895625656
    wave_intercept  =  5251.082154463849
    wave_slope      =  0.013014961196782308
ERROR - Evaluated LSF:
ERROR - [nan nan nan nan nan nan nan nan nan nan nan nan nan nan nan nan nan nan
 nan nan nan nan nan nan nan nan nan nan nan nan nan nan nan nan nan nan
 nan nan nan nan nan nan nan nan nan nan nan nan nan nan nan nan nan nan
 nan nan nan nan nan nan nan nan nan nan nan nan nan nan nan nan nan nan
 nan]
WARNING - Chunk 74:
WARNING - NaN values detected in your input data or the output of your objective/model function - fitting algorithms cannot handle this! Please read https://lmfit.github.io/lmfit-py/faq.html#i-get-errors-from-nan-in-my-fit-what-can-i-do for more information.
ERROR - NaN value detected in oversampled model function.
ERROR - <ParameterSet (values: 17)>
    cont_intercept  =  6094.806981755253
    cont_slope      =  8.588658943266136
    iod_depth       =  0.5656122984181944
    lsf_left_1      =  2.3203834268541295
    lsf_left_2      =  -19.38203533666129
    lsf_left_3      =  1.1688855835619827
    lsf_left_4      =  -0.843246967777088
    lsf_left_5      =  0.3397741364701111
    lsf_right1      =  2.8109964187516985
    lsf_right2      =  -15.174753418609761
    lsf_right3      =  10.256602116478634
    lsf_right4      =  -3.2179966725122346
    lsf_right5      =  0.40739518496024874
    tem_depth       =  0.8935968032677516
    velocity        =  -2523.3972628838046
    wave_intercept  =  5249.986464652868
    wave_slope      =  0.016696430862322743
ERROR - Evaluated LSF:
ERROR - [nan nan nan nan nan nan nan nan nan nan nan nan nan nan nan nan nan nan
 nan nan nan nan nan nan nan nan nan nan nan nan nan nan nan nan nan nan
 nan nan nan nan nan nan nan nan nan nan nan nan nan nan nan nan nan nan
 nan nan nan nan nan nan nan nan nan nan nan nan nan nan nan nan nan nan
 nan]
WARNING - Chunk 75:
WARNING - NaN values detected in your input data or the output of your objective/model function - fitting algorithms cannot handle this! Please read https://lmfit.github.io/lmfit-py/faq.html#i-get-errors-from-nan-in-my-fit-what-can-i-do for more information.
ERROR - Chunk 87: No Data! Returning LmfitResult with None.
ERROR - NaN value detected in oversampled model function.
ERROR - <ParameterSet (values: 17)>
    cont_intercept  =  6772.437554369368
    cont_slope      =  9.810339110832807
    iod_depth       =  0.618259061528458
    lsf_left_1      =  8.844625728471616
    lsf_left_2      =  -19.21198757537879
    lsf_left_3      =  8.481234392251826
    lsf_left_4      =  -3.280153741241794
    lsf_left_5      =  0.3779395827633033
    lsf_right1      =  2.974762698614011
    lsf_right2      =  -15.779666453720791
    lsf_right3      =  9.7289810134789
    lsf_right4      =  -3.292623289585964
    lsf_right5      =  0.6093737747072013
    tem_depth       =  0.9054849151196576
    velocity        =  -1583.1566167608764
    wave_intercept  =  5295.656744791474
    wave_slope      =  0.016949072683659826
ERROR - Evaluated LSF:
ERROR - [nan nan nan nan nan nan nan nan nan nan nan nan nan nan nan nan nan nan
 nan nan nan nan nan nan nan nan nan nan nan nan nan nan nan nan nan nan
 nan nan nan nan nan nan nan nan nan nan nan nan nan nan nan nan nan nan
 nan nan nan nan nan nan nan nan nan nan nan nan nan nan nan nan nan nan
 nan]
WARNING - Chunk 100:
WARNING - NaN values detected in your input data or the output of your objective/model function - fitting algorithms cannot handle this! Please read https://lmfit.github.io/lmfit-py/faq.html#i-get-errors-from-nan-in-my-fit-what-can-i-do for more information.
ERROR - NaN value detected in oversampled model function.
ERROR - <ParameterSet (values: 17)>
    cont_intercept  =  12914.254103142786
    cont_slope      =  4.3403056096388175
    iod_depth       =  0.9271882013222066
    lsf_left_1      =  3.2680572975664752
    lsf_left_2      =  -14.514288561206737
    lsf_left_3      =  2.256083560753713
    lsf_left_4      =  -0.9247616817688065
    lsf_left_5      =  0.17613858702264695
    lsf_right1      =  2.3460996750638565
    lsf_right2      =  -5.494605172138527
    lsf_right3      =  1.2002347415721963
    lsf_right4      =  -1.679028172321869
    lsf_right5      =  0.36957542164645907
    tem_depth       =  0.5980916232687905
    velocity        =  -11120.818312795289
    wave_intercept  =  5310.481619116412
    wave_slope      =  0.0157184853836849
ERROR - Evaluated LSF:
ERROR - [nan nan nan nan nan nan nan nan nan nan nan nan nan nan nan nan nan nan
 nan nan nan nan nan nan nan nan nan nan nan nan nan nan nan nan nan nan
 nan nan nan nan nan nan nan nan nan nan nan nan nan nan nan nan nan nan
 nan nan nan nan nan nan nan nan nan nan nan nan nan nan nan nan nan nan
 nan]
WARNING - Chunk 107:
WARNING - NaN values detected in your input data or the output of your objective/model function - fitting algorithms cannot handle this! Please read https://lmfit.github.io/lmfit-py/faq.html#i-get-errors-from-nan-in-my-fit-what-can-i-do for more information.
ERROR - NaN value detected in oversampled model function.
ERROR - <ParameterSet (values: 17)>
    cont_intercept  =  16736.47927430809
    cont_slope      =  5.044362912169553
    iod_depth       =  0.761004098111088
    lsf_left_1      =  2.165807086519928
    lsf_left_2      =  -19.30768499979773
    lsf_left_3      =  2.8336724543544523
    lsf_left_4      =  -3.944518354228042
    lsf_left_5      =  0.13765831236236484
    lsf_right1      =  3.205981724320101
    lsf_right2      =  -12.5572791359587
    lsf_right3      =  4.953697562124882
    lsf_right4      =  -3.787372975183539
    lsf_right5      =  0.8856091521723846
    tem_depth       =  0.9267982903005392
    velocity        =  -1687.7035595770124
    wave_intercept  =  5365.154847242561
    wave_slope      =  0.015275932542979116
ERROR - Evaluated LSF:
ERROR - [nan nan nan nan nan nan nan nan nan nan nan nan nan nan nan nan nan nan
 nan nan nan nan nan nan nan nan nan nan nan nan nan nan nan nan nan nan
 nan nan nan nan nan nan nan nan nan nan nan nan nan nan nan nan nan nan
 nan nan nan nan nan nan nan nan nan nan nan nan nan nan nan nan nan nan
 nan]
WARNING - Chunk 136:
WARNING - NaN values detected in your input data or the output of your objective/model function - fitting algorithms cannot handle this! Please read https://lmfit.github.io/lmfit-py/faq.html#i-get-errors-from-nan-in-my-fit-what-can-i-do for more information.
ERROR - NaN value detected in oversampled model function.
ERROR - <ParameterSet (values: 17)>
    cont_intercept  =  16236.159599425011
    cont_slope      =  7.573699739875824
    iod_depth       =  0.9963458935253767
    lsf_left_1      =  2.229700309428233
    lsf_left_2      =  -6.096717078730347
    lsf_left_3      =  5.213636434849618
    lsf_left_4      =  -3.122390651369189
    lsf_left_5      =  0.7049811010764211
    lsf_right1      =  2.319769566728785
    lsf_right2      =  -19.07343838524264
    lsf_right3      =  2.9727492072681514
    lsf_right4      =  -2.273551711561161
    lsf_right5      =  0.6705700637276912
    tem_depth       =  -0.26130542478034496
    velocity        =  -16297.660053565145
    wave_intercept  =  5551.872463186014
    wave_slope      =  0.01645045164713031
ERROR - Evaluated LSF:
ERROR - [nan nan nan nan nan nan nan nan nan nan nan nan nan nan nan nan nan nan
 nan nan nan nan nan nan nan nan nan nan nan nan nan nan nan nan nan nan
 nan nan nan nan nan nan nan nan nan nan nan nan nan nan nan nan nan nan
 nan nan nan nan nan nan nan nan nan nan nan nan nan nan nan nan nan nan
 nan]
WARNING - Chunk 232:
WARNING - NaN values detected in your input data or the output of your objective/model function - fitting algorithms cannot handle this! Please read https://lmfit.github.io/lmfit-py/faq.html#i-get-errors-from-nan-in-my-fit-what-can-i-do for more information.
ERROR - NaN value detected in oversampled model function.
ERROR - <ParameterSet (values: 17)>
    cont_intercept  =  10546.802339893607
    cont_slope      =  10.131826369005442
    iod_depth       =  0.7444657771540205
    lsf_left_1      =  2.3200923535563502
    lsf_left_2      =  -15.355288138103315
    lsf_left_3      =  8.114689625346028
    lsf_left_4      =  -3.8576227077118412
    lsf_left_5      =  0.8357970812769274
    lsf_right1      =  2.4638025043816567
    lsf_right2      =  -17.988353043885947
    lsf_right3      =  1.3065739547678907
    lsf_right4      =  -3.9602206531666964
    lsf_right5      =  0.1484287716268975
    tem_depth       =  0.8848441769670756
    velocity        =  -2126.4981887693893
    wave_intercept  =  5591.754999003821
    wave_slope      =  0.017436497368647018
ERROR - Evaluated LSF:
ERROR - [nan nan nan nan nan nan nan nan nan nan nan nan nan nan nan nan nan nan
 nan nan nan nan nan nan nan nan nan nan nan nan nan nan nan nan nan nan
 nan nan nan nan nan nan nan nan nan nan nan nan nan nan nan nan nan nan
 nan nan nan nan nan nan nan nan nan nan nan nan nan nan nan nan nan nan
 nan]
WARNING - Chunk 252:
WARNING - NaN values detected in your input data or the output of your objective/model function - fitting algorithms cannot handle this! Please read https://lmfit.github.io/lmfit-py/faq.html#i-get-errors-from-nan-in-my-fit-what-can-i-do for more information.
ERROR - NaN value detected in oversampled model function.
ERROR - <ParameterSet (values: 17)>
    cont_intercept  =  18680.80537495996
    cont_slope      =  -4.58489256889037
    iod_depth       =  0.8346302154567371
    lsf_left_1      =  2.9471633086972933
    lsf_left_2      =  -19.34855435789456
    lsf_left_3      =  10.27320141216814
    lsf_left_4      =  -2.646852440320429
    lsf_left_5      =  0.37030482701484324
    lsf_right1      =  2.908018196631655
    lsf_right2      =  -16.722731876851018
    lsf_right3      =  9.107516293193134
    lsf_right4      =  -3.209854006647534
    lsf_right5      =  0.23650365197080597
    tem_depth       =  1.0226057618708697
    velocity        =  -1199.51567135928
    wave_intercept  =  5627.164850232572
    wave_slope      =  0.014659563159410775
ERROR - Evaluated LSF:
ERROR - [nan nan nan nan nan nan nan nan nan nan nan nan nan nan nan nan nan nan
 nan nan nan nan nan nan nan nan nan nan nan nan nan nan nan nan nan nan
 nan nan nan nan nan nan nan nan nan nan nan nan nan nan nan nan nan nan
 nan nan nan nan nan nan nan nan nan nan nan nan nan nan nan nan nan nan
 nan]
WARNING - Chunk 269:
WARNING - NaN values detected in your input data or the output of your objective/model function - fitting algorithms cannot handle this! Please read https://lmfit.github.io/lmfit-py/faq.html#i-get-errors-from-nan-in-my-fit-what-can-i-do for more information.
ERROR - Chunk 286: No Data! Returning LmfitResult with None.
ERROR - NaN value detected in oversampled model function.
ERROR - <ParameterSet (values: 17)>
    cont_intercept  =  21963.703481360346
    cont_slope      =  -5.366004798137289
    iod_depth       =  0.9016907209792672
    lsf_left_1      =  3.2424039698762948
    lsf_left_2      =  -11.600001688114656
    lsf_left_3      =  2.625711182975394
    lsf_left_4      =  -1.3109747131878682
    lsf_left_5      =  0.6297417595634353
    lsf_right1      =  3.715100365888218
    lsf_right2      =  -19.1879091909314
    lsf_right3      =  1.4206946579392563
    lsf_right4      =  -2.0951595698758423
    lsf_right5      =  1.167998200119745
    tem_depth       =  0.971235674410829
    velocity        =  -1733.2915016289162
    wave_intercept  =  5675.372188945258
    wave_slope      =  0.015102897619814815
ERROR - Evaluated LSF:
ERROR - [nan nan nan nan nan nan nan nan nan nan nan nan nan nan nan nan nan nan
 nan nan nan nan nan nan nan nan nan nan nan nan nan nan nan nan nan nan
 nan nan nan nan nan nan nan nan nan nan nan nan nan nan nan nan nan nan
 nan nan nan nan nan nan nan nan nan nan nan nan nan nan nan nan nan nan
 nan]
WARNING - Chunk 292:
WARNING - NaN values detected in your input data or the output of your objective/model function - fitting algorithms cannot handle this! Please read https://lmfit.github.io/lmfit-py/faq.html#i-get-errors-from-nan-in-my-fit-what-can-i-do for more information.
ERROR - NaN value detected in oversampled model function.
ERROR - <ParameterSet (values: 17)>
    cont_intercept  =  19854.37108771217
    cont_slope      =  2.8310818563376254
    iod_depth       =  0.8610603500229921
    lsf_left_1      =  3.071325243731724
    lsf_left_2      =  -19.385732706911757
    lsf_left_3      =  1.4262494229873932
    lsf_left_4      =  -2.0125722453052677
    lsf_left_5      =  0.8411039286353309
    lsf_right1      =  3.6369276034801388
    lsf_right2      =  -16.34086075785345
    lsf_right3      =  8.224515097472427
    lsf_right4      =  -2.546512465397538
    lsf_right5      =  0.42450732373784733
    tem_depth       =  0.9893339468425688
    velocity        =  -1882.3289796169395
    wave_intercept  =  5714.020988194129
    wave_slope      =  0.01638701477378691
ERROR - Evaluated LSF:
ERROR - [nan nan nan nan nan nan nan nan nan nan nan nan nan nan nan nan nan nan
 nan nan nan nan nan nan nan nan nan nan nan nan nan nan nan nan nan nan
 nan nan nan nan nan nan nan nan nan nan nan nan nan nan nan nan nan nan
 nan nan nan nan nan nan nan nan nan nan nan nan nan nan nan nan nan nan
 nan]
WARNING - Chunk 310:
WARNING - NaN values detected in your input data or the output of your objective/model function - fitting algorithms cannot handle this! Please read https://lmfit.github.io/lmfit-py/faq.html#i-get-errors-from-nan-in-my-fit-what-can-i-do for more information.
ERROR - NaN value detected in oversampled model function.
ERROR - <ParameterSet (values: 17)>
    cont_intercept  =  12501.36910302437
    cont_slope      =  8.315210774060544
    iod_depth       =  0.785030689306455
    lsf_left_1      =  5.441375223348192
    lsf_left_2      =  -18.566031109255828
    lsf_left_3      =  3.0090526933930377
    lsf_left_4      =  -0.6061915145719778
    lsf_left_5      =  0.3012303806965257
    lsf_right1      =  3.1501186601751003
    lsf_right2      =  -11.548634783918319
    lsf_right3      =  8.931620509261872
    lsf_right4      =  -3.6996736795531744
    lsf_right5      =  0.4853666526018563
    tem_depth       =  1.1654756382831772
    velocity        =  -2300.1854262013644
    wave_intercept  =  5750.019199539124
    wave_slope      =  0.018141436008120404
ERROR - Evaluated LSF:
ERROR - [nan nan nan nan nan nan nan nan nan nan nan nan nan nan nan nan nan nan
 nan nan nan nan nan nan nan nan nan nan nan nan nan nan nan nan nan nan
 nan nan nan nan nan nan nan nan nan nan nan nan nan nan nan nan nan nan
 nan nan nan nan nan nan nan nan nan nan nan nan nan nan nan nan nan nan
 nan]
WARNING - Chunk 327:
WARNING - NaN values detected in your input data or the output of your objective/model function - fitting algorithms cannot handle this! Please read https://lmfit.github.io/lmfit-py/faq.html#i-get-errors-from-nan-in-my-fit-what-can-i-do for more information.
ERROR - NaN value detected in oversampled model function.
ERROR - <ParameterSet (values: 17)>
    cont_intercept  =  18027.699742605102
    cont_slope      =  4.309066622180909
    iod_depth       =  0.8896027000527726
    lsf_left_1      =  4.842928860876732
    lsf_left_2      =  -18.811981264094943
    lsf_left_3      =  5.009373652947026
    lsf_left_4      =  -2.176569810157178
    lsf_left_5      =  0.9595591535582688
    lsf_right1      =  7.506505560566938
    lsf_right2      =  -18.072569797610658
    lsf_right3      =  2.0845555441611614
    lsf_right4      =  -1.062095837235542
    lsf_right5      =  0.14303447727144625
    tem_depth       =  0.1036378009692216
    velocity        =  -17751.285369325884
    wave_intercept  =  5759.152560071118
    wave_slope      =  0.01719971463664215
ERROR - Evaluated LSF:
ERROR - [nan nan nan nan nan nan nan nan nan nan nan nan nan nan nan nan nan nan
 nan nan nan nan nan nan nan nan nan nan nan nan nan nan nan nan nan nan
 nan nan nan nan nan nan nan nan nan nan nan nan nan nan nan nan nan nan
 nan nan nan nan nan nan nan nan nan nan nan nan nan nan nan nan nan nan
 nan]
WARNING - Chunk 331:
WARNING - NaN values detected in your input data or the output of your objective/model function - fitting algorithms cannot handle this! Please read https://lmfit.github.io/lmfit-py/faq.html#i-get-errors-from-nan-in-my-fit-what-can-i-do for more information.
ERROR - Chunk 343: No Data! Returning LmfitResult with None.
ERROR - NaN value detected in oversampled model function.
ERROR - <ParameterSet (values: 17)>
    cont_intercept  =  25121.723088735733
    cont_slope      =  0.16214675694846986
    iod_depth       =  0.8996623550746479
    lsf_left_1      =  12.281585249884698
    lsf_left_2      =  -19.255015527816276
    lsf_left_3      =  4.810211608129986
    lsf_left_4      =  -2.7328454478460023
    lsf_left_5      =  0.15818247458022036
    lsf_right1      =  3.1365532754139203
    lsf_right2      =  -19.350447663227918
    lsf_right3      =  2.383321410254602
    lsf_right4      =  -3.943643038943373
    lsf_right5      =  0.5383530319321196
    tem_depth       =  0.9362255192476115
    velocity        =  -1424.6330532810969
    wave_intercept  =  5831.370086809931
    wave_slope      =  0.016042592381358307
ERROR - Evaluated LSF:
ERROR - [nan nan nan nan nan nan nan nan nan nan nan nan nan nan nan nan nan nan
 nan nan nan nan nan nan nan nan nan nan nan nan nan nan nan nan nan nan
 nan nan nan nan nan nan nan nan nan nan nan nan nan nan nan nan nan nan
 nan nan nan nan nan nan nan nan nan nan nan nan nan nan nan nan nan nan
 nan]
WARNING - Chunk 364:
WARNING - NaN values detected in your input data or the output of your objective/model function - fitting algorithms cannot handle this! Please read https://lmfit.github.io/lmfit-py/faq.html#i-get-errors-from-nan-in-my-fit-what-can-i-do for more information.
ERROR - NaN value detected in oversampled model function.
ERROR - <ParameterSet (values: 17)>
    cont_intercept  =  24943.921074854356
    cont_slope      =  5.428742719936171
    iod_depth       =  0.6918973009265209
    lsf_left_1      =  2.2446082426268554
    lsf_left_2      =  -16.569517071815373
    lsf_left_3      =  1.3181703110417105
    lsf_left_4      =  -3.883413851452198
    lsf_left_5      =  0.6980905400165549
    lsf_right1      =  8.468921624640409
    lsf_right2      =  -19.349768434624806
    lsf_right3      =  2.5324868338293127
    lsf_right4      =  -3.6806112496962102
    lsf_right5      =  1.1357374990307298
    tem_depth       =  0.07039607361321687
    velocity        =  -26625.944127110815
    wave_intercept  =  5835.499845133538
    wave_slope      =  0.01574334243428316
ERROR - Evaluated LSF:
ERROR - [nan nan nan nan nan nan nan nan nan nan nan nan nan nan nan nan nan nan
 nan nan nan nan nan nan nan nan nan nan nan nan nan nan nan nan nan nan
 nan nan nan nan nan nan nan nan nan nan nan nan nan nan nan nan nan nan
 nan nan nan nan nan nan nan nan nan nan nan nan nan nan nan nan nan nan
 nan]
WARNING - Chunk 366:
WARNING - NaN values detected in your input data or the output of your objective/model function - fitting algorithms cannot handle this! Please read https://lmfit.github.io/lmfit-py/faq.html#i-get-errors-from-nan-in-my-fit-what-can-i-do for more information.
ERROR - NaN value detected in oversampled model function.
ERROR - <ParameterSet (values: 17)>
    cont_intercept  =  11084.45779462534
    cont_slope      =  12.835478085385576
    iod_depth       =  0.7522302575860966
    lsf_left_1      =  2.1486142602753335
    lsf_left_2      =  -18.213676138176776
    lsf_left_3      =  1.7701265012755178
    lsf_left_4      =  -0.6730595563733397
    lsf_left_5      =  0.21715865894051545
    lsf_right1      =  8.792825293262794
    lsf_right2      =  -15.292209916383868
    lsf_right3      =  4.7404296013622
    lsf_right4      =  -3.551862444581735
    lsf_right5      =  0.27949309395525995
    tem_depth       =  1.136686074694063
    velocity        =  -1880.363237546184
    wave_intercept  =  5855.799144782238
    wave_slope      =  0.0186252583529346
ERROR - Evaluated LSF:
ERROR - [nan nan nan nan nan nan nan nan nan nan nan nan nan nan nan nan nan nan
 nan nan nan nan nan nan nan nan nan nan nan nan nan nan nan nan nan nan
 nan nan nan nan nan nan nan nan nan nan nan nan nan nan nan nan nan nan
 nan nan nan nan nan nan nan nan nan nan nan nan nan nan nan nan nan nan
 nan]
WARNING - Chunk 375:
WARNING - NaN values detected in your input data or the output of your objective/model function - fitting algorithms cannot handle this! Please read https://lmfit.github.io/lmfit-py/faq.html#i-get-errors-from-nan-in-my-fit-what-can-i-do for more information.
ERROR - NaN value detected in oversampled model function.
ERROR - <ParameterSet (values: 17)>
    cont_intercept  =  23309.289079776307
    cont_slope      =  -0.08095534730579115
    iod_depth       =  0.24280678432852668
    lsf_left_1      =  13.885670973415344
    lsf_left_2      =  -19.385824920576585
    lsf_left_3      =  1.1429420891522903
    lsf_left_4      =  -3.9110981613978493
    lsf_left_5      =  0.22186576420452364
    lsf_right1      =  2.1120328107228357
    lsf_right2      =  -17.12149137921939
    lsf_right3      =  1.1963489722069023
    lsf_right4      =  -1.955493737777085
    lsf_right5      =  1.0650244434131588
    tem_depth       =  1.453427678723031
    velocity        =  -2627.508983520128
    wave_intercept  =  5874.4249856148335
    wave_slope      =  0.01742187369399822
ERROR - Evaluated LSF:
ERROR - [nan nan nan nan nan nan nan nan nan nan nan nan nan nan nan nan nan nan
 nan nan nan nan nan nan nan nan nan nan nan nan nan nan nan nan nan nan
 nan nan nan nan nan nan nan nan nan nan nan nan nan nan nan nan nan nan
 nan nan nan nan nan nan nan nan nan nan nan nan nan nan nan nan nan nan
 nan]
WARNING - Chunk 383:
WARNING - NaN values detected in your input data or the output of your objective/model function - fitting algorithms cannot handle this! Please read https://lmfit.github.io/lmfit-py/faq.html#i-get-errors-from-nan-in-my-fit-what-can-i-do for more information.
ERROR - NaN value detected in oversampled model function.
ERROR - <ParameterSet (values: 17)>
    cont_intercept  =  24256.286345773744
    cont_slope      =  -2.999634972435438
    iod_depth       =  0.8734220174558989
    lsf_left_1      =  2.210069230484786
    lsf_left_2      =  -17.26390209102619
    lsf_left_3      =  9.868788981389322
    lsf_left_4      =  -3.4333510576263344
    lsf_left_5      =  0.5541910604765763
    lsf_right1      =  3.358505737631018
    lsf_right2      =  -19.384073679862666
    lsf_right3      =  10.272780238887085
    lsf_right4      =  -2.2907859883060584
    lsf_right5      =  0.3153974922411529
    tem_depth       =  1.0610831786445585
    velocity        =  -1761.405805965179
    wave_intercept  =  5881.028007197518
    wave_slope      =  0.01664505008176167
ERROR - Evaluated LSF:
ERROR - [nan nan nan nan nan nan nan nan nan nan nan nan nan nan nan nan nan nan
 nan nan nan nan nan nan nan nan nan nan nan nan nan nan nan nan nan nan
 nan nan nan nan nan nan nan nan nan nan nan nan nan nan nan nan nan nan
 nan nan nan nan nan nan nan nan nan nan nan nan nan nan nan nan nan nan
 nan]
WARNING - Chunk 386:
WARNING - NaN values detected in your input data or the output of your objective/model function - fitting algorithms cannot handle this! Please read https://lmfit.github.io/lmfit-py/faq.html#i-get-errors-from-nan-in-my-fit-what-can-i-do for more information.
ERROR - NaN value detected in oversampled model function.
ERROR - <ParameterSet (values: 17)>
    cont_intercept  =  21616.455534236982
    cont_slope      =  -7.359106464902933
    iod_depth       =  0.799931975866228
    lsf_left_1      =  5.673042547039189
    lsf_left_2      =  -18.69712123461382
    lsf_left_3      =  1.141724776502915
    lsf_left_4      =  -2.0859888248754848
    lsf_left_5      =  0.6130087279588923
    lsf_right1      =  2.1071960118308337
    lsf_right2      =  -5.946743321846419
    lsf_right3      =  6.395505110218949
    lsf_right4      =  -3.9641424513202894
    lsf_right5      =  0.9888051917126525
    tem_depth       =  1.027462925859287
    velocity        =  -1985.688329556905
    wave_intercept  =  5899.679621368552
    wave_slope      =  0.015412819011693304
ERROR - Evaluated LSF:
ERROR - [nan nan nan nan nan nan nan nan nan nan nan nan nan nan nan nan nan nan
 nan nan nan nan nan nan nan nan nan nan nan nan nan nan nan nan nan nan
 nan nan nan nan nan nan nan nan nan nan nan nan nan nan nan nan nan nan
 nan nan nan nan nan nan nan nan nan nan nan nan nan nan nan nan nan nan
 nan]
WARNING - Chunk 395:
WARNING - NaN values detected in your input data or the output of your objective/model function - fitting algorithms cannot handle this! Please read https://lmfit.github.io/lmfit-py/faq.html#i-get-errors-from-nan-in-my-fit-what-can-i-do for more information.
ERROR - NaN value detected in oversampled model function.
ERROR - <ParameterSet (values: 17)>
    cont_intercept  =  25779.253003662485
    cont_slope      =  22.60461530254229
    iod_depth       =  0.6669356946157866
    lsf_left_1      =  8.182217738198622
    lsf_left_2      =  -16.424501055847845
    lsf_left_3      =  5.321042923284342
    lsf_left_4      =  -3.41632884420967
    lsf_left_5      =  0.5629095611065996
    lsf_right1      =  2.1384384400489975
    lsf_right2      =  -17.880962267977534
    lsf_right3      =  3.0195164075329384
    lsf_right4      =  -0.7140474093090488
    lsf_right5      =  0.3516461878717807
    tem_depth       =  -0.08285579563913989
    velocity        =  -13006.616785447979
    wave_intercept  =  5942.478176153534
    wave_slope      =  0.016409016634351348
ERROR - Evaluated LSF:
ERROR - [nan nan nan nan nan nan nan nan nan nan nan nan nan nan nan nan nan nan
 nan nan nan nan nan nan nan nan nan nan nan nan nan nan nan nan nan nan
 nan nan nan nan nan nan nan nan nan nan nan nan nan nan nan nan nan nan
 nan nan nan nan nan nan nan nan nan nan nan nan nan nan nan nan nan nan
 nan]
WARNING - Chunk 413:
WARNING - NaN values detected in your input data or the output of your objective/model function - fitting algorithms cannot handle this! Please read https://lmfit.github.io/lmfit-py/faq.html#i-get-errors-from-nan-in-my-fit-what-can-i-do for more information.
ERROR - NaN value detected in oversampled model function.
ERROR - <ParameterSet (values: 17)>
    cont_intercept  =  21615.779279022587
    cont_slope      =  -4.658275879856838
    iod_depth       =  0.8138504123503544
    lsf_left_1      =  2.60854078303508
    lsf_left_2      =  -10.415936209352461
    lsf_left_3      =  7.216158215206813
    lsf_left_4      =  -3.1326475863321273
    lsf_left_5      =  0.1344585343353352
    lsf_right1      =  3.391609077048611
    lsf_right2      =  -19.171837701213086
    lsf_right3      =  4.842225863982567
    lsf_right4      =  -3.8284201541427665
    lsf_right5      =  0.29358277767685825
    tem_depth       =  0.9647104201303748
    velocity        =  -1810.048490116861
    wave_intercept  =  5956.954907663901
    wave_slope      =  0.015380588893603667
ERROR - Evaluated LSF:
ERROR - [nan nan nan nan nan nan nan nan nan nan nan nan nan nan nan nan nan nan
 nan nan nan nan nan nan nan nan nan nan nan nan nan nan nan nan nan nan
 nan nan nan nan nan nan nan nan nan nan nan nan nan nan nan nan nan nan
 nan nan nan nan nan nan nan nan nan nan nan nan nan nan nan nan nan nan
 nan]
WARNING - Chunk 420:
WARNING - NaN values detected in your input data or the output of your objective/model function - fitting algorithms cannot handle this! Please read https://lmfit.github.io/lmfit-py/faq.html#i-get-errors-from-nan-in-my-fit-what-can-i-do for more information.
ERROR - NaN value detected in oversampled model function.
ERROR - <ParameterSet (values: 17)>
    cont_intercept  =  22962.69934104747
    cont_slope      =  9.621276158527179
    iod_depth       =  0.7846988530306162
    lsf_left_1      =  2.2767698063407544
    lsf_left_2      =  -9.146298813512857
    lsf_left_3      =  2.170076456580543
    lsf_left_4      =  -2.3738080445147354
    lsf_left_5      =  0.19099456018671734
    lsf_right1      =  4.7862829924867505
    lsf_right2      =  -16.762533458462556
    lsf_right3      =  5.830669943561406
    lsf_right4      =  -3.93251041168059
    lsf_right5      =  1.1916842872500353
    tem_depth       =  0.9482744068583374
    velocity        =  -2242.3610662717942
    wave_intercept  =  5987.3136198854
    wave_slope      =  0.017610707531135052
ERROR - Evaluated LSF:
ERROR - [nan nan nan nan nan nan nan nan nan nan nan nan nan nan nan nan nan nan
 nan nan nan nan nan nan nan nan nan nan nan nan nan nan nan nan nan nan
 nan nan nan nan nan nan nan nan nan nan nan nan nan nan nan nan nan nan
 nan nan nan nan nan nan nan nan nan nan nan nan nan nan nan nan nan nan
 nan]
WARNING - Chunk 432:
WARNING - NaN values detected in your input data or the output of your objective/model function - fitting algorithms cannot handle this! Please read https://lmfit.github.io/lmfit-py/faq.html#i-get-errors-from-nan-in-my-fit-what-can-i-do for more information.
ERROR - NaN value detected in oversampled model function.
ERROR - <ParameterSet (values: 17)>
    cont_intercept  =  24666.316525850838
    cont_slope      =  7.61142494503736
    iod_depth       =  0.7431898566643478
    lsf_left_1      =  5.364236006265743
    lsf_left_2      =  -19.120565285329665
    lsf_left_3      =  1.1504890967408223
    lsf_left_4      =  -1.3919768195502358
    lsf_left_5      =  0.2982880993712384
    lsf_right1      =  2.1081323797173424
    lsf_right2      =  -19.074287805912274
    lsf_right3      =  3.685592723128274
    lsf_right4      =  -1.1968947772209657
    lsf_right5      =  0.6015107899126819
    tem_depth       =  1.4328131865427574
    velocity        =  -5149.164291893794
    wave_intercept  =  5991.936038867139
    wave_slope      =  0.01671987726420239
ERROR - Evaluated LSF:
ERROR - [nan nan nan nan nan nan nan nan nan nan nan nan nan nan nan nan nan nan
 nan nan nan nan nan nan nan nan nan nan nan nan nan nan nan nan nan nan
 nan nan nan nan nan nan nan nan nan nan nan nan nan nan nan nan nan nan
 nan nan nan nan nan nan nan nan nan nan nan nan nan nan nan nan nan nan
 nan]
WARNING - Chunk 434:
WARNING - NaN values detected in your input data or the output of your objective/model function - fitting algorithms cannot handle this! Please read https://lmfit.github.io/lmfit-py/faq.html#i-get-errors-from-nan-in-my-fit-what-can-i-do for more information.
ERROR - NaN value detected in oversampled model function.
ERROR - <ParameterSet (values: 17)>
    cont_intercept  =  24904.31359392516
    cont_slope      =  -2.080244523428086
    iod_depth       =  0.8187925845438747
    lsf_left_1      =  4.0520595359676665
    lsf_left_2      =  -18.992316718478616
    lsf_left_3      =  3.0413260594905136
    lsf_left_4      =  -3.337006028420241
    lsf_left_5      =  0.1628725945537998
    lsf_right1      =  2.24341953693242
    lsf_right2      =  -19.383381237911312
    lsf_right3      =  7.72421128834012
    lsf_right4      =  -3.551313521003185
    lsf_right5      =  1.1662817826278578
    tem_depth       =  0.9973575741780022
    velocity        =  -1594.0843167968803
    wave_intercept  =  6002.874222397621
    wave_slope      =  0.01662678190130907
ERROR - Evaluated LSF:
ERROR - [nan nan nan nan nan nan nan nan nan nan nan nan nan nan nan nan nan nan
 nan nan nan nan nan nan nan nan nan nan nan nan nan nan nan nan nan nan
 nan nan nan nan nan nan nan nan nan nan nan nan nan nan nan nan nan nan
 nan nan nan nan nan nan nan nan nan nan nan nan nan nan nan nan nan nan
 nan]
WARNING - Chunk 439:
WARNING - NaN values detected in your input data or the output of your objective/model function - fitting algorithms cannot handle this! Please read https://lmfit.github.io/lmfit-py/faq.html#i-get-errors-from-nan-in-my-fit-what-can-i-do for more information.
ERROR - NaN value detected in oversampled model function.
ERROR - <ParameterSet (values: 17)>
    cont_intercept  =  24548.137538584528
    cont_slope      =  -5.543175854199447
    iod_depth       =  0.6014506605271575
    lsf_left_1      =  3.638645549264291
    lsf_left_2      =  -19.090284319208006
    lsf_left_3      =  5.337870525654019
    lsf_left_4      =  -1.3591935947324028
    lsf_left_5      =  0.28632427450447384
    lsf_right1      =  2.177681089263775
    lsf_right2      =  -13.105721476696472
    lsf_right3      =  6.787087070707352
    lsf_right4      =  -1.8745974976117439
    lsf_right5      =  0.3212567731528434
    tem_depth       =  0.9899276807282673
    velocity        =  -1753.0754878901723
    wave_intercept  =  6009.205402684944
    wave_slope      =  0.016078682693474868
ERROR - Evaluated LSF:
ERROR - [nan nan nan nan nan nan nan nan nan nan nan nan nan nan nan nan nan nan
 nan nan nan nan nan nan nan nan nan nan nan nan nan nan nan nan nan nan
 nan nan nan nan nan nan nan nan nan nan nan nan nan nan nan nan nan nan
 nan nan nan nan nan nan nan nan nan nan nan nan nan nan nan nan nan nan
 nan]
WARNING - Chunk 442:
WARNING - NaN values detected in your input data or the output of your objective/model function - fitting algorithms cannot handle this! Please read https://lmfit.github.io/lmfit-py/faq.html#i-get-errors-from-nan-in-my-fit-what-can-i-do for more information.
ERROR - Chunk 444: No Data! Returning LmfitResult with None.
ERROR - NaN value detected in oversampled model function.
ERROR - <ParameterSet (values: 17)>
    cont_intercept  =  22449.311095171997
    cont_slope      =  -6.544627910674335
    iod_depth       =  0.17900647829149663
    lsf_left_1      =  3.752292433994704
    lsf_left_2      =  -19.374145129965715
    lsf_left_3      =  8.680763388862268
    lsf_left_4      =  -3.963938126591618
    lsf_left_5      =  0.6265680093391375
    lsf_right1      =  11.906105923428585
    lsf_right2      =  -19.384183913984096
    lsf_right3      =  4.066040520093189
    lsf_right4      =  -0.8075130806653235
    lsf_right5      =  0.22241209376445897
    tem_depth       =  0.9767937111402457
    velocity        =  -1698.047422960028
    wave_intercept  =  6017.369902528239
    wave_slope      =  0.01567408822038177
ERROR - Evaluated LSF:
ERROR - [nan nan nan nan nan nan nan nan nan nan nan nan nan nan nan nan nan nan
 nan nan nan nan nan nan nan nan nan nan nan nan nan nan nan nan nan nan
 nan nan nan nan nan nan nan nan nan nan nan nan nan nan nan nan nan nan
 nan nan nan nan nan nan nan nan nan nan nan nan nan nan nan nan nan nan
 nan]
WARNING - Chunk 446:
WARNING - NaN values detected in your input data or the output of your objective/model function - fitting algorithms cannot handle this! Please read https://lmfit.github.io/lmfit-py/faq.html#i-get-errors-from-nan-in-my-fit-what-can-i-do for more information.
ERROR - NaN value detected in oversampled model function.
ERROR - <ParameterSet (values: 17)>
    cont_intercept  =  25884.871711576932
    cont_slope      =  -3.431401509951269
    iod_depth       =  0.7475853652794678
    lsf_left_1      =  5.430467863740448
    lsf_left_2      =  -10.405904854659692
    lsf_left_3      =  1.8510168548346377
    lsf_left_4      =  -2.056328829963687
    lsf_left_5      =  0.5224724344928349
    lsf_right1      =  5.263110953222149
    lsf_right2      =  -18.45268860810387
    lsf_right3      =  2.2866468617359645
    lsf_right4      =  -3.7420718601024774
    lsf_right5      =  0.9290775324199871
    tem_depth       =  -0.30809177445471647
    velocity        =  -12275.558834895133
    wave_intercept  =  6053.466231421489
    wave_slope      =  0.017363196576154774
ERROR - Evaluated LSF:
ERROR - [nan nan nan nan nan nan nan nan nan nan nan nan nan nan nan nan nan nan
 nan nan nan nan nan nan nan nan nan nan nan nan nan nan nan nan nan nan
 nan nan nan nan nan nan nan nan nan nan nan nan nan nan nan nan nan nan
 nan nan nan nan nan nan nan nan nan nan nan nan nan nan nan nan nan nan
 nan]
WARNING - Chunk 460:
WARNING - NaN values detected in your input data or the output of your objective/model function - fitting algorithms cannot handle this! Please read https://lmfit.github.io/lmfit-py/faq.html#i-get-errors-from-nan-in-my-fit-what-can-i-do for more information.
ERROR - NaN value detected in oversampled model function.
ERROR - <ParameterSet (values: 17)>
    cont_intercept  =  19392.122609367183
    cont_slope      =  5.912317331157088
    iod_depth       =  0.8100665484393119
    lsf_left_1      =  4.613828425746391
    lsf_left_2      =  -13.444388585378968
    lsf_left_3      =  1.1482320766213885
    lsf_left_4      =  -3.680835597710728
    lsf_left_5      =  0.2944668121764189
    lsf_right1      =  2.8630398066836698
    lsf_right2      =  -15.798478397653843
    lsf_right3      =  4.433178623012559
    lsf_right4      =  -2.429900777417128
    lsf_right5      =  0.19032096528409934
    tem_depth       =  0.9645930105690953
    velocity        =  -2414.391943965669
    wave_intercept  =  6102.323876988377
    wave_slope      =  0.018403041296518173
ERROR - Evaluated LSF:
ERROR - [nan nan nan nan nan nan nan nan nan nan nan nan nan nan nan nan nan nan
 nan nan nan nan nan nan nan nan nan nan nan nan nan nan nan nan nan nan
 nan nan nan nan nan nan nan nan nan nan nan nan nan nan nan nan nan nan
 nan nan nan nan nan nan nan nan nan nan nan nan nan nan nan nan nan nan
 nan]
WARNING - Chunk 480:
WARNING - NaN values detected in your input data or the output of your objective/model function - fitting algorithms cannot handle this! Please read https://lmfit.github.io/lmfit-py/faq.html#i-get-errors-from-nan-in-my-fit-what-can-i-do for more information.
ERROR - NaN value detected in oversampled model function.
ERROR - <ParameterSet (values: 17)>
    cont_intercept  =  21254.594784588393
    cont_slope      =  8.0759090749459
    iod_depth       =  0.6249154700783652
    lsf_left_1      =  4.047898434216629
    lsf_left_2      =  -11.141885269493347
    lsf_left_3      =  1.2557101344971786
    lsf_left_4      =  -0.535436196249186
    lsf_left_5      =  0.13458237727902989
    lsf_right1      =  2.1465726917514196
    lsf_right2      =  -19.383848793370724
    lsf_right3      =  5.877926121046311
    lsf_right4      =  -2.327642852344325
    lsf_right5      =  0.535055288652609
    tem_depth       =  0.993832318823281
    velocity        =  -1899.1578972365712
    wave_intercept  =  6104.713912724141
    wave_slope      =  0.01829611547729668
ERROR - Evaluated LSF:
ERROR - [nan nan nan nan nan nan nan nan nan nan nan nan nan nan nan nan nan nan
 nan nan nan nan nan nan nan nan nan nan nan nan nan nan nan nan nan nan
 nan nan nan nan nan nan nan nan nan nan nan nan nan nan nan nan nan nan
 nan nan nan nan nan nan nan nan nan nan nan nan nan nan nan nan nan nan
 nan]
WARNING - Chunk 481:
WARNING - NaN values detected in your input data or the output of your objective/model function - fitting algorithms cannot handle this! Please read https://lmfit.github.io/lmfit-py/faq.html#i-get-errors-from-nan-in-my-fit-what-can-i-do for more information.
ERROR - NaN value detected in oversampled model function.
ERROR - <ParameterSet (values: 17)>
    cont_intercept  =  26826.432093993484
    cont_slope      =  1.8542441611283946
    iod_depth       =  0.9811108664041593
    lsf_left_1      =  10.266689915793851
    lsf_left_2      =  -18.965615662765444
    lsf_left_3      =  8.065825960556273
    lsf_left_4      =  -3.950883444895
    lsf_left_5      =  0.1358346771980959
    lsf_right1      =  2.109102091144383
    lsf_right2      =  -19.306970720350133
    lsf_right3      =  3.70560666642659
    lsf_right4      =  -2.7944724916758554
    lsf_right5      =  0.18653165106221922
    tem_depth       =  0.7861005400424954
    velocity        =  -1932.9390568429055
    wave_intercept  =  6118.512789003684
    wave_slope      =  0.01718152598025832
ERROR - Evaluated LSF:
ERROR - [nan nan nan nan nan nan nan nan nan nan nan nan nan nan nan nan nan nan
 nan nan nan nan nan nan nan nan nan nan nan nan nan nan nan nan nan nan
 nan nan nan nan nan nan nan nan nan nan nan nan nan nan nan nan nan nan
 nan nan nan nan nan nan nan nan nan nan nan nan nan nan nan nan nan nan
 nan]
WARNING - Chunk 487:
WARNING - NaN values detected in your input data or the output of your objective/model function - fitting algorithms cannot handle this! Please read https://lmfit.github.io/lmfit-py/faq.html#i-get-errors-from-nan-in-my-fit-what-can-i-do for more information.
ERROR - NaN value detected in oversampled model function.
ERROR - <ParameterSet (values: 17)>
    cont_intercept  =  20647.877074434473
    cont_slope      =  -5.223869931054408
    iod_depth       =  0.4338829101372499
    lsf_left_1      =  2.7991474638045135
    lsf_left_2      =  -19.268729318989603
    lsf_left_3      =  1.4957002200745941
    lsf_left_4      =  -0.7775508741258186
    lsf_left_5      =  0.5306380894286744
    lsf_right1      =  2.1084947634249644
    lsf_right2      =  -13.462713422889227
    lsf_right3      =  5.342093857888776
    lsf_right4      =  -1.5330349377786816
    lsf_right5      =  0.45785734807303724
    tem_depth       =  0.990252503796434
    velocity        =  -2343.923049484373
    wave_intercept  =  6137.680791023526
    wave_slope      =  0.015699124393999456
ERROR - Evaluated LSF:
ERROR - [nan nan nan nan nan nan nan nan nan nan nan nan nan nan nan nan nan nan
 nan nan nan nan nan nan nan nan nan nan nan nan nan nan nan nan nan nan
 nan nan nan nan nan nan nan nan nan nan nan nan nan nan nan nan nan nan
 nan nan nan nan nan nan nan nan nan nan nan nan nan nan nan nan nan nan
 nan]
WARNING - Chunk 496:
WARNING - NaN values detected in your input data or the output of your objective/model function - fitting algorithms cannot handle this! Please read https://lmfit.github.io/lmfit-py/faq.html#i-get-errors-from-nan-in-my-fit-what-can-i-do for more information.
ERROR - NaN value detected in oversampled model function.
ERROR - <ParameterSet (values: 17)>
    cont_intercept  =  22599.106004347384
    cont_slope      =  -10.58954624464941
    iod_depth       =  0.15386738913515222
    lsf_left_1      =  2.2152411590504357
    lsf_left_2      =  -17.219984684739075
    lsf_left_3      =  8.800145254921297
    lsf_left_4      =  -3.9596720980717994
    lsf_left_5      =  0.794802725182358
    lsf_right1      =  2.2216022548005694
    lsf_right2      =  -19.329525996426156
    lsf_right3      =  1.1417550275685024
    lsf_right4      =  -3.937524546512796
    lsf_right5      =  0.16518411868835195
    tem_depth       =  0.8777632211343738
    velocity        =  -3489.7272429571576
    wave_intercept  =  6139.720443298623
    wave_slope      =  0.015531332966580165
ERROR - Evaluated LSF:
ERROR - [nan nan nan nan nan nan nan nan nan nan nan nan nan nan nan nan nan nan
 nan nan nan nan nan nan nan nan nan nan nan nan nan nan nan nan nan nan
 nan nan nan nan nan nan nan nan nan nan nan nan nan nan nan nan nan nan
 nan nan nan nan nan nan nan nan nan nan nan nan nan nan nan nan nan nan
 nan]
WARNING - Chunk 497:
WARNING - NaN values detected in your input data or the output of your objective/model function - fitting algorithms cannot handle this! Please read https://lmfit.github.io/lmfit-py/faq.html#i-get-errors-from-nan-in-my-fit-what-can-i-do for more information.
ERROR - NaN value detected in oversampled model function.
ERROR - <ParameterSet (values: 17)>
    cont_intercept  =  14903.253016994993
    cont_slope      =  14.829533954074911
    iod_depth       =  0.19112957038858727
    lsf_left_1      =  2.485678415218046
    lsf_left_2      =  -14.404691705141769
    lsf_left_3      =  4.817348764002919
    lsf_left_4      =  -2.526958652236598
    lsf_left_5      =  0.44404941946186793
    lsf_right1      =  6.318212104435699
    lsf_right2      =  -11.243278829626053
    lsf_right3      =  5.384240803034675
    lsf_right4      =  -2.604456383150697
    lsf_right5      =  0.18444065740082052
    tem_depth       =  1.1138139673581589
    velocity        =  -2412.1253731855895
    wave_intercept  =  6154.0872952368745
    wave_slope      =  0.019012289262524025
ERROR - Evaluated LSF:
ERROR - [nan nan nan nan nan nan nan nan nan nan nan nan nan nan nan nan nan nan
 nan nan nan nan nan nan nan nan nan nan nan nan nan nan nan nan nan nan
 nan nan nan nan nan nan nan nan nan nan nan nan nan nan nan nan nan nan
 nan nan nan nan nan nan nan nan nan nan nan nan nan nan nan nan nan nan
 nan]
WARNING - Chunk 501:
WARNING - NaN values detected in your input data or the output of your objective/model function - fitting algorithms cannot handle this! Please read https://lmfit.github.io/lmfit-py/faq.html#i-get-errors-from-nan-in-my-fit-what-can-i-do for more information.
ERROR - NaN value detected in oversampled model function.
ERROR - <ParameterSet (values: 17)>
    cont_intercept  =  18535.39781416195
    cont_slope      =  8.086443595411984
    iod_depth       =  0.6484623784000744
    lsf_left_1      =  2.107683562672083
    lsf_left_2      =  -16.950075944603704
    lsf_left_3      =  1.2354616368453737
    lsf_left_4      =  -1.296340238118086
    lsf_left_5      =  0.19211558180783841
    lsf_right1      =  9.16462965463753
    lsf_right2      =  -13.719788811905147
    lsf_right3      =  2.8749053309490034
    lsf_right4      =  -3.6774919882871275
    lsf_right5      =  0.1493889810043188
    tem_depth       =  0.9899397897864428
    velocity        =  -1757.1836053672387
    wave_intercept  =  6163.957189493278
    wave_slope      =  0.018610829956655608
ERROR - Evaluated LSF:
ERROR - [nan nan nan nan nan nan nan nan nan nan nan nan nan nan nan nan nan nan
 nan nan nan nan nan nan nan nan nan nan nan nan nan nan nan nan nan nan
 nan nan nan nan nan nan nan nan nan nan nan nan nan nan nan nan nan nan
 nan nan nan nan nan nan nan nan nan nan nan nan nan nan nan nan nan nan
 nan]
WARNING - Chunk 505:
WARNING - NaN values detected in your input data or the output of your objective/model function - fitting algorithms cannot handle this! Please read https://lmfit.github.io/lmfit-py/faq.html#i-get-errors-from-nan-in-my-fit-what-can-i-do for more information.
ERROR - Chunk 519: No Data! Returning LmfitResult with None.
ERROR - NaN value detected in oversampled model function.
ERROR - <ParameterSet (values: 17)>
    cont_intercept  =  13436.699252671957
    cont_slope      =  11.15673683585114
    iod_depth       =  0.8041819275223706
    lsf_left_1      =  2.3094364771489264
    lsf_left_2      =  -11.116896871033532
    lsf_left_3      =  2.1737250559932946
    lsf_left_4      =  -3.9638366528955222
    lsf_left_5      =  1.050769496702529
    lsf_right1      =  2.3374829106692676
    lsf_right2      =  -4.2098430189703855
    lsf_right3      =  1.1652851960469273
    lsf_right4      =  -3.9081045010509516
    lsf_right5      =  0.1778199033235368
    tem_depth       =  0.9967335329867726
    velocity        =  -1658.058070344837
    wave_intercept  =  6214.324863156644
    wave_slope      =  0.019623076318030855
ERROR - Evaluated LSF:
ERROR - [nan nan nan nan nan nan nan nan nan nan nan nan nan nan nan nan nan nan
 nan nan nan nan nan nan nan nan nan nan nan nan nan nan nan nan nan nan
 nan nan nan nan nan nan nan nan nan nan nan nan nan nan nan nan nan nan
 nan nan nan nan nan nan nan nan nan nan nan nan nan nan nan nan nan nan
 nan]
WARNING - Chunk 525:
WARNING - NaN values detected in your input data or the output of your objective/model function - fitting algorithms cannot handle this! Please read https://lmfit.github.io/lmfit-py/faq.html#i-get-errors-from-nan-in-my-fit-what-can-i-do for more information.
ERROR - NaN value detected in oversampled model function.
ERROR - <ParameterSet (values: 17)>
    cont_intercept  =  18557.597397455833
    cont_slope      =  9.998015856280226
    iod_depth       =  1.7272438748592767
    lsf_left_1      =  4.6919882148875365
    lsf_left_2      =  -9.895173147805387
    lsf_left_3      =  1.6367312617200902
    lsf_left_4      =  -2.633066703965601
    lsf_left_5      =  1.1664286523169665
    lsf_right1      =  6.985420804895382
    lsf_right2      =  -17.672709795421508
    lsf_right3      =  6.546974635022677
    lsf_right4      =  -3.790935599924541
    lsf_right5      =  0.3721248684073132
    tem_depth       =  0.9928405557593243
    velocity        =  -7773.012439769304
    wave_intercept  =  6221.8489003325485
    wave_slope      =  0.01961015262782552
ERROR - Evaluated LSF:
ERROR - [nan nan nan nan nan nan nan nan nan nan nan nan nan nan nan nan nan nan
 nan nan nan nan nan nan nan nan nan nan nan nan nan nan nan nan nan nan
 nan nan nan nan nan nan nan nan nan nan nan nan nan nan nan nan nan nan
 nan nan nan nan nan nan nan nan nan nan nan nan nan nan nan nan nan nan
 nan]
WARNING - Chunk 528:
WARNING - NaN values detected in your input data or the output of your objective/model function - fitting algorithms cannot handle this! Please read https://lmfit.github.io/lmfit-py/faq.html#i-get-errors-from-nan-in-my-fit-what-can-i-do for more information.
ERROR - Chunk 529: No Data! Returning LmfitResult with None.
ERROR - NaN value detected in oversampled model function.
ERROR - <ParameterSet (values: 17)>
    cont_intercept  =  24534.585202563598
    cont_slope      =  -4.3548996031897325
    iod_depth       =  0.2505241397249194
    lsf_left_1      =  2.4410297215604126
    lsf_left_2      =  -14.227658575511825
    lsf_left_3      =  6.4262485934600235
    lsf_left_4      =  -1.3268719628475396
    lsf_left_5      =  0.19171104503368383
    lsf_right1      =  3.7868313960000606
    lsf_right2      =  -15.951092150422223
    lsf_right3      =  1.1473033156144328
    lsf_right4      =  -0.8223112825030019
    lsf_right5      =  0.3721389307179351
    tem_depth       =  0.9015261009604105
    velocity        =  -2758.078861379617
    wave_intercept  =  6258.748613804571
    wave_slope      =  0.016081717113611806
ERROR - Evaluated LSF:
ERROR - [nan nan nan nan nan nan nan nan nan nan nan nan nan nan nan nan nan nan
 nan nan nan nan nan nan nan nan nan nan nan nan nan nan nan nan nan nan
 nan nan nan nan nan nan nan nan nan nan nan nan nan nan nan nan nan nan
 nan nan nan nan nan nan nan nan nan nan nan nan nan nan nan nan nan nan
 nan]
WARNING - Chunk 544:
WARNING - NaN values detected in your input data or the output of your objective/model function - fitting algorithms cannot handle this! Please read https://lmfit.github.io/lmfit-py/faq.html#i-get-errors-from-nan-in-my-fit-what-can-i-do for more information.
ERROR - Chunk 549: No Data! Returning LmfitResult with None.
ERROR - NaN value detected in oversampled model function.
ERROR - <ParameterSet (values: 17)>
    cont_intercept  =  13096.378668014688
    cont_slope      =  13.197357485987423
    iod_depth       =  0.7917581804696552
    lsf_left_1      =  2.2930055777876333
    lsf_left_2      =  -16.288858175858415
    lsf_left_3      =  6.412135538766967
    lsf_left_4      =  -1.216281066188642
    lsf_left_5      =  0.14386165832253567
    lsf_right1      =  5.225155500947912
    lsf_right2      =  -12.89579627604894
    lsf_right3      =  1.3415845390670278
    lsf_right4      =  -2.9025886530903424
    lsf_right5      =  0.5383482978217234
    tem_depth       =  1.0329321759824859
    velocity        =  -2909.2687013407653
    wave_intercept  =  6278.367759938873
    wave_slope      =  0.0199710202591344
ERROR - Evaluated LSF:
ERROR - [nan nan nan nan nan nan nan nan nan nan nan nan nan nan nan nan nan nan
 nan nan nan nan nan nan nan nan nan nan nan nan nan nan nan nan nan nan
 nan nan nan nan nan nan nan nan nan nan nan nan nan nan nan nan nan nan
 nan nan nan nan nan nan nan nan nan nan nan nan nan nan nan nan nan nan
 nan]
WARNING - Chunk 550:
WARNING - NaN values detected in your input data or the output of your objective/model function - fitting algorithms cannot handle this! Please read https://lmfit.github.io/lmfit-py/faq.html#i-get-errors-from-nan-in-my-fit-what-can-i-do for more information.
ERROR - Chunk 557: No Data! Returning LmfitResult with None.
ERROR - NaN value detected in oversampled model function.
ERROR - <ParameterSet (values: 17)>
    cont_intercept  =  26521.513186815435
    cont_slope      =  -15.616922173754942
    iod_depth       =  1.8039915060550589
    lsf_left_1      =  7.851572205943752
    lsf_left_2      =  -18.69038810783767
    lsf_left_3      =  4.053118094912385
    lsf_left_4      =  -2.4694096702267165
    lsf_left_5      =  1.1872819406601787
    lsf_right1      =  9.114550335288648
    lsf_right2      =  -17.39262593969275
    lsf_right3      =  1.1569159966250988
    lsf_right4      =  -3.6760637827223857
    lsf_right5      =  0.17390822397635172
    tem_depth       =  -0.6142675781653697
    velocity        =  -10772.965176802907
    wave_intercept  =  6305.502823438914
    wave_slope      =  0.017315593290425903
ERROR - Evaluated LSF:
ERROR - [nan nan nan nan nan nan nan nan nan nan nan nan nan nan nan nan nan nan
 nan nan nan nan nan nan nan nan nan nan nan nan nan nan nan nan nan nan
 nan nan nan nan nan nan nan nan nan nan nan nan nan nan nan nan nan nan
 nan nan nan nan nan nan nan nan nan nan nan nan nan nan nan nan nan nan
 nan]
WARNING - Chunk 561:
WARNING - NaN values detected in your input data or the output of your objective/model function - fitting algorithms cannot handle this! Please read https://lmfit.github.io/lmfit-py/faq.html#i-get-errors-from-nan-in-my-fit-what-can-i-do for more information.
ERROR - NaN value detected in oversampled model function.
ERROR - <ParameterSet (values: 17)>
    cont_intercept  =  26881.510923889145
    cont_slope      =  -5.0249722524398015
    iod_depth       =  0.47341671196108626
    lsf_left_1      =  2.8611813440261633
    lsf_left_2      =  -19.20552598230813
    lsf_left_3      =  9.284319664325567
    lsf_left_4      =  -2.625652518182023
    lsf_left_5      =  0.6113327260002721
    lsf_right1      =  2.413698065123857
    lsf_right2      =  -13.320113845042904
    lsf_right3      =  1.2717206774367167
    lsf_right4      =  -3.498312760507442
    lsf_right5      =  0.9420811275756319
    tem_depth       =  0.9340060496093274
    velocity        =  -1780.4757021973483
    wave_intercept  =  6314.567581854749
    wave_slope      =  0.01751790161276571
ERROR - Evaluated LSF:
ERROR - [nan nan nan nan nan nan nan nan nan nan nan nan nan nan nan nan nan nan
 nan nan nan nan nan nan nan nan nan nan nan nan nan nan nan nan nan nan
 nan nan nan nan nan nan nan nan nan nan nan nan nan nan nan nan nan nan
 nan nan nan nan nan nan nan nan nan nan nan nan nan nan nan nan nan nan
 nan]
WARNING - Chunk 565:
WARNING - NaN values detected in your input data or the output of your objective/model function - fitting algorithms cannot handle this! Please read https://lmfit.github.io/lmfit-py/faq.html#i-get-errors-from-nan-in-my-fit-what-can-i-do for more information.
ERROR - NaN value detected in oversampled model function.
ERROR - <ParameterSet (values: 17)>
    cont_intercept  =  20592.34613647234
    cont_slope      =  -9.026912111358698
    iod_depth       =  0.24709655930439847
    lsf_left_1      =  2.106566181088823
    lsf_left_2      =  -18.630365304759167
    lsf_left_3      =  7.151536426483769
    lsf_left_4      =  -3.012906053502666
    lsf_left_5      =  0.18359021025484978
    lsf_right1      =  2.8481930400997917
    lsf_right2      =  -16.771516140515537
    lsf_right3      =  10.196204809741605
    lsf_right4      =  -2.520486217386262
    lsf_right5      =  0.13293385276936467
    tem_depth       =  0.9952527490720109
    velocity        =  -2913.747842568145
    wave_intercept  =  6331.6765796385935
    wave_slope      =  0.01619857935030341
ERROR - Evaluated LSF:
ERROR - [nan nan nan nan nan nan nan nan nan nan nan nan nan nan nan nan nan nan
 nan nan nan nan nan nan nan nan nan nan nan nan nan nan nan nan nan nan
 nan nan nan nan nan nan nan nan nan nan nan nan nan nan nan nan nan nan
 nan nan nan nan nan nan nan nan nan nan nan nan nan nan nan nan nan nan
 nan]
WARNING - Chunk 573:
WARNING - NaN values detected in your input data or the output of your objective/model function - fitting algorithms cannot handle this! Please read https://lmfit.github.io/lmfit-py/faq.html#i-get-errors-from-nan-in-my-fit-what-can-i-do for more information.
INFO - 
INFO - Number of chunks with no uncertainties: 2
INFO - Number of chunks with outliers: 0
INFO - Number of chunks with nan fitted red. Chi2: 58
INFO - 
INFO - Creating analysis plots...
ERROR - NaN value detected in iodine function.
ERROR - Chunk could not be plotted
Traceback (most recent call last):
  File "/Users/jaklusmeyer/SONG/pyodine/pyodine/plot_lib.py", line 62, in plot_chunkmodel
    sp = fit_results[chunk_nr].fitted_spectrum
  File "/Users/jaklusmeyer/SONG/pyodine/pyodine/fitters/base.py", line 45, in fitted_spectrum
    return self.model.eval_spectrum(self.chunk, self.params, chunk_ind=self.chunk_ind)
  File "/Users/jaklusmeyer/SONG/pyodine/pyodine/models/base.py", line 79, in eval_spectrum
    flux = self.eval(chunk, params, chunk_ind=chunk_ind, **kwargs)
  File "/Users/jaklusmeyer/SONG/pyodine/pyodine/models/spectrum.py", line 138, in eval
    tck = splrep(tem.wave * doppler, flux_tem, s=0)
  File "/Users/jaklusmeyer/miniconda/envs/pyodine_env/lib/python3.9/site-packages/scipy/interpolate/_fitpack_py.py", line 295, in splrep
    res = _impl.splrep(x, y, w, xb, xe, k, task, s, t, full_output, per, quiet)
  File "/Users/jaklusmeyer/miniconda/envs/pyodine_env/lib/python3.9/site-packages/scipy/interpolate/_fitpack_impl.py", line 276, in splrep
    n, c, fp, ier = dfitpack.curfit(task, x, y, w, t, wrk, iwrk,
dfitpack.error: (xb<=x[0]) failed for 1st keyword xb: curfit:xb=nan
ERROR - NaN value detected in iodine function.
ERROR - Chunk could not be plotted
Traceback (most recent call last):
  File "/Users/jaklusmeyer/SONG/pyodine/pyodine/plot_lib.py", line 62, in plot_chunkmodel
    sp = fit_results[chunk_nr].fitted_spectrum
  File "/Users/jaklusmeyer/SONG/pyodine/pyodine/fitters/base.py", line 45, in fitted_spectrum
    return self.model.eval_spectrum(self.chunk, self.params, chunk_ind=self.chunk_ind)
  File "/Users/jaklusmeyer/SONG/pyodine/pyodine/models/base.py", line 79, in eval_spectrum
    flux = self.eval(chunk, params, chunk_ind=chunk_ind, **kwargs)
  File "/Users/jaklusmeyer/SONG/pyodine/pyodine/models/spectrum.py", line 138, in eval
    tck = splrep(tem.wave * doppler, flux_tem, s=0)
  File "/Users/jaklusmeyer/miniconda/envs/pyodine_env/lib/python3.9/site-packages/scipy/interpolate/_fitpack_py.py", line 295, in splrep
    res = _impl.splrep(x, y, w, xb, xe, k, task, s, t, full_output, per, quiet)
  File "/Users/jaklusmeyer/miniconda/envs/pyodine_env/lib/python3.9/site-packages/scipy/interpolate/_fitpack_impl.py", line 276, in splrep
    n, c, fp, ier = dfitpack.curfit(task, x, y, w, t, wrk, iwrk,
dfitpack.error: (xb<=x[0]) failed for 1st keyword xb: curfit:xb=nan
INFO - Velocity robust mean: -1876.9659157904507
INFO - Velocity robust std: 600.3039198654218
INFO - 
INFO - Velocity error robust mean: 201.193693148396
INFO - Velocity error robust std: 192.46605698983575
INFO - 
INFO - Minimum error: 61.45091261463766 in chunk 18
INFO - Maximum error: 37376.960899702106 in chunk 271
INFO - 
INFO - Chunks with nan velocities: [ 29  32  37  39  45  47  51  59  66  70  74  75  87 100 107 136 232 252
 269 286 292 310 327 331 343 364 366 375 383 386 395 413 420 432 434 439
 442 444 446 460 480 481 487 496 497 501 505 519 525 528 529 544 549 550
 557 561 565 573]
INFO - Chunks with nan velocity errors: [ 29  32  37  39  45  47  51  59  66  70  74  75  87 100 107 136 232 252
 269 286 292 310 327 331 343 364 366 375 383 386 395 413 420 432 434 435
 439 442 444 446 460 462 480 481 487 496 497 501 505 519 525 528 529 544
 549 550 557 561 565 573]
INFO - Velocity error at percentile 80: 814.5841345715522
INFO - 
INFO - Time to model this observation: 136.9895920753479
