INFO - 
INFO - Branch: master
INFO - Hash: c2a71ac
INFO - ---------------------------
INFO - Working on: /Users/jaklusmeyer/SONG/reduce/UT260216/sciencestar/Arcturus_ec_260224.0230.fits
INFO - 
INFO - Median flux of the observation: 9270
INFO - Loading template from file: /Users/jaklusmeyer/SONG/pyodine/atlas/Pepsi_Arcturus_atlas_260216_v005.h5
INFO - 
INFO - Order correction: 0
INFO - 
INFO - Measured velocity rel. to reference spectrum: -24.790 km/s
INFO - Template velocity: 0.083 km/s
INFO - Velocity guess: -24.873 km/s (relative to template)

INFO - (Barycentric velocity of observation: 19.861 km/s)
INFO - (Barycentric velocity of template: 0.000 km/s)

INFO - 
INFO - Barycentric redshift between template and observation: 
INFO - v = -19860.50313967223, z = -6.624750759964826e-05

INFO - Startpixel (order 15, chunk 29): -7
INFO - -> Correcting to 0.
INFO - Startpixel (order 16, chunk 68): -7
INFO - -> Correcting to 0.
INFO - Startpixel (order 17, chunk 107): -7
INFO - -> Correcting to 0.
INFO - Startpixel (order 18, chunk 146): -7
INFO - -> Correcting to 0.
INFO - Startpixel (order 19, chunk 185): -7
INFO - -> Correcting to 0.
INFO - Startpixel (order 20, chunk 224): -7
INFO - -> Correcting to 0.
INFO - Startpixel (order 21, chunk 263): -6
INFO - -> Correcting to 0.
INFO - Startpixel (order 22, chunk 302): -6
INFO - -> Correcting to 0.
INFO - Startpixel (order 23, chunk 341): -7
INFO - -> Correcting to 0.
INFO - Startpixel (order 24, chunk 380): -7
INFO - -> Correcting to 0.
INFO - Startpixel (order 25, chunk 419): -7
INFO - -> Correcting to 0.
INFO - Startpixel (order 26, chunk 458): -7
INFO - -> Correcting to 0.
INFO - Startpixel (order 27, chunk 497): -7
INFO - -> Correcting to 0.
INFO - Startpixel (order 28, chunk 536): -7
INFO - -> Correcting to 0.
INFO - Startpixel (order 29, chunk 575): -7
INFO - -> Correcting to 0.
INFO - Startpixel (order 30, chunk 614): -7
INFO - -> Correcting to 0.
INFO - Startpixel (order 31, chunk 653): -7
INFO - -> Correcting to 0.
INFO - Startpixel (order 32, chunk 692): -7
INFO - -> Correcting to 0.
INFO - Startpixel (order 33, chunk 731): -7
INFO - -> Correcting to 0.
INFO - Startpixel (order 34, chunk 770): -7
INFO - -> Correcting to 0.
INFO - Startpixel (order 35, chunk 809): -7
INFO - -> Correcting to 0.
INFO - Startpixel (order 36, chunk 848): -7
INFO - -> Correcting to 0.
INFO - Startpixel (order 37, chunk 887): -7
INFO - -> Correcting to 0.
INFO - Startpixel (order 38, chunk 926): -7
INFO - -> Correcting to 0.
INFO - Startpixel (order 39, chunk 965): -7
INFO - -> Correcting to 0.
INFO - Startpixel (order 40, chunk 1004): -7
INFO - -> Correcting to 0.
INFO - Startpixel (order 41, chunk 1043): -7
INFO - -> Correcting to 0.
INFO - Startpixel (order 42, chunk 1082): -7
INFO - -> Correcting to 0.
INFO - Startpixel (order 43, chunk 1121): -7
INFO - -> Correcting to 0.
INFO - Startpixel (order 44, chunk 1160): -7
INFO - -> Correcting to 0.
INFO - Startpixel (order 45, chunk 1199): -7
INFO - -> Correcting to 0.
INFO - Startpixel (order 46, chunk 1238): -7
INFO - -> Correcting to 0.
INFO - 
INFO - Total number of chunks: 1254
INFO - Nr. chunks in order 0: 29
INFO - First and last covered pixel of chunks in order 0: 1191, 4662
INFO - Orders: 14 - 46 (33 in total)
INFO - 
INFO - ----------------------
INFO - RUN 0
INFO - ----------------------
INFO - 
INFO - Constraining parameters for RUN 0
ERROR - Chunk 0: No Data! Returning LmfitResult with None.
ERROR - Chunk 1: No Data! Returning LmfitResult with None.
ERROR - Chunk 2: No Data! Returning LmfitResult with None.
ERROR - Chunk 3: No Data! Returning LmfitResult with None.
ERROR - Chunk 4: No Data! Returning LmfitResult with None.
ERROR - Chunk 5: No Data! Returning LmfitResult with None.
ERROR - Chunk 6: No Data! Returning LmfitResult with None.
ERROR - Chunk 7: No Data! Returning LmfitResult with None.
ERROR - Chunk 8: No Data! Returning LmfitResult with None.
ERROR - Chunk 9: No Data! Returning LmfitResult with None.
ERROR - Chunk 10: No Data! Returning LmfitResult with None.
ERROR - Chunk 11: No Data! Returning LmfitResult with None.
ERROR - Chunk 12: No Data! Returning LmfitResult with None.
ERROR - Chunk 13: No Data! Returning LmfitResult with None.
ERROR - Chunk 14: No Data! Returning LmfitResult with None.
ERROR - Chunk 15: No Data! Returning LmfitResult with None.
ERROR - Chunk 16: No Data! Returning LmfitResult with None.
ERROR - Chunk 17: No Data! Returning LmfitResult with None.
ERROR - Chunk 18: No Data! Returning LmfitResult with None.
ERROR - Chunk 19: No Data! Returning LmfitResult with None.
ERROR - Chunk 20: No Data! Returning LmfitResult with None.
ERROR - Chunk 21: No Data! Returning LmfitResult with None.
ERROR - Chunk 22: No Data! Returning LmfitResult with None.
ERROR - Chunk 23: No Data! Returning LmfitResult with None.
ERROR - Chunk 24: No Data! Returning LmfitResult with None.
ERROR - Chunk 25: No Data! Returning LmfitResult with None.
ERROR - Chunk 26: No Data! Returning LmfitResult with None.
ERROR - Chunk 27: No Data! Returning LmfitResult with None.
ERROR - Chunk 28: No Data! Returning LmfitResult with None.
ERROR - Chunk 29: No Data! Returning LmfitResult with None.
ERROR - Chunk 30: No Data! Returning LmfitResult with None.
ERROR - Chunk 31: No Data! Returning LmfitResult with None.
ERROR - Chunk 32: No Data! Returning LmfitResult with None.
ERROR - Chunk 33: No Data! Returning LmfitResult with None.
ERROR - Chunk 34: No Data! Returning LmfitResult with None.
ERROR - Chunk 35: No Data! Returning LmfitResult with None.
ERROR - Chunk 36: No Data! Returning LmfitResult with None.
ERROR - Chunk 37: No Data! Returning LmfitResult with None.
ERROR - Chunk 38: No Data! Returning LmfitResult with None.
ERROR - Chunk 39: No Data! Returning LmfitResult with None.
ERROR - Chunk 40: No Data! Returning LmfitResult with None.
ERROR - Chunk 41: No Data! Returning LmfitResult with None.
ERROR - Chunk 42: No Data! Returning LmfitResult with None.
ERROR - Chunk 43: No Data! Returning LmfitResult with None.
ERROR - Chunk 44: No Data! Returning LmfitResult with None.
ERROR - Chunk 45: No Data! Returning LmfitResult with None.
ERROR - Chunk 46: No Data! Returning LmfitResult with None.
ERROR - Chunk 47: No Data! Returning LmfitResult with None.
ERROR - Chunk 48: No Data! Returning LmfitResult with None.
ERROR - Chunk 49: No Data! Returning LmfitResult with None.
ERROR - Chunk 50: No Data! Returning LmfitResult with None.
ERROR - Chunk 51: No Data! Returning LmfitResult with None.
ERROR - Chunk 52: No Data! Returning LmfitResult with None.
ERROR - Chunk 53: No Data! Returning LmfitResult with None.
ERROR - Chunk 54: No Data! Returning LmfitResult with None.
ERROR - Chunk 55: No Data! Returning LmfitResult with None.
ERROR - Chunk 56: No Data! Returning LmfitResult with None.
ERROR - Chunk 57: No Data! Returning LmfitResult with None.
ERROR - Chunk 58: No Data! Returning LmfitResult with None.
ERROR - Chunk 59: No Data! Returning LmfitResult with None.
ERROR - Chunk 60: No Data! Returning LmfitResult with None.
ERROR - Chunk 61: No Data! Returning LmfitResult with None.
ERROR - Chunk 62: No Data! Returning LmfitResult with None.
ERROR - Chunk 63: No Data! Returning LmfitResult with None.
ERROR - Chunk 64: No Data! Returning LmfitResult with None.
ERROR - Chunk 65: No Data! Returning LmfitResult with None.
ERROR - Chunk 66: No Data! Returning LmfitResult with None.
ERROR - Chunk 67: No Data! Returning LmfitResult with None.
ERROR - Chunk 68: No Data! Returning LmfitResult with None.
ERROR - Chunk 69: No Data! Returning LmfitResult with None.
ERROR - Chunk 70: No Data! Returning LmfitResult with None.
ERROR - Chunk 71: No Data! Returning LmfitResult with None.
ERROR - Chunk 72: No Data! Returning LmfitResult with None.
ERROR - Chunk 73: No Data! Returning LmfitResult with None.
ERROR - Chunk 74: No Data! Returning LmfitResult with None.
ERROR - Chunk 75: No Data! Returning LmfitResult with None.
ERROR - Chunk 76: No Data! Returning LmfitResult with None.
ERROR - Chunk 77: No Data! Returning LmfitResult with None.
ERROR - Chunk 78: No Data! Returning LmfitResult with None.
ERROR - Chunk 79: No Data! Returning LmfitResult with None.
ERROR - Chunk 80: No Data! Returning LmfitResult with None.
ERROR - Chunk 81: No Data! Returning LmfitResult with None.
ERROR - Chunk 82: No Data! Returning LmfitResult with None.
ERROR - Chunk 83: No Data! Returning LmfitResult with None.
ERROR - Chunk 84: No Data! Returning LmfitResult with None.
ERROR - Chunk 85: No Data! Returning LmfitResult with None.
ERROR - Chunk 86: No Data! Returning LmfitResult with None.
ERROR - Chunk 87: No Data! Returning LmfitResult with None.
ERROR - Chunk 88: No Data! Returning LmfitResult with None.
ERROR - Chunk 89: No Data! Returning LmfitResult with None.
ERROR - Chunk 90: No Data! Returning LmfitResult with None.
ERROR - Chunk 91: No Data! Returning LmfitResult with None.
ERROR - Chunk 92: No Data! Returning LmfitResult with None.
ERROR - Chunk 93: No Data! Returning LmfitResult with None.
ERROR - Chunk 94: No Data! Returning LmfitResult with None.
ERROR - Chunk 95: No Data! Returning LmfitResult with None.
ERROR - Chunk 96: No Data! Returning LmfitResult with None.
ERROR - Chunk 97: No Data! Returning LmfitResult with None.
ERROR - Chunk 98: No Data! Returning LmfitResult with None.
ERROR - Chunk 99: No Data! Returning LmfitResult with None.
ERROR - Chunk 100: No Data! Returning LmfitResult with None.
ERROR - Chunk 101: No Data! Returning LmfitResult with None.
ERROR - Chunk 102: No Data! Returning LmfitResult with None.
ERROR - Chunk 103: No Data! Returning LmfitResult with None.
ERROR - Chunk 104: No Data! Returning LmfitResult with None.
ERROR - Chunk 105: No Data! Returning LmfitResult with None.
ERROR - Chunk 106: No Data! Returning LmfitResult with None.
ERROR - Chunk 107: No Data! Returning LmfitResult with None.
ERROR - Chunk 108: No Data! Returning LmfitResult with None.
ERROR - Chunk 109: No Data! Returning LmfitResult with None.
ERROR - Chunk 110: No Data! Returning LmfitResult with None.
ERROR - Chunk 111: No Data! Returning LmfitResult with None.
ERROR - Chunk 112: No Data! Returning LmfitResult with None.
ERROR - Chunk 113: No Data! Returning LmfitResult with None.
ERROR - Chunk 114: No Data! Returning LmfitResult with None.
ERROR - Chunk 115: No Data! Returning LmfitResult with None.
ERROR - Chunk 116: No Data! Returning LmfitResult with None.
ERROR - Chunk 117: No Data! Returning LmfitResult with None.
ERROR - Chunk 118: No Data! Returning LmfitResult with None.
ERROR - Chunk 119: No Data! Returning LmfitResult with None.
ERROR - Chunk 120: No Data! Returning LmfitResult with None.
ERROR - Chunk 121: No Data! Returning LmfitResult with None.
ERROR - Chunk 122: No Data! Returning LmfitResult with None.
ERROR - Chunk 123: No Data! Returning LmfitResult with None.
ERROR - Chunk 124: No Data! Returning LmfitResult with None.
ERROR - Chunk 125: No Data! Returning LmfitResult with None.
ERROR - Chunk 126: No Data! Returning LmfitResult with None.
ERROR - Chunk 127: No Data! Returning LmfitResult with None.
ERROR - Chunk 128: No Data! Returning LmfitResult with None.
ERROR - Chunk 129: No Data! Returning LmfitResult with None.
ERROR - Chunk 130: No Data! Returning LmfitResult with None.
ERROR - Chunk 131: No Data! Returning LmfitResult with None.
ERROR - Chunk 132: No Data! Returning LmfitResult with None.
ERROR - Chunk 133: No Data! Returning LmfitResult with None.
ERROR - Chunk 134: No Data! Returning LmfitResult with None.
ERROR - Chunk 135: No Data! Returning LmfitResult with None.
ERROR - Chunk 136: No Data! Returning LmfitResult with None.
ERROR - Chunk 137: No Data! Returning LmfitResult with None.
ERROR - Chunk 138: No Data! Returning LmfitResult with None.
ERROR - Chunk 139: No Data! Returning LmfitResult with None.
ERROR - Chunk 140: No Data! Returning LmfitResult with None.
ERROR - Chunk 141: No Data! Returning LmfitResult with None.
ERROR - Chunk 142: No Data! Returning LmfitResult with None.
ERROR - Chunk 143: No Data! Returning LmfitResult with None.
ERROR - Chunk 144: No Data! Returning LmfitResult with None.
ERROR - Chunk 145: No Data! Returning LmfitResult with None.
ERROR - Chunk 146: No Data! Returning LmfitResult with None.
ERROR - Chunk 147: No Data! Returning LmfitResult with None.
ERROR - Chunk 148: No Data! Returning LmfitResult with None.
ERROR - Chunk 149: No Data! Returning LmfitResult with None.
ERROR - Chunk 150: No Data! Returning LmfitResult with None.
ERROR - Chunk 151: No Data! Returning LmfitResult with None.
ERROR - Chunk 152: No Data! Returning LmfitResult with None.
ERROR - Chunk 153: No Data! Returning LmfitResult with None.
ERROR - Chunk 154: No Data! Returning LmfitResult with None.
ERROR - Chunk 155: No Data! Returning LmfitResult with None.
ERROR - Chunk 156: No Data! Returning LmfitResult with None.
ERROR - Chunk 157: No Data! Returning LmfitResult with None.
ERROR - Chunk 158: No Data! Returning LmfitResult with None.
ERROR - Chunk 159: No Data! Returning LmfitResult with None.
ERROR - Chunk 160: No Data! Returning LmfitResult with None.
ERROR - Chunk 161: No Data! Returning LmfitResult with None.
ERROR - Chunk 162: No Data! Returning LmfitResult with None.
ERROR - Chunk 163: No Data! Returning LmfitResult with None.
ERROR - Chunk 164: No Data! Returning LmfitResult with None.
ERROR - Chunk 165: No Data! Returning LmfitResult with None.
ERROR - Chunk 166: No Data! Returning LmfitResult with None.
ERROR - Chunk 167: No Data! Returning LmfitResult with None.
ERROR - Chunk 168: No Data! Returning LmfitResult with None.
ERROR - Chunk 169: No Data! Returning LmfitResult with None.
ERROR - Chunk 170: No Data! Returning LmfitResult with None.
ERROR - Chunk 171: No Data! Returning LmfitResult with None.
ERROR - Chunk 172: No Data! Returning LmfitResult with None.
ERROR - Chunk 173: No Data! Returning LmfitResult with None.
ERROR - Chunk 174: No Data! Returning LmfitResult with None.
ERROR - Chunk 175: No Data! Returning LmfitResult with None.
ERROR - Chunk 176: No Data! Returning LmfitResult with None.
ERROR - Chunk 177: No Data! Returning LmfitResult with None.
ERROR - Chunk 178: No Data! Returning LmfitResult with None.
ERROR - Chunk 179: No Data! Returning LmfitResult with None.
ERROR - Chunk 180: No Data! Returning LmfitResult with None.
ERROR - Chunk 181: No Data! Returning LmfitResult with None.
ERROR - Chunk 182: No Data! Returning LmfitResult with None.
ERROR - Chunk 183: No Data! Returning LmfitResult with None.
ERROR - Chunk 184: No Data! Returning LmfitResult with None.
ERROR - Chunk 185: No Data! Returning LmfitResult with None.
ERROR - Chunk 186: No Data! Returning LmfitResult with None.
ERROR - Chunk 187: No Data! Returning LmfitResult with None.
ERROR - Chunk 188: No Data! Returning LmfitResult with None.
ERROR - Chunk 189: No Data! Returning LmfitResult with None.
ERROR - Chunk 190: No Data! Returning LmfitResult with None.
ERROR - Chunk 191: No Data! Returning LmfitResult with None.
ERROR - Chunk 192: No Data! Returning LmfitResult with None.
ERROR - Chunk 193: No Data! Returning LmfitResult with None.
ERROR - Chunk 194: No Data! Returning LmfitResult with None.
ERROR - Chunk 195: No Data! Returning LmfitResult with None.
ERROR - Chunk 196: No Data! Returning LmfitResult with None.
ERROR - Chunk 197: No Data! Returning LmfitResult with None.
ERROR - Chunk 198: No Data! Returning LmfitResult with None.
ERROR - Chunk 199: No Data! Returning LmfitResult with None.
ERROR - Chunk 200: No Data! Returning LmfitResult with None.
ERROR - Chunk 201: No Data! Returning LmfitResult with None.
ERROR - Chunk 202: No Data! Returning LmfitResult with None.
ERROR - Chunk 203: No Data! Returning LmfitResult with None.
ERROR - Chunk 204: No Data! Returning LmfitResult with None.
ERROR - Chunk 205: No Data! Returning LmfitResult with None.
ERROR - Chunk 206: No Data! Returning LmfitResult with None.
ERROR - Chunk 207: No Data! Returning LmfitResult with None.
ERROR - Chunk 208: No Data! Returning LmfitResult with None.
ERROR - Chunk 209: No Data! Returning LmfitResult with None.
ERROR - Chunk 210: No Data! Returning LmfitResult with None.
ERROR - Chunk 211: No Data! Returning LmfitResult with None.
ERROR - Chunk 212: No Data! Returning LmfitResult with None.
ERROR - Chunk 213: No Data! Returning LmfitResult with None.
ERROR - Chunk 214: No Data! Returning LmfitResult with None.
ERROR - Chunk 215: No Data! Returning LmfitResult with None.
ERROR - Chunk 216: No Data! Returning LmfitResult with None.
ERROR - Chunk 217: No Data! Returning LmfitResult with None.
ERROR - Chunk 218: No Data! Returning LmfitResult with None.
ERROR - Chunk 219: No Data! Returning LmfitResult with None.
ERROR - Chunk 220: No Data! Returning LmfitResult with None.
ERROR - Chunk 221: No Data! Returning LmfitResult with None.
ERROR - Chunk 222: No Data! Returning LmfitResult with None.
ERROR - Chunk 223: No Data! Returning LmfitResult with None.
ERROR - Chunk 224: No Data! Returning LmfitResult with None.
ERROR - Chunk 225: No Data! Returning LmfitResult with None.
ERROR - Chunk 226: No Data! Returning LmfitResult with None.
ERROR - Chunk 227: No Data! Returning LmfitResult with None.
ERROR - Chunk 228: No Data! Returning LmfitResult with None.
ERROR - Chunk 229: No Data! Returning LmfitResult with None.
ERROR - Chunk 230: No Data! Returning LmfitResult with None.
ERROR - Chunk 231: No Data! Returning LmfitResult with None.
ERROR - Chunk 232: No Data! Returning LmfitResult with None.
ERROR - Chunk 233: No Data! Returning LmfitResult with None.
ERROR - Chunk 234: No Data! Returning LmfitResult with None.
ERROR - Chunk 235: No Data! Returning LmfitResult with None.
ERROR - Chunk 236: No Data! Returning LmfitResult with None.
ERROR - Chunk 237: No Data! Returning LmfitResult with None.
ERROR - Chunk 238: No Data! Returning LmfitResult with None.
ERROR - Chunk 239: No Data! Returning LmfitResult with None.
ERROR - Chunk 240: No Data! Returning LmfitResult with None.
ERROR - Chunk 241: No Data! Returning LmfitResult with None.
ERROR - Chunk 242: No Data! Returning LmfitResult with None.
ERROR - Chunk 243: No Data! Returning LmfitResult with None.
ERROR - Chunk 244: No Data! Returning LmfitResult with None.
ERROR - Chunk 245: No Data! Returning LmfitResult with None.
ERROR - Chunk 246: No Data! Returning LmfitResult with None.
ERROR - Chunk 247: No Data! Returning LmfitResult with None.
ERROR - Chunk 248: No Data! Returning LmfitResult with None.
ERROR - Chunk 249: No Data! Returning LmfitResult with None.
ERROR - Chunk 250: No Data! Returning LmfitResult with None.
ERROR - Chunk 251: No Data! Returning LmfitResult with None.
ERROR - Chunk 252: No Data! Returning LmfitResult with None.
ERROR - Chunk 253: No Data! Returning LmfitResult with None.
ERROR - Chunk 254: No Data! Returning LmfitResult with None.
ERROR - Chunk 255: No Data! Returning LmfitResult with None.
ERROR - Chunk 256: No Data! Returning LmfitResult with None.
ERROR - Chunk 257: No Data! Returning LmfitResult with None.
ERROR - Chunk 258: No Data! Returning LmfitResult with None.
ERROR - Chunk 259: No Data! Returning LmfitResult with None.
ERROR - Chunk 260: No Data! Returning LmfitResult with None.
ERROR - Chunk 261: No Data! Returning LmfitResult with None.
ERROR - Chunk 262: No Data! Returning LmfitResult with None.
ERROR - Chunk 263: No Data! Returning LmfitResult with None.
ERROR - Chunk 264: No Data! Returning LmfitResult with None.
ERROR - Chunk 265: No Data! Returning LmfitResult with None.
ERROR - Chunk 266: No Data! Returning LmfitResult with None.
ERROR - Chunk 267: No Data! Returning LmfitResult with None.
ERROR - Chunk 268: No Data! Returning LmfitResult with None.
ERROR - Chunk 269: No Data! Returning LmfitResult with None.
ERROR - Chunk 270: No Data! Returning LmfitResult with None.
ERROR - Chunk 271: No Data! Returning LmfitResult with None.
ERROR - Chunk 272: No Data! Returning LmfitResult with None.
ERROR - Chunk 273: No Data! Returning LmfitResult with None.
ERROR - Chunk 274: No Data! Returning LmfitResult with None.
ERROR - Chunk 275: No Data! Returning LmfitResult with None.
ERROR - Chunk 276: No Data! Returning LmfitResult with None.
ERROR - Chunk 277: No Data! Returning LmfitResult with None.
ERROR - Chunk 278: No Data! Returning LmfitResult with None.
ERROR - Chunk 279: No Data! Returning LmfitResult with None.
ERROR - Chunk 280: No Data! Returning LmfitResult with None.
INFO - 
INFO - Number of chunks with no uncertainties: 0
INFO - Number of chunks with outliers: 0
INFO - Number of chunks with nan fitted red. Chi2: 281
ERROR - Polynomial fitting failed. Falling back to input values
Traceback (most recent call last):
  File "/Users/jaklusmeyer/SONG/pyodine/pyodine/lib/misc.py", line 529, in fit_polynomial
    pfit, stats = np.polynomial.Polynomial.fit(
  File "/Users/jaklusmeyer/miniconda/envs/pyodine_env/lib/python3.9/site-packages/numpy/polynomial/_polybase.py", line 1036, in fit
    xnew = pu.mapdomain(x, domain, window)
  File "/Users/jaklusmeyer/miniconda/envs/pyodine_env/lib/python3.9/site-packages/numpy/polynomial/polyutils.py", line 371, in mapdomain
    off, scl = mapparms(old, new)
  File "/Users/jaklusmeyer/miniconda/envs/pyodine_env/lib/python3.9/site-packages/numpy/polynomial/polyutils.py", line 303, in mapparms
    off = (old[1]*new[0] - old[0]*new[1])/oldlen
ZeroDivisionError: division by zero
ERROR - Polynomial fitting failed. Falling back to input values
Traceback (most recent call last):
  File "/Users/jaklusmeyer/SONG/pyodine/pyodine/lib/misc.py", line 529, in fit_polynomial
    pfit, stats = np.polynomial.Polynomial.fit(
  File "/Users/jaklusmeyer/miniconda/envs/pyodine_env/lib/python3.9/site-packages/numpy/polynomial/_polybase.py", line 1036, in fit
    xnew = pu.mapdomain(x, domain, window)
  File "/Users/jaklusmeyer/miniconda/envs/pyodine_env/lib/python3.9/site-packages/numpy/polynomial/polyutils.py", line 371, in mapdomain
    off, scl = mapparms(old, new)
  File "/Users/jaklusmeyer/miniconda/envs/pyodine_env/lib/python3.9/site-packages/numpy/polynomial/polyutils.py", line 303, in mapparms
    off = (old[1]*new[0] - old[0]*new[1])/oldlen
ZeroDivisionError: division by zero
ERROR - Polynomial fitting failed. Falling back to input values
Traceback (most recent call last):
  File "/Users/jaklusmeyer/SONG/pyodine/pyodine/lib/misc.py", line 529, in fit_polynomial
    pfit, stats = np.polynomial.Polynomial.fit(
  File "/Users/jaklusmeyer/miniconda/envs/pyodine_env/lib/python3.9/site-packages/numpy/polynomial/_polybase.py", line 1036, in fit
    xnew = pu.mapdomain(x, domain, window)
  File "/Users/jaklusmeyer/miniconda/envs/pyodine_env/lib/python3.9/site-packages/numpy/polynomial/polyutils.py", line 371, in mapdomain
    off, scl = mapparms(old, new)
  File "/Users/jaklusmeyer/miniconda/envs/pyodine_env/lib/python3.9/site-packages/numpy/polynomial/polyutils.py", line 303, in mapparms
    off = (old[1]*new[0] - old[0]*new[1])/oldlen
ZeroDivisionError: division by zero
ERROR - Polynomial fitting failed. Falling back to input values
Traceback (most recent call last):
  File "/Users/jaklusmeyer/SONG/pyodine/pyodine/lib/misc.py", line 529, in fit_polynomial
    pfit, stats = np.polynomial.Polynomial.fit(
  File "/Users/jaklusmeyer/miniconda/envs/pyodine_env/lib/python3.9/site-packages/numpy/polynomial/_polybase.py", line 1036, in fit
    xnew = pu.mapdomain(x, domain, window)
  File "/Users/jaklusmeyer/miniconda/envs/pyodine_env/lib/python3.9/site-packages/numpy/polynomial/polyutils.py", line 371, in mapdomain
    off, scl = mapparms(old, new)
  File "/Users/jaklusmeyer/miniconda/envs/pyodine_env/lib/python3.9/site-packages/numpy/polynomial/polyutils.py", line 303, in mapparms
    off = (old[1]*new[0] - old[0]*new[1])/oldlen
ZeroDivisionError: division by zero
ERROR - Polynomial fitting failed. Falling back to input values
Traceback (most recent call last):
  File "/Users/jaklusmeyer/SONG/pyodine/pyodine/lib/misc.py", line 529, in fit_polynomial
    pfit, stats = np.polynomial.Polynomial.fit(
  File "/Users/jaklusmeyer/miniconda/envs/pyodine_env/lib/python3.9/site-packages/numpy/polynomial/_polybase.py", line 1036, in fit
    xnew = pu.mapdomain(x, domain, window)
  File "/Users/jaklusmeyer/miniconda/envs/pyodine_env/lib/python3.9/site-packages/numpy/polynomial/polyutils.py", line 371, in mapdomain
    off, scl = mapparms(old, new)
  File "/Users/jaklusmeyer/miniconda/envs/pyodine_env/lib/python3.9/site-packages/numpy/polynomial/polyutils.py", line 303, in mapparms
    off = (old[1]*new[0] - old[0]*new[1])/oldlen
ZeroDivisionError: division by zero
ERROR - Polynomial fitting failed. Falling back to input values
Traceback (most recent call last):
  File "/Users/jaklusmeyer/SONG/pyodine/pyodine/lib/misc.py", line 529, in fit_polynomial
    pfit, stats = np.polynomial.Polynomial.fit(
  File "/Users/jaklusmeyer/miniconda/envs/pyodine_env/lib/python3.9/site-packages/numpy/polynomial/_polybase.py", line 1036, in fit
    xnew = pu.mapdomain(x, domain, window)
  File "/Users/jaklusmeyer/miniconda/envs/pyodine_env/lib/python3.9/site-packages/numpy/polynomial/polyutils.py", line 371, in mapdomain
    off, scl = mapparms(old, new)
  File "/Users/jaklusmeyer/miniconda/envs/pyodine_env/lib/python3.9/site-packages/numpy/polynomial/polyutils.py", line 303, in mapparms
    off = (old[1]*new[0] - old[0]*new[1])/oldlen
ZeroDivisionError: division by zero
ERROR - Polynomial fitting failed. Falling back to input values
Traceback (most recent call last):
  File "/Users/jaklusmeyer/SONG/pyodine/pyodine/lib/misc.py", line 529, in fit_polynomial
    pfit, stats = np.polynomial.Polynomial.fit(
  File "/Users/jaklusmeyer/miniconda/envs/pyodine_env/lib/python3.9/site-packages/numpy/polynomial/_polybase.py", line 1036, in fit
    xnew = pu.mapdomain(x, domain, window)
  File "/Users/jaklusmeyer/miniconda/envs/pyodine_env/lib/python3.9/site-packages/numpy/polynomial/polyutils.py", line 371, in mapdomain
    off, scl = mapparms(old, new)
  File "/Users/jaklusmeyer/miniconda/envs/pyodine_env/lib/python3.9/site-packages/numpy/polynomial/polyutils.py", line 303, in mapparms
    off = (old[1]*new[0] - old[0]*new[1])/oldlen
ZeroDivisionError: division by zero
ERROR - Polynomial fitting failed. Falling back to input values
Traceback (most recent call last):
  File "/Users/jaklusmeyer/SONG/pyodine/pyodine/lib/misc.py", line 529, in fit_polynomial
    pfit, stats = np.polynomial.Polynomial.fit(
  File "/Users/jaklusmeyer/miniconda/envs/pyodine_env/lib/python3.9/site-packages/numpy/polynomial/_polybase.py", line 1036, in fit
    xnew = pu.mapdomain(x, domain, window)
  File "/Users/jaklusmeyer/miniconda/envs/pyodine_env/lib/python3.9/site-packages/numpy/polynomial/polyutils.py", line 371, in mapdomain
    off, scl = mapparms(old, new)
  File "/Users/jaklusmeyer/miniconda/envs/pyodine_env/lib/python3.9/site-packages/numpy/polynomial/polyutils.py", line 303, in mapparms
    off = (old[1]*new[0] - old[0]*new[1])/oldlen
ZeroDivisionError: division by zero
ERROR - Polynomial fitting failed. Falling back to input values
Traceback (most recent call last):
  File "/Users/jaklusmeyer/SONG/pyodine/pyodine/lib/misc.py", line 529, in fit_polynomial
    pfit, stats = np.polynomial.Polynomial.fit(
  File "/Users/jaklusmeyer/miniconda/envs/pyodine_env/lib/python3.9/site-packages/numpy/polynomial/_polybase.py", line 1036, in fit
    xnew = pu.mapdomain(x, domain, window)
  File "/Users/jaklusmeyer/miniconda/envs/pyodine_env/lib/python3.9/site-packages/numpy/polynomial/polyutils.py", line 371, in mapdomain
    off, scl = mapparms(old, new)
  File "/Users/jaklusmeyer/miniconda/envs/pyodine_env/lib/python3.9/site-packages/numpy/polynomial/polyutils.py", line 303, in mapparms
    off = (old[1]*new[0] - old[0]*new[1])/oldlen
ZeroDivisionError: division by zero
ERROR - Polynomial fitting failed. Falling back to input values
Traceback (most recent call last):
  File "/Users/jaklusmeyer/SONG/pyodine/pyodine/lib/misc.py", line 529, in fit_polynomial
    pfit, stats = np.polynomial.Polynomial.fit(
  File "/Users/jaklusmeyer/miniconda/envs/pyodine_env/lib/python3.9/site-packages/numpy/polynomial/_polybase.py", line 1036, in fit
    xnew = pu.mapdomain(x, domain, window)
  File "/Users/jaklusmeyer/miniconda/envs/pyodine_env/lib/python3.9/site-packages/numpy/polynomial/polyutils.py", line 371, in mapdomain
    off, scl = mapparms(old, new)
  File "/Users/jaklusmeyer/miniconda/envs/pyodine_env/lib/python3.9/site-packages/numpy/polynomial/polyutils.py", line 303, in mapparms
    off = (old[1]*new[0] - old[0]*new[1])/oldlen
ZeroDivisionError: division by zero
ERROR - Polynomial fitting failed. Falling back to input values
Traceback (most recent call last):
  File "/Users/jaklusmeyer/SONG/pyodine/pyodine/lib/misc.py", line 529, in fit_polynomial
    pfit, stats = np.polynomial.Polynomial.fit(
  File "/Users/jaklusmeyer/miniconda/envs/pyodine_env/lib/python3.9/site-packages/numpy/polynomial/_polybase.py", line 1036, in fit
    xnew = pu.mapdomain(x, domain, window)
  File "/Users/jaklusmeyer/miniconda/envs/pyodine_env/lib/python3.9/site-packages/numpy/polynomial/polyutils.py", line 371, in mapdomain
    off, scl = mapparms(old, new)
  File "/Users/jaklusmeyer/miniconda/envs/pyodine_env/lib/python3.9/site-packages/numpy/polynomial/polyutils.py", line 303, in mapparms
    off = (old[1]*new[0] - old[0]*new[1])/oldlen
ZeroDivisionError: division by zero
ERROR - Polynomial fitting failed. Falling back to input values
Traceback (most recent call last):
  File "/Users/jaklusmeyer/SONG/pyodine/pyodine/lib/misc.py", line 529, in fit_polynomial
    pfit, stats = np.polynomial.Polynomial.fit(
  File "/Users/jaklusmeyer/miniconda/envs/pyodine_env/lib/python3.9/site-packages/numpy/polynomial/_polybase.py", line 1036, in fit
    xnew = pu.mapdomain(x, domain, window)
  File "/Users/jaklusmeyer/miniconda/envs/pyodine_env/lib/python3.9/site-packages/numpy/polynomial/polyutils.py", line 371, in mapdomain
    off, scl = mapparms(old, new)
  File "/Users/jaklusmeyer/miniconda/envs/pyodine_env/lib/python3.9/site-packages/numpy/polynomial/polyutils.py", line 303, in mapparms
    off = (old[1]*new[0] - old[0]*new[1])/oldlen
ZeroDivisionError: division by zero
ERROR - Polynomial fitting failed. Falling back to input values
Traceback (most recent call last):
  File "/Users/jaklusmeyer/SONG/pyodine/pyodine/lib/misc.py", line 529, in fit_polynomial
    pfit, stats = np.polynomial.Polynomial.fit(
  File "/Users/jaklusmeyer/miniconda/envs/pyodine_env/lib/python3.9/site-packages/numpy/polynomial/_polybase.py", line 1036, in fit
    xnew = pu.mapdomain(x, domain, window)
  File "/Users/jaklusmeyer/miniconda/envs/pyodine_env/lib/python3.9/site-packages/numpy/polynomial/polyutils.py", line 371, in mapdomain
    off, scl = mapparms(old, new)
  File "/Users/jaklusmeyer/miniconda/envs/pyodine_env/lib/python3.9/site-packages/numpy/polynomial/polyutils.py", line 303, in mapparms
    off = (old[1]*new[0] - old[0]*new[1])/oldlen
ZeroDivisionError: division by zero
ERROR - Polynomial fitting failed. Falling back to input values
Traceback (most recent call last):
  File "/Users/jaklusmeyer/SONG/pyodine/pyodine/lib/misc.py", line 529, in fit_polynomial
    pfit, stats = np.polynomial.Polynomial.fit(
  File "/Users/jaklusmeyer/miniconda/envs/pyodine_env/lib/python3.9/site-packages/numpy/polynomial/_polybase.py", line 1036, in fit
    xnew = pu.mapdomain(x, domain, window)
  File "/Users/jaklusmeyer/miniconda/envs/pyodine_env/lib/python3.9/site-packages/numpy/polynomial/polyutils.py", line 371, in mapdomain
    off, scl = mapparms(old, new)
  File "/Users/jaklusmeyer/miniconda/envs/pyodine_env/lib/python3.9/site-packages/numpy/polynomial/polyutils.py", line 303, in mapparms
    off = (old[1]*new[0] - old[0]*new[1])/oldlen
ZeroDivisionError: division by zero
INFO - 
INFO - Creating analysis plots...
ERROR - NaN value detected in iodine function.
ERROR - Chunk could not be plotted
Traceback (most recent call last):
  File "/Users/jaklusmeyer/SONG/pyodine/pyodine/plot_lib.py", line 62, in plot_chunkmodel
    sp = fit_results[chunk_nr].fitted_spectrum
  File "/Users/jaklusmeyer/SONG/pyodine/pyodine/fitters/base.py", line 45, in fitted_spectrum
    return self.model.eval_spectrum(self.chunk, self.params, chunk_ind=self.chunk_ind)
  File "/Users/jaklusmeyer/SONG/pyodine/pyodine/models/base.py", line 79, in eval_spectrum
    flux = self.eval(chunk, params, chunk_ind=chunk_ind, **kwargs)
  File "/Users/jaklusmeyer/SONG/pyodine/pyodine/models/spectrum.py", line 138, in eval
    tck = splrep(tem.wave * doppler, flux_tem, s=0)
  File "/Users/jaklusmeyer/miniconda/envs/pyodine_env/lib/python3.9/site-packages/scipy/interpolate/_fitpack_py.py", line 295, in splrep
    res = _impl.splrep(x, y, w, xb, xe, k, task, s, t, full_output, per, quiet)
  File "/Users/jaklusmeyer/miniconda/envs/pyodine_env/lib/python3.9/site-packages/scipy/interpolate/_fitpack_impl.py", line 276, in splrep
    n, c, fp, ier = dfitpack.curfit(task, x, y, w, t, wrk, iwrk,
dfitpack.error: (xb<=x[0]) failed for 1st keyword xb: curfit:xb=nan
ERROR - NaN value detected in iodine function.
ERROR - Chunk could not be plotted
Traceback (most recent call last):
  File "/Users/jaklusmeyer/SONG/pyodine/pyodine/plot_lib.py", line 62, in plot_chunkmodel
    sp = fit_results[chunk_nr].fitted_spectrum
  File "/Users/jaklusmeyer/SONG/pyodine/pyodine/fitters/base.py", line 45, in fitted_spectrum
    return self.model.eval_spectrum(self.chunk, self.params, chunk_ind=self.chunk_ind)
  File "/Users/jaklusmeyer/SONG/pyodine/pyodine/models/base.py", line 79, in eval_spectrum
    flux = self.eval(chunk, params, chunk_ind=chunk_ind, **kwargs)
  File "/Users/jaklusmeyer/SONG/pyodine/pyodine/models/spectrum.py", line 138, in eval
    tck = splrep(tem.wave * doppler, flux_tem, s=0)
  File "/Users/jaklusmeyer/miniconda/envs/pyodine_env/lib/python3.9/site-packages/scipy/interpolate/_fitpack_py.py", line 295, in splrep
    res = _impl.splrep(x, y, w, xb, xe, k, task, s, t, full_output, per, quiet)
  File "/Users/jaklusmeyer/miniconda/envs/pyodine_env/lib/python3.9/site-packages/scipy/interpolate/_fitpack_impl.py", line 276, in splrep
    n, c, fp, ier = dfitpack.curfit(task, x, y, w, t, wrk, iwrk,
dfitpack.error: (xb<=x[0]) failed for 1st keyword xb: curfit:xb=nan
INFO - 
INFO - ----------------------
INFO - RUN 1
INFO - ----------------------
INFO - 
INFO - Constraining parameters for RUN 1
INFO - 
INFO - Fitted LSF parameters:
INFO - <ParameterSet (values: 10)>
    left_1  =  11.19613084939664
    left_2  =  -10.55177923098636
    left_3  =  5.944461671230017
    left_4  =  -2.1926162447450976
    left_5  =  0.6746290940932194
    right1  =  11.1961319471365
    right2  =  -10.551781610905694
    right3  =  5.944463763844142
    right4  =  -2.192617556527674
    right5  =  0.6746295941069601
ERROR - Chunk 0: No Data! Returning LmfitResult with None.
ERROR - Chunk 1: No Data! Returning LmfitResult with None.
ERROR - Chunk 2: No Data! Returning LmfitResult with None.
ERROR - Chunk 3: No Data! Returning LmfitResult with None.
ERROR - Chunk 4: No Data! Returning LmfitResult with None.
ERROR - Chunk 5: No Data! Returning LmfitResult with None.
ERROR - Chunk 6: No Data! Returning LmfitResult with None.
ERROR - Chunk 7: No Data! Returning LmfitResult with None.
ERROR - Chunk 8: No Data! Returning LmfitResult with None.
ERROR - Chunk 9: No Data! Returning LmfitResult with None.
ERROR - Chunk 10: No Data! Returning LmfitResult with None.
ERROR - Chunk 11: No Data! Returning LmfitResult with None.
ERROR - Chunk 12: No Data! Returning LmfitResult with None.
ERROR - Chunk 13: No Data! Returning LmfitResult with None.
ERROR - Chunk 14: No Data! Returning LmfitResult with None.
ERROR - Chunk 15: No Data! Returning LmfitResult with None.
ERROR - Chunk 16: No Data! Returning LmfitResult with None.
ERROR - Chunk 17: No Data! Returning LmfitResult with None.
ERROR - Chunk 18: No Data! Returning LmfitResult with None.
ERROR - Chunk 19: No Data! Returning LmfitResult with None.
ERROR - Chunk 20: No Data! Returning LmfitResult with None.
ERROR - Chunk 21: No Data! Returning LmfitResult with None.
ERROR - Chunk 22: No Data! Returning LmfitResult with None.
ERROR - Chunk 23: No Data! Returning LmfitResult with None.
ERROR - Chunk 24: No Data! Returning LmfitResult with None.
ERROR - Chunk 25: No Data! Returning LmfitResult with None.
ERROR - Chunk 26: No Data! Returning LmfitResult with None.
ERROR - Chunk 27: No Data! Returning LmfitResult with None.
ERROR - Chunk 28: No Data! Returning LmfitResult with None.
ERROR - Chunk 29: No Data! Returning LmfitResult with None.
ERROR - Chunk 30: No Data! Returning LmfitResult with None.
ERROR - Chunk 31: No Data! Returning LmfitResult with None.
ERROR - Chunk 32: No Data! Returning LmfitResult with None.
ERROR - Chunk 33: No Data! Returning LmfitResult with None.
ERROR - Chunk 34: No Data! Returning LmfitResult with None.
ERROR - Chunk 35: No Data! Returning LmfitResult with None.
ERROR - Chunk 36: No Data! Returning LmfitResult with None.
ERROR - Chunk 37: No Data! Returning LmfitResult with None.
ERROR - Chunk 38: No Data! Returning LmfitResult with None.
ERROR - Chunk 39: No Data! Returning LmfitResult with None.
ERROR - Chunk 40: No Data! Returning LmfitResult with None.
ERROR - Chunk 41: No Data! Returning LmfitResult with None.
ERROR - Chunk 42: No Data! Returning LmfitResult with None.
ERROR - Chunk 43: No Data! Returning LmfitResult with None.
ERROR - Chunk 44: No Data! Returning LmfitResult with None.
ERROR - Chunk 45: No Data! Returning LmfitResult with None.
ERROR - Chunk 46: No Data! Returning LmfitResult with None.
ERROR - Chunk 47: No Data! Returning LmfitResult with None.
ERROR - Chunk 48: No Data! Returning LmfitResult with None.
ERROR - Chunk 49: No Data! Returning LmfitResult with None.
ERROR - Chunk 50: No Data! Returning LmfitResult with None.
ERROR - Chunk 51: No Data! Returning LmfitResult with None.
ERROR - Chunk 52: No Data! Returning LmfitResult with None.
ERROR - Chunk 53: No Data! Returning LmfitResult with None.
ERROR - Chunk 54: No Data! Returning LmfitResult with None.
ERROR - Chunk 55: No Data! Returning LmfitResult with None.
ERROR - Chunk 56: No Data! Returning LmfitResult with None.
ERROR - Chunk 57: No Data! Returning LmfitResult with None.
ERROR - Chunk 58: No Data! Returning LmfitResult with None.
ERROR - Chunk 59: No Data! Returning LmfitResult with None.
ERROR - Chunk 60: No Data! Returning LmfitResult with None.
ERROR - Chunk 61: No Data! Returning LmfitResult with None.
ERROR - Chunk 62: No Data! Returning LmfitResult with None.
ERROR - Chunk 63: No Data! Returning LmfitResult with None.
ERROR - Chunk 64: No Data! Returning LmfitResult with None.
ERROR - Chunk 65: No Data! Returning LmfitResult with None.
ERROR - Chunk 66: No Data! Returning LmfitResult with None.
ERROR - Chunk 67: No Data! Returning LmfitResult with None.
ERROR - Chunk 68: No Data! Returning LmfitResult with None.
ERROR - Chunk 69: No Data! Returning LmfitResult with None.
ERROR - Chunk 70: No Data! Returning LmfitResult with None.
ERROR - Chunk 71: No Data! Returning LmfitResult with None.
ERROR - Chunk 72: No Data! Returning LmfitResult with None.
ERROR - Chunk 73: No Data! Returning LmfitResult with None.
ERROR - Chunk 74: No Data! Returning LmfitResult with None.
ERROR - Chunk 75: No Data! Returning LmfitResult with None.
ERROR - Chunk 76: No Data! Returning LmfitResult with None.
ERROR - Chunk 77: No Data! Returning LmfitResult with None.
ERROR - Chunk 78: No Data! Returning LmfitResult with None.
ERROR - Chunk 79: No Data! Returning LmfitResult with None.
ERROR - Chunk 80: No Data! Returning LmfitResult with None.
ERROR - Chunk 81: No Data! Returning LmfitResult with None.
ERROR - Chunk 82: No Data! Returning LmfitResult with None.
ERROR - Chunk 83: No Data! Returning LmfitResult with None.
ERROR - Chunk 84: No Data! Returning LmfitResult with None.
ERROR - Chunk 85: No Data! Returning LmfitResult with None.
ERROR - Chunk 86: No Data! Returning LmfitResult with None.
ERROR - Chunk 87: No Data! Returning LmfitResult with None.
ERROR - Chunk 88: No Data! Returning LmfitResult with None.
ERROR - Chunk 89: No Data! Returning LmfitResult with None.
ERROR - Chunk 90: No Data! Returning LmfitResult with None.
ERROR - Chunk 91: No Data! Returning LmfitResult with None.
ERROR - Chunk 92: No Data! Returning LmfitResult with None.
ERROR - Chunk 93: No Data! Returning LmfitResult with None.
ERROR - Chunk 94: No Data! Returning LmfitResult with None.
ERROR - Chunk 95: No Data! Returning LmfitResult with None.
ERROR - Chunk 96: No Data! Returning LmfitResult with None.
ERROR - Chunk 97: No Data! Returning LmfitResult with None.
ERROR - Chunk 98: No Data! Returning LmfitResult with None.
ERROR - Chunk 99: No Data! Returning LmfitResult with None.
ERROR - Chunk 100: No Data! Returning LmfitResult with None.
ERROR - Chunk 101: No Data! Returning LmfitResult with None.
ERROR - Chunk 102: No Data! Returning LmfitResult with None.
ERROR - Chunk 103: No Data! Returning LmfitResult with None.
ERROR - Chunk 104: No Data! Returning LmfitResult with None.
ERROR - Chunk 105: No Data! Returning LmfitResult with None.
ERROR - Chunk 106: No Data! Returning LmfitResult with None.
ERROR - Chunk 107: No Data! Returning LmfitResult with None.
ERROR - Chunk 108: No Data! Returning LmfitResult with None.
ERROR - Chunk 109: No Data! Returning LmfitResult with None.
ERROR - Chunk 110: No Data! Returning LmfitResult with None.
ERROR - Chunk 111: No Data! Returning LmfitResult with None.
ERROR - Chunk 112: No Data! Returning LmfitResult with None.
ERROR - Chunk 113: No Data! Returning LmfitResult with None.
ERROR - Chunk 114: No Data! Returning LmfitResult with None.
ERROR - Chunk 115: No Data! Returning LmfitResult with None.
ERROR - Chunk 116: No Data! Returning LmfitResult with None.
ERROR - Chunk 117: No Data! Returning LmfitResult with None.
ERROR - Chunk 118: No Data! Returning LmfitResult with None.
ERROR - Chunk 119: No Data! Returning LmfitResult with None.
ERROR - Chunk 120: No Data! Returning LmfitResult with None.
ERROR - Chunk 121: No Data! Returning LmfitResult with None.
ERROR - Chunk 122: No Data! Returning LmfitResult with None.
ERROR - Chunk 123: No Data! Returning LmfitResult with None.
ERROR - Chunk 124: No Data! Returning LmfitResult with None.
ERROR - Chunk 125: No Data! Returning LmfitResult with None.
ERROR - Chunk 126: No Data! Returning LmfitResult with None.
ERROR - Chunk 127: No Data! Returning LmfitResult with None.
ERROR - Chunk 128: No Data! Returning LmfitResult with None.
ERROR - Chunk 129: No Data! Returning LmfitResult with None.
ERROR - Chunk 130: No Data! Returning LmfitResult with None.
ERROR - Chunk 131: No Data! Returning LmfitResult with None.
ERROR - Chunk 132: No Data! Returning LmfitResult with None.
ERROR - Chunk 133: No Data! Returning LmfitResult with None.
ERROR - Chunk 134: No Data! Returning LmfitResult with None.
ERROR - Chunk 135: No Data! Returning LmfitResult with None.
ERROR - Chunk 136: No Data! Returning LmfitResult with None.
ERROR - Chunk 137: No Data! Returning LmfitResult with None.
ERROR - Chunk 138: No Data! Returning LmfitResult with None.
ERROR - Chunk 139: No Data! Returning LmfitResult with None.
ERROR - Chunk 140: No Data! Returning LmfitResult with None.
ERROR - Chunk 141: No Data! Returning LmfitResult with None.
ERROR - Chunk 142: No Data! Returning LmfitResult with None.
ERROR - Chunk 143: No Data! Returning LmfitResult with None.
ERROR - Chunk 144: No Data! Returning LmfitResult with None.
ERROR - Chunk 145: No Data! Returning LmfitResult with None.
ERROR - Chunk 146: No Data! Returning LmfitResult with None.
ERROR - Chunk 147: No Data! Returning LmfitResult with None.
ERROR - Chunk 148: No Data! Returning LmfitResult with None.
ERROR - Chunk 149: No Data! Returning LmfitResult with None.
ERROR - Chunk 150: No Data! Returning LmfitResult with None.
ERROR - Chunk 151: No Data! Returning LmfitResult with None.
ERROR - Chunk 152: No Data! Returning LmfitResult with None.
ERROR - Chunk 153: No Data! Returning LmfitResult with None.
ERROR - Chunk 154: No Data! Returning LmfitResult with None.
ERROR - Chunk 155: No Data! Returning LmfitResult with None.
ERROR - Chunk 156: No Data! Returning LmfitResult with None.
ERROR - Chunk 157: No Data! Returning LmfitResult with None.
ERROR - Chunk 158: No Data! Returning LmfitResult with None.
ERROR - Chunk 159: No Data! Returning LmfitResult with None.
ERROR - Chunk 160: No Data! Returning LmfitResult with None.
ERROR - Chunk 161: No Data! Returning LmfitResult with None.
ERROR - Chunk 162: No Data! Returning LmfitResult with None.
ERROR - Chunk 163: No Data! Returning LmfitResult with None.
ERROR - Chunk 164: No Data! Returning LmfitResult with None.
ERROR - Chunk 165: No Data! Returning LmfitResult with None.
ERROR - Chunk 166: No Data! Returning LmfitResult with None.
ERROR - Chunk 167: No Data! Returning LmfitResult with None.
ERROR - Chunk 168: No Data! Returning LmfitResult with None.
ERROR - Chunk 169: No Data! Returning LmfitResult with None.
ERROR - Chunk 170: No Data! Returning LmfitResult with None.
ERROR - Chunk 171: No Data! Returning LmfitResult with None.
ERROR - Chunk 172: No Data! Returning LmfitResult with None.
ERROR - Chunk 173: No Data! Returning LmfitResult with None.
ERROR - Chunk 174: No Data! Returning LmfitResult with None.
ERROR - Chunk 175: No Data! Returning LmfitResult with None.
ERROR - Chunk 176: No Data! Returning LmfitResult with None.
ERROR - Chunk 177: No Data! Returning LmfitResult with None.
ERROR - Chunk 178: No Data! Returning LmfitResult with None.
ERROR - Chunk 179: No Data! Returning LmfitResult with None.
ERROR - Chunk 180: No Data! Returning LmfitResult with None.
ERROR - Chunk 181: No Data! Returning LmfitResult with None.
ERROR - Chunk 182: No Data! Returning LmfitResult with None.
ERROR - Chunk 183: No Data! Returning LmfitResult with None.
ERROR - Chunk 184: No Data! Returning LmfitResult with None.
ERROR - Chunk 185: No Data! Returning LmfitResult with None.
ERROR - Chunk 186: No Data! Returning LmfitResult with None.
ERROR - Chunk 187: No Data! Returning LmfitResult with None.
ERROR - Chunk 188: No Data! Returning LmfitResult with None.
ERROR - Chunk 189: No Data! Returning LmfitResult with None.
ERROR - Chunk 190: No Data! Returning LmfitResult with None.
ERROR - Chunk 191: No Data! Returning LmfitResult with None.
ERROR - Chunk 192: No Data! Returning LmfitResult with None.
ERROR - Chunk 193: No Data! Returning LmfitResult with None.
ERROR - Chunk 194: No Data! Returning LmfitResult with None.
ERROR - Chunk 195: No Data! Returning LmfitResult with None.
ERROR - Chunk 196: No Data! Returning LmfitResult with None.
ERROR - Chunk 197: No Data! Returning LmfitResult with None.
ERROR - Chunk 198: No Data! Returning LmfitResult with None.
ERROR - Chunk 199: No Data! Returning LmfitResult with None.
ERROR - Chunk 200: No Data! Returning LmfitResult with None.
ERROR - Chunk 201: No Data! Returning LmfitResult with None.
ERROR - Chunk 202: No Data! Returning LmfitResult with None.
ERROR - Chunk 203: No Data! Returning LmfitResult with None.
ERROR - Chunk 204: No Data! Returning LmfitResult with None.
ERROR - Chunk 205: No Data! Returning LmfitResult with None.
ERROR - Chunk 206: No Data! Returning LmfitResult with None.
ERROR - Chunk 207: No Data! Returning LmfitResult with None.
ERROR - Chunk 208: No Data! Returning LmfitResult with None.
ERROR - Chunk 209: No Data! Returning LmfitResult with None.
ERROR - Chunk 210: No Data! Returning LmfitResult with None.
ERROR - Chunk 211: No Data! Returning LmfitResult with None.
ERROR - Chunk 212: No Data! Returning LmfitResult with None.
ERROR - Chunk 213: No Data! Returning LmfitResult with None.
ERROR - Chunk 214: No Data! Returning LmfitResult with None.
ERROR - Chunk 215: No Data! Returning LmfitResult with None.
ERROR - Chunk 216: No Data! Returning LmfitResult with None.
ERROR - Chunk 217: No Data! Returning LmfitResult with None.
ERROR - Chunk 218: No Data! Returning LmfitResult with None.
ERROR - Chunk 219: No Data! Returning LmfitResult with None.
ERROR - Chunk 220: No Data! Returning LmfitResult with None.
ERROR - Chunk 221: No Data! Returning LmfitResult with None.
ERROR - Chunk 222: No Data! Returning LmfitResult with None.
ERROR - Chunk 223: No Data! Returning LmfitResult with None.
ERROR - Chunk 224: No Data! Returning LmfitResult with None.
ERROR - Chunk 225: No Data! Returning LmfitResult with None.
ERROR - Chunk 226: No Data! Returning LmfitResult with None.
ERROR - Chunk 227: No Data! Returning LmfitResult with None.
ERROR - Chunk 228: No Data! Returning LmfitResult with None.
ERROR - Chunk 229: No Data! Returning LmfitResult with None.
ERROR - Chunk 230: No Data! Returning LmfitResult with None.
ERROR - Chunk 231: No Data! Returning LmfitResult with None.
ERROR - Chunk 232: No Data! Returning LmfitResult with None.
ERROR - Chunk 233: No Data! Returning LmfitResult with None.
ERROR - Chunk 234: No Data! Returning LmfitResult with None.
ERROR - Chunk 235: No Data! Returning LmfitResult with None.
ERROR - Chunk 236: No Data! Returning LmfitResult with None.
ERROR - Chunk 237: No Data! Returning LmfitResult with None.
ERROR - Chunk 238: No Data! Returning LmfitResult with None.
ERROR - Chunk 239: No Data! Returning LmfitResult with None.
ERROR - Chunk 240: No Data! Returning LmfitResult with None.
ERROR - Chunk 241: No Data! Returning LmfitResult with None.
ERROR - Chunk 242: No Data! Returning LmfitResult with None.
ERROR - Chunk 243: No Data! Returning LmfitResult with None.
ERROR - Chunk 244: No Data! Returning LmfitResult with None.
ERROR - Chunk 245: No Data! Returning LmfitResult with None.
ERROR - Chunk 246: No Data! Returning LmfitResult with None.
ERROR - Chunk 247: No Data! Returning LmfitResult with None.
ERROR - Chunk 248: No Data! Returning LmfitResult with None.
ERROR - Chunk 249: No Data! Returning LmfitResult with None.
ERROR - Chunk 250: No Data! Returning LmfitResult with None.
ERROR - Chunk 251: No Data! Returning LmfitResult with None.
ERROR - Chunk 252: No Data! Returning LmfitResult with None.
ERROR - Chunk 253: No Data! Returning LmfitResult with None.
ERROR - Chunk 254: No Data! Returning LmfitResult with None.
ERROR - Chunk 255: No Data! Returning LmfitResult with None.
ERROR - Chunk 256: No Data! Returning LmfitResult with None.
ERROR - Chunk 257: No Data! Returning LmfitResult with None.
ERROR - Chunk 258: No Data! Returning LmfitResult with None.
ERROR - Chunk 259: No Data! Returning LmfitResult with None.
ERROR - Chunk 260: No Data! Returning LmfitResult with None.
ERROR - Chunk 261: No Data! Returning LmfitResult with None.
ERROR - Chunk 262: No Data! Returning LmfitResult with None.
ERROR - Chunk 263: No Data! Returning LmfitResult with None.
ERROR - Chunk 264: No Data! Returning LmfitResult with None.
ERROR - Chunk 265: No Data! Returning LmfitResult with None.
ERROR - Chunk 266: No Data! Returning LmfitResult with None.
ERROR - Chunk 267: No Data! Returning LmfitResult with None.
ERROR - Chunk 268: No Data! Returning LmfitResult with None.
ERROR - Chunk 269: No Data! Returning LmfitResult with None.
ERROR - Chunk 270: No Data! Returning LmfitResult with None.
ERROR - Chunk 271: No Data! Returning LmfitResult with None.
ERROR - Chunk 272: No Data! Returning LmfitResult with None.
ERROR - Chunk 273: No Data! Returning LmfitResult with None.
ERROR - Chunk 274: No Data! Returning LmfitResult with None.
ERROR - Chunk 275: No Data! Returning LmfitResult with None.
ERROR - Chunk 276: No Data! Returning LmfitResult with None.
ERROR - Chunk 277: No Data! Returning LmfitResult with None.
ERROR - Chunk 278: No Data! Returning LmfitResult with None.
ERROR - Chunk 279: No Data! Returning LmfitResult with None.
ERROR - Chunk 280: No Data! Returning LmfitResult with None.
ERROR - NaN value detected in oversampled model function.
ERROR - <ParameterSet (values: 17)>
    cont_intercept  =  7802.515941803592
    cont_slope      =  4.222373941107658
    iod_depth       =  1.0140051098276586
    lsf_left_1      =  2.878567300201407
    lsf_left_2      =  -18.314696013616167
    lsf_left_3      =  5.01987776906582
    lsf_left_4      =  -3.9396112477156966
    lsf_left_5      =  0.1470929326591259
    lsf_right1      =  7.40094627946407
    lsf_right2      =  -18.991767412545418
    lsf_right3      =  2.2679270669911338
    lsf_right4      =  -1.0297354078756813
    lsf_right5      =  0.21066174608460933
    tem_depth       =  0.9855854703905699
    velocity        =  -25002.16677431774
    wave_intercept  =  5011.344974411726
    wave_slope      =  0.014413026731324535
ERROR - Evaluated LSF:
ERROR - [nan nan nan nan nan nan nan nan nan nan nan nan nan nan nan nan nan nan
 nan nan nan nan nan nan nan nan nan nan nan nan nan nan nan nan nan nan
 nan nan nan nan nan nan nan nan nan nan nan nan nan nan nan nan nan nan
 nan nan nan nan nan nan nan nan nan nan nan nan nan nan nan nan nan nan
 nan]
WARNING - Chunk 313:
WARNING - NaN values detected in your input data or the output of your objective/model function - fitting algorithms cannot handle this! Please read https://lmfit.github.io/lmfit-py/faq.html#i-get-errors-from-nan-in-my-fit-what-can-i-do for more information.
ERROR - NaN value detected in oversampled model function.
ERROR - <ParameterSet (values: 17)>
    cont_intercept  =  5756.047729242486
    cont_slope      =  -3.871146613639209
    iod_depth       =  0.9913521094255358
    lsf_left_1      =  7.075952601544331
    lsf_left_2      =  -15.824269146197674
    lsf_left_3      =  2.006291604647351
    lsf_left_4      =  -3.2109913779774875
    lsf_left_5      =  1.1308074085666553
    lsf_right1      =  4.466998363589724
    lsf_right2      =  -12.08729205756185
    lsf_right3      =  1.5389514586912916
    lsf_right4      =  -2.205050812333731
    lsf_right5      =  0.232627234060836
    tem_depth       =  0.969135548381447
    velocity        =  -24983.27299545502
    wave_intercept  =  5035.475585663802
    wave_slope      =  0.012496225787916216
ERROR - Evaluated LSF:
ERROR - [nan nan nan nan nan nan nan nan nan nan nan nan nan nan nan nan nan nan
 nan nan nan nan nan nan nan nan nan nan nan nan nan nan nan nan nan nan
 nan nan nan nan nan nan nan nan nan nan nan nan nan nan nan nan nan nan
 nan nan nan nan nan nan nan nan nan nan nan nan nan nan nan nan nan nan
 nan]
WARNING - Chunk 328:
WARNING - NaN values detected in your input data or the output of your objective/model function - fitting algorithms cannot handle this! Please read https://lmfit.github.io/lmfit-py/faq.html#i-get-errors-from-nan-in-my-fit-what-can-i-do for more information.
ERROR - NaN value detected in oversampled model function.
ERROR - <ParameterSet (values: 17)>
    cont_intercept  =  3922.5286778769355
    cont_slope      =  -3.4553182276377896
    iod_depth       =  1.0162352825077159
    lsf_left_1      =  4.5378053249282395
    lsf_left_2      =  -18.981568222943388
    lsf_left_3      =  5.504495857472321
    lsf_left_4      =  -3.344838461070265
    lsf_left_5      =  0.9741725693330391
    lsf_right1      =  9.609174115364898
    lsf_right2      =  -18.186478992830057
    lsf_right3      =  3.7144404755436446
    lsf_right4      =  -3.9443878091906575
    lsf_right5      =  0.8966941530443598
    tem_depth       =  0.983203770648033
    velocity        =  -24951.832572022842
    wave_intercept  =  5045.597876516013
    wave_slope      =  0.011666307476913529
ERROR - Evaluated LSF:
ERROR - [nan nan nan nan nan nan nan nan nan nan nan nan nan nan nan nan nan nan
 nan nan nan nan nan nan nan nan nan nan nan nan nan nan nan nan nan nan
 nan nan nan nan nan nan nan nan nan nan nan nan nan nan nan nan nan nan
 nan nan nan nan nan nan nan nan nan nan nan nan nan nan nan nan nan nan
 nan]
WARNING - Chunk 335:
WARNING - NaN values detected in your input data or the output of your objective/model function - fitting algorithms cannot handle this! Please read https://lmfit.github.io/lmfit-py/faq.html#i-get-errors-from-nan-in-my-fit-what-can-i-do for more information.
ERROR - NaN value detected in oversampled model function.
ERROR - <ParameterSet (values: 17)>
    cont_intercept  =  2085.4729642201287
    cont_slope      =  -2.1719044477207627
    iod_depth       =  1.0427798008358693
    lsf_left_1      =  3.457415069203662
    lsf_left_2      =  -17.324663913573794
    lsf_left_3      =  6.299421321039946
    lsf_left_4      =  -3.9104512573569763
    lsf_left_5      =  0.9212699946943143
    lsf_right1      =  4.925931012297907
    lsf_right2      =  -14.886087543852726
    lsf_right3      =  1.1889419364996145
    lsf_right4      =  -2.9129766332343445
    lsf_right5      =  1.20811116477052
    tem_depth       =  0.9453337919001893
    velocity        =  -24982.981819709552
    wave_intercept  =  5051.071522105931
    wave_slope      =  0.011201074571735905
ERROR - Evaluated LSF:
ERROR - [nan nan nan nan nan nan nan nan nan nan nan nan nan nan nan nan nan nan
 nan nan nan nan nan nan nan nan nan nan nan nan nan nan nan nan nan nan
 nan nan nan nan nan nan nan nan nan nan nan nan nan nan nan nan nan nan
 nan nan nan nan nan nan nan nan nan nan nan nan nan nan nan nan nan nan
 nan]
WARNING - Chunk 339:
WARNING - NaN values detected in your input data or the output of your objective/model function - fitting algorithms cannot handle this! Please read https://lmfit.github.io/lmfit-py/faq.html#i-get-errors-from-nan-in-my-fit-what-can-i-do for more information.
ERROR - NaN value detected in oversampled model function.
ERROR - <ParameterSet (values: 17)>
    cont_intercept  =  8165.37859591505
    cont_slope      =  3.65648185722794
    iod_depth       =  1.023891117465599
    lsf_left_1      =  2.6794826990968064
    lsf_left_2      =  -18.961260848042897
    lsf_left_3      =  6.7218651957357975
    lsf_left_4      =  -3.1986574868868645
    lsf_left_5      =  0.7260353805386116
    lsf_right1      =  2.4064180421831245
    lsf_right2      =  -16.91464967040566
    lsf_right3      =  5.857744361002702
    lsf_right4      =  -3.9306134991023134
    lsf_right5      =  0.8745251489740806
    tem_depth       =  0.9879258533947332
    velocity        =  -24904.29436110278
    wave_intercept  =  5051.014101178452
    wave_slope      =  0.014692090934258469
ERROR - Evaluated LSF:
ERROR - [nan nan nan nan nan nan nan nan nan nan nan nan nan nan nan nan nan nan
 nan nan nan nan nan nan nan nan nan nan nan nan nan nan nan nan nan nan
 nan nan nan nan nan nan nan nan nan nan nan nan nan nan nan nan nan nan
 nan nan nan nan nan nan nan nan nan nan nan nan nan nan nan nan nan nan
 nan]
WARNING - Chunk 351:
WARNING - NaN values detected in your input data or the output of your objective/model function - fitting algorithms cannot handle this! Please read https://lmfit.github.io/lmfit-py/faq.html#i-get-errors-from-nan-in-my-fit-what-can-i-do for more information.
ERROR - NaN value detected in oversampled model function.
ERROR - <ParameterSet (values: 17)>
    cont_intercept  =  11036.436445865203
    cont_slope      =  2.256548848222948
    iod_depth       =  1.0186416857354677
    lsf_left_1      =  3.0841508429345343
    lsf_left_2      =  -18.148169697920853
    lsf_left_3      =  1.4114453226064307
    lsf_left_4      =  -1.9744257010967228
    lsf_left_5      =  0.5655455646468177
    lsf_right1      =  3.542371593708107
    lsf_right2      =  -16.787378336700286
    lsf_right3      =  3.085296445370984
    lsf_right4      =  -3.8599509256540725
    lsf_right5      =  0.9567681913469258
    tem_depth       =  0.9963698896799118
    velocity        =  -24820.038960215796
    wave_intercept  =  5059.591646935455
    wave_slope      =  0.013969027094930054
ERROR - Evaluated LSF:
ERROR - [nan nan nan nan nan nan nan nan nan nan nan nan nan nan nan nan nan nan
 nan nan nan nan nan nan nan nan nan nan nan nan nan nan nan nan nan nan
 nan nan nan nan nan nan nan nan nan nan nan nan nan nan nan nan nan nan
 nan nan nan nan nan nan nan nan nan nan nan nan nan nan nan nan nan nan
 nan]
WARNING - Chunk 356:
WARNING - NaN values detected in your input data or the output of your objective/model function - fitting algorithms cannot handle this! Please read https://lmfit.github.io/lmfit-py/faq.html#i-get-errors-from-nan-in-my-fit-what-can-i-do for more information.
ERROR - NaN value detected in oversampled model function.
ERROR - <ParameterSet (values: 17)>
    cont_intercept  =  4754.549120769869
    cont_slope      =  -5.117285857372888
    iod_depth       =  1.0189839498603452
    lsf_left_1      =  2.3638233586704613
    lsf_left_2      =  -18.826237632976586
    lsf_left_3      =  1.2288146839469
    lsf_left_4      =  -0.765450754730463
    lsf_left_5      =  0.36317061847166593
    lsf_right1      =  6.840239749556819
    lsf_right2      =  -11.830973891794152
    lsf_right3      =  5.404569298835825
    lsf_right4      =  -2.4933532966432983
    lsf_right5      =  0.4016632484513721
    tem_depth       =  0.9705779310122035
    velocity        =  -24793.1298353675
    wave_intercept  =  5123.888224477113
    wave_slope      =  0.012304789980298329
ERROR - Evaluated LSF:
ERROR - [nan nan nan nan nan nan nan nan nan nan nan nan nan nan nan nan nan nan
 nan nan nan nan nan nan nan nan nan nan nan nan nan nan nan nan nan nan
 nan nan nan nan nan nan nan nan nan nan nan nan nan nan nan nan nan nan
 nan nan nan nan nan nan nan nan nan nan nan nan nan nan nan nan nan nan
 nan]
WARNING - Chunk 409:
WARNING - NaN values detected in your input data or the output of your objective/model function - fitting algorithms cannot handle this! Please read https://lmfit.github.io/lmfit-py/faq.html#i-get-errors-from-nan-in-my-fit-what-can-i-do for more information.
ERROR - NaN value detected in oversampled model function.
ERROR - <ParameterSet (values: 17)>
    cont_intercept  =  2571.2860208225075
    cont_slope      =  -3.018402846327826
    iod_depth       =  0.8697667516963629
    lsf_left_1      =  4.8766415261433735
    lsf_left_2      =  -12.259158013229602
    lsf_left_3      =  3.4588515879566946
    lsf_left_4      =  -1.9588455757123393
    lsf_left_5      =  0.7434518151146666
    lsf_right1      =  3.093765280227389
    lsf_right2      =  -18.84139089831819
    lsf_right3      =  1.820702617211516
    lsf_right4      =  -1.2697365248699426
    lsf_right5      =  0.5003399636104064
    tem_depth       =  0.9773757378168689
    velocity        =  -25006.048537160805
    wave_intercept  =  5179.77033846098
    wave_slope      =  0.011390736388272739
ERROR - Evaluated LSF:
ERROR - [nan nan nan nan nan nan nan nan nan nan nan nan nan nan nan nan nan nan
 nan nan nan nan nan nan nan nan nan nan nan nan nan nan nan nan nan nan
 nan nan nan nan nan nan nan nan nan nan nan nan nan nan nan nan nan nan
 nan nan nan nan nan nan nan nan nan nan nan nan nan nan nan nan nan nan
 nan]
WARNING - Chunk 457:
WARNING - NaN values detected in your input data or the output of your objective/model function - fitting algorithms cannot handle this! Please read https://lmfit.github.io/lmfit-py/faq.html#i-get-errors-from-nan-in-my-fit-what-can-i-do for more information.
ERROR - NaN value detected in oversampled model function.
ERROR - <ParameterSet (values: 17)>
    cont_intercept  =  7764.196439856296
    cont_slope      =  -4.957973982362436
    iod_depth       =  0.933071586140727
    lsf_left_1      =  2.396676585449309
    lsf_left_2      =  -15.320698392445848
    lsf_left_3      =  4.029931741774764
    lsf_left_4      =  -3.925926230695739
    lsf_left_5      =  1.001103725729858
    lsf_right1      =  7.596977035789625
    lsf_right2      =  -13.04770988867899
    lsf_right3      =  3.72972680858347
    lsf_right4      =  -3.8722589167421777
    lsf_right5      =  0.47683884436897905
    tem_depth       =  0.9685612798384923
    velocity        =  -25034.855172572334
    wave_intercept  =  5256.768620233405
    wave_slope      =  0.012517451905534195
ERROR - Evaluated LSF:
ERROR - [nan nan nan nan nan nan nan nan nan nan nan nan nan nan nan nan nan nan
 nan nan nan nan nan nan nan nan nan nan nan nan nan nan nan nan nan nan
 nan nan nan nan nan nan nan nan nan nan nan nan nan nan nan nan nan nan
 nan nan nan nan nan nan nan nan nan nan nan nan nan nan nan nan nan nan
 nan]
WARNING - Chunk 527:
WARNING - NaN values detected in your input data or the output of your objective/model function - fitting algorithms cannot handle this! Please read https://lmfit.github.io/lmfit-py/faq.html#i-get-errors-from-nan-in-my-fit-what-can-i-do for more information.
ERROR - NaN value detected in oversampled model function.
ERROR - <ParameterSet (values: 17)>
    cont_intercept  =  10148.28803390675
    cont_slope      =  10.899598262364199
    iod_depth       =  1.0129897558316967
    lsf_left_1      =  4.035186484497257
    lsf_left_2      =  -18.07642846857818
    lsf_left_3      =  10.233854935610665
    lsf_left_4      =  -3.937787707268024
    lsf_left_5      =  0.14623238763014154
    lsf_right1      =  2.6634724889889867
    lsf_right2      =  -18.9642438460892
    lsf_right3      =  2.8196874470568387
    lsf_right4      =  -2.3825550217312386
    lsf_right5      =  0.3121976935625301
    tem_depth       =  1.1214890837864928
    velocity        =  -25044.177196984216
    wave_intercept  =  5303.146143676813
    wave_slope      =  0.016284505268059562
ERROR - Evaluated LSF:
ERROR - [nan nan nan nan nan nan nan nan nan nan nan nan nan nan nan nan nan nan
 nan nan nan nan nan nan nan nan nan nan nan nan nan nan nan nan nan nan
 nan nan nan nan nan nan nan nan nan nan nan nan nan nan nan nan nan nan
 nan nan nan nan nan nan nan nan nan nan nan nan nan nan nan nan nan nan
 nan]
WARNING - Chunk 579:
WARNING - NaN values detected in your input data or the output of your objective/model function - fitting algorithms cannot handle this! Please read https://lmfit.github.io/lmfit-py/faq.html#i-get-errors-from-nan-in-my-fit-what-can-i-do for more information.
ERROR - NaN value detected in oversampled model function.
ERROR - <ParameterSet (values: 17)>
    cont_intercept  =  16616.627428066327
    cont_slope      =  9.389724424898318
    iod_depth       =  0.9937586706473895
    lsf_left_1      =  3.020205005017397
    lsf_left_2      =  -18.740990545876546
    lsf_left_3      =  8.311578217748906
    lsf_left_4      =  -3.609473117856166
    lsf_left_5      =  0.26135841082622524
    lsf_right1      =  2.68124032285183
    lsf_right2      =  -13.705650444297042
    lsf_right3      =  4.273576549182982
    lsf_right4      =  -2.96347123892158
    lsf_right5      =  0.5673542694903224
    tem_depth       =  0.9648729570055102
    velocity        =  -24901.983047081907
    wave_intercept  =  5314.542463323553
    wave_slope      =  0.015421490143800358
ERROR - Evaluated LSF:
ERROR - [nan nan nan nan nan nan nan nan nan nan nan nan nan nan nan nan nan nan
 nan nan nan nan nan nan nan nan nan nan nan nan nan nan nan nan nan nan
 nan nan nan nan nan nan nan nan nan nan nan nan nan nan nan nan nan nan
 nan nan nan nan nan nan nan nan nan nan nan nan nan nan nan nan nan nan
 nan]
WARNING - Chunk 585:
WARNING - NaN values detected in your input data or the output of your objective/model function - fitting algorithms cannot handle this! Please read https://lmfit.github.io/lmfit-py/faq.html#i-get-errors-from-nan-in-my-fit-what-can-i-do for more information.
ERROR - NaN value detected in oversampled model function.
ERROR - <ParameterSet (values: 17)>
    cont_intercept  =  11306.432299470125
    cont_slope      =  -6.446347067073134
    iod_depth       =  1.0571774587476568
    lsf_left_1      =  2.601117382123773
    lsf_left_2      =  -16.641244160493113
    lsf_left_3      =  4.652993731352931
    lsf_left_4      =  -2.563827366890657
    lsf_left_5      =  1.1748861241912616
    lsf_right1      =  5.631481862220202
    lsf_right2      =  -18.643862024637777
    lsf_right3      =  1.6623438232788508
    lsf_right4      =  -3.85711588452168
    lsf_right5      =  0.6912663680392761
    tem_depth       =  0.9969466781656943
    velocity        =  -24761.148835955555
    wave_intercept  =  5388.8187757732585
    wave_slope      =  0.013403063881641617
ERROR - Evaluated LSF:
ERROR - [nan nan nan nan nan nan nan nan nan nan nan nan nan nan nan nan nan nan
 nan nan nan nan nan nan nan nan nan nan nan nan nan nan nan nan nan nan
 nan nan nan nan nan nan nan nan nan nan nan nan nan nan nan nan nan nan
 nan nan nan nan nan nan nan nan nan nan nan nan nan nan nan nan nan nan
 nan]
WARNING - Chunk 640:
WARNING - NaN values detected in your input data or the output of your objective/model function - fitting algorithms cannot handle this! Please read https://lmfit.github.io/lmfit-py/faq.html#i-get-errors-from-nan-in-my-fit-what-can-i-do for more information.
ERROR - NaN value detected in oversampled model function.
ERROR - <ParameterSet (values: 17)>
    cont_intercept  =  3989.5412911993103
    cont_slope      =  -3.593878164257218
    iod_depth       =  0.8800450157058666
    lsf_left_1      =  8.003246530623354
    lsf_left_2      =  -18.70220810108111
    lsf_left_3      =  2.341399617927582
    lsf_left_4      =  -2.878250260015559
    lsf_left_5      =  0.5920321049741342
    lsf_right1      =  7.604993518220839
    lsf_right2      =  -18.984427531116797
    lsf_right3      =  1.5941536756779415
    lsf_right4      =  -0.6860349923801854
    lsf_right5      =  0.6312492950225882
    tem_depth       =  0.9606751462292125
    velocity        =  -24921.14844512467
    wave_intercept  =  5405.484343853258
    wave_slope      =  0.011973019239686364
ERROR - Evaluated LSF:
ERROR - [nan nan nan nan nan nan nan nan nan nan nan nan nan nan nan nan nan nan
 nan nan nan nan nan nan nan nan nan nan nan nan nan nan nan nan nan nan
 nan nan nan nan nan nan nan nan nan nan nan nan nan nan nan nan nan nan
 nan nan nan nan nan nan nan nan nan nan nan nan nan nan nan nan nan nan
 nan]
WARNING - Chunk 651:
WARNING - NaN values detected in your input data or the output of your objective/model function - fitting algorithms cannot handle this! Please read https://lmfit.github.io/lmfit-py/faq.html#i-get-errors-from-nan-in-my-fit-what-can-i-do for more information.
ERROR - NaN value detected in oversampled model function.
ERROR - <ParameterSet (values: 17)>
    cont_intercept  =  14347.98579764671
    cont_slope      =  6.130473787726597
    iod_depth       =  0.9895064982778263
    lsf_left_1      =  3.6862640114790803
    lsf_left_2      =  -18.31791178112233
    lsf_left_3      =  4.0512073437486045
    lsf_left_4      =  -2.0635680983582914
    lsf_left_5      =  0.5659840513086896
    lsf_right1      =  9.1814519998941
    lsf_right2      =  -16.851601801159752
    lsf_right3      =  6.555311310934523
    lsf_right4      =  -3.9236368507876964
    lsf_right5      =  0.5982788925701293
    tem_depth       =  0.9733946096874687
    velocity        =  -24848.518953867617
    wave_intercept  =  5402.900815295854
    wave_slope      =  0.016140552140796457
ERROR - Evaluated LSF:
ERROR - [nan nan nan nan nan nan nan nan nan nan nan nan nan nan nan nan nan nan
 nan nan nan nan nan nan nan nan nan nan nan nan nan nan nan nan nan nan
 nan nan nan nan nan nan nan nan nan nan nan nan nan nan nan nan nan nan
 nan nan nan nan nan nan nan nan nan nan nan nan nan nan nan nan nan nan
 nan]
WARNING - Chunk 660:
WARNING - NaN values detected in your input data or the output of your objective/model function - fitting algorithms cannot handle this! Please read https://lmfit.github.io/lmfit-py/faq.html#i-get-errors-from-nan-in-my-fit-what-can-i-do for more information.
ERROR - NaN value detected in oversampled model function.
ERROR - <ParameterSet (values: 17)>
    cont_intercept  =  21817.623305990684
    cont_slope      =  -2.4234741621177776
    iod_depth       =  1.0250913458767288
    lsf_left_1      =  3.5766281453581534
    lsf_left_2      =  -12.383363542345428
    lsf_left_3      =  1.5222923161191697
    lsf_left_4      =  -0.8256022476608837
    lsf_left_5      =  0.3005110794142271
    lsf_right1      =  5.0186583282011235
    lsf_right2      =  -17.29169043119675
    lsf_right3      =  6.992727319440742
    lsf_right4      =  -3.1052785397169114
    lsf_right5      =  0.13580352530321316
    tem_depth       =  1.0018425922500387
    velocity        =  -24893.62472806013
    wave_intercept  =  5515.401884587558
    wave_slope      =  0.01518364127697596
ERROR - Evaluated LSF:
ERROR - [nan nan nan nan nan nan nan nan nan nan nan nan nan nan nan nan nan nan
 nan nan nan nan nan nan nan nan nan nan nan nan nan nan nan nan nan nan
 nan nan nan nan nan nan nan nan nan nan nan nan nan nan nan nan nan nan
 nan nan nan nan nan nan nan nan nan nan nan nan nan nan nan nan nan nan
 nan]
WARNING - Chunk 746:
WARNING - NaN values detected in your input data or the output of your objective/model function - fitting algorithms cannot handle this! Please read https://lmfit.github.io/lmfit-py/faq.html#i-get-errors-from-nan-in-my-fit-what-can-i-do for more information.
ERROR - NaN value detected in oversampled model function.
ERROR - <ParameterSet (values: 17)>
    cont_intercept  =  23154.348664302903
    cont_slope      =  -1.826775846758167
    iod_depth       =  1.0272223973392827
    lsf_left_1      =  2.2530323434434845
    lsf_left_2      =  -10.28715680368844
    lsf_left_3      =  1.2299968923646785
    lsf_left_4      =  -3.7707917216919817
    lsf_left_5      =  0.9642438541985541
    lsf_right1      =  3.206233188251028
    lsf_right2      =  -16.810032960745453
    lsf_right3      =  8.02439108880385
    lsf_right4      =  -2.454759021229124
    lsf_right5      =  0.6147081260118765
    tem_depth       =  0.9782627029667386
    velocity        =  -24732.20501073796
    wave_intercept  =  5520.794946669186
    wave_slope      =  0.014818783586468386
ERROR - Evaluated LSF:
ERROR - [nan nan nan nan nan nan nan nan nan nan nan nan nan nan nan nan nan nan
 nan nan nan nan nan nan nan nan nan nan nan nan nan nan nan nan nan nan
 nan nan nan nan nan nan nan nan nan nan nan nan nan nan nan nan nan nan
 nan nan nan nan nan nan nan nan nan nan nan nan nan nan nan nan nan nan
 nan]
WARNING - Chunk 749:
WARNING - NaN values detected in your input data or the output of your objective/model function - fitting algorithms cannot handle this! Please read https://lmfit.github.io/lmfit-py/faq.html#i-get-errors-from-nan-in-my-fit-what-can-i-do for more information.
ERROR - NaN value detected in oversampled model function.
ERROR - <ParameterSet (values: 17)>
    cont_intercept  =  21325.272468719693
    cont_slope      =  -13.949103861679262
    iod_depth       =  0.950107810515824
    lsf_left_1      =  6.0548618768700475
    lsf_left_2      =  -16.031609176646857
    lsf_left_3      =  5.275040254075915
    lsf_left_4      =  -3.3343921874512925
    lsf_left_5      =  0.13779539802521562
    lsf_right1      =  2.2524781261249665
    lsf_right2      =  -11.629712081575516
    lsf_right3      =  1.4350333810595117
    lsf_right4      =  -1.3074409211144187
    lsf_right5      =  0.196285536388413
    tem_depth       =  0.9787270407594684
    velocity        =  -25106.131831904724
    wave_intercept  =  5739.622622750562
    wave_slope      =  0.01440374150953417
ERROR - Evaluated LSF:
ERROR - [nan nan nan nan nan nan nan nan nan nan nan nan nan nan nan nan nan nan
 nan nan nan nan nan nan nan nan nan nan nan nan nan nan nan nan nan nan
 nan nan nan nan nan nan nan nan nan nan nan nan nan nan nan nan nan nan
 nan nan nan nan nan nan nan nan nan nan nan nan nan nan nan nan nan nan
 nan]
WARNING - Chunk 912:
WARNING - NaN values detected in your input data or the output of your objective/model function - fitting algorithms cannot handle this! Please read https://lmfit.github.io/lmfit-py/faq.html#i-get-errors-from-nan-in-my-fit-what-can-i-do for more information.
ERROR - NaN value detected in oversampled model function.
ERROR - <ParameterSet (values: 17)>
    cont_intercept  =  25371.05160856185
    cont_slope      =  6.812531165266633
    iod_depth       =  1.018679761237317
    lsf_left_1      =  7.52525694530488
    lsf_left_2      =  -18.581219338332083
    lsf_left_3      =  7.455775467685275
    lsf_left_4      =  -3.730694886144003
    lsf_left_5      =  0.7037594116698521
    lsf_right1      =  2.3334031494271237
    lsf_right2      =  -8.050501514444495
    lsf_right3      =  2.437216731890951
    lsf_right4      =  -2.575586635907495
    lsf_right5      =  1.2048529159347945
    tem_depth       =  1.2098870912692268
    velocity        =  -25012.59991373039
    wave_intercept  =  5818.6581035425
    wave_slope      =  0.017007880768480223
ERROR - Evaluated LSF:
ERROR - [nan nan nan nan nan nan nan nan nan nan nan nan nan nan nan nan nan nan
 nan nan nan nan nan nan nan nan nan nan nan nan nan nan nan nan nan nan
 nan nan nan nan nan nan nan nan nan nan nan nan nan nan nan nan nan nan
 nan nan nan nan nan nan nan nan nan nan nan nan nan nan nan nan nan nan
 nan]
WARNING - Chunk 974:
WARNING - NaN values detected in your input data or the output of your objective/model function - fitting algorithms cannot handle this! Please read https://lmfit.github.io/lmfit-py/faq.html#i-get-errors-from-nan-in-my-fit-what-can-i-do for more information.
ERROR - NaN value detected in oversampled model function.
ERROR - <ParameterSet (values: 17)>
    cont_intercept  =  24914.300875643276
    cont_slope      =  -13.010321195461243
    iod_depth       =  0.9494596960008481
    lsf_left_1      =  5.242029138013278
    lsf_left_2      =  -18.56464830857145
    lsf_left_3      =  8.41075021069042
    lsf_left_4      =  -3.5005043557818487
    lsf_left_5      =  1.0626048048576986
    lsf_right1      =  5.818323594853702
    lsf_right2      =  -17.42076944249176
    lsf_right3      =  4.9758773545617565
    lsf_right4      =  -3.321323646045228
    lsf_right5      =  0.9761615457607105
    tem_depth       =  1.0055161581576901
    velocity        =  -25066.91664453773
    wave_intercept  =  5905.180370915392
    wave_slope      =  0.014766558396416302
ERROR - Evaluated LSF:
ERROR - [nan nan nan nan nan nan nan nan nan nan nan nan nan nan nan nan nan nan
 nan nan nan nan nan nan nan nan nan nan nan nan nan nan nan nan nan nan
 nan nan nan nan nan nan nan nan nan nan nan nan nan nan nan nan nan nan
 nan nan nan nan nan nan nan nan nan nan nan nan nan nan nan nan nan nan
 nan]
WARNING - Chunk 1029:
WARNING - NaN values detected in your input data or the output of your objective/model function - fitting algorithms cannot handle this! Please read https://lmfit.github.io/lmfit-py/faq.html#i-get-errors-from-nan-in-my-fit-what-can-i-do for more information.
ERROR - NaN value detected in oversampled model function.
ERROR - <ParameterSet (values: 17)>
    cont_intercept  =  23263.345246009536
    cont_slope      =  -12.958271290363722
    iod_depth       =  0.9896359552844856
    lsf_left_1      =  4.104449515040041
    lsf_left_2      =  -14.787215156413534
    lsf_left_3      =  8.255742369474023
    lsf_left_4      =  -3.6945357424566962
    lsf_left_5      =  0.3772722526568414
    lsf_right1      =  7.775675068878194
    lsf_right2      =  -17.45624252790074
    lsf_right3      =  1.6548003904248265
    lsf_right4      =  -1.7457389405949106
    lsf_right5      =  0.4149721554891697
    tem_depth       =  1.02983014578111
    velocity        =  -23914.649549566802
    wave_intercept  =  5964.292977854946
    wave_slope      =  0.014789250881148398
ERROR - Evaluated LSF:
ERROR - [nan nan nan nan nan nan nan nan nan nan nan nan nan nan nan nan nan nan
 nan nan nan nan nan nan nan nan nan nan nan nan nan nan nan nan nan nan
 nan nan nan nan nan nan nan nan nan nan nan nan nan nan nan nan nan nan
 nan nan nan nan nan nan nan nan nan nan nan nan nan nan nan nan nan nan
 nan]
WARNING - Chunk 1069:
WARNING - NaN values detected in your input data or the output of your objective/model function - fitting algorithms cannot handle this! Please read https://lmfit.github.io/lmfit-py/faq.html#i-get-errors-from-nan-in-my-fit-what-can-i-do for more information.
ERROR - NaN value detected in oversampled model function.
ERROR - <ParameterSet (values: 17)>
    cont_intercept  =  20729.40000172882
    cont_slope      =  -14.355850907611451
    iod_depth       =  1.0362930938110897
    lsf_left_1      =  2.8535022057679034
    lsf_left_2      =  -13.323196432595317
    lsf_left_3      =  10.026372879047365
    lsf_left_4      =  -3.74840710838007
    lsf_left_5      =  0.23470034071453694
    lsf_right1      =  2.465402517222962
    lsf_right2      =  -17.779244945758236
    lsf_right3      =  2.6773204533107284
    lsf_right4      =  -2.3342579213863224
    lsf_right5      =  0.5252748005596233
    tem_depth       =  0.9421138777955534
    velocity        =  -25827.98608837306
    wave_intercept  =  5967.806300085504
    wave_slope      =  0.014430137040492008
ERROR - Evaluated LSF:
ERROR - [nan nan nan nan nan nan nan nan nan nan nan nan nan nan nan nan nan nan
 nan nan nan nan nan nan nan nan nan nan nan nan nan nan nan nan nan nan
 nan nan nan nan nan nan nan nan nan nan nan nan nan nan nan nan nan nan
 nan nan nan nan nan nan nan nan nan nan nan nan nan nan nan nan nan nan
 nan]
WARNING - Chunk 1071:
WARNING - NaN values detected in your input data or the output of your objective/model function - fitting algorithms cannot handle this! Please read https://lmfit.github.io/lmfit-py/faq.html#i-get-errors-from-nan-in-my-fit-what-can-i-do for more information.
ERROR - NaN value detected in oversampled model function.
ERROR - <ParameterSet (values: 17)>
    cont_intercept  =  33463.35694953028
    cont_slope      =  -0.04608167198478541
    iod_depth       =  0.9777146711617979
    lsf_left_1      =  8.6493924826568
    lsf_left_2      =  -18.85315286431309
    lsf_left_3      =  9.525904216681873
    lsf_left_4      =  -2.5726849666524543
    lsf_left_5      =  0.16386725796207563
    lsf_right1      =  2.2454546249867593
    lsf_right2      =  -9.281164061227534
    lsf_right3      =  1.3249240415231816
    lsf_right4      =  -2.4433886702816485
    lsf_right5      =  1.1277950977094733
    tem_depth       =  0.9952796439127914
    velocity        =  -24936.18359987979
    wave_intercept  =  6000.045333284665
    wave_slope      =  0.016723753999103277
ERROR - Evaluated LSF:
ERROR - [nan nan nan nan nan nan nan nan nan nan nan nan nan nan nan nan nan nan
 nan nan nan nan nan nan nan nan nan nan nan nan nan nan nan nan nan nan
 nan nan nan nan nan nan nan nan nan nan nan nan nan nan nan nan nan nan
 nan nan nan nan nan nan nan nan nan nan nan nan nan nan nan nan nan nan
 nan]
WARNING - Chunk 1096:
WARNING - NaN values detected in your input data or the output of your objective/model function - fitting algorithms cannot handle this! Please read https://lmfit.github.io/lmfit-py/faq.html#i-get-errors-from-nan-in-my-fit-what-can-i-do for more information.
ERROR - NaN value detected in oversampled model function.
ERROR - <ParameterSet (values: 17)>
    cont_intercept  =  21110.17525257186
    cont_slope      =  -15.887571277694335
    iod_depth       =  0.9191629232802967
    lsf_left_1      =  4.942926719837663
    lsf_left_2      =  -18.33760585117957
    lsf_left_3      =  6.387572533781884
    lsf_left_4      =  -1.9699826976237065
    lsf_left_5      =  0.23395236998015465
    lsf_right1      =  2.351037278394056
    lsf_right2      =  -17.506593376883853
    lsf_right3      =  1.5170789639866358
    lsf_right4      =  -2.9082099184508374
    lsf_right5      =  0.45294872976770567
    tem_depth       =  1.1093542583719147
    velocity        =  -25115.108442473836
    wave_intercept  =  6028.047783907652
    wave_slope      =  0.014513329774497305
ERROR - Evaluated LSF:
ERROR - [nan nan nan nan nan nan nan nan nan nan nan nan nan nan nan nan nan nan
 nan nan nan nan nan nan nan nan nan nan nan nan nan nan nan nan nan nan
 nan nan nan nan nan nan nan nan nan nan nan nan nan nan nan nan nan nan
 nan nan nan nan nan nan nan nan nan nan nan nan nan nan nan nan nan nan
 nan]
WARNING - Chunk 1111:
WARNING - NaN values detected in your input data or the output of your objective/model function - fitting algorithms cannot handle this! Please read https://lmfit.github.io/lmfit-py/faq.html#i-get-errors-from-nan-in-my-fit-what-can-i-do for more information.
ERROR - NaN value detected in oversampled model function.
ERROR - <ParameterSet (values: 17)>
    cont_intercept  =  16004.13753627539
    cont_slope      =  22.04895735792233
    iod_depth       =  0.40999173504956143
    lsf_left_1      =  2.2846667558984346
    lsf_left_2      =  -6.280561867641218
    lsf_left_3      =  1.2071287057010722
    lsf_left_4      =  -3.8490643384917087
    lsf_left_5      =  0.32959240383209687
    lsf_right1      =  5.193383130983635
    lsf_right2      =  -15.774127079733512
    lsf_right3      =  1.1947766309853227
    lsf_right4      =  -3.7328417006098404
    lsf_right5      =  0.4369315115138464
    tem_depth       =  0.8683325753546136
    velocity        =  -24838.72684240372
    wave_intercept  =  6029.269162548844
    wave_slope      =  0.01930497668607005
ERROR - Evaluated LSF:
ERROR - [nan nan nan nan nan nan nan nan nan nan nan nan nan nan nan nan nan nan
 nan nan nan nan nan nan nan nan nan nan nan nan nan nan nan nan nan nan
 nan nan nan nan nan nan nan nan nan nan nan nan nan nan nan nan nan nan
 nan nan nan nan nan nan nan nan nan nan nan nan nan nan nan nan nan nan
 nan]
WARNING - Chunk 1121:
WARNING - NaN values detected in your input data or the output of your objective/model function - fitting algorithms cannot handle this! Please read https://lmfit.github.io/lmfit-py/faq.html#i-get-errors-from-nan-in-my-fit-what-can-i-do for more information.
ERROR - NaN value detected in oversampled model function.
ERROR - <ParameterSet (values: 17)>
    cont_intercept  =  21059.239731935213
    cont_slope      =  16.386959113787317
    iod_depth       =  0.9264333782018122
    lsf_left_1      =  4.466092813889878
    lsf_left_2      =  -13.209125048549318
    lsf_left_3      =  6.44595316691103
    lsf_left_4      =  -1.6748452007990666
    lsf_left_5      =  0.1375587493943973
    lsf_right1      =  5.173338820039638
    lsf_right2      =  -12.770069225456297
    lsf_right3      =  7.2406607905554505
    lsf_right4      =  -3.9367622112488583
    lsf_right5      =  1.1915984024660509
    tem_depth       =  1.1117663851332344
    velocity        =  -24990.22043414805
    wave_intercept  =  6036.02217031532
    wave_slope      =  0.018713851164925847
ERROR - Evaluated LSF:
ERROR - [nan nan nan nan nan nan nan nan nan nan nan nan nan nan nan nan nan nan
 nan nan nan nan nan nan nan nan nan nan nan nan nan nan nan nan nan nan
 nan nan nan nan nan nan nan nan nan nan nan nan nan nan nan nan nan nan
 nan nan nan nan nan nan nan nan nan nan nan nan nan nan nan nan nan nan
 nan]
WARNING - Chunk 1124:
WARNING - NaN values detected in your input data or the output of your objective/model function - fitting algorithms cannot handle this! Please read https://lmfit.github.io/lmfit-py/faq.html#i-get-errors-from-nan-in-my-fit-what-can-i-do for more information.
ERROR - NaN value detected in oversampled model function.
ERROR - <ParameterSet (values: 17)>
    cont_intercept  =  35985.91214535067
    cont_slope      =  5.4207959512757125
    iod_depth       =  0.9288029845449066
    lsf_left_1      =  2.6531658974234786
    lsf_left_2      =  -16.593483233614673
    lsf_left_3      =  10.438733355281496
    lsf_left_4      =  -3.757821779641053
    lsf_left_5      =  0.23747061316006315
    lsf_right1      =  4.623105436868003
    lsf_right2      =  -17.37850540410455
    lsf_right3      =  1.4864049844970657
    lsf_right4      =  -3.945943309551196
    lsf_right5      =  0.9463062119026145
    tem_depth       =  0.9943663596602831
    velocity        =  -24927.58402353309
    wave_intercept  =  6057.416773236884
    wave_slope      =  0.017024734367910483
ERROR - Evaluated LSF:
ERROR - [nan nan nan nan nan nan nan nan nan nan nan nan nan nan nan nan nan nan
 nan nan nan nan nan nan nan nan nan nan nan nan nan nan nan nan nan nan
 nan nan nan nan nan nan nan nan nan nan nan nan nan nan nan nan nan nan
 nan nan nan nan nan nan nan nan nan nan nan nan nan nan nan nan nan nan
 nan]
WARNING - Chunk 1134:
WARNING - NaN values detected in your input data or the output of your objective/model function - fitting algorithms cannot handle this! Please read https://lmfit.github.io/lmfit-py/faq.html#i-get-errors-from-nan-in-my-fit-what-can-i-do for more information.
ERROR - NaN value detected in oversampled model function.
ERROR - <ParameterSet (values: 17)>
    cont_intercept  =  15238.282958250566
    cont_slope      =  -10.545991694498738
    iod_depth       =  0.864228931044917
    lsf_left_1      =  2.3252826153141437
    lsf_left_2      =  -16.383094985517726
    lsf_left_3      =  1.2898466721436654
    lsf_left_4      =  -1.0947241001546333
    lsf_left_5      =  0.7008604249447454
    lsf_right1      =  4.199307833888845
    lsf_right2      =  -16.209242566575607
    lsf_right3      =  1.2495939309622732
    lsf_right4      =  -2.9496317171130637
    lsf_right5      =  0.1836595911075622
    tem_depth       =  0.9776186675455334
    velocity        =  -24954.066888511454
    wave_intercept  =  6092.899831744343
    wave_slope      =  0.014235754374656143
ERROR - Evaluated LSF:
ERROR - [nan nan nan nan nan nan nan nan nan nan nan nan nan nan nan nan nan nan
 nan nan nan nan nan nan nan nan nan nan nan nan nan nan nan nan nan nan
 nan nan nan nan nan nan nan nan nan nan nan nan nan nan nan nan nan nan
 nan nan nan nan nan nan nan nan nan nan nan nan nan nan nan nan nan nan
 nan]
WARNING - Chunk 1153:
WARNING - NaN values detected in your input data or the output of your objective/model function - fitting algorithms cannot handle this! Please read https://lmfit.github.io/lmfit-py/faq.html#i-get-errors-from-nan-in-my-fit-what-can-i-do for more information.
ERROR - NaN value detected in oversampled model function.
ERROR - <ParameterSet (values: 17)>
    cont_intercept  =  24885.86798917259
    cont_slope      =  18.071907719370014
    iod_depth       =  0.9658898859596801
    lsf_left_1      =  2.350529542248882
    lsf_left_2      =  -11.206779514327119
    lsf_left_3      =  6.30385653130348
    lsf_left_4      =  -3.780194484337864
    lsf_left_5      =  0.4211978084463867
    lsf_right1      =  3.628395377203182
    lsf_right2      =  -17.914644957614463
    lsf_right3      =  7.067304312416085
    lsf_right4      =  -2.3881392093543097
    lsf_right5      =  0.13541238991254329
    tem_depth       =  0.9935536278456968
    velocity        =  -25058.195768057758
    wave_intercept  =  6098.638550239738
    wave_slope      =  0.01873039823298159
ERROR - Evaluated LSF:
ERROR - [nan nan nan nan nan nan nan nan nan nan nan nan nan nan nan nan nan nan
 nan nan nan nan nan nan nan nan nan nan nan nan nan nan nan nan nan nan
 nan nan nan nan nan nan nan nan nan nan nan nan nan nan nan nan nan nan
 nan nan nan nan nan nan nan nan nan nan nan nan nan nan nan nan nan nan
 nan]
WARNING - Chunk 1164:
WARNING - NaN values detected in your input data or the output of your objective/model function - fitting algorithms cannot handle this! Please read https://lmfit.github.io/lmfit-py/faq.html#i-get-errors-from-nan-in-my-fit-what-can-i-do for more information.
ERROR - NaN value detected in oversampled model function.
ERROR - <ParameterSet (values: 17)>
    cont_intercept  =  8646.578067506902
    cont_slope      =  -7.0827795491820575
    iod_depth       =  0.8362842694663253
    lsf_left_1      =  2.3185255272837244
    lsf_left_2      =  -13.997854811109118
    lsf_left_3      =  1.6817642121179928
    lsf_left_4      =  -0.5511382908794138
    lsf_left_5      =  0.4668807421282644
    lsf_right1      =  5.321274151212005
    lsf_right2      =  -11.332334686036305
    lsf_right3      =  4.694225983567255
    lsf_right4      =  -3.9405612679416997
    lsf_right5      =  0.694753243624001
    tem_depth       =  0.9788751324482803
    velocity        =  -24835.178828498138
    wave_intercept  =  6162.209353775534
    wave_slope      =  0.013601220332380065
ERROR - Evaluated LSF:
ERROR - [nan nan nan nan nan nan nan nan nan nan nan nan nan nan nan nan nan nan
 nan nan nan nan nan nan nan nan nan nan nan nan nan nan nan nan nan nan
 nan nan nan nan nan nan nan nan nan nan nan nan nan nan nan nan nan nan
 nan nan nan nan nan nan nan nan nan nan nan nan nan nan nan nan nan nan
 nan]
WARNING - Chunk 1197:
WARNING - NaN values detected in your input data or the output of your objective/model function - fitting algorithms cannot handle this! Please read https://lmfit.github.io/lmfit-py/faq.html#i-get-errors-from-nan-in-my-fit-what-can-i-do for more information.
ERROR - NaN value detected in oversampled model function.
ERROR - <ParameterSet (values: 17)>
    cont_intercept  =  15567.128241668226
    cont_slope      =  17.82589956206979
    iod_depth       =  0.10934055782779234
    lsf_left_1      =  2.575402600472514
    lsf_left_2      =  -13.858200424844748
    lsf_left_3      =  1.2145635260361982
    lsf_left_4      =  -1.2970245393623663
    lsf_left_5      =  0.5543955222458237
    lsf_right1      =  8.50881998924047
    lsf_right2      =  -18.982264203677794
    lsf_right3      =  2.1503828947398813
    lsf_right4      =  -3.3348769159031257
    lsf_right5      =  0.13630099158150313
    tem_depth       =  0.9286715725932263
    velocity        =  -25135.20038156339
    wave_intercept  =  6151.073584515717
    wave_slope      =  0.019526286642960973
ERROR - Evaluated LSF:
ERROR - [nan nan nan nan nan nan nan nan nan nan nan nan nan nan nan nan nan nan
 nan nan nan nan nan nan nan nan nan nan nan nan nan nan nan nan nan nan
 nan nan nan nan nan nan nan nan nan nan nan nan nan nan nan nan nan nan
 nan nan nan nan nan nan nan nan nan nan nan nan nan nan nan nan nan nan
 nan]
WARNING - Chunk 1199:
WARNING - NaN values detected in your input data or the output of your objective/model function - fitting algorithms cannot handle this! Please read https://lmfit.github.io/lmfit-py/faq.html#i-get-errors-from-nan-in-my-fit-what-can-i-do for more information.
ERROR - NaN value detected in oversampled model function.
ERROR - <ParameterSet (values: 17)>
    cont_intercept  =  9869.409337329815
    cont_slope      =  -6.6923847051215795
    iod_depth       =  0.8084493897850437
    lsf_left_1      =  6.402189654959286
    lsf_left_2      =  -15.980283297412392
    lsf_left_3      =  8.399999576421958
    lsf_left_4      =  -3.7417770248876714
    lsf_left_5      =  0.15157394492480583
    lsf_right1      =  4.193228831646735
    lsf_right2      =  -18.70539316543484
    lsf_right3      =  1.4504604199701805
    lsf_right4      =  -3.9421884412035046
    lsf_right5      =  0.1353817448902034
    tem_depth       =  0.9911628992144351
    velocity        =  -24985.22717733831
    wave_intercept  =  6226.08872546228
    wave_slope      =  0.013605692285028023
ERROR - Evaluated LSF:
ERROR - [nan nan nan nan nan nan nan nan nan nan nan nan nan nan nan nan nan nan
 nan nan nan nan nan nan nan nan nan nan nan nan nan nan nan nan nan nan
 nan nan nan nan nan nan nan nan nan nan nan nan nan nan nan nan nan nan
 nan nan nan nan nan nan nan nan nan nan nan nan nan nan nan nan nan nan
 nan]
WARNING - Chunk 1237:
WARNING - NaN values detected in your input data or the output of your objective/model function - fitting algorithms cannot handle this! Please read https://lmfit.github.io/lmfit-py/faq.html#i-get-errors-from-nan-in-my-fit-what-can-i-do for more information.
INFO - 
INFO - Number of chunks with no uncertainties: 1
INFO - Number of chunks with outliers: 0
INFO - Number of chunks with nan fitted red. Chi2: 312
ERROR - Polynomial fitting failed. Falling back to input values
Traceback (most recent call last):
  File "/Users/jaklusmeyer/SONG/pyodine/pyodine/lib/misc.py", line 529, in fit_polynomial
    pfit, stats = np.polynomial.Polynomial.fit(
  File "/Users/jaklusmeyer/miniconda/envs/pyodine_env/lib/python3.9/site-packages/numpy/polynomial/_polybase.py", line 1036, in fit
    xnew = pu.mapdomain(x, domain, window)
  File "/Users/jaklusmeyer/miniconda/envs/pyodine_env/lib/python3.9/site-packages/numpy/polynomial/polyutils.py", line 371, in mapdomain
    off, scl = mapparms(old, new)
  File "/Users/jaklusmeyer/miniconda/envs/pyodine_env/lib/python3.9/site-packages/numpy/polynomial/polyutils.py", line 303, in mapparms
    off = (old[1]*new[0] - old[0]*new[1])/oldlen
ZeroDivisionError: division by zero
ERROR - Polynomial fitting failed. Falling back to input values
Traceback (most recent call last):
  File "/Users/jaklusmeyer/SONG/pyodine/pyodine/lib/misc.py", line 529, in fit_polynomial
    pfit, stats = np.polynomial.Polynomial.fit(
  File "/Users/jaklusmeyer/miniconda/envs/pyodine_env/lib/python3.9/site-packages/numpy/polynomial/_polybase.py", line 1036, in fit
    xnew = pu.mapdomain(x, domain, window)
  File "/Users/jaklusmeyer/miniconda/envs/pyodine_env/lib/python3.9/site-packages/numpy/polynomial/polyutils.py", line 371, in mapdomain
    off, scl = mapparms(old, new)
  File "/Users/jaklusmeyer/miniconda/envs/pyodine_env/lib/python3.9/site-packages/numpy/polynomial/polyutils.py", line 303, in mapparms
    off = (old[1]*new[0] - old[0]*new[1])/oldlen
ZeroDivisionError: division by zero
ERROR - Polynomial fitting failed. Falling back to input values
Traceback (most recent call last):
  File "/Users/jaklusmeyer/SONG/pyodine/pyodine/lib/misc.py", line 529, in fit_polynomial
    pfit, stats = np.polynomial.Polynomial.fit(
  File "/Users/jaklusmeyer/miniconda/envs/pyodine_env/lib/python3.9/site-packages/numpy/polynomial/_polybase.py", line 1036, in fit
    xnew = pu.mapdomain(x, domain, window)
  File "/Users/jaklusmeyer/miniconda/envs/pyodine_env/lib/python3.9/site-packages/numpy/polynomial/polyutils.py", line 371, in mapdomain
    off, scl = mapparms(old, new)
  File "/Users/jaklusmeyer/miniconda/envs/pyodine_env/lib/python3.9/site-packages/numpy/polynomial/polyutils.py", line 303, in mapparms
    off = (old[1]*new[0] - old[0]*new[1])/oldlen
ZeroDivisionError: division by zero
ERROR - Polynomial fitting failed. Falling back to input values
Traceback (most recent call last):
  File "/Users/jaklusmeyer/SONG/pyodine/pyodine/lib/misc.py", line 529, in fit_polynomial
    pfit, stats = np.polynomial.Polynomial.fit(
  File "/Users/jaklusmeyer/miniconda/envs/pyodine_env/lib/python3.9/site-packages/numpy/polynomial/_polybase.py", line 1036, in fit
    xnew = pu.mapdomain(x, domain, window)
  File "/Users/jaklusmeyer/miniconda/envs/pyodine_env/lib/python3.9/site-packages/numpy/polynomial/polyutils.py", line 371, in mapdomain
    off, scl = mapparms(old, new)
  File "/Users/jaklusmeyer/miniconda/envs/pyodine_env/lib/python3.9/site-packages/numpy/polynomial/polyutils.py", line 303, in mapparms
    off = (old[1]*new[0] - old[0]*new[1])/oldlen
ZeroDivisionError: division by zero
ERROR - Polynomial fitting failed. Falling back to input values
Traceback (most recent call last):
  File "/Users/jaklusmeyer/SONG/pyodine/pyodine/lib/misc.py", line 529, in fit_polynomial
    pfit, stats = np.polynomial.Polynomial.fit(
  File "/Users/jaklusmeyer/miniconda/envs/pyodine_env/lib/python3.9/site-packages/numpy/polynomial/_polybase.py", line 1036, in fit
    xnew = pu.mapdomain(x, domain, window)
  File "/Users/jaklusmeyer/miniconda/envs/pyodine_env/lib/python3.9/site-packages/numpy/polynomial/polyutils.py", line 371, in mapdomain
    off, scl = mapparms(old, new)
  File "/Users/jaklusmeyer/miniconda/envs/pyodine_env/lib/python3.9/site-packages/numpy/polynomial/polyutils.py", line 303, in mapparms
    off = (old[1]*new[0] - old[0]*new[1])/oldlen
ZeroDivisionError: division by zero
ERROR - Polynomial fitting failed. Falling back to input values
Traceback (most recent call last):
  File "/Users/jaklusmeyer/SONG/pyodine/pyodine/lib/misc.py", line 529, in fit_polynomial
    pfit, stats = np.polynomial.Polynomial.fit(
  File "/Users/jaklusmeyer/miniconda/envs/pyodine_env/lib/python3.9/site-packages/numpy/polynomial/_polybase.py", line 1036, in fit
    xnew = pu.mapdomain(x, domain, window)
  File "/Users/jaklusmeyer/miniconda/envs/pyodine_env/lib/python3.9/site-packages/numpy/polynomial/polyutils.py", line 371, in mapdomain
    off, scl = mapparms(old, new)
  File "/Users/jaklusmeyer/miniconda/envs/pyodine_env/lib/python3.9/site-packages/numpy/polynomial/polyutils.py", line 303, in mapparms
    off = (old[1]*new[0] - old[0]*new[1])/oldlen
ZeroDivisionError: division by zero
ERROR - Polynomial fitting failed. Falling back to input values
Traceback (most recent call last):
  File "/Users/jaklusmeyer/SONG/pyodine/pyodine/lib/misc.py", line 529, in fit_polynomial
    pfit, stats = np.polynomial.Polynomial.fit(
  File "/Users/jaklusmeyer/miniconda/envs/pyodine_env/lib/python3.9/site-packages/numpy/polynomial/_polybase.py", line 1036, in fit
    xnew = pu.mapdomain(x, domain, window)
  File "/Users/jaklusmeyer/miniconda/envs/pyodine_env/lib/python3.9/site-packages/numpy/polynomial/polyutils.py", line 371, in mapdomain
    off, scl = mapparms(old, new)
  File "/Users/jaklusmeyer/miniconda/envs/pyodine_env/lib/python3.9/site-packages/numpy/polynomial/polyutils.py", line 303, in mapparms
    off = (old[1]*new[0] - old[0]*new[1])/oldlen
ZeroDivisionError: division by zero
ERROR - Polynomial fitting failed. Falling back to input values
Traceback (most recent call last):
  File "/Users/jaklusmeyer/SONG/pyodine/pyodine/lib/misc.py", line 529, in fit_polynomial
    pfit, stats = np.polynomial.Polynomial.fit(
  File "/Users/jaklusmeyer/miniconda/envs/pyodine_env/lib/python3.9/site-packages/numpy/polynomial/_polybase.py", line 1036, in fit
    xnew = pu.mapdomain(x, domain, window)
  File "/Users/jaklusmeyer/miniconda/envs/pyodine_env/lib/python3.9/site-packages/numpy/polynomial/polyutils.py", line 371, in mapdomain
    off, scl = mapparms(old, new)
  File "/Users/jaklusmeyer/miniconda/envs/pyodine_env/lib/python3.9/site-packages/numpy/polynomial/polyutils.py", line 303, in mapparms
    off = (old[1]*new[0] - old[0]*new[1])/oldlen
ZeroDivisionError: division by zero
ERROR - Polynomial fitting failed. Falling back to input values
Traceback (most recent call last):
  File "/Users/jaklusmeyer/SONG/pyodine/pyodine/lib/misc.py", line 529, in fit_polynomial
    pfit, stats = np.polynomial.Polynomial.fit(
  File "/Users/jaklusmeyer/miniconda/envs/pyodine_env/lib/python3.9/site-packages/numpy/polynomial/_polybase.py", line 1036, in fit
    xnew = pu.mapdomain(x, domain, window)
  File "/Users/jaklusmeyer/miniconda/envs/pyodine_env/lib/python3.9/site-packages/numpy/polynomial/polyutils.py", line 371, in mapdomain
    off, scl = mapparms(old, new)
  File "/Users/jaklusmeyer/miniconda/envs/pyodine_env/lib/python3.9/site-packages/numpy/polynomial/polyutils.py", line 303, in mapparms
    off = (old[1]*new[0] - old[0]*new[1])/oldlen
ZeroDivisionError: division by zero
ERROR - Polynomial fitting failed. Falling back to input values
Traceback (most recent call last):
  File "/Users/jaklusmeyer/SONG/pyodine/pyodine/lib/misc.py", line 529, in fit_polynomial
    pfit, stats = np.polynomial.Polynomial.fit(
  File "/Users/jaklusmeyer/miniconda/envs/pyodine_env/lib/python3.9/site-packages/numpy/polynomial/_polybase.py", line 1036, in fit
    xnew = pu.mapdomain(x, domain, window)
  File "/Users/jaklusmeyer/miniconda/envs/pyodine_env/lib/python3.9/site-packages/numpy/polynomial/polyutils.py", line 371, in mapdomain
    off, scl = mapparms(old, new)
  File "/Users/jaklusmeyer/miniconda/envs/pyodine_env/lib/python3.9/site-packages/numpy/polynomial/polyutils.py", line 303, in mapparms
    off = (old[1]*new[0] - old[0]*new[1])/oldlen
ZeroDivisionError: division by zero
ERROR - Polynomial fitting failed. Falling back to input values
Traceback (most recent call last):
  File "/Users/jaklusmeyer/SONG/pyodine/pyodine/lib/misc.py", line 529, in fit_polynomial
    pfit, stats = np.polynomial.Polynomial.fit(
  File "/Users/jaklusmeyer/miniconda/envs/pyodine_env/lib/python3.9/site-packages/numpy/polynomial/_polybase.py", line 1036, in fit
    xnew = pu.mapdomain(x, domain, window)
  File "/Users/jaklusmeyer/miniconda/envs/pyodine_env/lib/python3.9/site-packages/numpy/polynomial/polyutils.py", line 371, in mapdomain
    off, scl = mapparms(old, new)
  File "/Users/jaklusmeyer/miniconda/envs/pyodine_env/lib/python3.9/site-packages/numpy/polynomial/polyutils.py", line 303, in mapparms
    off = (old[1]*new[0] - old[0]*new[1])/oldlen
ZeroDivisionError: division by zero
ERROR - Polynomial fitting failed. Falling back to input values
Traceback (most recent call last):
  File "/Users/jaklusmeyer/SONG/pyodine/pyodine/lib/misc.py", line 529, in fit_polynomial
    pfit, stats = np.polynomial.Polynomial.fit(
  File "/Users/jaklusmeyer/miniconda/envs/pyodine_env/lib/python3.9/site-packages/numpy/polynomial/_polybase.py", line 1036, in fit
    xnew = pu.mapdomain(x, domain, window)
  File "/Users/jaklusmeyer/miniconda/envs/pyodine_env/lib/python3.9/site-packages/numpy/polynomial/polyutils.py", line 371, in mapdomain
    off, scl = mapparms(old, new)
  File "/Users/jaklusmeyer/miniconda/envs/pyodine_env/lib/python3.9/site-packages/numpy/polynomial/polyutils.py", line 303, in mapparms
    off = (old[1]*new[0] - old[0]*new[1])/oldlen
ZeroDivisionError: division by zero
ERROR - Polynomial fitting failed. Falling back to input values
Traceback (most recent call last):
  File "/Users/jaklusmeyer/SONG/pyodine/pyodine/lib/misc.py", line 529, in fit_polynomial
    pfit, stats = np.polynomial.Polynomial.fit(
  File "/Users/jaklusmeyer/miniconda/envs/pyodine_env/lib/python3.9/site-packages/numpy/polynomial/_polybase.py", line 1036, in fit
    xnew = pu.mapdomain(x, domain, window)
  File "/Users/jaklusmeyer/miniconda/envs/pyodine_env/lib/python3.9/site-packages/numpy/polynomial/polyutils.py", line 371, in mapdomain
    off, scl = mapparms(old, new)
  File "/Users/jaklusmeyer/miniconda/envs/pyodine_env/lib/python3.9/site-packages/numpy/polynomial/polyutils.py", line 303, in mapparms
    off = (old[1]*new[0] - old[0]*new[1])/oldlen
ZeroDivisionError: division by zero
ERROR - Polynomial fitting failed. Falling back to input values
Traceback (most recent call last):
  File "/Users/jaklusmeyer/SONG/pyodine/pyodine/lib/misc.py", line 529, in fit_polynomial
    pfit, stats = np.polynomial.Polynomial.fit(
  File "/Users/jaklusmeyer/miniconda/envs/pyodine_env/lib/python3.9/site-packages/numpy/polynomial/_polybase.py", line 1036, in fit
    xnew = pu.mapdomain(x, domain, window)
  File "/Users/jaklusmeyer/miniconda/envs/pyodine_env/lib/python3.9/site-packages/numpy/polynomial/polyutils.py", line 371, in mapdomain
    off, scl = mapparms(old, new)
  File "/Users/jaklusmeyer/miniconda/envs/pyodine_env/lib/python3.9/site-packages/numpy/polynomial/polyutils.py", line 303, in mapparms
    off = (old[1]*new[0] - old[0]*new[1])/oldlen
ZeroDivisionError: division by zero
INFO - 
INFO - Creating analysis plots...
ERROR - NaN value detected in iodine function.
ERROR - Chunk could not be plotted
Traceback (most recent call last):
  File "/Users/jaklusmeyer/SONG/pyodine/pyodine/plot_lib.py", line 62, in plot_chunkmodel
    sp = fit_results[chunk_nr].fitted_spectrum
  File "/Users/jaklusmeyer/SONG/pyodine/pyodine/fitters/base.py", line 45, in fitted_spectrum
    return self.model.eval_spectrum(self.chunk, self.params, chunk_ind=self.chunk_ind)
  File "/Users/jaklusmeyer/SONG/pyodine/pyodine/models/base.py", line 79, in eval_spectrum
    flux = self.eval(chunk, params, chunk_ind=chunk_ind, **kwargs)
  File "/Users/jaklusmeyer/SONG/pyodine/pyodine/models/spectrum.py", line 138, in eval
    tck = splrep(tem.wave * doppler, flux_tem, s=0)
  File "/Users/jaklusmeyer/miniconda/envs/pyodine_env/lib/python3.9/site-packages/scipy/interpolate/_fitpack_py.py", line 295, in splrep
    res = _impl.splrep(x, y, w, xb, xe, k, task, s, t, full_output, per, quiet)
  File "/Users/jaklusmeyer/miniconda/envs/pyodine_env/lib/python3.9/site-packages/scipy/interpolate/_fitpack_impl.py", line 276, in splrep
    n, c, fp, ier = dfitpack.curfit(task, x, y, w, t, wrk, iwrk,
dfitpack.error: (xb<=x[0]) failed for 1st keyword xb: curfit:xb=nan
ERROR - NaN value detected in iodine function.
ERROR - Chunk could not be plotted
Traceback (most recent call last):
  File "/Users/jaklusmeyer/SONG/pyodine/pyodine/plot_lib.py", line 62, in plot_chunkmodel
    sp = fit_results[chunk_nr].fitted_spectrum
  File "/Users/jaklusmeyer/SONG/pyodine/pyodine/fitters/base.py", line 45, in fitted_spectrum
    return self.model.eval_spectrum(self.chunk, self.params, chunk_ind=self.chunk_ind)
  File "/Users/jaklusmeyer/SONG/pyodine/pyodine/models/base.py", line 79, in eval_spectrum
    flux = self.eval(chunk, params, chunk_ind=chunk_ind, **kwargs)
  File "/Users/jaklusmeyer/SONG/pyodine/pyodine/models/spectrum.py", line 138, in eval
    tck = splrep(tem.wave * doppler, flux_tem, s=0)
  File "/Users/jaklusmeyer/miniconda/envs/pyodine_env/lib/python3.9/site-packages/scipy/interpolate/_fitpack_py.py", line 295, in splrep
    res = _impl.splrep(x, y, w, xb, xe, k, task, s, t, full_output, per, quiet)
  File "/Users/jaklusmeyer/miniconda/envs/pyodine_env/lib/python3.9/site-packages/scipy/interpolate/_fitpack_impl.py", line 276, in splrep
    n, c, fp, ier = dfitpack.curfit(task, x, y, w, t, wrk, iwrk,
dfitpack.error: (xb<=x[0]) failed for 1st keyword xb: curfit:xb=nan
INFO - Velocity robust mean: -24926.63741405938
INFO - Velocity robust std: 206.93605854446895
INFO - 
INFO - Velocity error robust mean: 105.45546725632167
INFO - Velocity error robust std: 70.91363517541964
INFO - 
INFO - Minimum error: 30.547942674096973 in chunk 565
INFO - Maximum error: 161469.71765259668 in chunk 1082
INFO - 
INFO - Chunks with nan velocities: [   0    1    2    3    4    5    6    7    8    9   10   11   12   13
   14   15   16   17   18   19   20   21   22   23   24   25   26   27
   28   29   30   31   32   33   34   35   36   37   38   39   40   41
   42   43   44   45   46   47   48   49   50   51   52   53   54   55
   56   57   58   59   60   61   62   63   64   65   66   67   68   69
   70   71   72   73   74   75   76   77   78   79   80   81   82   83
   84   85   86   87   88   89   90   91   92   93   94   95   96   97
   98   99  100  101  102  103  104  105  106  107  108  109  110  111
  112  113  114  115  116  117  118  119  120  121  122  123  124  125
  126  127  128  129  130  131  132  133  134  135  136  137  138  139
  140  141  142  143  144  145  146  147  148  149  150  151  152  153
  154  155  156  157  158  159  160  161  162  163  164  165  166  167
  168  169  170  171  172  173  174  175  176  177  178  179  180  181
  182  183  184  185  186  187  188  189  190  191  192  193  194  195
  196  197  198  199  200  201  202  203  204  205  206  207  208  209
  210  211  212  213  214  215  216  217  218  219  220  221  222  223
  224  225  226  227  228  229  230  231  232  233  234  235  236  237
  238  239  240  241  242  243  244  245  246  247  248  249  250  251
  252  253  254  255  256  257  258  259  260  261  262  263  264  265
  266  267  268  269  270  271  272  273  274  275  276  277  278  279
  280  313  328  335  339  351  356  409  457  527  579  585  640  651
  660  746  749  912  974 1029 1069 1071 1096 1111 1121 1124 1134 1153
 1164 1197 1199 1237]
INFO - Chunks with nan velocity errors: [   0    1    2    3    4    5    6    7    8    9   10   11   12   13
   14   15   16   17   18   19   20   21   22   23   24   25   26   27
   28   29   30   31   32   33   34   35   36   37   38   39   40   41
   42   43   44   45   46   47   48   49   50   51   52   53   54   55
   56   57   58   59   60   61   62   63   64   65   66   67   68   69
   70   71   72   73   74   75   76   77   78   79   80   81   82   83
   84   85   86   87   88   89   90   91   92   93   94   95   96   97
   98   99  100  101  102  103  104  105  106  107  108  109  110  111
  112  113  114  115  116  117  118  119  120  121  122  123  124  125
  126  127  128  129  130  131  132  133  134  135  136  137  138  139
  140  141  142  143  144  145  146  147  148  149  150  151  152  153
  154  155  156  157  158  159  160  161  162  163  164  165  166  167
  168  169  170  171  172  173  174  175  176  177  178  179  180  181
  182  183  184  185  186  187  188  189  190  191  192  193  194  195
  196  197  198  199  200  201  202  203  204  205  206  207  208  209
  210  211  212  213  214  215  216  217  218  219  220  221  222  223
  224  225  226  227  228  229  230  231  232  233  234  235  236  237
  238  239  240  241  242  243  244  245  246  247  248  249  250  251
  252  253  254  255  256  257  258  259  260  261  262  263  264  265
  266  267  268  269  270  271  272  273  274  275  276  277  278  279
  280  313  328  335  339  351  356  409  457  527  579  585  640  651
  660  746  749  912  974 1029 1069 1071 1096 1111 1121 1124 1134 1153
 1164 1197 1199 1237 1238]
INFO - Velocity error at percentile 80: 194.12723168406407
INFO - 
INFO - Time to model this observation: 151.04677414894104
