INFO - 
INFO - Branch: master
INFO - Hash: c2a71ac
INFO - ---------------------------
INFO - Working on: /Users/jaklusmeyer/SONG/reduce/UT260216/sciencestar/Arcturus_ec.0201.fits
INFO - 
INFO - Median flux of the observation: 23304
INFO - Loading template from file: /Users/jaklusmeyer/SONG/pyodine/atlas/Pepsi_Arcturus_atlas_260216_v005.h5
INFO - 
INFO - Order correction: 0
INFO - 
INFO - Measured velocity rel. to reference spectrum: -25.618 km/s
INFO - Template velocity: 0.083 km/s
INFO - Velocity guess: -25.700 km/s (relative to template)

INFO - (Barycentric velocity of observation: 20.706 km/s)
INFO - (Barycentric velocity of template: 0.000 km/s)

INFO - 
INFO - Barycentric redshift between template and observation: 
INFO - v = -20706.43855430018, z = -6.906924441141271e-05

INFO - Startpixel (order 15, chunk 29): -7
INFO - -> Correcting to 0.
INFO - Startpixel (order 16, chunk 68): -7
INFO - -> Correcting to 0.
INFO - Startpixel (order 17, chunk 107): -7
INFO - -> Correcting to 0.
INFO - Startpixel (order 18, chunk 146): -7
INFO - -> Correcting to 0.
INFO - Startpixel (order 19, chunk 185): -7
INFO - -> Correcting to 0.
INFO - Startpixel (order 20, chunk 224): -7
INFO - -> Correcting to 0.
INFO - Startpixel (order 21, chunk 263): -7
INFO - -> Correcting to 0.
INFO - Startpixel (order 22, chunk 302): -7
INFO - -> Correcting to 0.
INFO - Startpixel (order 23, chunk 341): -7
INFO - -> Correcting to 0.
INFO - Startpixel (order 24, chunk 380): -7
INFO - -> Correcting to 0.
INFO - Startpixel (order 25, chunk 419): -7
INFO - -> Correcting to 0.
INFO - Startpixel (order 26, chunk 458): -7
INFO - -> Correcting to 0.
INFO - Startpixel (order 27, chunk 497): -7
INFO - -> Correcting to 0.
INFO - Startpixel (order 28, chunk 536): -7
INFO - -> Correcting to 0.
INFO - Startpixel (order 29, chunk 575): -7
INFO - -> Correcting to 0.
INFO - Startpixel (order 30, chunk 614): -7
INFO - -> Correcting to 0.
INFO - Startpixel (order 31, chunk 653): -7
INFO - -> Correcting to 0.
INFO - Startpixel (order 32, chunk 692): -7
INFO - -> Correcting to 0.
INFO - Startpixel (order 33, chunk 731): -8
INFO - -> Correcting to 0.
INFO - Startpixel (order 34, chunk 770): -8
INFO - -> Correcting to 0.
INFO - Startpixel (order 35, chunk 809): -7
INFO - -> Correcting to 0.
INFO - Startpixel (order 36, chunk 848): -8
INFO - -> Correcting to 0.
INFO - Startpixel (order 37, chunk 887): -8
INFO - -> Correcting to 0.
INFO - Startpixel (order 38, chunk 926): -8
INFO - -> Correcting to 0.
INFO - Startpixel (order 39, chunk 965): -8
INFO - -> Correcting to 0.
INFO - Startpixel (order 40, chunk 1004): -8
INFO - -> Correcting to 0.
INFO - Startpixel (order 41, chunk 1043): -8
INFO - -> Correcting to 0.
INFO - Startpixel (order 42, chunk 1082): -8
INFO - -> Correcting to 0.
INFO - Startpixel (order 43, chunk 1121): -8
INFO - -> Correcting to 0.
INFO - Startpixel (order 44, chunk 1160): -8
INFO - -> Correcting to 0.
INFO - Startpixel (order 45, chunk 1199): -8
INFO - -> Correcting to 0.
INFO - Startpixel (order 46, chunk 1238): -8
INFO - -> Correcting to 0.
INFO - 
INFO - Total number of chunks: 1254
INFO - Nr. chunks in order 0: 29
INFO - First and last covered pixel of chunks in order 0: 1191, 4662
INFO - Orders: 14 - 46 (33 in total)
INFO - 
INFO - ----------------------
INFO - RUN 0
INFO - ----------------------
INFO - 
INFO - Constraining parameters for RUN 0
ERROR - Chunk 0: No Data! Returning LmfitResult with None.
ERROR - Chunk 1: No Data! Returning LmfitResult with None.
ERROR - Chunk 2: No Data! Returning LmfitResult with None.
ERROR - Chunk 3: No Data! Returning LmfitResult with None.
ERROR - Chunk 4: No Data! Returning LmfitResult with None.
ERROR - Chunk 5: No Data! Returning LmfitResult with None.
ERROR - Chunk 6: No Data! Returning LmfitResult with None.
ERROR - Chunk 7: No Data! Returning LmfitResult with None.
ERROR - Chunk 8: No Data! Returning LmfitResult with None.
ERROR - Chunk 9: No Data! Returning LmfitResult with None.
ERROR - Chunk 10: No Data! Returning LmfitResult with None.
ERROR - Chunk 11: No Data! Returning LmfitResult with None.
ERROR - Chunk 12: No Data! Returning LmfitResult with None.
ERROR - Chunk 13: No Data! Returning LmfitResult with None.
ERROR - Chunk 14: No Data! Returning LmfitResult with None.
ERROR - Chunk 15: No Data! Returning LmfitResult with None.
ERROR - Chunk 16: No Data! Returning LmfitResult with None.
ERROR - Chunk 17: No Data! Returning LmfitResult with None.
ERROR - Chunk 18: No Data! Returning LmfitResult with None.
ERROR - Chunk 19: No Data! Returning LmfitResult with None.
ERROR - Chunk 20: No Data! Returning LmfitResult with None.
ERROR - Chunk 21: No Data! Returning LmfitResult with None.
ERROR - Chunk 22: No Data! Returning LmfitResult with None.
ERROR - Chunk 23: No Data! Returning LmfitResult with None.
ERROR - Chunk 24: No Data! Returning LmfitResult with None.
ERROR - Chunk 25: No Data! Returning LmfitResult with None.
ERROR - Chunk 26: No Data! Returning LmfitResult with None.
ERROR - Chunk 27: No Data! Returning LmfitResult with None.
ERROR - Chunk 28: No Data! Returning LmfitResult with None.
ERROR - Chunk 29: No Data! Returning LmfitResult with None.
ERROR - Chunk 30: No Data! Returning LmfitResult with None.
ERROR - Chunk 31: No Data! Returning LmfitResult with None.
ERROR - Chunk 32: No Data! Returning LmfitResult with None.
ERROR - Chunk 33: No Data! Returning LmfitResult with None.
ERROR - Chunk 34: No Data! Returning LmfitResult with None.
ERROR - Chunk 35: No Data! Returning LmfitResult with None.
ERROR - Chunk 36: No Data! Returning LmfitResult with None.
ERROR - Chunk 37: No Data! Returning LmfitResult with None.
ERROR - Chunk 38: No Data! Returning LmfitResult with None.
ERROR - Chunk 39: No Data! Returning LmfitResult with None.
ERROR - Chunk 40: No Data! Returning LmfitResult with None.
ERROR - Chunk 41: No Data! Returning LmfitResult with None.
ERROR - Chunk 42: No Data! Returning LmfitResult with None.
ERROR - Chunk 43: No Data! Returning LmfitResult with None.
ERROR - Chunk 44: No Data! Returning LmfitResult with None.
ERROR - Chunk 45: No Data! Returning LmfitResult with None.
ERROR - Chunk 46: No Data! Returning LmfitResult with None.
ERROR - Chunk 47: No Data! Returning LmfitResult with None.
ERROR - Chunk 48: No Data! Returning LmfitResult with None.
ERROR - Chunk 49: No Data! Returning LmfitResult with None.
ERROR - Chunk 50: No Data! Returning LmfitResult with None.
ERROR - Chunk 51: No Data! Returning LmfitResult with None.
ERROR - Chunk 52: No Data! Returning LmfitResult with None.
ERROR - Chunk 53: No Data! Returning LmfitResult with None.
ERROR - Chunk 54: No Data! Returning LmfitResult with None.
ERROR - Chunk 55: No Data! Returning LmfitResult with None.
ERROR - Chunk 56: No Data! Returning LmfitResult with None.
ERROR - Chunk 57: No Data! Returning LmfitResult with None.
ERROR - Chunk 58: No Data! Returning LmfitResult with None.
ERROR - Chunk 59: No Data! Returning LmfitResult with None.
ERROR - Chunk 60: No Data! Returning LmfitResult with None.
ERROR - Chunk 61: No Data! Returning LmfitResult with None.
ERROR - Chunk 62: No Data! Returning LmfitResult with None.
ERROR - Chunk 63: No Data! Returning LmfitResult with None.
ERROR - Chunk 64: No Data! Returning LmfitResult with None.
ERROR - Chunk 65: No Data! Returning LmfitResult with None.
ERROR - Chunk 66: No Data! Returning LmfitResult with None.
ERROR - Chunk 67: No Data! Returning LmfitResult with None.
ERROR - Chunk 68: No Data! Returning LmfitResult with None.
ERROR - Chunk 69: No Data! Returning LmfitResult with None.
ERROR - Chunk 70: No Data! Returning LmfitResult with None.
ERROR - Chunk 71: No Data! Returning LmfitResult with None.
ERROR - Chunk 72: No Data! Returning LmfitResult with None.
ERROR - Chunk 73: No Data! Returning LmfitResult with None.
ERROR - Chunk 74: No Data! Returning LmfitResult with None.
ERROR - Chunk 75: No Data! Returning LmfitResult with None.
ERROR - Chunk 76: No Data! Returning LmfitResult with None.
ERROR - Chunk 77: No Data! Returning LmfitResult with None.
ERROR - Chunk 78: No Data! Returning LmfitResult with None.
ERROR - Chunk 79: No Data! Returning LmfitResult with None.
ERROR - Chunk 80: No Data! Returning LmfitResult with None.
ERROR - Chunk 81: No Data! Returning LmfitResult with None.
ERROR - Chunk 82: No Data! Returning LmfitResult with None.
ERROR - Chunk 83: No Data! Returning LmfitResult with None.
ERROR - Chunk 84: No Data! Returning LmfitResult with None.
ERROR - Chunk 85: No Data! Returning LmfitResult with None.
ERROR - Chunk 86: No Data! Returning LmfitResult with None.
ERROR - Chunk 87: No Data! Returning LmfitResult with None.
ERROR - Chunk 88: No Data! Returning LmfitResult with None.
ERROR - Chunk 89: No Data! Returning LmfitResult with None.
ERROR - Chunk 90: No Data! Returning LmfitResult with None.
ERROR - Chunk 91: No Data! Returning LmfitResult with None.
ERROR - Chunk 92: No Data! Returning LmfitResult with None.
ERROR - Chunk 93: No Data! Returning LmfitResult with None.
ERROR - Chunk 94: No Data! Returning LmfitResult with None.
ERROR - Chunk 95: No Data! Returning LmfitResult with None.
ERROR - Chunk 96: No Data! Returning LmfitResult with None.
ERROR - Chunk 97: No Data! Returning LmfitResult with None.
ERROR - Chunk 98: No Data! Returning LmfitResult with None.
ERROR - Chunk 99: No Data! Returning LmfitResult with None.
ERROR - Chunk 100: No Data! Returning LmfitResult with None.
ERROR - Chunk 101: No Data! Returning LmfitResult with None.
ERROR - Chunk 102: No Data! Returning LmfitResult with None.
ERROR - Chunk 103: No Data! Returning LmfitResult with None.
ERROR - Chunk 104: No Data! Returning LmfitResult with None.
ERROR - Chunk 105: No Data! Returning LmfitResult with None.
ERROR - Chunk 106: No Data! Returning LmfitResult with None.
ERROR - Chunk 107: No Data! Returning LmfitResult with None.
ERROR - Chunk 108: No Data! Returning LmfitResult with None.
ERROR - Chunk 109: No Data! Returning LmfitResult with None.
ERROR - Chunk 110: No Data! Returning LmfitResult with None.
ERROR - Chunk 111: No Data! Returning LmfitResult with None.
ERROR - Chunk 112: No Data! Returning LmfitResult with None.
ERROR - Chunk 113: No Data! Returning LmfitResult with None.
ERROR - Chunk 114: No Data! Returning LmfitResult with None.
ERROR - Chunk 115: No Data! Returning LmfitResult with None.
ERROR - Chunk 116: No Data! Returning LmfitResult with None.
ERROR - Chunk 117: No Data! Returning LmfitResult with None.
ERROR - Chunk 118: No Data! Returning LmfitResult with None.
ERROR - Chunk 119: No Data! Returning LmfitResult with None.
ERROR - Chunk 120: No Data! Returning LmfitResult with None.
ERROR - Chunk 121: No Data! Returning LmfitResult with None.
ERROR - Chunk 122: No Data! Returning LmfitResult with None.
ERROR - Chunk 123: No Data! Returning LmfitResult with None.
ERROR - Chunk 124: No Data! Returning LmfitResult with None.
ERROR - Chunk 125: No Data! Returning LmfitResult with None.
ERROR - Chunk 126: No Data! Returning LmfitResult with None.
ERROR - Chunk 127: No Data! Returning LmfitResult with None.
ERROR - Chunk 128: No Data! Returning LmfitResult with None.
ERROR - Chunk 129: No Data! Returning LmfitResult with None.
ERROR - Chunk 130: No Data! Returning LmfitResult with None.
ERROR - Chunk 131: No Data! Returning LmfitResult with None.
ERROR - Chunk 132: No Data! Returning LmfitResult with None.
ERROR - Chunk 133: No Data! Returning LmfitResult with None.
ERROR - Chunk 134: No Data! Returning LmfitResult with None.
ERROR - Chunk 135: No Data! Returning LmfitResult with None.
ERROR - Chunk 136: No Data! Returning LmfitResult with None.
ERROR - Chunk 137: No Data! Returning LmfitResult with None.
ERROR - Chunk 138: No Data! Returning LmfitResult with None.
ERROR - Chunk 139: No Data! Returning LmfitResult with None.
ERROR - Chunk 140: No Data! Returning LmfitResult with None.
ERROR - Chunk 141: No Data! Returning LmfitResult with None.
ERROR - Chunk 142: No Data! Returning LmfitResult with None.
ERROR - Chunk 143: No Data! Returning LmfitResult with None.
ERROR - Chunk 144: No Data! Returning LmfitResult with None.
ERROR - Chunk 145: No Data! Returning LmfitResult with None.
ERROR - Chunk 146: No Data! Returning LmfitResult with None.
ERROR - Chunk 147: No Data! Returning LmfitResult with None.
ERROR - Chunk 148: No Data! Returning LmfitResult with None.
ERROR - Chunk 149: No Data! Returning LmfitResult with None.
ERROR - Chunk 150: No Data! Returning LmfitResult with None.
ERROR - Chunk 151: No Data! Returning LmfitResult with None.
ERROR - Chunk 152: No Data! Returning LmfitResult with None.
ERROR - Chunk 153: No Data! Returning LmfitResult with None.
ERROR - Chunk 154: No Data! Returning LmfitResult with None.
ERROR - Chunk 155: No Data! Returning LmfitResult with None.
ERROR - Chunk 156: No Data! Returning LmfitResult with None.
ERROR - Chunk 157: No Data! Returning LmfitResult with None.
ERROR - Chunk 158: No Data! Returning LmfitResult with None.
ERROR - Chunk 159: No Data! Returning LmfitResult with None.
ERROR - Chunk 160: No Data! Returning LmfitResult with None.
ERROR - Chunk 161: No Data! Returning LmfitResult with None.
ERROR - Chunk 162: No Data! Returning LmfitResult with None.
ERROR - Chunk 163: No Data! Returning LmfitResult with None.
ERROR - Chunk 164: No Data! Returning LmfitResult with None.
ERROR - Chunk 165: No Data! Returning LmfitResult with None.
ERROR - Chunk 166: No Data! Returning LmfitResult with None.
ERROR - Chunk 167: No Data! Returning LmfitResult with None.
ERROR - Chunk 168: No Data! Returning LmfitResult with None.
ERROR - Chunk 169: No Data! Returning LmfitResult with None.
ERROR - Chunk 170: No Data! Returning LmfitResult with None.
ERROR - Chunk 171: No Data! Returning LmfitResult with None.
ERROR - Chunk 172: No Data! Returning LmfitResult with None.
ERROR - Chunk 173: No Data! Returning LmfitResult with None.
ERROR - Chunk 174: No Data! Returning LmfitResult with None.
ERROR - Chunk 175: No Data! Returning LmfitResult with None.
ERROR - Chunk 176: No Data! Returning LmfitResult with None.
ERROR - Chunk 177: No Data! Returning LmfitResult with None.
ERROR - Chunk 178: No Data! Returning LmfitResult with None.
ERROR - Chunk 179: No Data! Returning LmfitResult with None.
ERROR - Chunk 180: No Data! Returning LmfitResult with None.
ERROR - Chunk 181: No Data! Returning LmfitResult with None.
ERROR - Chunk 182: No Data! Returning LmfitResult with None.
ERROR - Chunk 183: No Data! Returning LmfitResult with None.
ERROR - Chunk 184: No Data! Returning LmfitResult with None.
ERROR - Chunk 185: No Data! Returning LmfitResult with None.
ERROR - Chunk 186: No Data! Returning LmfitResult with None.
ERROR - Chunk 187: No Data! Returning LmfitResult with None.
ERROR - Chunk 188: No Data! Returning LmfitResult with None.
ERROR - Chunk 189: No Data! Returning LmfitResult with None.
ERROR - Chunk 190: No Data! Returning LmfitResult with None.
ERROR - Chunk 191: No Data! Returning LmfitResult with None.
ERROR - Chunk 192: No Data! Returning LmfitResult with None.
ERROR - Chunk 193: No Data! Returning LmfitResult with None.
ERROR - Chunk 194: No Data! Returning LmfitResult with None.
ERROR - Chunk 195: No Data! Returning LmfitResult with None.
ERROR - Chunk 196: No Data! Returning LmfitResult with None.
ERROR - Chunk 197: No Data! Returning LmfitResult with None.
ERROR - Chunk 198: No Data! Returning LmfitResult with None.
ERROR - Chunk 199: No Data! Returning LmfitResult with None.
ERROR - Chunk 200: No Data! Returning LmfitResult with None.
ERROR - Chunk 201: No Data! Returning LmfitResult with None.
ERROR - Chunk 202: No Data! Returning LmfitResult with None.
ERROR - Chunk 203: No Data! Returning LmfitResult with None.
ERROR - Chunk 204: No Data! Returning LmfitResult with None.
ERROR - Chunk 205: No Data! Returning LmfitResult with None.
ERROR - Chunk 206: No Data! Returning LmfitResult with None.
ERROR - Chunk 207: No Data! Returning LmfitResult with None.
ERROR - Chunk 208: No Data! Returning LmfitResult with None.
ERROR - Chunk 209: No Data! Returning LmfitResult with None.
ERROR - Chunk 210: No Data! Returning LmfitResult with None.
ERROR - Chunk 211: No Data! Returning LmfitResult with None.
ERROR - Chunk 212: No Data! Returning LmfitResult with None.
ERROR - Chunk 213: No Data! Returning LmfitResult with None.
ERROR - Chunk 214: No Data! Returning LmfitResult with None.
ERROR - Chunk 215: No Data! Returning LmfitResult with None.
ERROR - Chunk 216: No Data! Returning LmfitResult with None.
ERROR - Chunk 217: No Data! Returning LmfitResult with None.
ERROR - Chunk 218: No Data! Returning LmfitResult with None.
ERROR - Chunk 219: No Data! Returning LmfitResult with None.
ERROR - Chunk 220: No Data! Returning LmfitResult with None.
ERROR - Chunk 221: No Data! Returning LmfitResult with None.
ERROR - Chunk 222: No Data! Returning LmfitResult with None.
ERROR - Chunk 223: No Data! Returning LmfitResult with None.
ERROR - Chunk 224: No Data! Returning LmfitResult with None.
ERROR - Chunk 225: No Data! Returning LmfitResult with None.
ERROR - Chunk 226: No Data! Returning LmfitResult with None.
ERROR - Chunk 227: No Data! Returning LmfitResult with None.
ERROR - Chunk 228: No Data! Returning LmfitResult with None.
ERROR - Chunk 229: No Data! Returning LmfitResult with None.
ERROR - Chunk 230: No Data! Returning LmfitResult with None.
ERROR - Chunk 231: No Data! Returning LmfitResult with None.
ERROR - Chunk 232: No Data! Returning LmfitResult with None.
ERROR - Chunk 233: No Data! Returning LmfitResult with None.
ERROR - Chunk 234: No Data! Returning LmfitResult with None.
ERROR - Chunk 235: No Data! Returning LmfitResult with None.
ERROR - Chunk 236: No Data! Returning LmfitResult with None.
ERROR - Chunk 237: No Data! Returning LmfitResult with None.
ERROR - Chunk 238: No Data! Returning LmfitResult with None.
ERROR - Chunk 239: No Data! Returning LmfitResult with None.
ERROR - Chunk 240: No Data! Returning LmfitResult with None.
ERROR - Chunk 241: No Data! Returning LmfitResult with None.
ERROR - Chunk 242: No Data! Returning LmfitResult with None.
ERROR - Chunk 243: No Data! Returning LmfitResult with None.
ERROR - Chunk 244: No Data! Returning LmfitResult with None.
ERROR - Chunk 245: No Data! Returning LmfitResult with None.
ERROR - Chunk 246: No Data! Returning LmfitResult with None.
ERROR - Chunk 247: No Data! Returning LmfitResult with None.
ERROR - Chunk 248: No Data! Returning LmfitResult with None.
ERROR - Chunk 249: No Data! Returning LmfitResult with None.
ERROR - Chunk 250: No Data! Returning LmfitResult with None.
ERROR - Chunk 251: No Data! Returning LmfitResult with None.
ERROR - Chunk 252: No Data! Returning LmfitResult with None.
ERROR - Chunk 253: No Data! Returning LmfitResult with None.
ERROR - Chunk 254: No Data! Returning LmfitResult with None.
ERROR - Chunk 255: No Data! Returning LmfitResult with None.
ERROR - Chunk 256: No Data! Returning LmfitResult with None.
ERROR - Chunk 257: No Data! Returning LmfitResult with None.
ERROR - Chunk 258: No Data! Returning LmfitResult with None.
ERROR - Chunk 259: No Data! Returning LmfitResult with None.
ERROR - Chunk 260: No Data! Returning LmfitResult with None.
ERROR - Chunk 261: No Data! Returning LmfitResult with None.
ERROR - Chunk 262: No Data! Returning LmfitResult with None.
ERROR - Chunk 263: No Data! Returning LmfitResult with None.
ERROR - Chunk 264: No Data! Returning LmfitResult with None.
ERROR - Chunk 265: No Data! Returning LmfitResult with None.
ERROR - Chunk 266: No Data! Returning LmfitResult with None.
ERROR - Chunk 267: No Data! Returning LmfitResult with None.
ERROR - Chunk 268: No Data! Returning LmfitResult with None.
ERROR - Chunk 269: No Data! Returning LmfitResult with None.
ERROR - Chunk 270: No Data! Returning LmfitResult with None.
ERROR - Chunk 271: No Data! Returning LmfitResult with None.
ERROR - Chunk 272: No Data! Returning LmfitResult with None.
ERROR - Chunk 273: No Data! Returning LmfitResult with None.
ERROR - Chunk 274: No Data! Returning LmfitResult with None.
ERROR - Chunk 275: No Data! Returning LmfitResult with None.
ERROR - Chunk 276: No Data! Returning LmfitResult with None.
ERROR - Chunk 277: No Data! Returning LmfitResult with None.
ERROR - Chunk 278: No Data! Returning LmfitResult with None.
ERROR - Chunk 279: No Data! Returning LmfitResult with None.
ERROR - Chunk 280: No Data! Returning LmfitResult with None.
INFO - 
INFO - Number of chunks with no uncertainties: 0
INFO - Number of chunks with outliers: 0
INFO - Number of chunks with nan fitted red. Chi2: 281
ERROR - Polynomial fitting failed. Falling back to input values
Traceback (most recent call last):
  File "/Users/jaklusmeyer/SONG/pyodine/pyodine/lib/misc.py", line 529, in fit_polynomial
    pfit, stats = np.polynomial.Polynomial.fit(
  File "/Users/jaklusmeyer/miniconda/envs/pyodine_env/lib/python3.9/site-packages/numpy/polynomial/_polybase.py", line 1036, in fit
    xnew = pu.mapdomain(x, domain, window)
  File "/Users/jaklusmeyer/miniconda/envs/pyodine_env/lib/python3.9/site-packages/numpy/polynomial/polyutils.py", line 371, in mapdomain
    off, scl = mapparms(old, new)
  File "/Users/jaklusmeyer/miniconda/envs/pyodine_env/lib/python3.9/site-packages/numpy/polynomial/polyutils.py", line 303, in mapparms
    off = (old[1]*new[0] - old[0]*new[1])/oldlen
ZeroDivisionError: division by zero
ERROR - Polynomial fitting failed. Falling back to input values
Traceback (most recent call last):
  File "/Users/jaklusmeyer/SONG/pyodine/pyodine/lib/misc.py", line 529, in fit_polynomial
    pfit, stats = np.polynomial.Polynomial.fit(
  File "/Users/jaklusmeyer/miniconda/envs/pyodine_env/lib/python3.9/site-packages/numpy/polynomial/_polybase.py", line 1036, in fit
    xnew = pu.mapdomain(x, domain, window)
  File "/Users/jaklusmeyer/miniconda/envs/pyodine_env/lib/python3.9/site-packages/numpy/polynomial/polyutils.py", line 371, in mapdomain
    off, scl = mapparms(old, new)
  File "/Users/jaklusmeyer/miniconda/envs/pyodine_env/lib/python3.9/site-packages/numpy/polynomial/polyutils.py", line 303, in mapparms
    off = (old[1]*new[0] - old[0]*new[1])/oldlen
ZeroDivisionError: division by zero
ERROR - Polynomial fitting failed. Falling back to input values
Traceback (most recent call last):
  File "/Users/jaklusmeyer/SONG/pyodine/pyodine/lib/misc.py", line 529, in fit_polynomial
    pfit, stats = np.polynomial.Polynomial.fit(
  File "/Users/jaklusmeyer/miniconda/envs/pyodine_env/lib/python3.9/site-packages/numpy/polynomial/_polybase.py", line 1036, in fit
    xnew = pu.mapdomain(x, domain, window)
  File "/Users/jaklusmeyer/miniconda/envs/pyodine_env/lib/python3.9/site-packages/numpy/polynomial/polyutils.py", line 371, in mapdomain
    off, scl = mapparms(old, new)
  File "/Users/jaklusmeyer/miniconda/envs/pyodine_env/lib/python3.9/site-packages/numpy/polynomial/polyutils.py", line 303, in mapparms
    off = (old[1]*new[0] - old[0]*new[1])/oldlen
ZeroDivisionError: division by zero
ERROR - Polynomial fitting failed. Falling back to input values
Traceback (most recent call last):
  File "/Users/jaklusmeyer/SONG/pyodine/pyodine/lib/misc.py", line 529, in fit_polynomial
    pfit, stats = np.polynomial.Polynomial.fit(
  File "/Users/jaklusmeyer/miniconda/envs/pyodine_env/lib/python3.9/site-packages/numpy/polynomial/_polybase.py", line 1036, in fit
    xnew = pu.mapdomain(x, domain, window)
  File "/Users/jaklusmeyer/miniconda/envs/pyodine_env/lib/python3.9/site-packages/numpy/polynomial/polyutils.py", line 371, in mapdomain
    off, scl = mapparms(old, new)
  File "/Users/jaklusmeyer/miniconda/envs/pyodine_env/lib/python3.9/site-packages/numpy/polynomial/polyutils.py", line 303, in mapparms
    off = (old[1]*new[0] - old[0]*new[1])/oldlen
ZeroDivisionError: division by zero
ERROR - Polynomial fitting failed. Falling back to input values
Traceback (most recent call last):
  File "/Users/jaklusmeyer/SONG/pyodine/pyodine/lib/misc.py", line 529, in fit_polynomial
    pfit, stats = np.polynomial.Polynomial.fit(
  File "/Users/jaklusmeyer/miniconda/envs/pyodine_env/lib/python3.9/site-packages/numpy/polynomial/_polybase.py", line 1036, in fit
    xnew = pu.mapdomain(x, domain, window)
  File "/Users/jaklusmeyer/miniconda/envs/pyodine_env/lib/python3.9/site-packages/numpy/polynomial/polyutils.py", line 371, in mapdomain
    off, scl = mapparms(old, new)
  File "/Users/jaklusmeyer/miniconda/envs/pyodine_env/lib/python3.9/site-packages/numpy/polynomial/polyutils.py", line 303, in mapparms
    off = (old[1]*new[0] - old[0]*new[1])/oldlen
ZeroDivisionError: division by zero
ERROR - Polynomial fitting failed. Falling back to input values
Traceback (most recent call last):
  File "/Users/jaklusmeyer/SONG/pyodine/pyodine/lib/misc.py", line 529, in fit_polynomial
    pfit, stats = np.polynomial.Polynomial.fit(
  File "/Users/jaklusmeyer/miniconda/envs/pyodine_env/lib/python3.9/site-packages/numpy/polynomial/_polybase.py", line 1036, in fit
    xnew = pu.mapdomain(x, domain, window)
  File "/Users/jaklusmeyer/miniconda/envs/pyodine_env/lib/python3.9/site-packages/numpy/polynomial/polyutils.py", line 371, in mapdomain
    off, scl = mapparms(old, new)
  File "/Users/jaklusmeyer/miniconda/envs/pyodine_env/lib/python3.9/site-packages/numpy/polynomial/polyutils.py", line 303, in mapparms
    off = (old[1]*new[0] - old[0]*new[1])/oldlen
ZeroDivisionError: division by zero
ERROR - Polynomial fitting failed. Falling back to input values
Traceback (most recent call last):
  File "/Users/jaklusmeyer/SONG/pyodine/pyodine/lib/misc.py", line 529, in fit_polynomial
    pfit, stats = np.polynomial.Polynomial.fit(
  File "/Users/jaklusmeyer/miniconda/envs/pyodine_env/lib/python3.9/site-packages/numpy/polynomial/_polybase.py", line 1036, in fit
    xnew = pu.mapdomain(x, domain, window)
  File "/Users/jaklusmeyer/miniconda/envs/pyodine_env/lib/python3.9/site-packages/numpy/polynomial/polyutils.py", line 371, in mapdomain
    off, scl = mapparms(old, new)
  File "/Users/jaklusmeyer/miniconda/envs/pyodine_env/lib/python3.9/site-packages/numpy/polynomial/polyutils.py", line 303, in mapparms
    off = (old[1]*new[0] - old[0]*new[1])/oldlen
ZeroDivisionError: division by zero
ERROR - Polynomial fitting failed. Falling back to input values
Traceback (most recent call last):
  File "/Users/jaklusmeyer/SONG/pyodine/pyodine/lib/misc.py", line 529, in fit_polynomial
    pfit, stats = np.polynomial.Polynomial.fit(
  File "/Users/jaklusmeyer/miniconda/envs/pyodine_env/lib/python3.9/site-packages/numpy/polynomial/_polybase.py", line 1036, in fit
    xnew = pu.mapdomain(x, domain, window)
  File "/Users/jaklusmeyer/miniconda/envs/pyodine_env/lib/python3.9/site-packages/numpy/polynomial/polyutils.py", line 371, in mapdomain
    off, scl = mapparms(old, new)
  File "/Users/jaklusmeyer/miniconda/envs/pyodine_env/lib/python3.9/site-packages/numpy/polynomial/polyutils.py", line 303, in mapparms
    off = (old[1]*new[0] - old[0]*new[1])/oldlen
ZeroDivisionError: division by zero
ERROR - Polynomial fitting failed. Falling back to input values
Traceback (most recent call last):
  File "/Users/jaklusmeyer/SONG/pyodine/pyodine/lib/misc.py", line 529, in fit_polynomial
    pfit, stats = np.polynomial.Polynomial.fit(
  File "/Users/jaklusmeyer/miniconda/envs/pyodine_env/lib/python3.9/site-packages/numpy/polynomial/_polybase.py", line 1036, in fit
    xnew = pu.mapdomain(x, domain, window)
  File "/Users/jaklusmeyer/miniconda/envs/pyodine_env/lib/python3.9/site-packages/numpy/polynomial/polyutils.py", line 371, in mapdomain
    off, scl = mapparms(old, new)
  File "/Users/jaklusmeyer/miniconda/envs/pyodine_env/lib/python3.9/site-packages/numpy/polynomial/polyutils.py", line 303, in mapparms
    off = (old[1]*new[0] - old[0]*new[1])/oldlen
ZeroDivisionError: division by zero
ERROR - Polynomial fitting failed. Falling back to input values
Traceback (most recent call last):
  File "/Users/jaklusmeyer/SONG/pyodine/pyodine/lib/misc.py", line 529, in fit_polynomial
    pfit, stats = np.polynomial.Polynomial.fit(
  File "/Users/jaklusmeyer/miniconda/envs/pyodine_env/lib/python3.9/site-packages/numpy/polynomial/_polybase.py", line 1036, in fit
    xnew = pu.mapdomain(x, domain, window)
  File "/Users/jaklusmeyer/miniconda/envs/pyodine_env/lib/python3.9/site-packages/numpy/polynomial/polyutils.py", line 371, in mapdomain
    off, scl = mapparms(old, new)
  File "/Users/jaklusmeyer/miniconda/envs/pyodine_env/lib/python3.9/site-packages/numpy/polynomial/polyutils.py", line 303, in mapparms
    off = (old[1]*new[0] - old[0]*new[1])/oldlen
ZeroDivisionError: division by zero
ERROR - Polynomial fitting failed. Falling back to input values
Traceback (most recent call last):
  File "/Users/jaklusmeyer/SONG/pyodine/pyodine/lib/misc.py", line 529, in fit_polynomial
    pfit, stats = np.polynomial.Polynomial.fit(
  File "/Users/jaklusmeyer/miniconda/envs/pyodine_env/lib/python3.9/site-packages/numpy/polynomial/_polybase.py", line 1036, in fit
    xnew = pu.mapdomain(x, domain, window)
  File "/Users/jaklusmeyer/miniconda/envs/pyodine_env/lib/python3.9/site-packages/numpy/polynomial/polyutils.py", line 371, in mapdomain
    off, scl = mapparms(old, new)
  File "/Users/jaklusmeyer/miniconda/envs/pyodine_env/lib/python3.9/site-packages/numpy/polynomial/polyutils.py", line 303, in mapparms
    off = (old[1]*new[0] - old[0]*new[1])/oldlen
ZeroDivisionError: division by zero
ERROR - Polynomial fitting failed. Falling back to input values
Traceback (most recent call last):
  File "/Users/jaklusmeyer/SONG/pyodine/pyodine/lib/misc.py", line 529, in fit_polynomial
    pfit, stats = np.polynomial.Polynomial.fit(
  File "/Users/jaklusmeyer/miniconda/envs/pyodine_env/lib/python3.9/site-packages/numpy/polynomial/_polybase.py", line 1036, in fit
    xnew = pu.mapdomain(x, domain, window)
  File "/Users/jaklusmeyer/miniconda/envs/pyodine_env/lib/python3.9/site-packages/numpy/polynomial/polyutils.py", line 371, in mapdomain
    off, scl = mapparms(old, new)
  File "/Users/jaklusmeyer/miniconda/envs/pyodine_env/lib/python3.9/site-packages/numpy/polynomial/polyutils.py", line 303, in mapparms
    off = (old[1]*new[0] - old[0]*new[1])/oldlen
ZeroDivisionError: division by zero
ERROR - Polynomial fitting failed. Falling back to input values
Traceback (most recent call last):
  File "/Users/jaklusmeyer/SONG/pyodine/pyodine/lib/misc.py", line 529, in fit_polynomial
    pfit, stats = np.polynomial.Polynomial.fit(
  File "/Users/jaklusmeyer/miniconda/envs/pyodine_env/lib/python3.9/site-packages/numpy/polynomial/_polybase.py", line 1036, in fit
    xnew = pu.mapdomain(x, domain, window)
  File "/Users/jaklusmeyer/miniconda/envs/pyodine_env/lib/python3.9/site-packages/numpy/polynomial/polyutils.py", line 371, in mapdomain
    off, scl = mapparms(old, new)
  File "/Users/jaklusmeyer/miniconda/envs/pyodine_env/lib/python3.9/site-packages/numpy/polynomial/polyutils.py", line 303, in mapparms
    off = (old[1]*new[0] - old[0]*new[1])/oldlen
ZeroDivisionError: division by zero
ERROR - Polynomial fitting failed. Falling back to input values
Traceback (most recent call last):
  File "/Users/jaklusmeyer/SONG/pyodine/pyodine/lib/misc.py", line 529, in fit_polynomial
    pfit, stats = np.polynomial.Polynomial.fit(
  File "/Users/jaklusmeyer/miniconda/envs/pyodine_env/lib/python3.9/site-packages/numpy/polynomial/_polybase.py", line 1036, in fit
    xnew = pu.mapdomain(x, domain, window)
  File "/Users/jaklusmeyer/miniconda/envs/pyodine_env/lib/python3.9/site-packages/numpy/polynomial/polyutils.py", line 371, in mapdomain
    off, scl = mapparms(old, new)
  File "/Users/jaklusmeyer/miniconda/envs/pyodine_env/lib/python3.9/site-packages/numpy/polynomial/polyutils.py", line 303, in mapparms
    off = (old[1]*new[0] - old[0]*new[1])/oldlen
ZeroDivisionError: division by zero
INFO - 
INFO - Creating analysis plots...
ERROR - NaN value detected in iodine function.
ERROR - Chunk could not be plotted
Traceback (most recent call last):
  File "/Users/jaklusmeyer/SONG/pyodine/pyodine/plot_lib.py", line 62, in plot_chunkmodel
    sp = fit_results[chunk_nr].fitted_spectrum
  File "/Users/jaklusmeyer/SONG/pyodine/pyodine/fitters/base.py", line 45, in fitted_spectrum
    return self.model.eval_spectrum(self.chunk, self.params, chunk_ind=self.chunk_ind)
  File "/Users/jaklusmeyer/SONG/pyodine/pyodine/models/base.py", line 79, in eval_spectrum
    flux = self.eval(chunk, params, chunk_ind=chunk_ind, **kwargs)
  File "/Users/jaklusmeyer/SONG/pyodine/pyodine/models/spectrum.py", line 138, in eval
    tck = splrep(tem.wave * doppler, flux_tem, s=0)
  File "/Users/jaklusmeyer/miniconda/envs/pyodine_env/lib/python3.9/site-packages/scipy/interpolate/_fitpack_py.py", line 295, in splrep
    res = _impl.splrep(x, y, w, xb, xe, k, task, s, t, full_output, per, quiet)
  File "/Users/jaklusmeyer/miniconda/envs/pyodine_env/lib/python3.9/site-packages/scipy/interpolate/_fitpack_impl.py", line 276, in splrep
    n, c, fp, ier = dfitpack.curfit(task, x, y, w, t, wrk, iwrk,
dfitpack.error: (xb<=x[0]) failed for 1st keyword xb: curfit:xb=nan
ERROR - NaN value detected in iodine function.
ERROR - Chunk could not be plotted
Traceback (most recent call last):
  File "/Users/jaklusmeyer/SONG/pyodine/pyodine/plot_lib.py", line 62, in plot_chunkmodel
    sp = fit_results[chunk_nr].fitted_spectrum
  File "/Users/jaklusmeyer/SONG/pyodine/pyodine/fitters/base.py", line 45, in fitted_spectrum
    return self.model.eval_spectrum(self.chunk, self.params, chunk_ind=self.chunk_ind)
  File "/Users/jaklusmeyer/SONG/pyodine/pyodine/models/base.py", line 79, in eval_spectrum
    flux = self.eval(chunk, params, chunk_ind=chunk_ind, **kwargs)
  File "/Users/jaklusmeyer/SONG/pyodine/pyodine/models/spectrum.py", line 138, in eval
    tck = splrep(tem.wave * doppler, flux_tem, s=0)
  File "/Users/jaklusmeyer/miniconda/envs/pyodine_env/lib/python3.9/site-packages/scipy/interpolate/_fitpack_py.py", line 295, in splrep
    res = _impl.splrep(x, y, w, xb, xe, k, task, s, t, full_output, per, quiet)
  File "/Users/jaklusmeyer/miniconda/envs/pyodine_env/lib/python3.9/site-packages/scipy/interpolate/_fitpack_impl.py", line 276, in splrep
    n, c, fp, ier = dfitpack.curfit(task, x, y, w, t, wrk, iwrk,
dfitpack.error: (xb<=x[0]) failed for 1st keyword xb: curfit:xb=nan
INFO - 
INFO - ----------------------
INFO - RUN 1
INFO - ----------------------
INFO - 
INFO - Constraining parameters for RUN 1
INFO - 
INFO - Fitted LSF parameters:
INFO - <ParameterSet (values: 10)>
    left_1  =  11.472057661046213
    left_2  =  -10.447541366928016
    left_3  =  6.181458615741392
    left_4  =  -2.1764662171960287
    left_5  =  0.7081109735906326
    right1  =  11.472059267515185
    right2  =  -10.447544705989102
    right3  =  6.181461584698063
    right4  =  -2.176468097832036
    right5  =  0.7081116974995112
ERROR - Chunk 0: No Data! Returning LmfitResult with None.
ERROR - Chunk 1: No Data! Returning LmfitResult with None.
ERROR - Chunk 2: No Data! Returning LmfitResult with None.
ERROR - Chunk 3: No Data! Returning LmfitResult with None.
ERROR - Chunk 4: No Data! Returning LmfitResult with None.
ERROR - Chunk 5: No Data! Returning LmfitResult with None.
ERROR - Chunk 6: No Data! Returning LmfitResult with None.
ERROR - Chunk 7: No Data! Returning LmfitResult with None.
ERROR - Chunk 8: No Data! Returning LmfitResult with None.
ERROR - Chunk 9: No Data! Returning LmfitResult with None.
ERROR - Chunk 10: No Data! Returning LmfitResult with None.
ERROR - Chunk 11: No Data! Returning LmfitResult with None.
ERROR - Chunk 12: No Data! Returning LmfitResult with None.
ERROR - Chunk 13: No Data! Returning LmfitResult with None.
ERROR - Chunk 14: No Data! Returning LmfitResult with None.
ERROR - Chunk 15: No Data! Returning LmfitResult with None.
ERROR - Chunk 16: No Data! Returning LmfitResult with None.
ERROR - Chunk 17: No Data! Returning LmfitResult with None.
ERROR - Chunk 18: No Data! Returning LmfitResult with None.
ERROR - Chunk 19: No Data! Returning LmfitResult with None.
ERROR - Chunk 20: No Data! Returning LmfitResult with None.
ERROR - Chunk 21: No Data! Returning LmfitResult with None.
ERROR - Chunk 22: No Data! Returning LmfitResult with None.
ERROR - Chunk 23: No Data! Returning LmfitResult with None.
ERROR - Chunk 24: No Data! Returning LmfitResult with None.
ERROR - Chunk 25: No Data! Returning LmfitResult with None.
ERROR - Chunk 26: No Data! Returning LmfitResult with None.
ERROR - Chunk 27: No Data! Returning LmfitResult with None.
ERROR - Chunk 28: No Data! Returning LmfitResult with None.
ERROR - Chunk 29: No Data! Returning LmfitResult with None.
ERROR - Chunk 30: No Data! Returning LmfitResult with None.
ERROR - Chunk 31: No Data! Returning LmfitResult with None.
ERROR - Chunk 32: No Data! Returning LmfitResult with None.
ERROR - Chunk 33: No Data! Returning LmfitResult with None.
ERROR - Chunk 34: No Data! Returning LmfitResult with None.
ERROR - Chunk 35: No Data! Returning LmfitResult with None.
ERROR - Chunk 36: No Data! Returning LmfitResult with None.
ERROR - Chunk 37: No Data! Returning LmfitResult with None.
ERROR - Chunk 38: No Data! Returning LmfitResult with None.
ERROR - Chunk 39: No Data! Returning LmfitResult with None.
ERROR - Chunk 40: No Data! Returning LmfitResult with None.
ERROR - Chunk 41: No Data! Returning LmfitResult with None.
ERROR - Chunk 42: No Data! Returning LmfitResult with None.
ERROR - Chunk 43: No Data! Returning LmfitResult with None.
ERROR - Chunk 44: No Data! Returning LmfitResult with None.
ERROR - Chunk 45: No Data! Returning LmfitResult with None.
ERROR - Chunk 46: No Data! Returning LmfitResult with None.
ERROR - Chunk 47: No Data! Returning LmfitResult with None.
ERROR - Chunk 48: No Data! Returning LmfitResult with None.
ERROR - Chunk 49: No Data! Returning LmfitResult with None.
ERROR - Chunk 50: No Data! Returning LmfitResult with None.
ERROR - Chunk 51: No Data! Returning LmfitResult with None.
ERROR - Chunk 52: No Data! Returning LmfitResult with None.
ERROR - Chunk 53: No Data! Returning LmfitResult with None.
ERROR - Chunk 54: No Data! Returning LmfitResult with None.
ERROR - Chunk 55: No Data! Returning LmfitResult with None.
ERROR - Chunk 56: No Data! Returning LmfitResult with None.
ERROR - Chunk 57: No Data! Returning LmfitResult with None.
ERROR - Chunk 58: No Data! Returning LmfitResult with None.
ERROR - Chunk 59: No Data! Returning LmfitResult with None.
ERROR - Chunk 60: No Data! Returning LmfitResult with None.
ERROR - Chunk 61: No Data! Returning LmfitResult with None.
ERROR - Chunk 62: No Data! Returning LmfitResult with None.
ERROR - Chunk 63: No Data! Returning LmfitResult with None.
ERROR - Chunk 64: No Data! Returning LmfitResult with None.
ERROR - Chunk 65: No Data! Returning LmfitResult with None.
ERROR - Chunk 66: No Data! Returning LmfitResult with None.
ERROR - Chunk 67: No Data! Returning LmfitResult with None.
ERROR - Chunk 68: No Data! Returning LmfitResult with None.
ERROR - Chunk 69: No Data! Returning LmfitResult with None.
ERROR - Chunk 70: No Data! Returning LmfitResult with None.
ERROR - Chunk 71: No Data! Returning LmfitResult with None.
ERROR - Chunk 72: No Data! Returning LmfitResult with None.
ERROR - Chunk 73: No Data! Returning LmfitResult with None.
ERROR - Chunk 74: No Data! Returning LmfitResult with None.
ERROR - Chunk 75: No Data! Returning LmfitResult with None.
ERROR - Chunk 76: No Data! Returning LmfitResult with None.
ERROR - Chunk 77: No Data! Returning LmfitResult with None.
ERROR - Chunk 78: No Data! Returning LmfitResult with None.
ERROR - Chunk 79: No Data! Returning LmfitResult with None.
ERROR - Chunk 80: No Data! Returning LmfitResult with None.
ERROR - Chunk 81: No Data! Returning LmfitResult with None.
ERROR - Chunk 82: No Data! Returning LmfitResult with None.
ERROR - Chunk 83: No Data! Returning LmfitResult with None.
ERROR - Chunk 84: No Data! Returning LmfitResult with None.
ERROR - Chunk 85: No Data! Returning LmfitResult with None.
ERROR - Chunk 86: No Data! Returning LmfitResult with None.
ERROR - Chunk 87: No Data! Returning LmfitResult with None.
ERROR - Chunk 88: No Data! Returning LmfitResult with None.
ERROR - Chunk 89: No Data! Returning LmfitResult with None.
ERROR - Chunk 90: No Data! Returning LmfitResult with None.
ERROR - Chunk 91: No Data! Returning LmfitResult with None.
ERROR - Chunk 92: No Data! Returning LmfitResult with None.
ERROR - Chunk 93: No Data! Returning LmfitResult with None.
ERROR - Chunk 94: No Data! Returning LmfitResult with None.
ERROR - Chunk 95: No Data! Returning LmfitResult with None.
ERROR - Chunk 96: No Data! Returning LmfitResult with None.
ERROR - Chunk 97: No Data! Returning LmfitResult with None.
ERROR - Chunk 98: No Data! Returning LmfitResult with None.
ERROR - Chunk 99: No Data! Returning LmfitResult with None.
ERROR - Chunk 100: No Data! Returning LmfitResult with None.
ERROR - Chunk 101: No Data! Returning LmfitResult with None.
ERROR - Chunk 102: No Data! Returning LmfitResult with None.
ERROR - Chunk 103: No Data! Returning LmfitResult with None.
ERROR - Chunk 104: No Data! Returning LmfitResult with None.
ERROR - Chunk 105: No Data! Returning LmfitResult with None.
ERROR - Chunk 106: No Data! Returning LmfitResult with None.
ERROR - Chunk 107: No Data! Returning LmfitResult with None.
ERROR - Chunk 108: No Data! Returning LmfitResult with None.
ERROR - Chunk 109: No Data! Returning LmfitResult with None.
ERROR - Chunk 110: No Data! Returning LmfitResult with None.
ERROR - Chunk 111: No Data! Returning LmfitResult with None.
ERROR - Chunk 112: No Data! Returning LmfitResult with None.
ERROR - Chunk 113: No Data! Returning LmfitResult with None.
ERROR - Chunk 114: No Data! Returning LmfitResult with None.
ERROR - Chunk 115: No Data! Returning LmfitResult with None.
ERROR - Chunk 116: No Data! Returning LmfitResult with None.
ERROR - Chunk 117: No Data! Returning LmfitResult with None.
ERROR - Chunk 118: No Data! Returning LmfitResult with None.
ERROR - Chunk 119: No Data! Returning LmfitResult with None.
ERROR - Chunk 120: No Data! Returning LmfitResult with None.
ERROR - Chunk 121: No Data! Returning LmfitResult with None.
ERROR - Chunk 122: No Data! Returning LmfitResult with None.
ERROR - Chunk 123: No Data! Returning LmfitResult with None.
ERROR - Chunk 124: No Data! Returning LmfitResult with None.
ERROR - Chunk 125: No Data! Returning LmfitResult with None.
ERROR - Chunk 126: No Data! Returning LmfitResult with None.
ERROR - Chunk 127: No Data! Returning LmfitResult with None.
ERROR - Chunk 128: No Data! Returning LmfitResult with None.
ERROR - Chunk 129: No Data! Returning LmfitResult with None.
ERROR - Chunk 130: No Data! Returning LmfitResult with None.
ERROR - Chunk 131: No Data! Returning LmfitResult with None.
ERROR - Chunk 132: No Data! Returning LmfitResult with None.
ERROR - Chunk 133: No Data! Returning LmfitResult with None.
ERROR - Chunk 134: No Data! Returning LmfitResult with None.
ERROR - Chunk 135: No Data! Returning LmfitResult with None.
ERROR - Chunk 136: No Data! Returning LmfitResult with None.
ERROR - Chunk 137: No Data! Returning LmfitResult with None.
ERROR - Chunk 138: No Data! Returning LmfitResult with None.
ERROR - Chunk 139: No Data! Returning LmfitResult with None.
ERROR - Chunk 140: No Data! Returning LmfitResult with None.
ERROR - Chunk 141: No Data! Returning LmfitResult with None.
ERROR - Chunk 142: No Data! Returning LmfitResult with None.
ERROR - Chunk 143: No Data! Returning LmfitResult with None.
ERROR - Chunk 144: No Data! Returning LmfitResult with None.
ERROR - Chunk 145: No Data! Returning LmfitResult with None.
ERROR - Chunk 146: No Data! Returning LmfitResult with None.
ERROR - Chunk 147: No Data! Returning LmfitResult with None.
ERROR - Chunk 148: No Data! Returning LmfitResult with None.
ERROR - Chunk 149: No Data! Returning LmfitResult with None.
ERROR - Chunk 150: No Data! Returning LmfitResult with None.
ERROR - Chunk 151: No Data! Returning LmfitResult with None.
ERROR - Chunk 152: No Data! Returning LmfitResult with None.
ERROR - Chunk 153: No Data! Returning LmfitResult with None.
ERROR - Chunk 154: No Data! Returning LmfitResult with None.
ERROR - Chunk 155: No Data! Returning LmfitResult with None.
ERROR - Chunk 156: No Data! Returning LmfitResult with None.
ERROR - Chunk 157: No Data! Returning LmfitResult with None.
ERROR - Chunk 158: No Data! Returning LmfitResult with None.
ERROR - Chunk 159: No Data! Returning LmfitResult with None.
ERROR - Chunk 160: No Data! Returning LmfitResult with None.
ERROR - Chunk 161: No Data! Returning LmfitResult with None.
ERROR - Chunk 162: No Data! Returning LmfitResult with None.
ERROR - Chunk 163: No Data! Returning LmfitResult with None.
ERROR - Chunk 164: No Data! Returning LmfitResult with None.
ERROR - Chunk 165: No Data! Returning LmfitResult with None.
ERROR - Chunk 166: No Data! Returning LmfitResult with None.
ERROR - Chunk 167: No Data! Returning LmfitResult with None.
ERROR - Chunk 168: No Data! Returning LmfitResult with None.
ERROR - Chunk 169: No Data! Returning LmfitResult with None.
ERROR - Chunk 170: No Data! Returning LmfitResult with None.
ERROR - Chunk 171: No Data! Returning LmfitResult with None.
ERROR - Chunk 172: No Data! Returning LmfitResult with None.
ERROR - Chunk 173: No Data! Returning LmfitResult with None.
ERROR - Chunk 174: No Data! Returning LmfitResult with None.
ERROR - Chunk 175: No Data! Returning LmfitResult with None.
ERROR - Chunk 176: No Data! Returning LmfitResult with None.
ERROR - Chunk 177: No Data! Returning LmfitResult with None.
ERROR - Chunk 178: No Data! Returning LmfitResult with None.
ERROR - Chunk 179: No Data! Returning LmfitResult with None.
ERROR - Chunk 180: No Data! Returning LmfitResult with None.
ERROR - Chunk 181: No Data! Returning LmfitResult with None.
ERROR - Chunk 182: No Data! Returning LmfitResult with None.
ERROR - Chunk 183: No Data! Returning LmfitResult with None.
ERROR - Chunk 184: No Data! Returning LmfitResult with None.
ERROR - Chunk 185: No Data! Returning LmfitResult with None.
ERROR - Chunk 186: No Data! Returning LmfitResult with None.
ERROR - Chunk 187: No Data! Returning LmfitResult with None.
ERROR - Chunk 188: No Data! Returning LmfitResult with None.
ERROR - Chunk 189: No Data! Returning LmfitResult with None.
ERROR - Chunk 190: No Data! Returning LmfitResult with None.
ERROR - Chunk 191: No Data! Returning LmfitResult with None.
ERROR - Chunk 192: No Data! Returning LmfitResult with None.
ERROR - Chunk 193: No Data! Returning LmfitResult with None.
ERROR - Chunk 194: No Data! Returning LmfitResult with None.
ERROR - Chunk 195: No Data! Returning LmfitResult with None.
ERROR - Chunk 196: No Data! Returning LmfitResult with None.
ERROR - Chunk 197: No Data! Returning LmfitResult with None.
ERROR - Chunk 198: No Data! Returning LmfitResult with None.
ERROR - Chunk 199: No Data! Returning LmfitResult with None.
ERROR - Chunk 200: No Data! Returning LmfitResult with None.
ERROR - Chunk 201: No Data! Returning LmfitResult with None.
ERROR - Chunk 202: No Data! Returning LmfitResult with None.
ERROR - Chunk 203: No Data! Returning LmfitResult with None.
ERROR - Chunk 204: No Data! Returning LmfitResult with None.
ERROR - Chunk 205: No Data! Returning LmfitResult with None.
ERROR - Chunk 206: No Data! Returning LmfitResult with None.
ERROR - Chunk 207: No Data! Returning LmfitResult with None.
ERROR - Chunk 208: No Data! Returning LmfitResult with None.
ERROR - Chunk 209: No Data! Returning LmfitResult with None.
ERROR - Chunk 210: No Data! Returning LmfitResult with None.
ERROR - Chunk 211: No Data! Returning LmfitResult with None.
ERROR - Chunk 212: No Data! Returning LmfitResult with None.
ERROR - Chunk 213: No Data! Returning LmfitResult with None.
ERROR - Chunk 214: No Data! Returning LmfitResult with None.
ERROR - Chunk 215: No Data! Returning LmfitResult with None.
ERROR - Chunk 216: No Data! Returning LmfitResult with None.
ERROR - Chunk 217: No Data! Returning LmfitResult with None.
ERROR - Chunk 218: No Data! Returning LmfitResult with None.
ERROR - Chunk 219: No Data! Returning LmfitResult with None.
ERROR - Chunk 220: No Data! Returning LmfitResult with None.
ERROR - Chunk 221: No Data! Returning LmfitResult with None.
ERROR - Chunk 222: No Data! Returning LmfitResult with None.
ERROR - Chunk 223: No Data! Returning LmfitResult with None.
ERROR - Chunk 224: No Data! Returning LmfitResult with None.
ERROR - Chunk 225: No Data! Returning LmfitResult with None.
ERROR - Chunk 226: No Data! Returning LmfitResult with None.
ERROR - Chunk 227: No Data! Returning LmfitResult with None.
ERROR - Chunk 228: No Data! Returning LmfitResult with None.
ERROR - Chunk 229: No Data! Returning LmfitResult with None.
ERROR - Chunk 230: No Data! Returning LmfitResult with None.
ERROR - Chunk 231: No Data! Returning LmfitResult with None.
ERROR - Chunk 232: No Data! Returning LmfitResult with None.
ERROR - Chunk 233: No Data! Returning LmfitResult with None.
ERROR - Chunk 234: No Data! Returning LmfitResult with None.
ERROR - Chunk 235: No Data! Returning LmfitResult with None.
ERROR - Chunk 236: No Data! Returning LmfitResult with None.
ERROR - Chunk 237: No Data! Returning LmfitResult with None.
ERROR - Chunk 238: No Data! Returning LmfitResult with None.
ERROR - Chunk 239: No Data! Returning LmfitResult with None.
ERROR - Chunk 240: No Data! Returning LmfitResult with None.
ERROR - Chunk 241: No Data! Returning LmfitResult with None.
ERROR - Chunk 242: No Data! Returning LmfitResult with None.
ERROR - Chunk 243: No Data! Returning LmfitResult with None.
ERROR - Chunk 244: No Data! Returning LmfitResult with None.
ERROR - Chunk 245: No Data! Returning LmfitResult with None.
ERROR - Chunk 246: No Data! Returning LmfitResult with None.
ERROR - Chunk 247: No Data! Returning LmfitResult with None.
ERROR - Chunk 248: No Data! Returning LmfitResult with None.
ERROR - Chunk 249: No Data! Returning LmfitResult with None.
ERROR - Chunk 250: No Data! Returning LmfitResult with None.
ERROR - Chunk 251: No Data! Returning LmfitResult with None.
ERROR - Chunk 252: No Data! Returning LmfitResult with None.
ERROR - Chunk 253: No Data! Returning LmfitResult with None.
ERROR - Chunk 254: No Data! Returning LmfitResult with None.
ERROR - Chunk 255: No Data! Returning LmfitResult with None.
ERROR - Chunk 256: No Data! Returning LmfitResult with None.
ERROR - Chunk 257: No Data! Returning LmfitResult with None.
ERROR - Chunk 258: No Data! Returning LmfitResult with None.
ERROR - Chunk 259: No Data! Returning LmfitResult with None.
ERROR - Chunk 260: No Data! Returning LmfitResult with None.
ERROR - Chunk 261: No Data! Returning LmfitResult with None.
ERROR - Chunk 262: No Data! Returning LmfitResult with None.
ERROR - Chunk 263: No Data! Returning LmfitResult with None.
ERROR - Chunk 264: No Data! Returning LmfitResult with None.
ERROR - Chunk 265: No Data! Returning LmfitResult with None.
ERROR - Chunk 266: No Data! Returning LmfitResult with None.
ERROR - Chunk 267: No Data! Returning LmfitResult with None.
ERROR - Chunk 268: No Data! Returning LmfitResult with None.
ERROR - Chunk 269: No Data! Returning LmfitResult with None.
ERROR - Chunk 270: No Data! Returning LmfitResult with None.
ERROR - Chunk 271: No Data! Returning LmfitResult with None.
ERROR - Chunk 272: No Data! Returning LmfitResult with None.
ERROR - Chunk 273: No Data! Returning LmfitResult with None.
ERROR - Chunk 274: No Data! Returning LmfitResult with None.
ERROR - Chunk 275: No Data! Returning LmfitResult with None.
ERROR - Chunk 276: No Data! Returning LmfitResult with None.
ERROR - Chunk 277: No Data! Returning LmfitResult with None.
ERROR - Chunk 278: No Data! Returning LmfitResult with None.
ERROR - Chunk 279: No Data! Returning LmfitResult with None.
ERROR - Chunk 280: No Data! Returning LmfitResult with None.
ERROR - NaN value detected in oversampled model function.
ERROR - <ParameterSet (values: 17)>
    cont_intercept  =  19185.366273886208
    cont_slope      =  -9.118417639890405
    iod_depth       =  1.0481521970524437
    lsf_left_1      =  2.7790946278866597
    lsf_left_2      =  -14.78146386345395
    lsf_left_3      =  1.6979145819053865
    lsf_left_4      =  -3.5434384815379114
    lsf_left_5      =  0.14468969320540712
    lsf_right1      =  4.669712531913066
    lsf_right2      =  -18.61432507564024
    lsf_right3      =  3.7976186093368556
    lsf_right4      =  -2.9611527721014204
    lsf_right5      =  1.2700086038015175
    tem_depth       =  0.9633662689282886
    velocity        =  -25861.140707426886
    wave_intercept  =  4991.480050257304
    wave_slope      =  0.012643180108026198
ERROR - Evaluated LSF:
ERROR - [nan nan nan nan nan nan nan nan nan nan nan nan nan nan nan nan nan nan
 nan nan nan nan nan nan nan nan nan nan nan nan nan nan nan nan nan nan
 nan nan nan nan nan nan nan nan nan nan nan nan nan nan nan nan nan nan
 nan nan nan nan nan nan nan nan nan nan nan nan nan nan nan nan nan nan
 nan]
WARNING - Chunk 287:
WARNING - NaN values detected in your input data or the output of your objective/model function - fitting algorithms cannot handle this! Please read https://lmfit.github.io/lmfit-py/faq.html#i-get-errors-from-nan-in-my-fit-what-can-i-do for more information.
ERROR - NaN value detected in oversampled model function.
ERROR - <ParameterSet (values: 17)>
    cont_intercept  =  21376.005121270395
    cont_slope      =  -9.290482759692356
    iod_depth       =  1.0961132856110798
    lsf_left_1      =  3.9141415612772312
    lsf_left_2      =  -16.315051754537006
    lsf_left_3      =  2.6490770644480293
    lsf_left_4      =  -2.3745674417844715
    lsf_left_5      =  1.080851981050654
    lsf_right1      =  3.2669412925820542
    lsf_right2      =  -16.429428748090025
    lsf_right3      =  7.131273449114468
    lsf_right4      =  -2.6944000479621533
    lsf_right5      =  0.4270168604001053
    tem_depth       =  1.0322882756492724
    velocity        =  -26132.6403130362
    wave_intercept  =  5033.955546364119
    wave_slope      =  0.012626470446296724
ERROR - Evaluated LSF:
ERROR - [nan nan nan nan nan nan nan nan nan nan nan nan nan nan nan nan nan nan
 nan nan nan nan nan nan nan nan nan nan nan nan nan nan nan nan nan nan
 nan nan nan nan nan nan nan nan nan nan nan nan nan nan nan nan nan nan
 nan nan nan nan nan nan nan nan nan nan nan nan nan nan nan nan nan nan
 nan]
WARNING - Chunk 327:
WARNING - NaN values detected in your input data or the output of your objective/model function - fitting algorithms cannot handle this! Please read https://lmfit.github.io/lmfit-py/faq.html#i-get-errors-from-nan-in-my-fit-what-can-i-do for more information.
ERROR - NaN value detected in oversampled model function.
ERROR - <ParameterSet (values: 17)>
    cont_intercept  =  12734.962695943412
    cont_slope      =  12.246752381390973
    iod_depth       =  0.9314473718868641
    lsf_left_1      =  2.83203136720177
    lsf_left_2      =  -8.023601227345893
    lsf_left_3      =  1.9500488595993186
    lsf_left_4      =  -2.828831428127375
    lsf_left_5      =  0.39079411025090194
    lsf_right1      =  5.9409909099220926
    lsf_right2      =  -16.391844485250108
    lsf_right3      =  10.893883962486328
    lsf_right4      =  -3.6651484329948967
    lsf_right5      =  0.3623626648260776
    tem_depth       =  0.9755936481513644
    velocity        =  -25911.644492912328
    wave_intercept  =  5042.01016766628
    wave_slope      =  0.015352088261164768
ERROR - Evaluated LSF:
ERROR - [nan nan nan nan nan nan nan nan nan nan nan nan nan nan nan nan nan nan
 nan nan nan nan nan nan nan nan nan nan nan nan nan nan nan nan nan nan
 nan nan nan nan nan nan nan nan nan nan nan nan nan nan nan nan nan nan
 nan nan nan nan nan nan nan nan nan nan nan nan nan nan nan nan nan nan
 nan]
WARNING - Chunk 346:
WARNING - NaN values detected in your input data or the output of your objective/model function - fitting algorithms cannot handle this! Please read https://lmfit.github.io/lmfit-py/faq.html#i-get-errors-from-nan-in-my-fit-what-can-i-do for more information.
ERROR - NaN value detected in oversampled model function.
ERROR - <ParameterSet (values: 17)>
    cont_intercept  =  12871.60335393559
    cont_slope      =  -10.605004929658575
    iod_depth       =  1.024430641712895
    lsf_left_1      =  5.624893323980457
    lsf_left_2      =  -18.72715717760977
    lsf_left_3      =  4.384604627409447
    lsf_left_4      =  -3.4767300833643855
    lsf_left_5      =  1.0108893892161013
    lsf_right1      =  3.581507244148365
    lsf_right2      =  -15.903055058649995
    lsf_right3      =  2.105319407572651
    lsf_right4      =  -3.7047990138904767
    lsf_right5      =  0.1590009340459531
    tem_depth       =  0.9699875685458251
    velocity        =  -25671.335362833684
    wave_intercept  =  5216.593008286345
    wave_slope      =  0.012051967652369428
ERROR - Evaluated LSF:
ERROR - [nan nan nan nan nan nan nan nan nan nan nan nan nan nan nan nan nan nan
 nan nan nan nan nan nan nan nan nan nan nan nan nan nan nan nan nan nan
 nan nan nan nan nan nan nan nan nan nan nan nan nan nan nan nan nan nan
 nan nan nan nan nan nan nan nan nan nan nan nan nan nan nan nan nan nan
 nan]
WARNING - Chunk 491:
WARNING - NaN values detected in your input data or the output of your objective/model function - fitting algorithms cannot handle this! Please read https://lmfit.github.io/lmfit-py/faq.html#i-get-errors-from-nan-in-my-fit-what-can-i-do for more information.
ERROR - NaN value detected in oversampled model function.
ERROR - <ParameterSet (values: 17)>
    cont_intercept  =  22265.483493818036
    cont_slope      =  22.91508579393548
    iod_depth       =  1.105752637182793
    lsf_left_1      =  6.0439929819520515
    lsf_left_2      =  -14.657297946103885
    lsf_left_3      =  1.2371888966357631
    lsf_left_4      =  -1.903190366801808
    lsf_left_5      =  0.33340899787375367
    lsf_right1      =  8.538982865430127
    lsf_right2      =  -18.515154447588763
    lsf_right3      =  4.420161909303978
    lsf_right4      =  -3.806875385888765
    lsf_right5      =  0.2738618864768688
    tem_depth       =  1.0096450339706542
    velocity        =  -25650.06370870248
    wave_intercept  =  5216.280392183643
    wave_slope      =  0.01575931706034763
ERROR - Evaluated LSF:
ERROR - [nan nan nan nan nan nan nan nan nan nan nan nan nan nan nan nan nan nan
 nan nan nan nan nan nan nan nan nan nan nan nan nan nan nan nan nan nan
 nan nan nan nan nan nan nan nan nan nan nan nan nan nan nan nan nan nan
 nan nan nan nan nan nan nan nan nan nan nan nan nan nan nan nan nan nan
 nan]
WARNING - Chunk 503:
WARNING - NaN values detected in your input data or the output of your objective/model function - fitting algorithms cannot handle this! Please read https://lmfit.github.io/lmfit-py/faq.html#i-get-errors-from-nan-in-my-fit-what-can-i-do for more information.
ERROR - NaN value detected in oversampled model function.
ERROR - <ParameterSet (values: 17)>
    cont_intercept  =  31246.830739183566
    cont_slope      =  -5.293216725190986
    iod_depth       =  1.1489026534812328
    lsf_left_1      =  2.809364970300493
    lsf_left_2      =  -14.18525836973605
    lsf_left_3      =  1.5958835450229905
    lsf_left_4      =  -0.66069276014015
    lsf_left_5      =  0.1457206722582733
    lsf_right1      =  5.7559679266760035
    lsf_right2      =  -13.783856259468932
    lsf_right3      =  4.769257389285983
    lsf_right4      =  -3.6308647449782305
    lsf_right5      =  0.1915004201088734
    tem_depth       =  1.0269137851441386
    velocity        =  -26181.67206391403
    wave_intercept  =  5245.875798884699
    wave_slope      =  0.013372073460698106
ERROR - Evaluated LSF:
ERROR - [nan nan nan nan nan nan nan nan nan nan nan nan nan nan nan nan nan nan
 nan nan nan nan nan nan nan nan nan nan nan nan nan nan nan nan nan nan
 nan nan nan nan nan nan nan nan nan nan nan nan nan nan nan nan nan nan
 nan nan nan nan nan nan nan nan nan nan nan nan nan nan nan nan nan nan
 nan]
WARNING - Chunk 520:
WARNING - NaN values detected in your input data or the output of your objective/model function - fitting algorithms cannot handle this! Please read https://lmfit.github.io/lmfit-py/faq.html#i-get-errors-from-nan-in-my-fit-what-can-i-do for more information.
ERROR - NaN value detected in oversampled model function.
ERROR - <ParameterSet (values: 17)>
    cont_intercept  =  7600.44689439521
    cont_slope      =  -8.330436676199898
    iod_depth       =  0.8657594305662579
    lsf_left_1      =  2.531804487672217
    lsf_left_2      =  -17.144574624520452
    lsf_left_3      =  2.3952234902768774
    lsf_left_4      =  -3.8072759623557446
    lsf_left_5      =  0.43500947711260163
    lsf_right1      =  2.339538572389719
    lsf_right2      =  -17.729608627478257
    lsf_right3      =  1.257168595034978
    lsf_right4      =  -1.3990529512894154
    lsf_right5      =  0.33643781932837485
    tem_depth       =  0.9326090089798572
    velocity        =  -25600.88730368309
    wave_intercept  =  5268.282307705006
    wave_slope      =  0.011570114066612432
ERROR - Evaluated LSF:
ERROR - [nan nan nan nan nan nan nan nan nan nan nan nan nan nan nan nan nan nan
 nan nan nan nan nan nan nan nan nan nan nan nan nan nan nan nan nan nan
 nan nan nan nan nan nan nan nan nan nan nan nan nan nan nan nan nan nan
 nan nan nan nan nan nan nan nan nan nan nan nan nan nan nan nan nan nan
 nan]
WARNING - Chunk 535:
WARNING - NaN values detected in your input data or the output of your objective/model function - fitting algorithms cannot handle this! Please read https://lmfit.github.io/lmfit-py/faq.html#i-get-errors-from-nan-in-my-fit-what-can-i-do for more information.
ERROR - NaN value detected in oversampled model function.
ERROR - <ParameterSet (values: 17)>
    cont_intercept  =  28863.88075814399
    cont_slope      =  -21.192097230040353
    iod_depth       =  1.061652589925825
    lsf_left_1      =  6.421708238106792
    lsf_left_2      =  -16.692779101162973
    lsf_left_3      =  1.3543714062981151
    lsf_left_4      =  -0.5276158609812724
    lsf_left_5      =  0.5121486249719758
    lsf_right1      =  3.307736158764972
    lsf_right2      =  -13.854646659076185
    lsf_right3      =  1.3608642759266385
    lsf_right4      =  -0.5464619436091858
    lsf_right5      =  0.33249959628896986
    tem_depth       =  0.9824418723580156
    velocity        =  -25561.405699998235
    wave_intercept  =  5340.364027688789
    wave_slope      =  0.013407527648509849
ERROR - Evaluated LSF:
ERROR - [nan nan nan nan nan nan nan nan nan nan nan nan nan nan nan nan nan nan
 nan nan nan nan nan nan nan nan nan nan nan nan nan nan nan nan nan nan
 nan nan nan nan nan nan nan nan nan nan nan nan nan nan nan nan nan nan
 nan nan nan nan nan nan nan nan nan nan nan nan nan nan nan nan nan nan
 nan]
WARNING - Chunk 600:
WARNING - NaN values detected in your input data or the output of your objective/model function - fitting algorithms cannot handle this! Please read https://lmfit.github.io/lmfit-py/faq.html#i-get-errors-from-nan-in-my-fit-what-can-i-do for more information.
ERROR - NaN value detected in oversampled model function.
ERROR - <ParameterSet (values: 17)>
    cont_intercept  =  32307.65975819465
    cont_slope      =  22.067200391987367
    iod_depth       =  1.129821577679788
    lsf_left_1      =  2.3119437911453193
    lsf_left_2      =  -18.16981222160485
    lsf_left_3      =  7.8906904330119385
    lsf_left_4      =  -3.7455997847370393
    lsf_left_5      =  0.9056195656705922
    lsf_right1      =  3.5553316739478618
    lsf_right2      =  -17.221141434182684
    lsf_right3      =  4.862419870508798
    lsf_right4      =  -3.1170614928319242
    lsf_right5      =  1.27448820532679
    tem_depth       =  1.0110564631792156
    velocity        =  -25788.443811173856
    wave_intercept  =  5400.93479869454
    wave_slope      =  0.016312290032739526
ERROR - Evaluated LSF:
ERROR - [nan nan nan nan nan nan nan nan nan nan nan nan nan nan nan nan nan nan
 nan nan nan nan nan nan nan nan nan nan nan nan nan nan nan nan nan nan
 nan nan nan nan nan nan nan nan nan nan nan nan nan nan nan nan nan nan
 nan nan nan nan nan nan nan nan nan nan nan nan nan nan nan nan nan nan
 nan]
WARNING - Chunk 659:
WARNING - NaN values detected in your input data or the output of your objective/model function - fitting algorithms cannot handle this! Please read https://lmfit.github.io/lmfit-py/faq.html#i-get-errors-from-nan-in-my-fit-what-can-i-do for more information.
ERROR - NaN value detected in oversampled model function.
ERROR - <ParameterSet (values: 17)>
    cont_intercept  =  45024.94375792222
    cont_slope      =  22.98769579533239
    iod_depth       =  1.0764095874342912
    lsf_left_1      =  4.226629764203747
    lsf_left_2      =  -18.763136741645916
    lsf_left_3      =  4.23810223502974
    lsf_left_4      =  -1.952029499356732
    lsf_left_5      =  0.1458884179600953
    lsf_right1      =  3.8443439088679625
    lsf_right2      =  -10.295793026474549
    lsf_right3      =  1.963725110122442
    lsf_right4      =  -0.494577871909474
    lsf_right5      =  0.24790727269516669
    tem_depth       =  0.8788444044473765
    velocity        =  -25349.950044763602
    wave_intercept  =  5550.226366596006
    wave_slope      =  0.016558056720887265
ERROR - Evaluated LSF:
ERROR - [nan nan nan nan nan nan nan nan nan nan nan nan nan nan nan nan nan nan
 nan nan nan nan nan nan nan nan nan nan nan nan nan nan nan nan nan nan
 nan nan nan nan nan nan nan nan nan nan nan nan nan nan nan nan nan nan
 nan nan nan nan nan nan nan nan nan nan nan nan nan nan nan nan nan nan
 nan]
WARNING - Chunk 777:
WARNING - NaN values detected in your input data or the output of your objective/model function - fitting algorithms cannot handle this! Please read https://lmfit.github.io/lmfit-py/faq.html#i-get-errors-from-nan-in-my-fit-what-can-i-do for more information.
ERROR - NaN value detected in oversampled model function.
ERROR - <ParameterSet (values: 17)>
    cont_intercept  =  27079.898115601292
    cont_slope      =  27.44899464258301
    iod_depth       =  1.0964755849907681
    lsf_left_1      =  5.613549475405103
    lsf_left_2      =  -16.916774202530906
    lsf_left_3      =  5.646862840604618
    lsf_left_4      =  -3.8032431016687456
    lsf_left_5      =  0.226977720506279
    lsf_right1      =  3.7439981710195056
    lsf_right2      =  -16.918319009008133
    lsf_right3      =  1.2424027112063265
    lsf_right4      =  -1.147802722974728
    lsf_right5      =  0.3095228855446982
    tem_depth       =  1.0181984672785003
    velocity        =  -25546.677915601
    wave_intercept  =  5592.992352081784
    wave_slope      =  0.01734726593369507
ERROR - Evaluated LSF:
ERROR - [nan nan nan nan nan nan nan nan nan nan nan nan nan nan nan nan nan nan
 nan nan nan nan nan nan nan nan nan nan nan nan nan nan nan nan nan nan
 nan nan nan nan nan nan nan nan nan nan nan nan nan nan nan nan nan nan
 nan nan nan nan nan nan nan nan nan nan nan nan nan nan nan nan nan nan
 nan]
WARNING - Chunk 812:
WARNING - NaN values detected in your input data or the output of your objective/model function - fitting algorithms cannot handle this! Please read https://lmfit.github.io/lmfit-py/faq.html#i-get-errors-from-nan-in-my-fit-what-can-i-do for more information.
ERROR - NaN value detected in oversampled model function.
ERROR - <ParameterSet (values: 17)>
    cont_intercept  =  64307.6194517215
    cont_slope      =  38.01340747488433
    iod_depth       =  1.136987913053527
    lsf_left_1      =  2.3346493758800757
    lsf_left_2      =  -12.941725403139383
    lsf_left_3      =  1.268615853531488
    lsf_left_4      =  -3.3588863163776232
    lsf_left_5      =  1.1608602264239178
    lsf_right1      =  8.416102288914223
    lsf_right2      =  -18.474003847653968
    lsf_right3      =  6.7008098708283015
    lsf_right4      =  -3.6261237117965437
    lsf_right5      =  0.19467886247358626
    tem_depth       =  1.0577179496896614
    velocity        =  -26304.36377423167
    wave_intercept  =  5610.926757203399
    wave_slope      =  0.01594972921579524
ERROR - Evaluated LSF:
ERROR - [nan nan nan nan nan nan nan nan nan nan nan nan nan nan nan nan nan nan
 nan nan nan nan nan nan nan nan nan nan nan nan nan nan nan nan nan nan
 nan nan nan nan nan nan nan nan nan nan nan nan nan nan nan nan nan nan
 nan nan nan nan nan nan nan nan nan nan nan nan nan nan nan nan nan nan
 nan]
WARNING - Chunk 821:
WARNING - NaN values detected in your input data or the output of your objective/model function - fitting algorithms cannot handle this! Please read https://lmfit.github.io/lmfit-py/faq.html#i-get-errors-from-nan-in-my-fit-what-can-i-do for more information.
ERROR - NaN value detected in oversampled model function.
ERROR - <ParameterSet (values: 17)>
    cont_intercept  =  46667.342776755155
    cont_slope      =  -37.467257929674325
    iod_depth       =  0.9669871230315759
    lsf_left_1      =  8.412433579170028
    lsf_left_2      =  -15.913146192455315
    lsf_left_3      =  1.5945698831470039
    lsf_left_4      =  -3.8757031321111124
    lsf_left_5      =  1.193281425672625
    lsf_right1      =  3.345579580723226
    lsf_right2      =  -13.933211333949139
    lsf_right3      =  1.6379411365909715
    lsf_right4      =  -2.534366813627834
    lsf_right5      =  1.0577897814176502
    tem_depth       =  1.0224791300854204
    velocity        =  -25604.481269418397
    wave_intercept  =  5634.2995974490195
    wave_slope      =  0.014069256734509589
ERROR - Evaluated LSF:
ERROR - [nan nan nan nan nan nan nan nan nan nan nan nan nan nan nan nan nan nan
 nan nan nan nan nan nan nan nan nan nan nan nan nan nan nan nan nan nan
 nan nan nan nan nan nan nan nan nan nan nan nan nan nan nan nan nan nan
 nan nan nan nan nan nan nan nan nan nan nan nan nan nan nan nan nan nan
 nan]
WARNING - Chunk 834:
WARNING - NaN values detected in your input data or the output of your objective/model function - fitting algorithms cannot handle this! Please read https://lmfit.github.io/lmfit-py/faq.html#i-get-errors-from-nan-in-my-fit-what-can-i-do for more information.
ERROR - NaN value detected in oversampled model function.
ERROR - <ParameterSet (values: 17)>
    cont_intercept  =  23851.58505344741
    cont_slope      =  28.711617360869113
    iod_depth       =  0.936975617507051
    lsf_left_1      =  5.426036579976735
    lsf_left_2      =  -16.53319693785144
    lsf_left_3      =  3.596270946028213
    lsf_left_4      =  -1.8909605539551606
    lsf_left_5      =  0.6686990720386692
    lsf_right1      =  10.830942076671889
    lsf_right2      =  -18.490389082879382
    lsf_right3      =  2.197425852260987
    lsf_right4      =  -3.258603027465838
    lsf_right5      =  1.2717462065440706
    tem_depth       =  0.9898177510282262
    velocity        =  -25835.454398568414
    wave_intercept  =  5638.461094938522
    wave_slope      =  0.018100197445766995
ERROR - Evaluated LSF:
ERROR - [nan nan nan nan nan nan nan nan nan nan nan nan nan nan nan nan nan nan
 nan nan nan nan nan nan nan nan nan nan nan nan nan nan nan nan nan nan
 nan nan nan nan nan nan nan nan nan nan nan nan nan nan nan nan nan nan
 nan nan nan nan nan nan nan nan nan nan nan nan nan nan nan nan nan nan
 nan]
WARNING - Chunk 848:
WARNING - NaN values detected in your input data or the output of your objective/model function - fitting algorithms cannot handle this! Please read https://lmfit.github.io/lmfit-py/faq.html#i-get-errors-from-nan-in-my-fit-what-can-i-do for more information.
ERROR - NaN value detected in oversampled model function.
ERROR - <ParameterSet (values: 17)>
    cont_intercept  =  63115.64517006481
    cont_slope      =  11.55024922706089
    iod_depth       =  0.9548143077802638
    lsf_left_1      =  4.614168854015803
    lsf_left_2      =  -17.51889481395328
    lsf_left_3      =  7.619968835611483
    lsf_left_4      =  -3.78662063762361
    lsf_left_5      =  0.14306485310830383
    lsf_right1      =  7.62526485407175
    lsf_right2      =  -18.675009167268257
    lsf_right3      =  7.647084383742092
    lsf_right4      =  -3.6408526683553855
    lsf_right5      =  1.164504957538516
    tem_depth       =  1.017325145014321
    velocity        =  -26406.716590196207
    wave_intercept  =  5666.696984453007
    wave_slope      =  0.01573781521739189
ERROR - Evaluated LSF:
ERROR - [nan nan nan nan nan nan nan nan nan nan nan nan nan nan nan nan nan nan
 nan nan nan nan nan nan nan nan nan nan nan nan nan nan nan nan nan nan
 nan nan nan nan nan nan nan nan nan nan nan nan nan nan nan nan nan nan
 nan nan nan nan nan nan nan nan nan nan nan nan nan nan nan nan nan nan
 nan]
WARNING - Chunk 862:
WARNING - NaN values detected in your input data or the output of your objective/model function - fitting algorithms cannot handle this! Please read https://lmfit.github.io/lmfit-py/faq.html#i-get-errors-from-nan-in-my-fit-what-can-i-do for more information.
ERROR - NaN value detected in oversampled model function.
ERROR - <ParameterSet (values: 17)>
    cont_intercept  =  54644.546387346316
    cont_slope      =  5.6855392659306005
    iod_depth       =  0.9830474112534605
    lsf_left_1      =  3.73161893368519
    lsf_left_2      =  -8.543714648221748
    lsf_left_3      =  1.4992516134195013
    lsf_left_4      =  -3.902890530356207
    lsf_left_5      =  1.1906877285910253
    lsf_right1      =  3.630392429054472
    lsf_right2      =  -10.372645561390527
    lsf_right3      =  2.631945170912174
    lsf_right4      =  -2.6203786624761225
    lsf_right5      =  0.17405569927366235
    tem_depth       =  0.9780021579827529
    velocity        =  -25690.344955735578
    wave_intercept  =  5781.185451633949
    wave_slope      =  0.015522669694004195
ERROR - Evaluated LSF:
ERROR - [nan nan nan nan nan nan nan nan nan nan nan nan nan nan nan nan nan nan
 nan nan nan nan nan nan nan nan nan nan nan nan nan nan nan nan nan nan
 nan nan nan nan nan nan nan nan nan nan nan nan nan nan nan nan nan nan
 nan nan nan nan nan nan nan nan nan nan nan nan nan nan nan nan nan nan
 nan]
WARNING - Chunk 944:
WARNING - NaN values detected in your input data or the output of your objective/model function - fitting algorithms cannot handle this! Please read https://lmfit.github.io/lmfit-py/faq.html#i-get-errors-from-nan-in-my-fit-what-can-i-do for more information.
ERROR - NaN value detected in oversampled model function.
ERROR - <ParameterSet (values: 17)>
    cont_intercept  =  51220.40358470829
    cont_slope      =  43.93900521150597
    iod_depth       =  1.0366021565082308
    lsf_left_1      =  2.2944484504158273
    lsf_left_2      =  -14.920340047775227
    lsf_left_3      =  5.70622181728503
    lsf_left_4      =  -2.8991683571916598
    lsf_left_5      =  0.267490078585761
    lsf_right1      =  6.822082951203731
    lsf_right2      =  -17.163512752877743
    lsf_right3      =  1.6370151473010364
    lsf_right4      =  -3.682531858252822
    lsf_right5      =  1.0270665000926087
    tem_depth       =  1.079909006643985
    velocity        =  -25032.88413651597
    wave_intercept  =  5810.342872888546
    wave_slope      =  0.017642885081206486
ERROR - Evaluated LSF:
ERROR - [nan nan nan nan nan nan nan nan nan nan nan nan nan nan nan nan nan nan
 nan nan nan nan nan nan nan nan nan nan nan nan nan nan nan nan nan nan
 nan nan nan nan nan nan nan nan nan nan nan nan nan nan nan nan nan nan
 nan nan nan nan nan nan nan nan nan nan nan nan nan nan nan nan nan nan
 nan]
WARNING - Chunk 970:
WARNING - NaN values detected in your input data or the output of your objective/model function - fitting algorithms cannot handle this! Please read https://lmfit.github.io/lmfit-py/faq.html#i-get-errors-from-nan-in-my-fit-what-can-i-do for more information.
ERROR - NaN value detected in oversampled model function.
ERROR - <ParameterSet (values: 17)>
    cont_intercept  =  65422.8199392207
    cont_slope      =  28.23675582904151
    iod_depth       =  0.9850331893396256
    lsf_left_1      =  2.3468878915588864
    lsf_left_2      =  -16.478463959510837
    lsf_left_3      =  2.05667291898313
    lsf_left_4      =  -1.4678950899714427
    lsf_left_5      =  0.6081003035765818
    lsf_right1      =  3.1048120510668378
    lsf_right2      =  -13.459357070833278
    lsf_right3      =  7.517255131158636
    lsf_right4      =  -3.843354214897509
    lsf_right5      =  0.8761169262814842
    tem_depth       =  0.9935546710264924
    velocity        =  -25822.31711200633
    wave_intercept  =  5929.546604618012
    wave_slope      =  0.017516508895735645
ERROR - Evaluated LSF:
ERROR - [nan nan nan nan nan nan nan nan nan nan nan nan nan nan nan nan nan nan
 nan nan nan nan nan nan nan nan nan nan nan nan nan nan nan nan nan nan
 nan nan nan nan nan nan nan nan nan nan nan nan nan nan nan nan nan nan
 nan nan nan nan nan nan nan nan nan nan nan nan nan nan nan nan nan nan
 nan]
WARNING - Chunk 1051:
WARNING - NaN values detected in your input data or the output of your objective/model function - fitting algorithms cannot handle this! Please read https://lmfit.github.io/lmfit-py/faq.html#i-get-errors-from-nan-in-my-fit-what-can-i-do for more information.
ERROR - NaN value detected in oversampled model function.
ERROR - <ParameterSet (values: 17)>
    cont_intercept  =  83697.60732326646
    cont_slope      =  -26.792235762080328
    iod_depth       =  0.999986673405938
    lsf_left_1      =  7.372827562040478
    lsf_left_2      =  -15.647789178573708
    lsf_left_3      =  1.2773460840537962
    lsf_left_4      =  -1.969801222953989
    lsf_left_5      =  1.2630045073536724
    lsf_right1      =  2.978133264070045
    lsf_right2      =  -17.77516458493624
    lsf_right3      =  8.62801520293563
    lsf_right4      =  -3.903643528336005
    lsf_right5      =  0.2844457276407986
    tem_depth       =  1.3172852930238683
    velocity        =  -28000.676283237037
    wave_intercept  =  6009.798268016398
    wave_slope      =  0.015969027972827735
ERROR - Evaluated LSF:
ERROR - [nan nan nan nan nan nan nan nan nan nan nan nan nan nan nan nan nan nan
 nan nan nan nan nan nan nan nan nan nan nan nan nan nan nan nan nan nan
 nan nan nan nan nan nan nan nan nan nan nan nan nan nan nan nan nan nan
 nan nan nan nan nan nan nan nan nan nan nan nan nan nan nan nan nan nan
 nan]
WARNING - Chunk 1101:
WARNING - NaN values detected in your input data or the output of your objective/model function - fitting algorithms cannot handle this! Please read https://lmfit.github.io/lmfit-py/faq.html#i-get-errors-from-nan-in-my-fit-what-can-i-do for more information.
ERROR - NaN value detected in oversampled model function.
ERROR - <ParameterSet (values: 17)>
    cont_intercept  =  38401.71690857277
    cont_slope      =  50.32994773973151
    iod_depth       =  0.28616555756064405
    lsf_left_1      =  4.384307930337563
    lsf_left_2      =  -18.2360721158152
    lsf_left_3      =  1.2417192665548518
    lsf_left_4      =  -2.7565203933453875
    lsf_left_5      =  0.6631916433766559
    lsf_right1      =  9.910434401873417
    lsf_right2      =  -18.683946488236817
    lsf_right3      =  1.4342328500830137
    lsf_right4      =  -1.3226901822246662
    lsf_right5      =  0.2280250334725415
    tem_depth       =  0.8015662779223831
    velocity        =  -26392.235630426163
    wave_intercept  =  6029.275718162702
    wave_slope      =  0.018690858940347894
ERROR - Evaluated LSF:
ERROR - [nan nan nan nan nan nan nan nan nan nan nan nan nan nan nan nan nan nan
 nan nan nan nan nan nan nan nan nan nan nan nan nan nan nan nan nan nan
 nan nan nan nan nan nan nan nan nan nan nan nan nan nan nan nan nan nan
 nan nan nan nan nan nan nan nan nan nan nan nan nan nan nan nan nan nan
 nan]
WARNING - Chunk 1121:
WARNING - NaN values detected in your input data or the output of your objective/model function - fitting algorithms cannot handle this! Please read https://lmfit.github.io/lmfit-py/faq.html#i-get-errors-from-nan-in-my-fit-what-can-i-do for more information.
ERROR - NaN value detected in oversampled model function.
ERROR - <ParameterSet (values: 17)>
    cont_intercept  =  69544.3918516761
    cont_slope      =  -33.091153320302446
    iod_depth       =  0.9377532814560754
    lsf_left_1      =  6.74962902999911
    lsf_left_2      =  -14.468476890063368
    lsf_left_3      =  3.63713720646877
    lsf_left_4      =  -3.7397981288690993
    lsf_left_5      =  0.22154250144512244
    lsf_right1      =  2.300771672151076
    lsf_right2      =  -9.043517042957731
    lsf_right3      =  1.2470104712074477
    lsf_right4      =  -3.203035905852826
    lsf_right5      =  0.5453418182631595
    tem_depth       =  0.9835726956818612
    velocity        =  -26248.55500551524
    wave_intercept  =  6076.818625717947
    wave_slope      =  0.015575610433947116
ERROR - Evaluated LSF:
ERROR - [nan nan nan nan nan nan nan nan nan nan nan nan nan nan nan nan nan nan
 nan nan nan nan nan nan nan nan nan nan nan nan nan nan nan nan nan nan
 nan nan nan nan nan nan nan nan nan nan nan nan nan nan nan nan nan nan
 nan nan nan nan nan nan nan nan nan nan nan nan nan nan nan nan nan nan
 nan]
WARNING - Chunk 1144:
WARNING - NaN values detected in your input data or the output of your objective/model function - fitting algorithms cannot handle this! Please read https://lmfit.github.io/lmfit-py/faq.html#i-get-errors-from-nan-in-my-fit-what-can-i-do for more information.
ERROR - NaN value detected in oversampled model function.
ERROR - <ParameterSet (values: 17)>
    cont_intercept  =  37516.40510648069
    cont_slope      =  44.929139134569766
    iod_depth       =  0.04740327732724271
    lsf_left_1      =  2.589817326995451
    lsf_left_2      =  -16.873655624971484
    lsf_left_3      =  1.2846768819610346
    lsf_left_4      =  -2.0160265780088995
    lsf_left_5      =  0.14996309020462242
    lsf_right1      =  3.3219709862282465
    lsf_right2      =  -18.8043132634847
    lsf_right3      =  4.051302813304421
    lsf_right4      =  -1.5689577002400372
    lsf_right5      =  0.3292701982992302
    tem_depth       =  0.8897660732391348
    velocity        =  -26187.843406824773
    wave_intercept  =  6151.058190995752
    wave_slope      =  0.018119376777233995
ERROR - Evaluated LSF:
ERROR - [nan nan nan nan nan nan nan nan nan nan nan nan nan nan nan nan nan nan
 nan nan nan nan nan nan nan nan nan nan nan nan nan nan nan nan nan nan
 nan nan nan nan nan nan nan nan nan nan nan nan nan nan nan nan nan nan
 nan nan nan nan nan nan nan nan nan nan nan nan nan nan nan nan nan nan
 nan]
WARNING - Chunk 1199:
WARNING - NaN values detected in your input data or the output of your objective/model function - fitting algorithms cannot handle this! Please read https://lmfit.github.io/lmfit-py/faq.html#i-get-errors-from-nan-in-my-fit-what-can-i-do for more information.
ERROR - NaN value detected in oversampled model function.
ERROR - <ParameterSet (values: 17)>
    cont_intercept  =  54087.63835249036
    cont_slope      =  25.867973139995392
    iod_depth       =  0.9531033600468625
    lsf_left_1      =  2.713802629962195
    lsf_left_2      =  -16.14033052440546
    lsf_left_3      =  3.324458945386109
    lsf_left_4      =  -3.8598417952429034
    lsf_left_5      =  1.1967835295385876
    lsf_right1      =  2.6723680807801684
    lsf_right2      =  -18.708774447974623
    lsf_right3      =  2.7997045853793825
    lsf_right4      =  -3.2751481690059
    lsf_right5      =  1.2744865183480294
    tem_depth       =  1.0010070268303417
    velocity        =  -25370.599556545363
    wave_intercept  =  6162.479582375035
    wave_slope      =  0.018744270898735392
ERROR - Evaluated LSF:
ERROR - [nan nan nan nan nan nan nan nan nan nan nan nan nan nan nan nan nan nan
 nan nan nan nan nan nan nan nan nan nan nan nan nan nan nan nan nan nan
 nan nan nan nan nan nan nan nan nan nan nan nan nan nan nan nan nan nan
 nan nan nan nan nan nan nan nan nan nan nan nan nan nan nan nan nan nan
 nan]
WARNING - Chunk 1204:
WARNING - NaN values detected in your input data or the output of your objective/model function - fitting algorithms cannot handle this! Please read https://lmfit.github.io/lmfit-py/faq.html#i-get-errors-from-nan-in-my-fit-what-can-i-do for more information.
INFO - 
INFO - Number of chunks with no uncertainties: 2
INFO - Number of chunks with outliers: 0
INFO - Number of chunks with nan fitted red. Chi2: 304
ERROR - Polynomial fitting failed. Falling back to input values
Traceback (most recent call last):
  File "/Users/jaklusmeyer/SONG/pyodine/pyodine/lib/misc.py", line 529, in fit_polynomial
    pfit, stats = np.polynomial.Polynomial.fit(
  File "/Users/jaklusmeyer/miniconda/envs/pyodine_env/lib/python3.9/site-packages/numpy/polynomial/_polybase.py", line 1036, in fit
    xnew = pu.mapdomain(x, domain, window)
  File "/Users/jaklusmeyer/miniconda/envs/pyodine_env/lib/python3.9/site-packages/numpy/polynomial/polyutils.py", line 371, in mapdomain
    off, scl = mapparms(old, new)
  File "/Users/jaklusmeyer/miniconda/envs/pyodine_env/lib/python3.9/site-packages/numpy/polynomial/polyutils.py", line 303, in mapparms
    off = (old[1]*new[0] - old[0]*new[1])/oldlen
ZeroDivisionError: division by zero
ERROR - Polynomial fitting failed. Falling back to input values
Traceback (most recent call last):
  File "/Users/jaklusmeyer/SONG/pyodine/pyodine/lib/misc.py", line 529, in fit_polynomial
    pfit, stats = np.polynomial.Polynomial.fit(
  File "/Users/jaklusmeyer/miniconda/envs/pyodine_env/lib/python3.9/site-packages/numpy/polynomial/_polybase.py", line 1036, in fit
    xnew = pu.mapdomain(x, domain, window)
  File "/Users/jaklusmeyer/miniconda/envs/pyodine_env/lib/python3.9/site-packages/numpy/polynomial/polyutils.py", line 371, in mapdomain
    off, scl = mapparms(old, new)
  File "/Users/jaklusmeyer/miniconda/envs/pyodine_env/lib/python3.9/site-packages/numpy/polynomial/polyutils.py", line 303, in mapparms
    off = (old[1]*new[0] - old[0]*new[1])/oldlen
ZeroDivisionError: division by zero
ERROR - Polynomial fitting failed. Falling back to input values
Traceback (most recent call last):
  File "/Users/jaklusmeyer/SONG/pyodine/pyodine/lib/misc.py", line 529, in fit_polynomial
    pfit, stats = np.polynomial.Polynomial.fit(
  File "/Users/jaklusmeyer/miniconda/envs/pyodine_env/lib/python3.9/site-packages/numpy/polynomial/_polybase.py", line 1036, in fit
    xnew = pu.mapdomain(x, domain, window)
  File "/Users/jaklusmeyer/miniconda/envs/pyodine_env/lib/python3.9/site-packages/numpy/polynomial/polyutils.py", line 371, in mapdomain
    off, scl = mapparms(old, new)
  File "/Users/jaklusmeyer/miniconda/envs/pyodine_env/lib/python3.9/site-packages/numpy/polynomial/polyutils.py", line 303, in mapparms
    off = (old[1]*new[0] - old[0]*new[1])/oldlen
ZeroDivisionError: division by zero
ERROR - Polynomial fitting failed. Falling back to input values
Traceback (most recent call last):
  File "/Users/jaklusmeyer/SONG/pyodine/pyodine/lib/misc.py", line 529, in fit_polynomial
    pfit, stats = np.polynomial.Polynomial.fit(
  File "/Users/jaklusmeyer/miniconda/envs/pyodine_env/lib/python3.9/site-packages/numpy/polynomial/_polybase.py", line 1036, in fit
    xnew = pu.mapdomain(x, domain, window)
  File "/Users/jaklusmeyer/miniconda/envs/pyodine_env/lib/python3.9/site-packages/numpy/polynomial/polyutils.py", line 371, in mapdomain
    off, scl = mapparms(old, new)
  File "/Users/jaklusmeyer/miniconda/envs/pyodine_env/lib/python3.9/site-packages/numpy/polynomial/polyutils.py", line 303, in mapparms
    off = (old[1]*new[0] - old[0]*new[1])/oldlen
ZeroDivisionError: division by zero
ERROR - Polynomial fitting failed. Falling back to input values
Traceback (most recent call last):
  File "/Users/jaklusmeyer/SONG/pyodine/pyodine/lib/misc.py", line 529, in fit_polynomial
    pfit, stats = np.polynomial.Polynomial.fit(
  File "/Users/jaklusmeyer/miniconda/envs/pyodine_env/lib/python3.9/site-packages/numpy/polynomial/_polybase.py", line 1036, in fit
    xnew = pu.mapdomain(x, domain, window)
  File "/Users/jaklusmeyer/miniconda/envs/pyodine_env/lib/python3.9/site-packages/numpy/polynomial/polyutils.py", line 371, in mapdomain
    off, scl = mapparms(old, new)
  File "/Users/jaklusmeyer/miniconda/envs/pyodine_env/lib/python3.9/site-packages/numpy/polynomial/polyutils.py", line 303, in mapparms
    off = (old[1]*new[0] - old[0]*new[1])/oldlen
ZeroDivisionError: division by zero
ERROR - Polynomial fitting failed. Falling back to input values
Traceback (most recent call last):
  File "/Users/jaklusmeyer/SONG/pyodine/pyodine/lib/misc.py", line 529, in fit_polynomial
    pfit, stats = np.polynomial.Polynomial.fit(
  File "/Users/jaklusmeyer/miniconda/envs/pyodine_env/lib/python3.9/site-packages/numpy/polynomial/_polybase.py", line 1036, in fit
    xnew = pu.mapdomain(x, domain, window)
  File "/Users/jaklusmeyer/miniconda/envs/pyodine_env/lib/python3.9/site-packages/numpy/polynomial/polyutils.py", line 371, in mapdomain
    off, scl = mapparms(old, new)
  File "/Users/jaklusmeyer/miniconda/envs/pyodine_env/lib/python3.9/site-packages/numpy/polynomial/polyutils.py", line 303, in mapparms
    off = (old[1]*new[0] - old[0]*new[1])/oldlen
ZeroDivisionError: division by zero
ERROR - Polynomial fitting failed. Falling back to input values
Traceback (most recent call last):
  File "/Users/jaklusmeyer/SONG/pyodine/pyodine/lib/misc.py", line 529, in fit_polynomial
    pfit, stats = np.polynomial.Polynomial.fit(
  File "/Users/jaklusmeyer/miniconda/envs/pyodine_env/lib/python3.9/site-packages/numpy/polynomial/_polybase.py", line 1036, in fit
    xnew = pu.mapdomain(x, domain, window)
  File "/Users/jaklusmeyer/miniconda/envs/pyodine_env/lib/python3.9/site-packages/numpy/polynomial/polyutils.py", line 371, in mapdomain
    off, scl = mapparms(old, new)
  File "/Users/jaklusmeyer/miniconda/envs/pyodine_env/lib/python3.9/site-packages/numpy/polynomial/polyutils.py", line 303, in mapparms
    off = (old[1]*new[0] - old[0]*new[1])/oldlen
ZeroDivisionError: division by zero
ERROR - Polynomial fitting failed. Falling back to input values
Traceback (most recent call last):
  File "/Users/jaklusmeyer/SONG/pyodine/pyodine/lib/misc.py", line 529, in fit_polynomial
    pfit, stats = np.polynomial.Polynomial.fit(
  File "/Users/jaklusmeyer/miniconda/envs/pyodine_env/lib/python3.9/site-packages/numpy/polynomial/_polybase.py", line 1036, in fit
    xnew = pu.mapdomain(x, domain, window)
  File "/Users/jaklusmeyer/miniconda/envs/pyodine_env/lib/python3.9/site-packages/numpy/polynomial/polyutils.py", line 371, in mapdomain
    off, scl = mapparms(old, new)
  File "/Users/jaklusmeyer/miniconda/envs/pyodine_env/lib/python3.9/site-packages/numpy/polynomial/polyutils.py", line 303, in mapparms
    off = (old[1]*new[0] - old[0]*new[1])/oldlen
ZeroDivisionError: division by zero
ERROR - Polynomial fitting failed. Falling back to input values
Traceback (most recent call last):
  File "/Users/jaklusmeyer/SONG/pyodine/pyodine/lib/misc.py", line 529, in fit_polynomial
    pfit, stats = np.polynomial.Polynomial.fit(
  File "/Users/jaklusmeyer/miniconda/envs/pyodine_env/lib/python3.9/site-packages/numpy/polynomial/_polybase.py", line 1036, in fit
    xnew = pu.mapdomain(x, domain, window)
  File "/Users/jaklusmeyer/miniconda/envs/pyodine_env/lib/python3.9/site-packages/numpy/polynomial/polyutils.py", line 371, in mapdomain
    off, scl = mapparms(old, new)
  File "/Users/jaklusmeyer/miniconda/envs/pyodine_env/lib/python3.9/site-packages/numpy/polynomial/polyutils.py", line 303, in mapparms
    off = (old[1]*new[0] - old[0]*new[1])/oldlen
ZeroDivisionError: division by zero
ERROR - Polynomial fitting failed. Falling back to input values
Traceback (most recent call last):
  File "/Users/jaklusmeyer/SONG/pyodine/pyodine/lib/misc.py", line 529, in fit_polynomial
    pfit, stats = np.polynomial.Polynomial.fit(
  File "/Users/jaklusmeyer/miniconda/envs/pyodine_env/lib/python3.9/site-packages/numpy/polynomial/_polybase.py", line 1036, in fit
    xnew = pu.mapdomain(x, domain, window)
  File "/Users/jaklusmeyer/miniconda/envs/pyodine_env/lib/python3.9/site-packages/numpy/polynomial/polyutils.py", line 371, in mapdomain
    off, scl = mapparms(old, new)
  File "/Users/jaklusmeyer/miniconda/envs/pyodine_env/lib/python3.9/site-packages/numpy/polynomial/polyutils.py", line 303, in mapparms
    off = (old[1]*new[0] - old[0]*new[1])/oldlen
ZeroDivisionError: division by zero
ERROR - Polynomial fitting failed. Falling back to input values
Traceback (most recent call last):
  File "/Users/jaklusmeyer/SONG/pyodine/pyodine/lib/misc.py", line 529, in fit_polynomial
    pfit, stats = np.polynomial.Polynomial.fit(
  File "/Users/jaklusmeyer/miniconda/envs/pyodine_env/lib/python3.9/site-packages/numpy/polynomial/_polybase.py", line 1036, in fit
    xnew = pu.mapdomain(x, domain, window)
  File "/Users/jaklusmeyer/miniconda/envs/pyodine_env/lib/python3.9/site-packages/numpy/polynomial/polyutils.py", line 371, in mapdomain
    off, scl = mapparms(old, new)
  File "/Users/jaklusmeyer/miniconda/envs/pyodine_env/lib/python3.9/site-packages/numpy/polynomial/polyutils.py", line 303, in mapparms
    off = (old[1]*new[0] - old[0]*new[1])/oldlen
ZeroDivisionError: division by zero
ERROR - Polynomial fitting failed. Falling back to input values
Traceback (most recent call last):
  File "/Users/jaklusmeyer/SONG/pyodine/pyodine/lib/misc.py", line 529, in fit_polynomial
    pfit, stats = np.polynomial.Polynomial.fit(
  File "/Users/jaklusmeyer/miniconda/envs/pyodine_env/lib/python3.9/site-packages/numpy/polynomial/_polybase.py", line 1036, in fit
    xnew = pu.mapdomain(x, domain, window)
  File "/Users/jaklusmeyer/miniconda/envs/pyodine_env/lib/python3.9/site-packages/numpy/polynomial/polyutils.py", line 371, in mapdomain
    off, scl = mapparms(old, new)
  File "/Users/jaklusmeyer/miniconda/envs/pyodine_env/lib/python3.9/site-packages/numpy/polynomial/polyutils.py", line 303, in mapparms
    off = (old[1]*new[0] - old[0]*new[1])/oldlen
ZeroDivisionError: division by zero
ERROR - Polynomial fitting failed. Falling back to input values
Traceback (most recent call last):
  File "/Users/jaklusmeyer/SONG/pyodine/pyodine/lib/misc.py", line 529, in fit_polynomial
    pfit, stats = np.polynomial.Polynomial.fit(
  File "/Users/jaklusmeyer/miniconda/envs/pyodine_env/lib/python3.9/site-packages/numpy/polynomial/_polybase.py", line 1036, in fit
    xnew = pu.mapdomain(x, domain, window)
  File "/Users/jaklusmeyer/miniconda/envs/pyodine_env/lib/python3.9/site-packages/numpy/polynomial/polyutils.py", line 371, in mapdomain
    off, scl = mapparms(old, new)
  File "/Users/jaklusmeyer/miniconda/envs/pyodine_env/lib/python3.9/site-packages/numpy/polynomial/polyutils.py", line 303, in mapparms
    off = (old[1]*new[0] - old[0]*new[1])/oldlen
ZeroDivisionError: division by zero
ERROR - Polynomial fitting failed. Falling back to input values
Traceback (most recent call last):
  File "/Users/jaklusmeyer/SONG/pyodine/pyodine/lib/misc.py", line 529, in fit_polynomial
    pfit, stats = np.polynomial.Polynomial.fit(
  File "/Users/jaklusmeyer/miniconda/envs/pyodine_env/lib/python3.9/site-packages/numpy/polynomial/_polybase.py", line 1036, in fit
    xnew = pu.mapdomain(x, domain, window)
  File "/Users/jaklusmeyer/miniconda/envs/pyodine_env/lib/python3.9/site-packages/numpy/polynomial/polyutils.py", line 371, in mapdomain
    off, scl = mapparms(old, new)
  File "/Users/jaklusmeyer/miniconda/envs/pyodine_env/lib/python3.9/site-packages/numpy/polynomial/polyutils.py", line 303, in mapparms
    off = (old[1]*new[0] - old[0]*new[1])/oldlen
ZeroDivisionError: division by zero
INFO - 
INFO - Creating analysis plots...
ERROR - NaN value detected in iodine function.
ERROR - Chunk could not be plotted
Traceback (most recent call last):
  File "/Users/jaklusmeyer/SONG/pyodine/pyodine/plot_lib.py", line 62, in plot_chunkmodel
    sp = fit_results[chunk_nr].fitted_spectrum
  File "/Users/jaklusmeyer/SONG/pyodine/pyodine/fitters/base.py", line 45, in fitted_spectrum
    return self.model.eval_spectrum(self.chunk, self.params, chunk_ind=self.chunk_ind)
  File "/Users/jaklusmeyer/SONG/pyodine/pyodine/models/base.py", line 79, in eval_spectrum
    flux = self.eval(chunk, params, chunk_ind=chunk_ind, **kwargs)
  File "/Users/jaklusmeyer/SONG/pyodine/pyodine/models/spectrum.py", line 138, in eval
    tck = splrep(tem.wave * doppler, flux_tem, s=0)
  File "/Users/jaklusmeyer/miniconda/envs/pyodine_env/lib/python3.9/site-packages/scipy/interpolate/_fitpack_py.py", line 295, in splrep
    res = _impl.splrep(x, y, w, xb, xe, k, task, s, t, full_output, per, quiet)
  File "/Users/jaklusmeyer/miniconda/envs/pyodine_env/lib/python3.9/site-packages/scipy/interpolate/_fitpack_impl.py", line 276, in splrep
    n, c, fp, ier = dfitpack.curfit(task, x, y, w, t, wrk, iwrk,
dfitpack.error: (xb<=x[0]) failed for 1st keyword xb: curfit:xb=nan
ERROR - NaN value detected in iodine function.
ERROR - Chunk could not be plotted
Traceback (most recent call last):
  File "/Users/jaklusmeyer/SONG/pyodine/pyodine/plot_lib.py", line 62, in plot_chunkmodel
    sp = fit_results[chunk_nr].fitted_spectrum
  File "/Users/jaklusmeyer/SONG/pyodine/pyodine/fitters/base.py", line 45, in fitted_spectrum
    return self.model.eval_spectrum(self.chunk, self.params, chunk_ind=self.chunk_ind)
  File "/Users/jaklusmeyer/SONG/pyodine/pyodine/models/base.py", line 79, in eval_spectrum
    flux = self.eval(chunk, params, chunk_ind=chunk_ind, **kwargs)
  File "/Users/jaklusmeyer/SONG/pyodine/pyodine/models/spectrum.py", line 138, in eval
    tck = splrep(tem.wave * doppler, flux_tem, s=0)
  File "/Users/jaklusmeyer/miniconda/envs/pyodine_env/lib/python3.9/site-packages/scipy/interpolate/_fitpack_py.py", line 295, in splrep
    res = _impl.splrep(x, y, w, xb, xe, k, task, s, t, full_output, per, quiet)
  File "/Users/jaklusmeyer/miniconda/envs/pyodine_env/lib/python3.9/site-packages/scipy/interpolate/_fitpack_impl.py", line 276, in splrep
    n, c, fp, ier = dfitpack.curfit(task, x, y, w, t, wrk, iwrk,
dfitpack.error: (xb<=x[0]) failed for 1st keyword xb: curfit:xb=nan
INFO - Velocity robust mean: -25743.861866262712
INFO - Velocity robust std: 250.13280310844894
INFO - 
INFO - Velocity error robust mean: 112.39178627262949
INFO - Velocity error robust std: 76.72890604706066
INFO - 
INFO - Minimum error: 31.57885136731516 in chunk 796
INFO - Maximum error: 4226.756980995946 in chunk 282
INFO - 
INFO - Chunks with nan velocities: [   0    1    2    3    4    5    6    7    8    9   10   11   12   13
   14   15   16   17   18   19   20   21   22   23   24   25   26   27
   28   29   30   31   32   33   34   35   36   37   38   39   40   41
   42   43   44   45   46   47   48   49   50   51   52   53   54   55
   56   57   58   59   60   61   62   63   64   65   66   67   68   69
   70   71   72   73   74   75   76   77   78   79   80   81   82   83
   84   85   86   87   88   89   90   91   92   93   94   95   96   97
   98   99  100  101  102  103  104  105  106  107  108  109  110  111
  112  113  114  115  116  117  118  119  120  121  122  123  124  125
  126  127  128  129  130  131  132  133  134  135  136  137  138  139
  140  141  142  143  144  145  146  147  148  149  150  151  152  153
  154  155  156  157  158  159  160  161  162  163  164  165  166  167
  168  169  170  171  172  173  174  175  176  177  178  179  180  181
  182  183  184  185  186  187  188  189  190  191  192  193  194  195
  196  197  198  199  200  201  202  203  204  205  206  207  208  209
  210  211  212  213  214  215  216  217  218  219  220  221  222  223
  224  225  226  227  228  229  230  231  232  233  234  235  236  237
  238  239  240  241  242  243  244  245  246  247  248  249  250  251
  252  253  254  255  256  257  258  259  260  261  262  263  264  265
  266  267  268  269  270  271  272  273  274  275  276  277  278  279
  280  287  327  346  491  503  520  535  600  659  777  812  821  834
  848  862  944  970 1051 1101 1121 1144 1199 1204]
INFO - Chunks with nan velocity errors: [   0    1    2    3    4    5    6    7    8    9   10   11   12   13
   14   15   16   17   18   19   20   21   22   23   24   25   26   27
   28   29   30   31   32   33   34   35   36   37   38   39   40   41
   42   43   44   45   46   47   48   49   50   51   52   53   54   55
   56   57   58   59   60   61   62   63   64   65   66   67   68   69
   70   71   72   73   74   75   76   77   78   79   80   81   82   83
   84   85   86   87   88   89   90   91   92   93   94   95   96   97
   98   99  100  101  102  103  104  105  106  107  108  109  110  111
  112  113  114  115  116  117  118  119  120  121  122  123  124  125
  126  127  128  129  130  131  132  133  134  135  136  137  138  139
  140  141  142  143  144  145  146  147  148  149  150  151  152  153
  154  155  156  157  158  159  160  161  162  163  164  165  166  167
  168  169  170  171  172  173  174  175  176  177  178  179  180  181
  182  183  184  185  186  187  188  189  190  191  192  193  194  195
  196  197  198  199  200  201  202  203  204  205  206  207  208  209
  210  211  212  213  214  215  216  217  218  219  220  221  222  223
  224  225  226  227  228  229  230  231  232  233  234  235  236  237
  238  239  240  241  242  243  244  245  246  247  248  249  250  251
  252  253  254  255  256  257  258  259  260  261  262  263  264  265
  266  267  268  269  270  271  272  273  274  275  276  277  278  279
  280  287  327  346  491  503  520  535  600  659  737  777  812  821
  834  848  862  944  970 1051 1101 1121 1144 1157 1199 1204]
INFO - Velocity error at percentile 80: 196.86825134069989
INFO - 
INFO - Time to model this observation: 140.0924370288849
