2026-03-10 09:57:19,687 - root - ERROR - Chunk 0: No Data! Returning LmfitResult with None.
2026-03-10 09:57:19,688 - root - ERROR - Chunk 1: No Data! Returning LmfitResult with None.
2026-03-10 09:57:19,689 - root - ERROR - Chunk 2: No Data! Returning LmfitResult with None.
2026-03-10 09:57:19,690 - root - ERROR - Chunk 3: No Data! Returning LmfitResult with None.
2026-03-10 09:57:19,691 - root - ERROR - Chunk 4: No Data! Returning LmfitResult with None.
2026-03-10 09:57:19,692 - root - ERROR - Chunk 5: No Data! Returning LmfitResult with None.
2026-03-10 09:57:19,693 - root - ERROR - Chunk 6: No Data! Returning LmfitResult with None.
2026-03-10 09:57:19,694 - root - ERROR - Chunk 7: No Data! Returning LmfitResult with None.
2026-03-10 09:57:19,695 - root - ERROR - Chunk 8: No Data! Returning LmfitResult with None.
2026-03-10 09:57:19,696 - root - ERROR - Chunk 9: No Data! Returning LmfitResult with None.
2026-03-10 09:57:19,697 - root - ERROR - Chunk 10: No Data! Returning LmfitResult with None.
2026-03-10 09:57:19,698 - root - ERROR - Chunk 11: No Data! Returning LmfitResult with None.
2026-03-10 09:57:19,699 - root - ERROR - Chunk 12: No Data! Returning LmfitResult with None.
2026-03-10 09:57:19,700 - root - ERROR - Chunk 13: No Data! Returning LmfitResult with None.
2026-03-10 09:57:19,701 - root - ERROR - Chunk 14: No Data! Returning LmfitResult with None.
2026-03-10 09:57:19,702 - root - ERROR - Chunk 15: No Data! Returning LmfitResult with None.
2026-03-10 09:57:19,702 - root - ERROR - Chunk 16: No Data! Returning LmfitResult with None.
2026-03-10 09:57:19,703 - root - ERROR - Chunk 17: No Data! Returning LmfitResult with None.
2026-03-10 09:57:19,704 - root - ERROR - Chunk 18: No Data! Returning LmfitResult with None.
2026-03-10 09:57:19,705 - root - ERROR - Chunk 19: No Data! Returning LmfitResult with None.
2026-03-10 09:57:19,706 - root - ERROR - Chunk 20: No Data! Returning LmfitResult with None.
2026-03-10 09:57:19,707 - root - ERROR - Chunk 21: No Data! Returning LmfitResult with None.
2026-03-10 09:57:19,708 - root - ERROR - Chunk 22: No Data! Returning LmfitResult with None.
2026-03-10 09:57:19,709 - root - ERROR - Chunk 23: No Data! Returning LmfitResult with None.
2026-03-10 09:57:19,710 - root - ERROR - Chunk 24: No Data! Returning LmfitResult with None.
2026-03-10 09:57:19,711 - root - ERROR - Chunk 25: No Data! Returning LmfitResult with None.
2026-03-10 09:57:19,712 - root - ERROR - Chunk 26: No Data! Returning LmfitResult with None.
2026-03-10 09:57:19,713 - root - ERROR - Chunk 27: No Data! Returning LmfitResult with None.
2026-03-10 09:57:19,714 - root - ERROR - Chunk 28: No Data! Returning LmfitResult with None.
2026-03-10 09:57:19,715 - root - ERROR - Chunk 29: No Data! Returning LmfitResult with None.
2026-03-10 09:57:19,716 - root - ERROR - Chunk 30: No Data! Returning LmfitResult with None.
2026-03-10 09:57:19,717 - root - ERROR - Chunk 31: No Data! Returning LmfitResult with None.
2026-03-10 09:57:19,718 - root - ERROR - Chunk 32: No Data! Returning LmfitResult with None.
2026-03-10 09:57:19,719 - root - ERROR - Chunk 33: No Data! Returning LmfitResult with None.
2026-03-10 09:57:19,720 - root - ERROR - Chunk 34: No Data! Returning LmfitResult with None.
2026-03-10 09:57:19,720 - root - ERROR - Chunk 35: No Data! Returning LmfitResult with None.
2026-03-10 09:57:19,721 - root - ERROR - Chunk 36: No Data! Returning LmfitResult with None.
2026-03-10 09:57:19,722 - root - ERROR - Chunk 37: No Data! Returning LmfitResult with None.
2026-03-10 09:57:19,723 - root - ERROR - Chunk 38: No Data! Returning LmfitResult with None.
2026-03-10 09:57:19,724 - root - ERROR - Chunk 39: No Data! Returning LmfitResult with None.
2026-03-10 09:57:19,725 - root - ERROR - Chunk 40: No Data! Returning LmfitResult with None.
2026-03-10 09:57:19,726 - root - ERROR - Chunk 41: No Data! Returning LmfitResult with None.
2026-03-10 09:57:19,727 - root - ERROR - Chunk 42: No Data! Returning LmfitResult with None.
2026-03-10 09:57:19,728 - root - ERROR - Chunk 43: No Data! Returning LmfitResult with None.
2026-03-10 09:57:19,729 - root - ERROR - Chunk 44: No Data! Returning LmfitResult with None.
2026-03-10 09:57:19,730 - root - ERROR - Chunk 45: No Data! Returning LmfitResult with None.
2026-03-10 09:57:19,731 - root - ERROR - Chunk 46: No Data! Returning LmfitResult with None.
2026-03-10 09:57:19,732 - root - ERROR - Chunk 47: No Data! Returning LmfitResult with None.
2026-03-10 09:57:19,733 - root - ERROR - Chunk 48: No Data! Returning LmfitResult with None.
2026-03-10 09:57:19,734 - root - ERROR - Chunk 49: No Data! Returning LmfitResult with None.
2026-03-10 09:57:19,735 - root - ERROR - Chunk 50: No Data! Returning LmfitResult with None.
2026-03-10 09:57:19,736 - root - ERROR - Chunk 51: No Data! Returning LmfitResult with None.
2026-03-10 09:57:19,737 - root - ERROR - Chunk 52: No Data! Returning LmfitResult with None.
2026-03-10 09:57:19,738 - root - ERROR - Chunk 53: No Data! Returning LmfitResult with None.
2026-03-10 09:57:19,739 - root - ERROR - Chunk 54: No Data! Returning LmfitResult with None.
2026-03-10 09:57:19,740 - root - ERROR - Chunk 55: No Data! Returning LmfitResult with None.
2026-03-10 09:57:19,741 - root - ERROR - Chunk 56: No Data! Returning LmfitResult with None.
2026-03-10 09:57:19,742 - root - ERROR - Chunk 57: No Data! Returning LmfitResult with None.
2026-03-10 09:57:19,742 - root - ERROR - Chunk 58: No Data! Returning LmfitResult with None.
2026-03-10 09:57:19,743 - root - ERROR - Chunk 59: No Data! Returning LmfitResult with None.
2026-03-10 09:57:19,744 - root - ERROR - Chunk 60: No Data! Returning LmfitResult with None.
2026-03-10 09:57:19,745 - root - ERROR - Chunk 61: No Data! Returning LmfitResult with None.
2026-03-10 09:57:19,746 - root - ERROR - Chunk 62: No Data! Returning LmfitResult with None.
2026-03-10 09:57:19,747 - root - ERROR - Chunk 63: No Data! Returning LmfitResult with None.
2026-03-10 09:57:19,750 - root - ERROR - Chunk 64: No Data! Returning LmfitResult with None.
2026-03-10 09:57:19,750 - root - ERROR - Chunk 65: No Data! Returning LmfitResult with None.
2026-03-10 09:57:19,751 - root - ERROR - Chunk 66: No Data! Returning LmfitResult with None.
2026-03-10 09:57:19,752 - root - ERROR - Chunk 67: No Data! Returning LmfitResult with None.
2026-03-10 09:57:19,753 - root - ERROR - Chunk 68: No Data! Returning LmfitResult with None.
2026-03-10 09:57:19,754 - root - ERROR - Chunk 69: No Data! Returning LmfitResult with None.
2026-03-10 09:57:19,755 - root - ERROR - Chunk 70: No Data! Returning LmfitResult with None.
2026-03-10 09:57:19,756 - root - ERROR - Chunk 71: No Data! Returning LmfitResult with None.
2026-03-10 09:57:19,757 - root - ERROR - Chunk 72: No Data! Returning LmfitResult with None.
2026-03-10 09:57:19,758 - root - ERROR - Chunk 73: No Data! Returning LmfitResult with None.
2026-03-10 09:57:19,759 - root - ERROR - Chunk 74: No Data! Returning LmfitResult with None.
2026-03-10 09:57:19,760 - root - ERROR - Chunk 75: No Data! Returning LmfitResult with None.
2026-03-10 09:57:19,761 - root - ERROR - Chunk 76: No Data! Returning LmfitResult with None.
2026-03-10 09:57:19,762 - root - ERROR - Chunk 77: No Data! Returning LmfitResult with None.
2026-03-10 09:57:19,763 - root - ERROR - Chunk 78: No Data! Returning LmfitResult with None.
2026-03-10 09:57:19,764 - root - ERROR - Chunk 79: No Data! Returning LmfitResult with None.
2026-03-10 09:57:19,765 - root - ERROR - Chunk 80: No Data! Returning LmfitResult with None.
2026-03-10 09:57:19,766 - root - ERROR - Chunk 81: No Data! Returning LmfitResult with None.
2026-03-10 09:57:19,767 - root - ERROR - Chunk 82: No Data! Returning LmfitResult with None.
2026-03-10 09:57:19,768 - root - ERROR - Chunk 83: No Data! Returning LmfitResult with None.
2026-03-10 09:57:19,769 - root - ERROR - Chunk 84: No Data! Returning LmfitResult with None.
2026-03-10 09:57:19,770 - root - ERROR - Chunk 85: No Data! Returning LmfitResult with None.
2026-03-10 09:57:19,771 - root - ERROR - Chunk 86: No Data! Returning LmfitResult with None.
2026-03-10 09:57:19,772 - root - ERROR - Chunk 87: No Data! Returning LmfitResult with None.
2026-03-10 09:57:19,773 - root - ERROR - Chunk 88: No Data! Returning LmfitResult with None.
2026-03-10 09:57:19,773 - root - ERROR - Chunk 89: No Data! Returning LmfitResult with None.
2026-03-10 09:57:19,774 - root - ERROR - Chunk 90: No Data! Returning LmfitResult with None.
2026-03-10 09:57:19,775 - root - ERROR - Chunk 91: No Data! Returning LmfitResult with None.
2026-03-10 09:57:19,776 - root - ERROR - Chunk 92: No Data! Returning LmfitResult with None.
2026-03-10 09:57:19,777 - root - ERROR - Chunk 93: No Data! Returning LmfitResult with None.
2026-03-10 09:57:19,778 - root - ERROR - Chunk 94: No Data! Returning LmfitResult with None.
2026-03-10 09:57:19,778 - root - ERROR - Chunk 95: No Data! Returning LmfitResult with None.
2026-03-10 09:57:19,779 - root - ERROR - Chunk 96: No Data! Returning LmfitResult with None.
2026-03-10 09:57:19,780 - root - ERROR - Chunk 97: No Data! Returning LmfitResult with None.
2026-03-10 09:57:19,781 - root - ERROR - Chunk 98: No Data! Returning LmfitResult with None.
2026-03-10 09:57:19,782 - root - ERROR - Chunk 99: No Data! Returning LmfitResult with None.
2026-03-10 09:57:19,783 - root - ERROR - Chunk 100: No Data! Returning LmfitResult with None.
2026-03-10 09:57:19,784 - root - ERROR - Chunk 101: No Data! Returning LmfitResult with None.
2026-03-10 09:57:19,785 - root - ERROR - Chunk 102: No Data! Returning LmfitResult with None.
2026-03-10 09:57:19,786 - root - ERROR - Chunk 103: No Data! Returning LmfitResult with None.
2026-03-10 09:57:19,787 - root - ERROR - Chunk 104: No Data! Returning LmfitResult with None.
2026-03-10 09:57:19,788 - root - ERROR - Chunk 105: No Data! Returning LmfitResult with None.
2026-03-10 09:57:19,789 - root - ERROR - Chunk 106: No Data! Returning LmfitResult with None.
2026-03-10 09:57:19,790 - root - ERROR - Chunk 107: No Data! Returning LmfitResult with None.
2026-03-10 09:57:19,791 - root - ERROR - Chunk 108: No Data! Returning LmfitResult with None.
2026-03-10 09:57:19,792 - root - ERROR - Chunk 109: No Data! Returning LmfitResult with None.
2026-03-10 09:57:19,793 - root - ERROR - Chunk 110: No Data! Returning LmfitResult with None.
2026-03-10 09:57:19,794 - root - ERROR - Chunk 111: No Data! Returning LmfitResult with None.
2026-03-10 09:57:19,795 - root - ERROR - Chunk 112: No Data! Returning LmfitResult with None.
2026-03-10 09:57:19,796 - root - ERROR - Chunk 113: No Data! Returning LmfitResult with None.
2026-03-10 09:57:19,797 - root - ERROR - Chunk 114: No Data! Returning LmfitResult with None.
2026-03-10 09:57:19,798 - root - ERROR - Chunk 115: No Data! Returning LmfitResult with None.
2026-03-10 09:57:19,799 - root - ERROR - Chunk 116: No Data! Returning LmfitResult with None.
2026-03-10 09:57:19,800 - root - ERROR - Chunk 117: No Data! Returning LmfitResult with None.
2026-03-10 09:57:19,801 - root - ERROR - Chunk 118: No Data! Returning LmfitResult with None.
2026-03-10 09:57:19,802 - root - ERROR - Chunk 119: No Data! Returning LmfitResult with None.
2026-03-10 09:57:19,803 - root - ERROR - Chunk 120: No Data! Returning LmfitResult with None.
2026-03-10 09:57:19,804 - root - ERROR - Chunk 121: No Data! Returning LmfitResult with None.
2026-03-10 09:57:19,805 - root - ERROR - Chunk 122: No Data! Returning LmfitResult with None.
2026-03-10 09:57:19,806 - root - ERROR - Chunk 123: No Data! Returning LmfitResult with None.
2026-03-10 09:57:19,807 - root - ERROR - Chunk 124: No Data! Returning LmfitResult with None.
2026-03-10 09:57:19,808 - root - ERROR - Chunk 125: No Data! Returning LmfitResult with None.
2026-03-10 09:57:19,809 - root - ERROR - Chunk 126: No Data! Returning LmfitResult with None.
2026-03-10 09:57:19,812 - root - ERROR - Chunk 127: No Data! Returning LmfitResult with None.
2026-03-10 09:57:19,812 - root - ERROR - Chunk 128: No Data! Returning LmfitResult with None.
2026-03-10 09:57:19,813 - root - ERROR - Chunk 129: No Data! Returning LmfitResult with None.
2026-03-10 09:57:19,814 - root - ERROR - Chunk 130: No Data! Returning LmfitResult with None.
2026-03-10 09:57:19,815 - root - ERROR - Chunk 131: No Data! Returning LmfitResult with None.
2026-03-10 09:57:19,817 - root - ERROR - Chunk 132: No Data! Returning LmfitResult with None.
2026-03-10 09:57:19,817 - root - ERROR - Chunk 133: No Data! Returning LmfitResult with None.
2026-03-10 09:57:19,818 - root - ERROR - Chunk 134: No Data! Returning LmfitResult with None.
2026-03-10 09:57:19,819 - root - ERROR - Chunk 135: No Data! Returning LmfitResult with None.
2026-03-10 09:57:19,820 - root - ERROR - Chunk 136: No Data! Returning LmfitResult with None.
2026-03-10 09:57:19,821 - root - ERROR - Chunk 137: No Data! Returning LmfitResult with None.
2026-03-10 09:57:19,822 - root - ERROR - Chunk 138: No Data! Returning LmfitResult with None.
2026-03-10 09:57:19,823 - root - ERROR - Chunk 139: No Data! Returning LmfitResult with None.
2026-03-10 09:57:19,824 - root - ERROR - Chunk 140: No Data! Returning LmfitResult with None.
2026-03-10 09:57:19,825 - root - ERROR - Chunk 141: No Data! Returning LmfitResult with None.
2026-03-10 09:57:19,826 - root - ERROR - Chunk 142: No Data! Returning LmfitResult with None.
2026-03-10 09:57:19,827 - root - ERROR - Chunk 143: No Data! Returning LmfitResult with None.
2026-03-10 09:57:19,828 - root - ERROR - Chunk 144: No Data! Returning LmfitResult with None.
2026-03-10 09:57:19,829 - root - ERROR - Chunk 145: No Data! Returning LmfitResult with None.
2026-03-10 09:57:19,830 - root - ERROR - Chunk 146: No Data! Returning LmfitResult with None.
2026-03-10 09:57:19,830 - root - ERROR - Chunk 147: No Data! Returning LmfitResult with None.
2026-03-10 09:57:19,831 - root - ERROR - Chunk 148: No Data! Returning LmfitResult with None.
2026-03-10 09:57:19,832 - root - ERROR - Chunk 149: No Data! Returning LmfitResult with None.
2026-03-10 09:57:19,833 - root - ERROR - Chunk 150: No Data! Returning LmfitResult with None.
2026-03-10 09:57:19,834 - root - ERROR - Chunk 151: No Data! Returning LmfitResult with None.
2026-03-10 09:57:19,835 - root - ERROR - Chunk 152: No Data! Returning LmfitResult with None.
2026-03-10 09:57:19,836 - root - ERROR - Chunk 153: No Data! Returning LmfitResult with None.
2026-03-10 09:57:19,837 - root - ERROR - Chunk 154: No Data! Returning LmfitResult with None.
2026-03-10 09:57:19,838 - root - ERROR - Chunk 155: No Data! Returning LmfitResult with None.
2026-03-10 09:57:19,839 - root - ERROR - Chunk 156: No Data! Returning LmfitResult with None.
2026-03-10 09:57:19,840 - root - ERROR - Chunk 157: No Data! Returning LmfitResult with None.
2026-03-10 09:57:19,841 - root - ERROR - Chunk 158: No Data! Returning LmfitResult with None.
2026-03-10 09:57:19,842 - root - ERROR - Chunk 159: No Data! Returning LmfitResult with None.
2026-03-10 09:57:19,843 - root - ERROR - Chunk 160: No Data! Returning LmfitResult with None.
2026-03-10 09:57:19,844 - root - ERROR - Chunk 161: No Data! Returning LmfitResult with None.
2026-03-10 09:57:19,845 - root - ERROR - Chunk 162: No Data! Returning LmfitResult with None.
2026-03-10 09:57:19,846 - root - ERROR - Chunk 163: No Data! Returning LmfitResult with None.
2026-03-10 09:57:19,847 - root - ERROR - Chunk 164: No Data! Returning LmfitResult with None.
2026-03-10 09:57:19,848 - root - ERROR - Chunk 165: No Data! Returning LmfitResult with None.
2026-03-10 09:57:19,849 - root - ERROR - Chunk 166: No Data! Returning LmfitResult with None.
2026-03-10 09:57:19,850 - root - ERROR - Chunk 167: No Data! Returning LmfitResult with None.
2026-03-10 09:57:19,851 - root - ERROR - Chunk 168: No Data! Returning LmfitResult with None.
2026-03-10 09:57:19,851 - root - ERROR - Chunk 169: No Data! Returning LmfitResult with None.
2026-03-10 09:57:19,852 - root - ERROR - Chunk 170: No Data! Returning LmfitResult with None.
2026-03-10 09:57:19,853 - root - ERROR - Chunk 171: No Data! Returning LmfitResult with None.
2026-03-10 09:57:19,854 - root - ERROR - Chunk 172: No Data! Returning LmfitResult with None.
2026-03-10 09:57:19,855 - root - ERROR - Chunk 173: No Data! Returning LmfitResult with None.
2026-03-10 09:57:19,856 - root - ERROR - Chunk 174: No Data! Returning LmfitResult with None.
2026-03-10 09:57:19,857 - root - ERROR - Chunk 175: No Data! Returning LmfitResult with None.
2026-03-10 09:57:19,858 - root - ERROR - Chunk 176: No Data! Returning LmfitResult with None.
2026-03-10 09:57:19,859 - root - ERROR - Chunk 177: No Data! Returning LmfitResult with None.
2026-03-10 09:57:19,860 - root - ERROR - Chunk 178: No Data! Returning LmfitResult with None.
2026-03-10 09:57:19,861 - root - ERROR - Chunk 179: No Data! Returning LmfitResult with None.
2026-03-10 09:57:19,862 - root - ERROR - Chunk 180: No Data! Returning LmfitResult with None.
2026-03-10 09:57:19,863 - root - ERROR - Chunk 181: No Data! Returning LmfitResult with None.
2026-03-10 09:57:19,864 - root - ERROR - Chunk 182: No Data! Returning LmfitResult with None.
2026-03-10 09:57:19,865 - root - ERROR - Chunk 183: No Data! Returning LmfitResult with None.
2026-03-10 09:57:19,865 - root - ERROR - Chunk 184: No Data! Returning LmfitResult with None.
2026-03-10 09:57:19,866 - root - ERROR - Chunk 185: No Data! Returning LmfitResult with None.
2026-03-10 09:57:19,867 - root - ERROR - Chunk 186: No Data! Returning LmfitResult with None.
2026-03-10 09:57:19,868 - root - ERROR - Chunk 187: No Data! Returning LmfitResult with None.
2026-03-10 09:57:19,869 - root - ERROR - Chunk 188: No Data! Returning LmfitResult with None.
2026-03-10 09:57:19,870 - root - ERROR - Chunk 189: No Data! Returning LmfitResult with None.
2026-03-10 09:57:19,871 - root - ERROR - Chunk 190: No Data! Returning LmfitResult with None.
2026-03-10 09:57:19,873 - root - ERROR - Chunk 191: No Data! Returning LmfitResult with None.
2026-03-10 09:57:19,874 - root - ERROR - Chunk 192: No Data! Returning LmfitResult with None.
2026-03-10 09:57:19,875 - root - ERROR - Chunk 193: No Data! Returning LmfitResult with None.
2026-03-10 09:57:19,876 - root - ERROR - Chunk 194: No Data! Returning LmfitResult with None.
2026-03-10 09:57:19,877 - root - ERROR - Chunk 195: No Data! Returning LmfitResult with None.
2026-03-10 09:57:19,878 - root - ERROR - Chunk 196: No Data! Returning LmfitResult with None.
2026-03-10 09:57:19,879 - root - ERROR - Chunk 197: No Data! Returning LmfitResult with None.
2026-03-10 09:57:19,880 - root - ERROR - Chunk 198: No Data! Returning LmfitResult with None.
2026-03-10 09:57:19,881 - root - ERROR - Chunk 199: No Data! Returning LmfitResult with None.
2026-03-10 09:57:19,883 - root - ERROR - Chunk 200: No Data! Returning LmfitResult with None.
2026-03-10 09:57:19,884 - root - ERROR - Chunk 201: No Data! Returning LmfitResult with None.
2026-03-10 09:57:19,885 - root - ERROR - Chunk 202: No Data! Returning LmfitResult with None.
2026-03-10 09:57:19,886 - root - ERROR - Chunk 203: No Data! Returning LmfitResult with None.
2026-03-10 09:57:19,886 - root - ERROR - Chunk 204: No Data! Returning LmfitResult with None.
2026-03-10 09:57:19,888 - root - ERROR - Chunk 205: No Data! Returning LmfitResult with None.
2026-03-10 09:57:19,889 - root - ERROR - Chunk 206: No Data! Returning LmfitResult with None.
2026-03-10 09:57:19,890 - root - ERROR - Chunk 207: No Data! Returning LmfitResult with None.
2026-03-10 09:57:19,890 - root - ERROR - Chunk 208: No Data! Returning LmfitResult with None.
2026-03-10 09:57:19,891 - root - ERROR - Chunk 209: No Data! Returning LmfitResult with None.
2026-03-10 09:57:19,892 - root - ERROR - Chunk 210: No Data! Returning LmfitResult with None.
2026-03-10 09:57:19,893 - root - ERROR - Chunk 211: No Data! Returning LmfitResult with None.
2026-03-10 09:57:19,894 - root - ERROR - Chunk 212: No Data! Returning LmfitResult with None.
2026-03-10 09:57:19,895 - root - ERROR - Chunk 213: No Data! Returning LmfitResult with None.
2026-03-10 09:57:19,896 - root - ERROR - Chunk 214: No Data! Returning LmfitResult with None.
2026-03-10 09:57:19,897 - root - ERROR - Chunk 215: No Data! Returning LmfitResult with None.
2026-03-10 09:57:19,898 - root - ERROR - Chunk 216: No Data! Returning LmfitResult with None.
2026-03-10 09:57:19,899 - root - ERROR - Chunk 217: No Data! Returning LmfitResult with None.
2026-03-10 09:57:19,901 - root - ERROR - Chunk 218: No Data! Returning LmfitResult with None.
2026-03-10 09:57:19,902 - root - ERROR - Chunk 219: No Data! Returning LmfitResult with None.
2026-03-10 09:57:19,932 - root - ERROR - Chunk 220: No Data! Returning LmfitResult with None.
2026-03-10 09:57:19,946 - root - ERROR - Chunk 221: No Data! Returning LmfitResult with None.
2026-03-10 09:57:19,947 - root - ERROR - Chunk 222: No Data! Returning LmfitResult with None.
2026-03-10 09:57:19,951 - root - ERROR - Chunk 223: No Data! Returning LmfitResult with None.
2026-03-10 09:57:19,952 - root - ERROR - Chunk 224: No Data! Returning LmfitResult with None.
2026-03-10 09:57:19,953 - root - ERROR - Chunk 225: No Data! Returning LmfitResult with None.
2026-03-10 09:57:19,954 - root - ERROR - Chunk 226: No Data! Returning LmfitResult with None.
2026-03-10 09:57:19,955 - root - ERROR - Chunk 227: No Data! Returning LmfitResult with None.
2026-03-10 09:57:19,966 - root - ERROR - Chunk 228: No Data! Returning LmfitResult with None.
2026-03-10 09:57:19,967 - root - ERROR - Chunk 229: No Data! Returning LmfitResult with None.
2026-03-10 09:57:19,968 - root - ERROR - Chunk 230: No Data! Returning LmfitResult with None.
2026-03-10 09:57:19,969 - root - ERROR - Chunk 231: No Data! Returning LmfitResult with None.
2026-03-10 09:57:19,970 - root - ERROR - Chunk 232: No Data! Returning LmfitResult with None.
2026-03-10 09:57:19,971 - root - ERROR - Chunk 233: No Data! Returning LmfitResult with None.
2026-03-10 09:57:19,972 - root - ERROR - Chunk 234: No Data! Returning LmfitResult with None.
2026-03-10 09:57:19,973 - root - ERROR - Chunk 235: No Data! Returning LmfitResult with None.
2026-03-10 09:57:19,974 - root - ERROR - Chunk 236: No Data! Returning LmfitResult with None.
2026-03-10 09:57:19,975 - root - ERROR - Chunk 237: No Data! Returning LmfitResult with None.
2026-03-10 09:57:19,976 - root - ERROR - Chunk 238: No Data! Returning LmfitResult with None.
2026-03-10 09:57:19,977 - root - ERROR - Chunk 239: No Data! Returning LmfitResult with None.
2026-03-10 09:57:19,978 - root - ERROR - Chunk 240: No Data! Returning LmfitResult with None.
2026-03-10 09:57:19,979 - root - ERROR - Chunk 241: No Data! Returning LmfitResult with None.
2026-03-10 09:57:19,980 - root - ERROR - Chunk 242: No Data! Returning LmfitResult with None.
2026-03-10 09:57:19,981 - root - ERROR - Chunk 243: No Data! Returning LmfitResult with None.
2026-03-10 09:57:19,982 - root - ERROR - Chunk 244: No Data! Returning LmfitResult with None.
2026-03-10 09:57:19,983 - root - ERROR - Chunk 245: No Data! Returning LmfitResult with None.
2026-03-10 09:57:19,984 - root - ERROR - Chunk 246: No Data! Returning LmfitResult with None.
2026-03-10 09:57:19,985 - root - ERROR - Chunk 247: No Data! Returning LmfitResult with None.
2026-03-10 09:57:19,986 - root - ERROR - Chunk 248: No Data! Returning LmfitResult with None.
2026-03-10 09:57:19,987 - root - ERROR - Chunk 249: No Data! Returning LmfitResult with None.
2026-03-10 09:57:19,988 - root - ERROR - Chunk 250: No Data! Returning LmfitResult with None.
2026-03-10 09:57:19,989 - root - ERROR - Chunk 251: No Data! Returning LmfitResult with None.
2026-03-10 09:57:19,990 - root - ERROR - Chunk 252: No Data! Returning LmfitResult with None.
2026-03-10 09:57:19,991 - root - ERROR - Chunk 253: No Data! Returning LmfitResult with None.
2026-03-10 09:57:19,992 - root - ERROR - Chunk 254: No Data! Returning LmfitResult with None.
2026-03-10 09:57:19,993 - root - ERROR - Chunk 255: No Data! Returning LmfitResult with None.
2026-03-10 09:57:19,994 - root - ERROR - Chunk 256: No Data! Returning LmfitResult with None.
2026-03-10 09:57:19,995 - root - ERROR - Chunk 257: No Data! Returning LmfitResult with None.
2026-03-10 09:57:19,996 - root - ERROR - Chunk 258: No Data! Returning LmfitResult with None.
2026-03-10 09:57:19,997 - root - ERROR - Chunk 259: No Data! Returning LmfitResult with None.
2026-03-10 09:57:19,997 - root - ERROR - Chunk 260: No Data! Returning LmfitResult with None.
2026-03-10 09:57:19,998 - root - ERROR - Chunk 261: No Data! Returning LmfitResult with None.
2026-03-10 09:57:19,999 - root - ERROR - Chunk 262: No Data! Returning LmfitResult with None.
2026-03-10 09:57:20,000 - root - ERROR - Chunk 263: No Data! Returning LmfitResult with None.
2026-03-10 09:57:20,001 - root - ERROR - Chunk 264: No Data! Returning LmfitResult with None.
2026-03-10 09:57:20,002 - root - ERROR - Chunk 265: No Data! Returning LmfitResult with None.
2026-03-10 09:57:20,003 - root - ERROR - Chunk 266: No Data! Returning LmfitResult with None.
2026-03-10 09:57:20,004 - root - ERROR - Chunk 267: No Data! Returning LmfitResult with None.
2026-03-10 09:57:20,005 - root - ERROR - Chunk 268: No Data! Returning LmfitResult with None.
2026-03-10 09:57:20,006 - root - ERROR - Chunk 269: No Data! Returning LmfitResult with None.
2026-03-10 09:57:20,008 - root - ERROR - Chunk 270: No Data! Returning LmfitResult with None.
2026-03-10 09:57:20,009 - root - ERROR - Chunk 271: No Data! Returning LmfitResult with None.
2026-03-10 09:57:20,010 - root - ERROR - Chunk 272: No Data! Returning LmfitResult with None.
2026-03-10 09:57:20,011 - root - ERROR - Chunk 273: No Data! Returning LmfitResult with None.
2026-03-10 09:57:20,012 - root - ERROR - Chunk 274: No Data! Returning LmfitResult with None.
2026-03-10 09:57:20,013 - root - ERROR - Chunk 275: No Data! Returning LmfitResult with None.
2026-03-10 09:57:20,014 - root - ERROR - Chunk 276: No Data! Returning LmfitResult with None.
2026-03-10 09:57:20,016 - root - ERROR - Chunk 277: No Data! Returning LmfitResult with None.
2026-03-10 09:57:20,017 - root - ERROR - Chunk 278: No Data! Returning LmfitResult with None.
2026-03-10 09:57:20,018 - root - ERROR - Chunk 279: No Data! Returning LmfitResult with None.
2026-03-10 09:57:20,019 - root - ERROR - Chunk 280: No Data! Returning LmfitResult with None.
2026-03-10 09:57:44,640 - root - ERROR - Polynomial fitting failed. Falling back to input values
Traceback (most recent call last):
  File "/Users/jaklusmeyer/SONG/pyodine/pyodine/lib/misc.py", line 529, in fit_polynomial
    pfit, stats = np.polynomial.Polynomial.fit(
  File "/Users/jaklusmeyer/miniconda/envs/pyodine_env/lib/python3.9/site-packages/numpy/polynomial/_polybase.py", line 1036, in fit
    xnew = pu.mapdomain(x, domain, window)
  File "/Users/jaklusmeyer/miniconda/envs/pyodine_env/lib/python3.9/site-packages/numpy/polynomial/polyutils.py", line 371, in mapdomain
    off, scl = mapparms(old, new)
  File "/Users/jaklusmeyer/miniconda/envs/pyodine_env/lib/python3.9/site-packages/numpy/polynomial/polyutils.py", line 303, in mapparms
    off = (old[1]*new[0] - old[0]*new[1])/oldlen
ZeroDivisionError: division by zero
2026-03-10 09:57:44,642 - root - ERROR - Polynomial fitting failed. Falling back to input values
Traceback (most recent call last):
  File "/Users/jaklusmeyer/SONG/pyodine/pyodine/lib/misc.py", line 529, in fit_polynomial
    pfit, stats = np.polynomial.Polynomial.fit(
  File "/Users/jaklusmeyer/miniconda/envs/pyodine_env/lib/python3.9/site-packages/numpy/polynomial/_polybase.py", line 1036, in fit
    xnew = pu.mapdomain(x, domain, window)
  File "/Users/jaklusmeyer/miniconda/envs/pyodine_env/lib/python3.9/site-packages/numpy/polynomial/polyutils.py", line 371, in mapdomain
    off, scl = mapparms(old, new)
  File "/Users/jaklusmeyer/miniconda/envs/pyodine_env/lib/python3.9/site-packages/numpy/polynomial/polyutils.py", line 303, in mapparms
    off = (old[1]*new[0] - old[0]*new[1])/oldlen
ZeroDivisionError: division by zero
2026-03-10 09:57:44,644 - root - ERROR - Polynomial fitting failed. Falling back to input values
Traceback (most recent call last):
  File "/Users/jaklusmeyer/SONG/pyodine/pyodine/lib/misc.py", line 529, in fit_polynomial
    pfit, stats = np.polynomial.Polynomial.fit(
  File "/Users/jaklusmeyer/miniconda/envs/pyodine_env/lib/python3.9/site-packages/numpy/polynomial/_polybase.py", line 1036, in fit
    xnew = pu.mapdomain(x, domain, window)
  File "/Users/jaklusmeyer/miniconda/envs/pyodine_env/lib/python3.9/site-packages/numpy/polynomial/polyutils.py", line 371, in mapdomain
    off, scl = mapparms(old, new)
  File "/Users/jaklusmeyer/miniconda/envs/pyodine_env/lib/python3.9/site-packages/numpy/polynomial/polyutils.py", line 303, in mapparms
    off = (old[1]*new[0] - old[0]*new[1])/oldlen
ZeroDivisionError: division by zero
2026-03-10 09:57:44,645 - root - ERROR - Polynomial fitting failed. Falling back to input values
Traceback (most recent call last):
  File "/Users/jaklusmeyer/SONG/pyodine/pyodine/lib/misc.py", line 529, in fit_polynomial
    pfit, stats = np.polynomial.Polynomial.fit(
  File "/Users/jaklusmeyer/miniconda/envs/pyodine_env/lib/python3.9/site-packages/numpy/polynomial/_polybase.py", line 1036, in fit
    xnew = pu.mapdomain(x, domain, window)
  File "/Users/jaklusmeyer/miniconda/envs/pyodine_env/lib/python3.9/site-packages/numpy/polynomial/polyutils.py", line 371, in mapdomain
    off, scl = mapparms(old, new)
  File "/Users/jaklusmeyer/miniconda/envs/pyodine_env/lib/python3.9/site-packages/numpy/polynomial/polyutils.py", line 303, in mapparms
    off = (old[1]*new[0] - old[0]*new[1])/oldlen
ZeroDivisionError: division by zero
2026-03-10 09:57:44,646 - root - ERROR - Polynomial fitting failed. Falling back to input values
Traceback (most recent call last):
  File "/Users/jaklusmeyer/SONG/pyodine/pyodine/lib/misc.py", line 529, in fit_polynomial
    pfit, stats = np.polynomial.Polynomial.fit(
  File "/Users/jaklusmeyer/miniconda/envs/pyodine_env/lib/python3.9/site-packages/numpy/polynomial/_polybase.py", line 1036, in fit
    xnew = pu.mapdomain(x, domain, window)
  File "/Users/jaklusmeyer/miniconda/envs/pyodine_env/lib/python3.9/site-packages/numpy/polynomial/polyutils.py", line 371, in mapdomain
    off, scl = mapparms(old, new)
  File "/Users/jaklusmeyer/miniconda/envs/pyodine_env/lib/python3.9/site-packages/numpy/polynomial/polyutils.py", line 303, in mapparms
    off = (old[1]*new[0] - old[0]*new[1])/oldlen
ZeroDivisionError: division by zero
2026-03-10 09:57:44,647 - root - ERROR - Polynomial fitting failed. Falling back to input values
Traceback (most recent call last):
  File "/Users/jaklusmeyer/SONG/pyodine/pyodine/lib/misc.py", line 529, in fit_polynomial
    pfit, stats = np.polynomial.Polynomial.fit(
  File "/Users/jaklusmeyer/miniconda/envs/pyodine_env/lib/python3.9/site-packages/numpy/polynomial/_polybase.py", line 1036, in fit
    xnew = pu.mapdomain(x, domain, window)
  File "/Users/jaklusmeyer/miniconda/envs/pyodine_env/lib/python3.9/site-packages/numpy/polynomial/polyutils.py", line 371, in mapdomain
    off, scl = mapparms(old, new)
  File "/Users/jaklusmeyer/miniconda/envs/pyodine_env/lib/python3.9/site-packages/numpy/polynomial/polyutils.py", line 303, in mapparms
    off = (old[1]*new[0] - old[0]*new[1])/oldlen
ZeroDivisionError: division by zero
2026-03-10 09:57:44,648 - root - ERROR - Polynomial fitting failed. Falling back to input values
Traceback (most recent call last):
  File "/Users/jaklusmeyer/SONG/pyodine/pyodine/lib/misc.py", line 529, in fit_polynomial
    pfit, stats = np.polynomial.Polynomial.fit(
  File "/Users/jaklusmeyer/miniconda/envs/pyodine_env/lib/python3.9/site-packages/numpy/polynomial/_polybase.py", line 1036, in fit
    xnew = pu.mapdomain(x, domain, window)
  File "/Users/jaklusmeyer/miniconda/envs/pyodine_env/lib/python3.9/site-packages/numpy/polynomial/polyutils.py", line 371, in mapdomain
    off, scl = mapparms(old, new)
  File "/Users/jaklusmeyer/miniconda/envs/pyodine_env/lib/python3.9/site-packages/numpy/polynomial/polyutils.py", line 303, in mapparms
    off = (old[1]*new[0] - old[0]*new[1])/oldlen
ZeroDivisionError: division by zero
2026-03-10 09:57:44,655 - root - ERROR - Polynomial fitting failed. Falling back to input values
Traceback (most recent call last):
  File "/Users/jaklusmeyer/SONG/pyodine/pyodine/lib/misc.py", line 529, in fit_polynomial
    pfit, stats = np.polynomial.Polynomial.fit(
  File "/Users/jaklusmeyer/miniconda/envs/pyodine_env/lib/python3.9/site-packages/numpy/polynomial/_polybase.py", line 1036, in fit
    xnew = pu.mapdomain(x, domain, window)
  File "/Users/jaklusmeyer/miniconda/envs/pyodine_env/lib/python3.9/site-packages/numpy/polynomial/polyutils.py", line 371, in mapdomain
    off, scl = mapparms(old, new)
  File "/Users/jaklusmeyer/miniconda/envs/pyodine_env/lib/python3.9/site-packages/numpy/polynomial/polyutils.py", line 303, in mapparms
    off = (old[1]*new[0] - old[0]*new[1])/oldlen
ZeroDivisionError: division by zero
2026-03-10 09:57:44,657 - root - ERROR - Polynomial fitting failed. Falling back to input values
Traceback (most recent call last):
  File "/Users/jaklusmeyer/SONG/pyodine/pyodine/lib/misc.py", line 529, in fit_polynomial
    pfit, stats = np.polynomial.Polynomial.fit(
  File "/Users/jaklusmeyer/miniconda/envs/pyodine_env/lib/python3.9/site-packages/numpy/polynomial/_polybase.py", line 1036, in fit
    xnew = pu.mapdomain(x, domain, window)
  File "/Users/jaklusmeyer/miniconda/envs/pyodine_env/lib/python3.9/site-packages/numpy/polynomial/polyutils.py", line 371, in mapdomain
    off, scl = mapparms(old, new)
  File "/Users/jaklusmeyer/miniconda/envs/pyodine_env/lib/python3.9/site-packages/numpy/polynomial/polyutils.py", line 303, in mapparms
    off = (old[1]*new[0] - old[0]*new[1])/oldlen
ZeroDivisionError: division by zero
2026-03-10 09:57:44,658 - root - ERROR - Polynomial fitting failed. Falling back to input values
Traceback (most recent call last):
  File "/Users/jaklusmeyer/SONG/pyodine/pyodine/lib/misc.py", line 529, in fit_polynomial
    pfit, stats = np.polynomial.Polynomial.fit(
  File "/Users/jaklusmeyer/miniconda/envs/pyodine_env/lib/python3.9/site-packages/numpy/polynomial/_polybase.py", line 1036, in fit
    xnew = pu.mapdomain(x, domain, window)
  File "/Users/jaklusmeyer/miniconda/envs/pyodine_env/lib/python3.9/site-packages/numpy/polynomial/polyutils.py", line 371, in mapdomain
    off, scl = mapparms(old, new)
  File "/Users/jaklusmeyer/miniconda/envs/pyodine_env/lib/python3.9/site-packages/numpy/polynomial/polyutils.py", line 303, in mapparms
    off = (old[1]*new[0] - old[0]*new[1])/oldlen
ZeroDivisionError: division by zero
2026-03-10 09:57:44,660 - root - ERROR - Polynomial fitting failed. Falling back to input values
Traceback (most recent call last):
  File "/Users/jaklusmeyer/SONG/pyodine/pyodine/lib/misc.py", line 529, in fit_polynomial
    pfit, stats = np.polynomial.Polynomial.fit(
  File "/Users/jaklusmeyer/miniconda/envs/pyodine_env/lib/python3.9/site-packages/numpy/polynomial/_polybase.py", line 1036, in fit
    xnew = pu.mapdomain(x, domain, window)
  File "/Users/jaklusmeyer/miniconda/envs/pyodine_env/lib/python3.9/site-packages/numpy/polynomial/polyutils.py", line 371, in mapdomain
    off, scl = mapparms(old, new)
  File "/Users/jaklusmeyer/miniconda/envs/pyodine_env/lib/python3.9/site-packages/numpy/polynomial/polyutils.py", line 303, in mapparms
    off = (old[1]*new[0] - old[0]*new[1])/oldlen
ZeroDivisionError: division by zero
2026-03-10 09:57:44,661 - root - ERROR - Polynomial fitting failed. Falling back to input values
Traceback (most recent call last):
  File "/Users/jaklusmeyer/SONG/pyodine/pyodine/lib/misc.py", line 529, in fit_polynomial
    pfit, stats = np.polynomial.Polynomial.fit(
  File "/Users/jaklusmeyer/miniconda/envs/pyodine_env/lib/python3.9/site-packages/numpy/polynomial/_polybase.py", line 1036, in fit
    xnew = pu.mapdomain(x, domain, window)
  File "/Users/jaklusmeyer/miniconda/envs/pyodine_env/lib/python3.9/site-packages/numpy/polynomial/polyutils.py", line 371, in mapdomain
    off, scl = mapparms(old, new)
  File "/Users/jaklusmeyer/miniconda/envs/pyodine_env/lib/python3.9/site-packages/numpy/polynomial/polyutils.py", line 303, in mapparms
    off = (old[1]*new[0] - old[0]*new[1])/oldlen
ZeroDivisionError: division by zero
2026-03-10 09:57:44,662 - root - ERROR - Polynomial fitting failed. Falling back to input values
Traceback (most recent call last):
  File "/Users/jaklusmeyer/SONG/pyodine/pyodine/lib/misc.py", line 529, in fit_polynomial
    pfit, stats = np.polynomial.Polynomial.fit(
  File "/Users/jaklusmeyer/miniconda/envs/pyodine_env/lib/python3.9/site-packages/numpy/polynomial/_polybase.py", line 1036, in fit
    xnew = pu.mapdomain(x, domain, window)
  File "/Users/jaklusmeyer/miniconda/envs/pyodine_env/lib/python3.9/site-packages/numpy/polynomial/polyutils.py", line 371, in mapdomain
    off, scl = mapparms(old, new)
  File "/Users/jaklusmeyer/miniconda/envs/pyodine_env/lib/python3.9/site-packages/numpy/polynomial/polyutils.py", line 303, in mapparms
    off = (old[1]*new[0] - old[0]*new[1])/oldlen
ZeroDivisionError: division by zero
2026-03-10 09:57:44,663 - root - ERROR - Polynomial fitting failed. Falling back to input values
Traceback (most recent call last):
  File "/Users/jaklusmeyer/SONG/pyodine/pyodine/lib/misc.py", line 529, in fit_polynomial
    pfit, stats = np.polynomial.Polynomial.fit(
  File "/Users/jaklusmeyer/miniconda/envs/pyodine_env/lib/python3.9/site-packages/numpy/polynomial/_polybase.py", line 1036, in fit
    xnew = pu.mapdomain(x, domain, window)
  File "/Users/jaklusmeyer/miniconda/envs/pyodine_env/lib/python3.9/site-packages/numpy/polynomial/polyutils.py", line 371, in mapdomain
    off, scl = mapparms(old, new)
  File "/Users/jaklusmeyer/miniconda/envs/pyodine_env/lib/python3.9/site-packages/numpy/polynomial/polyutils.py", line 303, in mapparms
    off = (old[1]*new[0] - old[0]*new[1])/oldlen
ZeroDivisionError: division by zero
2026-03-10 09:57:47,078 - root - ERROR - NaN value detected in iodine function.
2026-03-10 09:57:47,080 - root - ERROR - Chunk could not be plotted
Traceback (most recent call last):
  File "/Users/jaklusmeyer/SONG/pyodine/pyodine/plot_lib.py", line 62, in plot_chunkmodel
    sp = fit_results[chunk_nr].fitted_spectrum
  File "/Users/jaklusmeyer/SONG/pyodine/pyodine/fitters/base.py", line 45, in fitted_spectrum
    return self.model.eval_spectrum(self.chunk, self.params, chunk_ind=self.chunk_ind)
  File "/Users/jaklusmeyer/SONG/pyodine/pyodine/models/base.py", line 79, in eval_spectrum
    flux = self.eval(chunk, params, chunk_ind=chunk_ind, **kwargs)
  File "/Users/jaklusmeyer/SONG/pyodine/pyodine/models/spectrum.py", line 138, in eval
    tck = splrep(tem.wave * doppler, flux_tem, s=0)
  File "/Users/jaklusmeyer/miniconda/envs/pyodine_env/lib/python3.9/site-packages/scipy/interpolate/_fitpack_py.py", line 295, in splrep
    res = _impl.splrep(x, y, w, xb, xe, k, task, s, t, full_output, per, quiet)
  File "/Users/jaklusmeyer/miniconda/envs/pyodine_env/lib/python3.9/site-packages/scipy/interpolate/_fitpack_impl.py", line 276, in splrep
    n, c, fp, ier = dfitpack.curfit(task, x, y, w, t, wrk, iwrk,
dfitpack.error: (xb<=x[0]) failed for 1st keyword xb: curfit:xb=nan
2026-03-10 09:57:47,501 - root - ERROR - NaN value detected in iodine function.
2026-03-10 09:57:47,503 - root - ERROR - Chunk could not be plotted
Traceback (most recent call last):
  File "/Users/jaklusmeyer/SONG/pyodine/pyodine/plot_lib.py", line 62, in plot_chunkmodel
    sp = fit_results[chunk_nr].fitted_spectrum
  File "/Users/jaklusmeyer/SONG/pyodine/pyodine/fitters/base.py", line 45, in fitted_spectrum
    return self.model.eval_spectrum(self.chunk, self.params, chunk_ind=self.chunk_ind)
  File "/Users/jaklusmeyer/SONG/pyodine/pyodine/models/base.py", line 79, in eval_spectrum
    flux = self.eval(chunk, params, chunk_ind=chunk_ind, **kwargs)
  File "/Users/jaklusmeyer/SONG/pyodine/pyodine/models/spectrum.py", line 138, in eval
    tck = splrep(tem.wave * doppler, flux_tem, s=0)
  File "/Users/jaklusmeyer/miniconda/envs/pyodine_env/lib/python3.9/site-packages/scipy/interpolate/_fitpack_py.py", line 295, in splrep
    res = _impl.splrep(x, y, w, xb, xe, k, task, s, t, full_output, per, quiet)
  File "/Users/jaklusmeyer/miniconda/envs/pyodine_env/lib/python3.9/site-packages/scipy/interpolate/_fitpack_impl.py", line 276, in splrep
    n, c, fp, ier = dfitpack.curfit(task, x, y, w, t, wrk, iwrk,
dfitpack.error: (xb<=x[0]) failed for 1st keyword xb: curfit:xb=nan
2026-03-10 09:57:50,431 - root - ERROR - Chunk 0: No Data! Returning LmfitResult with None.
2026-03-10 09:57:50,432 - root - ERROR - Chunk 1: No Data! Returning LmfitResult with None.
2026-03-10 09:57:50,433 - root - ERROR - Chunk 2: No Data! Returning LmfitResult with None.
2026-03-10 09:57:50,435 - root - ERROR - Chunk 3: No Data! Returning LmfitResult with None.
2026-03-10 09:57:50,436 - root - ERROR - Chunk 4: No Data! Returning LmfitResult with None.
2026-03-10 09:57:50,437 - root - ERROR - Chunk 5: No Data! Returning LmfitResult with None.
2026-03-10 09:57:50,438 - root - ERROR - Chunk 6: No Data! Returning LmfitResult with None.
2026-03-10 09:57:50,439 - root - ERROR - Chunk 7: No Data! Returning LmfitResult with None.
2026-03-10 09:57:50,440 - root - ERROR - Chunk 8: No Data! Returning LmfitResult with None.
2026-03-10 09:57:50,441 - root - ERROR - Chunk 9: No Data! Returning LmfitResult with None.
2026-03-10 09:57:50,442 - root - ERROR - Chunk 10: No Data! Returning LmfitResult with None.
2026-03-10 09:57:50,443 - root - ERROR - Chunk 11: No Data! Returning LmfitResult with None.
2026-03-10 09:57:50,444 - root - ERROR - Chunk 12: No Data! Returning LmfitResult with None.
2026-03-10 09:57:50,445 - root - ERROR - Chunk 13: No Data! Returning LmfitResult with None.
2026-03-10 09:57:50,486 - root - ERROR - Chunk 14: No Data! Returning LmfitResult with None.
2026-03-10 09:57:50,488 - root - ERROR - Chunk 15: No Data! Returning LmfitResult with None.
2026-03-10 09:57:50,491 - root - ERROR - Chunk 16: No Data! Returning LmfitResult with None.
2026-03-10 09:57:50,492 - root - ERROR - Chunk 17: No Data! Returning LmfitResult with None.
2026-03-10 09:57:50,494 - root - ERROR - Chunk 18: No Data! Returning LmfitResult with None.
2026-03-10 09:57:50,495 - root - ERROR - Chunk 19: No Data! Returning LmfitResult with None.
2026-03-10 09:57:50,505 - root - ERROR - Chunk 20: No Data! Returning LmfitResult with None.
2026-03-10 09:57:50,506 - root - ERROR - Chunk 21: No Data! Returning LmfitResult with None.
2026-03-10 09:57:50,507 - root - ERROR - Chunk 22: No Data! Returning LmfitResult with None.
2026-03-10 09:57:50,508 - root - ERROR - Chunk 23: No Data! Returning LmfitResult with None.
2026-03-10 09:57:50,509 - root - ERROR - Chunk 24: No Data! Returning LmfitResult with None.
2026-03-10 09:57:50,510 - root - ERROR - Chunk 25: No Data! Returning LmfitResult with None.
2026-03-10 09:57:50,511 - root - ERROR - Chunk 26: No Data! Returning LmfitResult with None.
2026-03-10 09:57:50,512 - root - ERROR - Chunk 27: No Data! Returning LmfitResult with None.
2026-03-10 09:57:50,513 - root - ERROR - Chunk 28: No Data! Returning LmfitResult with None.
2026-03-10 09:57:50,514 - root - ERROR - Chunk 29: No Data! Returning LmfitResult with None.
2026-03-10 09:57:50,515 - root - ERROR - Chunk 30: No Data! Returning LmfitResult with None.
2026-03-10 09:57:50,516 - root - ERROR - Chunk 31: No Data! Returning LmfitResult with None.
2026-03-10 09:57:50,517 - root - ERROR - Chunk 32: No Data! Returning LmfitResult with None.
2026-03-10 09:57:50,518 - root - ERROR - Chunk 33: No Data! Returning LmfitResult with None.
2026-03-10 09:57:50,518 - root - ERROR - Chunk 34: No Data! Returning LmfitResult with None.
2026-03-10 09:57:50,519 - root - ERROR - Chunk 35: No Data! Returning LmfitResult with None.
2026-03-10 09:57:50,520 - root - ERROR - Chunk 36: No Data! Returning LmfitResult with None.
2026-03-10 09:57:50,521 - root - ERROR - Chunk 37: No Data! Returning LmfitResult with None.
2026-03-10 09:57:50,522 - root - ERROR - Chunk 38: No Data! Returning LmfitResult with None.
2026-03-10 09:57:50,528 - root - ERROR - Chunk 39: No Data! Returning LmfitResult with None.
2026-03-10 09:57:50,534 - root - ERROR - Chunk 40: No Data! Returning LmfitResult with None.
2026-03-10 09:57:50,537 - root - ERROR - Chunk 41: No Data! Returning LmfitResult with None.
2026-03-10 09:57:50,561 - root - ERROR - Chunk 42: No Data! Returning LmfitResult with None.
2026-03-10 09:57:50,563 - root - ERROR - Chunk 43: No Data! Returning LmfitResult with None.
2026-03-10 09:57:50,564 - root - ERROR - Chunk 44: No Data! Returning LmfitResult with None.
2026-03-10 09:57:50,565 - root - ERROR - Chunk 45: No Data! Returning LmfitResult with None.
2026-03-10 09:57:50,566 - root - ERROR - Chunk 46: No Data! Returning LmfitResult with None.
2026-03-10 09:57:50,567 - root - ERROR - Chunk 47: No Data! Returning LmfitResult with None.
2026-03-10 09:57:50,580 - root - ERROR - Chunk 48: No Data! Returning LmfitResult with None.
2026-03-10 09:57:50,582 - root - ERROR - Chunk 49: No Data! Returning LmfitResult with None.
2026-03-10 09:57:50,583 - root - ERROR - Chunk 50: No Data! Returning LmfitResult with None.
2026-03-10 09:57:50,584 - root - ERROR - Chunk 51: No Data! Returning LmfitResult with None.
2026-03-10 09:57:50,585 - root - ERROR - Chunk 52: No Data! Returning LmfitResult with None.
2026-03-10 09:57:50,586 - root - ERROR - Chunk 53: No Data! Returning LmfitResult with None.
2026-03-10 09:57:50,587 - root - ERROR - Chunk 54: No Data! Returning LmfitResult with None.
2026-03-10 09:57:50,588 - root - ERROR - Chunk 55: No Data! Returning LmfitResult with None.
2026-03-10 09:57:50,589 - root - ERROR - Chunk 56: No Data! Returning LmfitResult with None.
2026-03-10 09:57:50,590 - root - ERROR - Chunk 57: No Data! Returning LmfitResult with None.
2026-03-10 09:57:50,591 - root - ERROR - Chunk 58: No Data! Returning LmfitResult with None.
2026-03-10 09:57:50,592 - root - ERROR - Chunk 59: No Data! Returning LmfitResult with None.
2026-03-10 09:57:50,593 - root - ERROR - Chunk 60: No Data! Returning LmfitResult with None.
2026-03-10 09:57:50,594 - root - ERROR - Chunk 61: No Data! Returning LmfitResult with None.
2026-03-10 09:57:50,594 - root - ERROR - Chunk 62: No Data! Returning LmfitResult with None.
2026-03-10 09:57:50,595 - root - ERROR - Chunk 63: No Data! Returning LmfitResult with None.
2026-03-10 09:57:50,596 - root - ERROR - Chunk 64: No Data! Returning LmfitResult with None.
2026-03-10 09:57:50,597 - root - ERROR - Chunk 65: No Data! Returning LmfitResult with None.
2026-03-10 09:57:50,598 - root - ERROR - Chunk 66: No Data! Returning LmfitResult with None.
2026-03-10 09:57:50,599 - root - ERROR - Chunk 67: No Data! Returning LmfitResult with None.
2026-03-10 09:57:50,600 - root - ERROR - Chunk 68: No Data! Returning LmfitResult with None.
2026-03-10 09:57:50,601 - root - ERROR - Chunk 69: No Data! Returning LmfitResult with None.
2026-03-10 09:57:50,602 - root - ERROR - Chunk 70: No Data! Returning LmfitResult with None.
2026-03-10 09:57:50,603 - root - ERROR - Chunk 71: No Data! Returning LmfitResult with None.
2026-03-10 09:57:50,604 - root - ERROR - Chunk 72: No Data! Returning LmfitResult with None.
2026-03-10 09:57:50,643 - root - ERROR - Chunk 73: No Data! Returning LmfitResult with None.
2026-03-10 09:57:50,644 - root - ERROR - Chunk 74: No Data! Returning LmfitResult with None.
2026-03-10 09:57:50,645 - root - ERROR - Chunk 75: No Data! Returning LmfitResult with None.
2026-03-10 09:57:50,646 - root - ERROR - Chunk 76: No Data! Returning LmfitResult with None.
2026-03-10 09:57:50,647 - root - ERROR - Chunk 77: No Data! Returning LmfitResult with None.
2026-03-10 09:57:50,649 - root - ERROR - Chunk 78: No Data! Returning LmfitResult with None.
2026-03-10 09:57:50,650 - root - ERROR - Chunk 79: No Data! Returning LmfitResult with None.
2026-03-10 09:57:50,654 - root - ERROR - Chunk 80: No Data! Returning LmfitResult with None.
2026-03-10 09:57:50,656 - root - ERROR - Chunk 81: No Data! Returning LmfitResult with None.
2026-03-10 09:57:50,662 - root - ERROR - Chunk 82: No Data! Returning LmfitResult with None.
2026-03-10 09:57:50,664 - root - ERROR - Chunk 83: No Data! Returning LmfitResult with None.
2026-03-10 09:57:50,665 - root - ERROR - Chunk 84: No Data! Returning LmfitResult with None.
2026-03-10 09:57:50,667 - root - ERROR - Chunk 85: No Data! Returning LmfitResult with None.
2026-03-10 09:57:50,670 - root - ERROR - Chunk 86: No Data! Returning LmfitResult with None.
2026-03-10 09:57:50,671 - root - ERROR - Chunk 87: No Data! Returning LmfitResult with None.
2026-03-10 09:57:50,673 - root - ERROR - Chunk 88: No Data! Returning LmfitResult with None.
2026-03-10 09:57:50,675 - root - ERROR - Chunk 89: No Data! Returning LmfitResult with None.
2026-03-10 09:57:50,677 - root - ERROR - Chunk 90: No Data! Returning LmfitResult with None.
2026-03-10 09:57:50,679 - root - ERROR - Chunk 91: No Data! Returning LmfitResult with None.
2026-03-10 09:57:50,681 - root - ERROR - Chunk 92: No Data! Returning LmfitResult with None.
2026-03-10 09:57:50,683 - root - ERROR - Chunk 93: No Data! Returning LmfitResult with None.
2026-03-10 09:57:50,693 - root - ERROR - Chunk 94: No Data! Returning LmfitResult with None.
2026-03-10 09:57:50,694 - root - ERROR - Chunk 95: No Data! Returning LmfitResult with None.
2026-03-10 09:57:50,695 - root - ERROR - Chunk 96: No Data! Returning LmfitResult with None.
2026-03-10 09:57:50,696 - root - ERROR - Chunk 97: No Data! Returning LmfitResult with None.
2026-03-10 09:57:50,698 - root - ERROR - Chunk 98: No Data! Returning LmfitResult with None.
2026-03-10 09:57:50,700 - root - ERROR - Chunk 99: No Data! Returning LmfitResult with None.
2026-03-10 09:57:50,702 - root - ERROR - Chunk 100: No Data! Returning LmfitResult with None.
2026-03-10 09:57:50,704 - root - ERROR - Chunk 101: No Data! Returning LmfitResult with None.
2026-03-10 09:57:50,706 - root - ERROR - Chunk 102: No Data! Returning LmfitResult with None.
2026-03-10 09:57:50,708 - root - ERROR - Chunk 103: No Data! Returning LmfitResult with None.
2026-03-10 09:57:50,710 - root - ERROR - Chunk 104: No Data! Returning LmfitResult with None.
2026-03-10 09:57:50,712 - root - ERROR - Chunk 105: No Data! Returning LmfitResult with None.
2026-03-10 09:57:50,714 - root - ERROR - Chunk 106: No Data! Returning LmfitResult with None.
2026-03-10 09:57:50,715 - root - ERROR - Chunk 107: No Data! Returning LmfitResult with None.
2026-03-10 09:57:50,717 - root - ERROR - Chunk 108: No Data! Returning LmfitResult with None.
2026-03-10 09:57:50,719 - root - ERROR - Chunk 109: No Data! Returning LmfitResult with None.
2026-03-10 09:57:50,721 - root - ERROR - Chunk 110: No Data! Returning LmfitResult with None.
2026-03-10 09:57:50,723 - root - ERROR - Chunk 111: No Data! Returning LmfitResult with None.
2026-03-10 09:57:50,728 - root - ERROR - Chunk 112: No Data! Returning LmfitResult with None.
2026-03-10 09:57:50,730 - root - ERROR - Chunk 113: No Data! Returning LmfitResult with None.
2026-03-10 09:57:50,732 - root - ERROR - Chunk 114: No Data! Returning LmfitResult with None.
2026-03-10 09:57:50,734 - root - ERROR - Chunk 115: No Data! Returning LmfitResult with None.
2026-03-10 09:57:50,736 - root - ERROR - Chunk 116: No Data! Returning LmfitResult with None.
2026-03-10 09:57:50,738 - root - ERROR - Chunk 117: No Data! Returning LmfitResult with None.
2026-03-10 09:57:50,740 - root - ERROR - Chunk 118: No Data! Returning LmfitResult with None.
2026-03-10 09:57:50,742 - root - ERROR - Chunk 119: No Data! Returning LmfitResult with None.
2026-03-10 09:57:50,743 - root - ERROR - Chunk 120: No Data! Returning LmfitResult with None.
2026-03-10 09:57:50,746 - root - ERROR - Chunk 121: No Data! Returning LmfitResult with None.
2026-03-10 09:57:50,748 - root - ERROR - Chunk 122: No Data! Returning LmfitResult with None.
2026-03-10 09:57:50,750 - root - ERROR - Chunk 123: No Data! Returning LmfitResult with None.
2026-03-10 09:57:50,752 - root - ERROR - Chunk 124: No Data! Returning LmfitResult with None.
2026-03-10 09:57:50,753 - root - ERROR - Chunk 125: No Data! Returning LmfitResult with None.
2026-03-10 09:57:50,755 - root - ERROR - Chunk 126: No Data! Returning LmfitResult with None.
2026-03-10 09:57:50,756 - root - ERROR - Chunk 127: No Data! Returning LmfitResult with None.
2026-03-10 09:57:50,758 - root - ERROR - Chunk 128: No Data! Returning LmfitResult with None.
2026-03-10 09:57:50,759 - root - ERROR - Chunk 129: No Data! Returning LmfitResult with None.
2026-03-10 09:57:50,761 - root - ERROR - Chunk 130: No Data! Returning LmfitResult with None.
2026-03-10 09:57:50,763 - root - ERROR - Chunk 131: No Data! Returning LmfitResult with None.
2026-03-10 09:57:50,766 - root - ERROR - Chunk 132: No Data! Returning LmfitResult with None.
2026-03-10 09:57:50,768 - root - ERROR - Chunk 133: No Data! Returning LmfitResult with None.
2026-03-10 09:57:50,770 - root - ERROR - Chunk 134: No Data! Returning LmfitResult with None.
2026-03-10 09:57:50,772 - root - ERROR - Chunk 135: No Data! Returning LmfitResult with None.
2026-03-10 09:57:50,773 - root - ERROR - Chunk 136: No Data! Returning LmfitResult with None.
2026-03-10 09:57:50,775 - root - ERROR - Chunk 137: No Data! Returning LmfitResult with None.
2026-03-10 09:57:50,777 - root - ERROR - Chunk 138: No Data! Returning LmfitResult with None.
2026-03-10 09:57:50,779 - root - ERROR - Chunk 139: No Data! Returning LmfitResult with None.
2026-03-10 09:57:50,781 - root - ERROR - Chunk 140: No Data! Returning LmfitResult with None.
2026-03-10 09:57:50,782 - root - ERROR - Chunk 141: No Data! Returning LmfitResult with None.
2026-03-10 09:57:50,785 - root - ERROR - Chunk 142: No Data! Returning LmfitResult with None.
2026-03-10 09:57:50,789 - root - ERROR - Chunk 143: No Data! Returning LmfitResult with None.
2026-03-10 09:57:50,791 - root - ERROR - Chunk 144: No Data! Returning LmfitResult with None.
2026-03-10 09:57:50,792 - root - ERROR - Chunk 145: No Data! Returning LmfitResult with None.
2026-03-10 09:57:50,794 - root - ERROR - Chunk 146: No Data! Returning LmfitResult with None.
2026-03-10 09:57:50,796 - root - ERROR - Chunk 147: No Data! Returning LmfitResult with None.
2026-03-10 09:57:50,797 - root - ERROR - Chunk 148: No Data! Returning LmfitResult with None.
2026-03-10 09:57:50,798 - root - ERROR - Chunk 149: No Data! Returning LmfitResult with None.
2026-03-10 09:57:50,820 - root - ERROR - Chunk 150: No Data! Returning LmfitResult with None.
2026-03-10 09:57:50,823 - root - ERROR - Chunk 151: No Data! Returning LmfitResult with None.
2026-03-10 09:57:50,826 - root - ERROR - Chunk 152: No Data! Returning LmfitResult with None.
2026-03-10 09:57:50,830 - root - ERROR - Chunk 153: No Data! Returning LmfitResult with None.
2026-03-10 09:57:50,832 - root - ERROR - Chunk 154: No Data! Returning LmfitResult with None.
2026-03-10 09:57:50,839 - root - ERROR - Chunk 155: No Data! Returning LmfitResult with None.
2026-03-10 09:57:50,841 - root - ERROR - Chunk 156: No Data! Returning LmfitResult with None.
2026-03-10 09:57:50,842 - root - ERROR - Chunk 157: No Data! Returning LmfitResult with None.
2026-03-10 09:57:50,843 - root - ERROR - Chunk 158: No Data! Returning LmfitResult with None.
2026-03-10 09:57:50,846 - root - ERROR - Chunk 159: No Data! Returning LmfitResult with None.
2026-03-10 09:57:50,847 - root - ERROR - Chunk 160: No Data! Returning LmfitResult with None.
2026-03-10 09:57:50,848 - root - ERROR - Chunk 161: No Data! Returning LmfitResult with None.
2026-03-10 09:57:50,849 - root - ERROR - Chunk 162: No Data! Returning LmfitResult with None.
2026-03-10 09:57:50,859 - root - ERROR - Chunk 163: No Data! Returning LmfitResult with None.
2026-03-10 09:57:50,861 - root - ERROR - Chunk 164: No Data! Returning LmfitResult with None.
2026-03-10 09:57:50,862 - root - ERROR - Chunk 165: No Data! Returning LmfitResult with None.
2026-03-10 09:57:50,863 - root - ERROR - Chunk 166: No Data! Returning LmfitResult with None.
2026-03-10 09:57:50,865 - root - ERROR - Chunk 167: No Data! Returning LmfitResult with None.
2026-03-10 09:57:50,866 - root - ERROR - Chunk 168: No Data! Returning LmfitResult with None.
2026-03-10 09:57:50,867 - root - ERROR - Chunk 169: No Data! Returning LmfitResult with None.
2026-03-10 09:57:50,868 - root - ERROR - Chunk 170: No Data! Returning LmfitResult with None.
2026-03-10 09:57:50,869 - root - ERROR - Chunk 171: No Data! Returning LmfitResult with None.
2026-03-10 09:57:50,870 - root - ERROR - Chunk 172: No Data! Returning LmfitResult with None.
2026-03-10 09:57:50,871 - root - ERROR - Chunk 173: No Data! Returning LmfitResult with None.
2026-03-10 09:57:50,872 - root - ERROR - Chunk 174: No Data! Returning LmfitResult with None.
2026-03-10 09:57:50,873 - root - ERROR - Chunk 175: No Data! Returning LmfitResult with None.
2026-03-10 09:57:50,874 - root - ERROR - Chunk 176: No Data! Returning LmfitResult with None.
2026-03-10 09:57:50,875 - root - ERROR - Chunk 177: No Data! Returning LmfitResult with None.
2026-03-10 09:57:50,876 - root - ERROR - Chunk 178: No Data! Returning LmfitResult with None.
2026-03-10 09:57:50,877 - root - ERROR - Chunk 179: No Data! Returning LmfitResult with None.
2026-03-10 09:57:50,878 - root - ERROR - Chunk 180: No Data! Returning LmfitResult with None.
2026-03-10 09:57:50,879 - root - ERROR - Chunk 181: No Data! Returning LmfitResult with None.
2026-03-10 09:57:50,880 - root - ERROR - Chunk 182: No Data! Returning LmfitResult with None.
2026-03-10 09:57:50,881 - root - ERROR - Chunk 183: No Data! Returning LmfitResult with None.
2026-03-10 09:57:50,882 - root - ERROR - Chunk 184: No Data! Returning LmfitResult with None.
2026-03-10 09:57:50,883 - root - ERROR - Chunk 185: No Data! Returning LmfitResult with None.
2026-03-10 09:57:50,884 - root - ERROR - Chunk 186: No Data! Returning LmfitResult with None.
2026-03-10 09:57:50,885 - root - ERROR - Chunk 187: No Data! Returning LmfitResult with None.
2026-03-10 09:57:50,886 - root - ERROR - Chunk 188: No Data! Returning LmfitResult with None.
2026-03-10 09:57:50,887 - root - ERROR - Chunk 189: No Data! Returning LmfitResult with None.
2026-03-10 09:57:50,888 - root - ERROR - Chunk 190: No Data! Returning LmfitResult with None.
2026-03-10 09:57:50,889 - root - ERROR - Chunk 191: No Data! Returning LmfitResult with None.
2026-03-10 09:57:50,890 - root - ERROR - Chunk 192: No Data! Returning LmfitResult with None.
2026-03-10 09:57:50,891 - root - ERROR - Chunk 193: No Data! Returning LmfitResult with None.
2026-03-10 09:57:50,892 - root - ERROR - Chunk 194: No Data! Returning LmfitResult with None.
2026-03-10 09:57:50,893 - root - ERROR - Chunk 195: No Data! Returning LmfitResult with None.
2026-03-10 09:57:50,894 - root - ERROR - Chunk 196: No Data! Returning LmfitResult with None.
2026-03-10 09:57:50,895 - root - ERROR - Chunk 197: No Data! Returning LmfitResult with None.
2026-03-10 09:57:50,896 - root - ERROR - Chunk 198: No Data! Returning LmfitResult with None.
2026-03-10 09:57:50,897 - root - ERROR - Chunk 199: No Data! Returning LmfitResult with None.
2026-03-10 09:57:50,898 - root - ERROR - Chunk 200: No Data! Returning LmfitResult with None.
2026-03-10 09:57:50,899 - root - ERROR - Chunk 201: No Data! Returning LmfitResult with None.
2026-03-10 09:57:50,900 - root - ERROR - Chunk 202: No Data! Returning LmfitResult with None.
2026-03-10 09:57:50,901 - root - ERROR - Chunk 203: No Data! Returning LmfitResult with None.
2026-03-10 09:57:50,902 - root - ERROR - Chunk 204: No Data! Returning LmfitResult with None.
2026-03-10 09:57:50,903 - root - ERROR - Chunk 205: No Data! Returning LmfitResult with None.
2026-03-10 09:57:50,904 - root - ERROR - Chunk 206: No Data! Returning LmfitResult with None.
2026-03-10 09:57:50,906 - root - ERROR - Chunk 207: No Data! Returning LmfitResult with None.
2026-03-10 09:57:50,907 - root - ERROR - Chunk 208: No Data! Returning LmfitResult with None.
2026-03-10 09:57:50,909 - root - ERROR - Chunk 209: No Data! Returning LmfitResult with None.
2026-03-10 09:57:50,911 - root - ERROR - Chunk 210: No Data! Returning LmfitResult with None.
2026-03-10 09:57:50,912 - root - ERROR - Chunk 211: No Data! Returning LmfitResult with None.
2026-03-10 09:57:50,913 - root - ERROR - Chunk 212: No Data! Returning LmfitResult with None.
2026-03-10 09:57:50,914 - root - ERROR - Chunk 213: No Data! Returning LmfitResult with None.
2026-03-10 09:57:50,916 - root - ERROR - Chunk 214: No Data! Returning LmfitResult with None.
2026-03-10 09:57:50,954 - root - ERROR - Chunk 215: No Data! Returning LmfitResult with None.
2026-03-10 09:57:50,956 - root - ERROR - Chunk 216: No Data! Returning LmfitResult with None.
2026-03-10 09:57:50,957 - root - ERROR - Chunk 217: No Data! Returning LmfitResult with None.
2026-03-10 09:57:50,958 - root - ERROR - Chunk 218: No Data! Returning LmfitResult with None.
2026-03-10 09:57:50,959 - root - ERROR - Chunk 219: No Data! Returning LmfitResult with None.
2026-03-10 09:57:50,960 - root - ERROR - Chunk 220: No Data! Returning LmfitResult with None.
2026-03-10 09:57:50,961 - root - ERROR - Chunk 221: No Data! Returning LmfitResult with None.
2026-03-10 09:57:50,962 - root - ERROR - Chunk 222: No Data! Returning LmfitResult with None.
2026-03-10 09:57:50,975 - root - ERROR - Chunk 223: No Data! Returning LmfitResult with None.
2026-03-10 09:57:50,976 - root - ERROR - Chunk 224: No Data! Returning LmfitResult with None.
2026-03-10 09:57:50,977 - root - ERROR - Chunk 225: No Data! Returning LmfitResult with None.
2026-03-10 09:57:50,980 - root - ERROR - Chunk 226: No Data! Returning LmfitResult with None.
2026-03-10 09:57:50,982 - root - ERROR - Chunk 227: No Data! Returning LmfitResult with None.
2026-03-10 09:57:50,984 - root - ERROR - Chunk 228: No Data! Returning LmfitResult with None.
2026-03-10 09:57:50,986 - root - ERROR - Chunk 229: No Data! Returning LmfitResult with None.
2026-03-10 09:57:50,988 - root - ERROR - Chunk 230: No Data! Returning LmfitResult with None.
2026-03-10 09:57:50,989 - root - ERROR - Chunk 231: No Data! Returning LmfitResult with None.
2026-03-10 09:57:50,991 - root - ERROR - Chunk 232: No Data! Returning LmfitResult with None.
2026-03-10 09:57:50,992 - root - ERROR - Chunk 233: No Data! Returning LmfitResult with None.
2026-03-10 09:57:50,993 - root - ERROR - Chunk 234: No Data! Returning LmfitResult with None.
2026-03-10 09:57:50,995 - root - ERROR - Chunk 235: No Data! Returning LmfitResult with None.
2026-03-10 09:57:50,997 - root - ERROR - Chunk 236: No Data! Returning LmfitResult with None.
2026-03-10 09:57:50,998 - root - ERROR - Chunk 237: No Data! Returning LmfitResult with None.
2026-03-10 09:57:51,000 - root - ERROR - Chunk 238: No Data! Returning LmfitResult with None.
2026-03-10 09:57:51,003 - root - ERROR - Chunk 239: No Data! Returning LmfitResult with None.
2026-03-10 09:57:51,005 - root - ERROR - Chunk 240: No Data! Returning LmfitResult with None.
2026-03-10 09:57:51,008 - root - ERROR - Chunk 241: No Data! Returning LmfitResult with None.
2026-03-10 09:57:51,009 - root - ERROR - Chunk 242: No Data! Returning LmfitResult with None.
2026-03-10 09:57:51,011 - root - ERROR - Chunk 243: No Data! Returning LmfitResult with None.
2026-03-10 09:57:51,012 - root - ERROR - Chunk 244: No Data! Returning LmfitResult with None.
2026-03-10 09:57:51,014 - root - ERROR - Chunk 245: No Data! Returning LmfitResult with None.
2026-03-10 09:57:51,017 - root - ERROR - Chunk 246: No Data! Returning LmfitResult with None.
2026-03-10 09:57:51,019 - root - ERROR - Chunk 247: No Data! Returning LmfitResult with None.
2026-03-10 09:57:51,021 - root - ERROR - Chunk 248: No Data! Returning LmfitResult with None.
2026-03-10 09:57:51,023 - root - ERROR - Chunk 249: No Data! Returning LmfitResult with None.
2026-03-10 09:57:51,025 - root - ERROR - Chunk 250: No Data! Returning LmfitResult with None.
2026-03-10 09:57:51,027 - root - ERROR - Chunk 251: No Data! Returning LmfitResult with None.
2026-03-10 09:57:51,029 - root - ERROR - Chunk 252: No Data! Returning LmfitResult with None.
2026-03-10 09:57:51,031 - root - ERROR - Chunk 253: No Data! Returning LmfitResult with None.
2026-03-10 09:57:51,035 - root - ERROR - Chunk 254: No Data! Returning LmfitResult with None.
2026-03-10 09:57:51,037 - root - ERROR - Chunk 255: No Data! Returning LmfitResult with None.
2026-03-10 09:57:51,039 - root - ERROR - Chunk 256: No Data! Returning LmfitResult with None.
2026-03-10 09:57:51,041 - root - ERROR - Chunk 257: No Data! Returning LmfitResult with None.
2026-03-10 09:57:51,043 - root - ERROR - Chunk 258: No Data! Returning LmfitResult with None.
2026-03-10 09:57:51,044 - root - ERROR - Chunk 259: No Data! Returning LmfitResult with None.
2026-03-10 09:57:51,045 - root - ERROR - Chunk 260: No Data! Returning LmfitResult with None.
2026-03-10 09:57:51,046 - root - ERROR - Chunk 261: No Data! Returning LmfitResult with None.
2026-03-10 09:57:51,047 - root - ERROR - Chunk 262: No Data! Returning LmfitResult with None.
2026-03-10 09:57:51,048 - root - ERROR - Chunk 263: No Data! Returning LmfitResult with None.
2026-03-10 09:57:51,048 - root - ERROR - Chunk 264: No Data! Returning LmfitResult with None.
2026-03-10 09:57:51,049 - root - ERROR - Chunk 265: No Data! Returning LmfitResult with None.
2026-03-10 09:57:51,050 - root - ERROR - Chunk 266: No Data! Returning LmfitResult with None.
2026-03-10 09:57:51,051 - root - ERROR - Chunk 267: No Data! Returning LmfitResult with None.
2026-03-10 09:57:51,052 - root - ERROR - Chunk 268: No Data! Returning LmfitResult with None.
2026-03-10 09:57:51,053 - root - ERROR - Chunk 269: No Data! Returning LmfitResult with None.
2026-03-10 09:57:51,054 - root - ERROR - Chunk 270: No Data! Returning LmfitResult with None.
2026-03-10 09:57:51,055 - root - ERROR - Chunk 271: No Data! Returning LmfitResult with None.
2026-03-10 09:57:51,056 - root - ERROR - Chunk 272: No Data! Returning LmfitResult with None.
2026-03-10 09:57:51,057 - root - ERROR - Chunk 273: No Data! Returning LmfitResult with None.
2026-03-10 09:57:51,058 - root - ERROR - Chunk 274: No Data! Returning LmfitResult with None.
2026-03-10 09:57:51,059 - root - ERROR - Chunk 275: No Data! Returning LmfitResult with None.
2026-03-10 09:57:51,060 - root - ERROR - Chunk 276: No Data! Returning LmfitResult with None.
2026-03-10 09:57:51,061 - root - ERROR - Chunk 277: No Data! Returning LmfitResult with None.
2026-03-10 09:57:51,062 - root - ERROR - Chunk 278: No Data! Returning LmfitResult with None.
2026-03-10 09:57:51,063 - root - ERROR - Chunk 279: No Data! Returning LmfitResult with None.
2026-03-10 09:57:51,064 - root - ERROR - Chunk 280: No Data! Returning LmfitResult with None.
2026-03-10 09:57:51,237 - root - ERROR - NaN value detected in oversampled model function.
2026-03-10 09:57:51,238 - root - ERROR - <ParameterSet (values: 17)>
    cont_intercept  =  16395.560111868905
    cont_slope      =  -3.8216004941060415
    iod_depth       =  1.1191629934880765
    lsf_left_1      =  6.66363019968449
    lsf_left_2      =  -18.752541129501104
    lsf_left_3      =  2.81979082290394
    lsf_left_4      =  -1.5899243189773267
    lsf_left_5      =  0.40534361121469215
    lsf_right1      =  2.3898644999512784
    lsf_right2      =  -11.444719070321769
    lsf_right3      =  4.366619927752015
    lsf_right4      =  -2.3526678071251608
    lsf_right5      =  0.7956142045724865
    tem_depth       =  0.9755914338287287
    velocity        =  -26624.98125854036
    wave_intercept  =  4983.760467222683
    wave_slope      =  0.013274153413384776
2026-03-10 09:57:51,239 - root - ERROR - Evaluated LSF:
2026-03-10 09:57:51,240 - root - ERROR - [nan nan nan nan nan nan nan nan nan nan nan nan nan nan nan nan nan nan
 nan nan nan nan nan nan nan nan nan nan nan nan nan nan nan nan nan nan
 nan nan nan nan nan nan nan nan nan nan nan nan nan nan nan nan nan nan
 nan nan nan nan nan nan nan nan nan nan nan nan nan nan nan nan nan nan
 nan]
2026-03-10 09:57:51,815 - root - ERROR - NaN value detected in oversampled model function.
2026-03-10 09:57:51,854 - root - ERROR - <ParameterSet (values: 17)>
    cont_intercept  =  13290.110186467968
    cont_slope      =  -7.403148039667596
    iod_depth       =  0.6370202105501209
    lsf_left_1      =  4.357208217270158
    lsf_left_2      =  -16.468144494475418
    lsf_left_3      =  6.669187975308952
    lsf_left_4      =  -3.6923262169401174
    lsf_left_5      =  0.5878857095302334
    lsf_right1      =  9.338144111311241
    lsf_right2      =  -17.901415927804116
    lsf_right3      =  5.91249764042783
    lsf_right4      =  -2.1713133590187916
    lsf_right5      =  0.7173260485001991
    tem_depth       =  1.0034433054064833
    velocity        =  -24487.75473902857
    wave_intercept  =  4991.540844802967
    wave_slope      =  0.012639794167869532
2026-03-10 09:57:51,856 - root - ERROR - Evaluated LSF:
2026-03-10 09:57:51,857 - root - ERROR - [nan nan nan nan nan nan nan nan nan nan nan nan nan nan nan nan nan nan
 nan nan nan nan nan nan nan nan nan nan nan nan nan nan nan nan nan nan
 nan nan nan nan nan nan nan nan nan nan nan nan nan nan nan nan nan nan
 nan nan nan nan nan nan nan nan nan nan nan nan nan nan nan nan nan nan
 nan]
2026-03-10 09:57:51,937 - root - ERROR - NaN value detected in oversampled model function.
2026-03-10 09:57:51,938 - root - ERROR - <ParameterSet (values: 17)>
    cont_intercept  =  11759.559785886595
    cont_slope      =  -9.139170003365436
    iod_depth       =  0.7095235260928453
    lsf_left_1      =  2.2858451380708775
    lsf_left_2      =  -11.732608632432097
    lsf_left_3      =  1.2765958491792346
    lsf_left_4      =  -2.9333433019506696
    lsf_left_5      =  0.48165260680445116
    lsf_right1      =  10.189127068037095
    lsf_right2      =  -18.766749699797394
    lsf_right3      =  1.4584095394843566
    lsf_right4      =  -3.8291145308687113
    lsf_right5      =  0.689776745039648
    tem_depth       =  0.9626856675038071
    velocity        =  -24354.550587417674
    wave_intercept  =  4994.545831201431
    wave_slope      =  0.012435089348269042
2026-03-10 09:57:51,939 - root - ERROR - Evaluated LSF:
2026-03-10 09:57:51,940 - root - ERROR - [nan nan nan nan nan nan nan nan nan nan nan nan nan nan nan nan nan nan
 nan nan nan nan nan nan nan nan nan nan nan nan nan nan nan nan nan nan
 nan nan nan nan nan nan nan nan nan nan nan nan nan nan nan nan nan nan
 nan nan nan nan nan nan nan nan nan nan nan nan nan nan nan nan nan nan
 nan]
2026-03-10 09:57:52,161 - root - ERROR - NaN value detected in oversampled model function.
2026-03-10 09:57:52,163 - root - ERROR - <ParameterSet (values: 17)>
    cont_intercept  =  8195.164337557446
    cont_slope      =  -6.929206809558077
    iod_depth       =  1.05330191013069
    lsf_left_1      =  2.64421335335608
    lsf_left_2      =  -5.952905882521421
    lsf_left_3      =  3.893089499610275
    lsf_left_4      =  -3.522366650828679
    lsf_left_5      =  0.14186417950352248
    lsf_right1      =  2.3632950341466947
    lsf_right2      =  -12.930172061379421
    lsf_right3      =  6.38872848736944
    lsf_right4      =  -3.867329482315601
    lsf_right5      =  1.177492105670087
    tem_depth       =  1.00026491534629
    velocity        =  -24681.078839515343
    wave_intercept  =  5000.3651902201345
    wave_slope      =  0.011923510063632983
2026-03-10 09:57:52,164 - root - ERROR - Evaluated LSF:
2026-03-10 09:57:52,165 - root - ERROR - [nan nan nan nan nan nan nan nan nan nan nan nan nan nan nan nan nan nan
 nan nan nan nan nan nan nan nan nan nan nan nan nan nan nan nan nan nan
 nan nan nan nan nan nan nan nan nan nan nan nan nan nan nan nan nan nan
 nan nan nan nan nan nan nan nan nan nan nan nan nan nan nan nan nan nan
 nan]
2026-03-10 09:57:53,281 - root - ERROR - NaN value detected in oversampled model function.
2026-03-10 09:57:53,282 - root - ERROR - <ParameterSet (values: 17)>
    cont_intercept  =  7501.591785532743
    cont_slope      =  8.728867868468097
    iod_depth       =  1.0081720193945238
    lsf_left_1      =  6.709003381591063
    lsf_left_2      =  -18.836180261791956
    lsf_left_3      =  5.903035951098066
    lsf_left_4      =  -3.3315642714813336
    lsf_left_5      =  1.1577589824265984
    lsf_right1      =  4.944248762533024
    lsf_right2      =  -12.07694625114268
    lsf_right3      =  1.2956477658309606
    lsf_right4      =  -3.911441978750727
    lsf_right5      =  1.1422594720486583
    tem_depth       =  0.9788250575037505
    velocity        =  -24483.169533311575
    wave_intercept  =  4997.01671750836
    wave_slope      =  0.01551477082185925
2026-03-10 09:57:53,283 - root - ERROR - Evaluated LSF:
2026-03-10 09:57:53,284 - root - ERROR - [nan nan nan nan nan nan nan nan nan nan nan nan nan nan nan nan nan nan
 nan nan nan nan nan nan nan nan nan nan nan nan nan nan nan nan nan nan
 nan nan nan nan nan nan nan nan nan nan nan nan nan nan nan nan nan nan
 nan nan nan nan nan nan nan nan nan nan nan nan nan nan nan nan nan nan
 nan]
2026-03-10 09:57:53,823 - root - ERROR - NaN value detected in oversampled model function.
2026-03-10 09:57:53,828 - root - ERROR - <ParameterSet (values: 17)>
    cont_intercept  =  14597.72051561978
    cont_slope      =  8.859233232106376
    iod_depth       =  1.0154468296225314
    lsf_left_1      =  3.0903666278552486
    lsf_left_2      =  -17.22388167400919
    lsf_left_3      =  5.193932130665134
    lsf_left_4      =  -3.022878646096427
    lsf_left_5      =  0.48864864777978023
    lsf_right1      =  8.201960147174553
    lsf_right2      =  -18.36284685913871
    lsf_right3      =  8.933909193881206
    lsf_right4      =  -2.560711357383586
    lsf_right5      =  0.49017779583531945
    tem_depth       =  0.9760104811246744
    velocity        =  -24407.269166084046
    wave_intercept  =  5009.619595533494
    wave_slope      =  0.014565665226596374
2026-03-10 09:57:53,830 - root - ERROR - Evaluated LSF:
2026-03-10 09:57:53,831 - root - ERROR - [nan nan nan nan nan nan nan nan nan nan nan nan nan nan nan nan nan nan
 nan nan nan nan nan nan nan nan nan nan nan nan nan nan nan nan nan nan
 nan nan nan nan nan nan nan nan nan nan nan nan nan nan nan nan nan nan
 nan nan nan nan nan nan nan nan nan nan nan nan nan nan nan nan nan nan
 nan]
2026-03-10 09:58:20,639 - root - ERROR - NaN value detected in oversampled model function.
2026-03-10 09:58:20,640 - root - ERROR - <ParameterSet (values: 17)>
    cont_intercept  =  34994.36542072487
    cont_slope      =  1.061511507593029
    iod_depth       =  0.9831603534365762
    lsf_left_1      =  5.838792643520491
    lsf_left_2      =  -12.394342732613653
    lsf_left_3      =  1.9756337552981869
    lsf_left_4      =  -2.4527877112061622
    lsf_left_5      =  0.9884550078874978
    lsf_right1      =  5.406140544357384
    lsf_right2      =  -16.630039129076472
    lsf_right3      =  6.562494393384974
    lsf_right4      =  -3.837780577200508
    lsf_right5      =  1.2256008974190498
    tem_depth       =  1.119075901471224
    velocity        =  -24161.727754134707
    wave_intercept  =  5277.679900685129
    wave_slope      =  0.01461332744542993
2026-03-10 09:58:20,641 - root - ERROR - Evaluated LSF:
2026-03-10 09:58:20,642 - root - ERROR - [nan nan nan nan nan nan nan nan nan nan nan nan nan nan nan nan nan nan
 nan nan nan nan nan nan nan nan nan nan nan nan nan nan nan nan nan nan
 nan nan nan nan nan nan nan nan nan nan nan nan nan nan nan nan nan nan
 nan nan nan nan nan nan nan nan nan nan nan nan nan nan nan nan nan nan
 nan]
2026-03-10 09:58:25,956 - root - ERROR - NaN value detected in oversampled model function.
2026-03-10 09:58:25,958 - root - ERROR - <ParameterSet (values: 17)>
    cont_intercept  =  19777.124481428134
    cont_slope      =  -21.84294759577421
    iod_depth       =  1.0423283891126267
    lsf_left_1      =  2.8506626245273963
    lsf_left_2      =  -18.76310074964854
    lsf_left_3      =  5.585850594716108
    lsf_left_4      =  -3.8296880100262456
    lsf_left_5      =  0.6786963070376186
    lsf_right1      =  2.8836654028678765
    lsf_right2      =  -18.82145214180277
    lsf_right3      =  3.243529250757983
    lsf_right4      =  -2.743832100474187
    lsf_right5      =  1.1341878289462919
    tem_depth       =  1.0798347795979732
    velocity        =  -25042.61775764624
    wave_intercept  =  5346.655616186238
    wave_slope      =  0.012851481356612956
2026-03-10 09:58:25,959 - root - ERROR - Evaluated LSF:
2026-03-10 09:58:25,960 - root - ERROR - [nan nan nan nan nan nan nan nan nan nan nan nan nan nan nan nan nan nan
 nan nan nan nan nan nan nan nan nan nan nan nan nan nan nan nan nan nan
 nan nan nan nan nan nan nan nan nan nan nan nan nan nan nan nan nan nan
 nan nan nan nan nan nan nan nan nan nan nan nan nan nan nan nan nan nan
 nan]
2026-03-10 09:58:33,553 - root - ERROR - NaN value detected in oversampled model function.
2026-03-10 09:58:33,555 - root - ERROR - <ParameterSet (values: 17)>
    cont_intercept  =  30031.729613237003
    cont_slope      =  28.051196191562003
    iod_depth       =  1.1980621471128894
    lsf_left_1      =  3.3082675769913017
    lsf_left_2      =  -16.519079059918816
    lsf_left_3      =  1.9214760831921653
    lsf_left_4      =  -3.117720008867961
    lsf_left_5      =  0.15286929929299337
    lsf_right1      =  2.4140895826215107
    lsf_right2      =  -10.553362352872684
    lsf_right3      =  1.4311806382861405
    lsf_right4      =  -0.6288884458749311
    lsf_right5      =  0.14639850916279365
    tem_depth       =  1.0054417609679878
    velocity        =  -24078.680311393873
    wave_intercept  =  5410.49060581156
    wave_slope      =  0.01554230899958433
2026-03-10 09:58:33,556 - root - ERROR - Evaluated LSF:
2026-03-10 09:58:33,557 - root - ERROR - [nan nan nan nan nan nan nan nan nan nan nan nan nan nan nan nan nan nan
 nan nan nan nan nan nan nan nan nan nan nan nan nan nan nan nan nan nan
 nan nan nan nan nan nan nan nan nan nan nan nan nan nan nan nan nan nan
 nan nan nan nan nan nan nan nan nan nan nan nan nan nan nan nan nan nan
 nan]
2026-03-10 09:58:42,993 - root - ERROR - NaN value detected in oversampled model function.
2026-03-10 09:58:42,994 - root - ERROR - <ParameterSet (values: 17)>
    cont_intercept  =  46160.5282288142
    cont_slope      =  -5.345403776606419
    iod_depth       =  1.0169839017667601
    lsf_left_1      =  9.011148705193115
    lsf_left_2      =  -16.653616106257548
    lsf_left_3      =  1.2661866022198072
    lsf_left_4      =  -1.5659663623348368
    lsf_left_5      =  0.16419664007037635
    lsf_right1      =  2.458347050640836
    lsf_right2      =  -15.2164032727198
    lsf_right3      =  8.150828615075238
    lsf_right4      =  -3.3291299614068697
    lsf_right5      =  0.24535662286353196
    tem_depth       =  1.0274662446324851
    velocity        =  -24148.274589486125
    wave_intercept  =  5520.801686619121
    wave_slope      =  0.014823834693793546
2026-03-10 09:58:42,995 - root - ERROR - Evaluated LSF:
2026-03-10 09:58:42,996 - root - ERROR - [nan nan nan nan nan nan nan nan nan nan nan nan nan nan nan nan nan nan
 nan nan nan nan nan nan nan nan nan nan nan nan nan nan nan nan nan nan
 nan nan nan nan nan nan nan nan nan nan nan nan nan nan nan nan nan nan
 nan nan nan nan nan nan nan nan nan nan nan nan nan nan nan nan nan nan
 nan]
2026-03-10 09:58:54,443 - root - ERROR - NaN value detected in oversampled model function.
2026-03-10 09:58:54,444 - root - ERROR - <ParameterSet (values: 17)>
    cont_intercept  =  40056.002307334
    cont_slope      =  21.138092233508495
    iod_depth       =  1.1768136674395633
    lsf_left_1      =  6.142103675740194
    lsf_left_2      =  -17.344591672594028
    lsf_left_3      =  2.147279093408569
    lsf_left_4      =  -3.439056232409579
    lsf_left_5      =  0.4265496627356609
    lsf_right1      =  4.364326502068851
    lsf_right2      =  -15.974500632847102
    lsf_right3      =  10.967306022279129
    lsf_right4      =  -3.375836092458367
    lsf_right5      =  0.4759522963824255
    tem_depth       =  1.0062027935545323
    velocity        =  -24552.270520546124
    wave_intercept  =  5653.048595875251
    wave_slope      =  0.016845281109687534
2026-03-10 09:58:54,445 - root - ERROR - Evaluated LSF:
2026-03-10 09:58:54,446 - root - ERROR - [nan nan nan nan nan nan nan nan nan nan nan nan nan nan nan nan nan nan
 nan nan nan nan nan nan nan nan nan nan nan nan nan nan nan nan nan nan
 nan nan nan nan nan nan nan nan nan nan nan nan nan nan nan nan nan nan
 nan nan nan nan nan nan nan nan nan nan nan nan nan nan nan nan nan nan
 nan]
2026-03-10 09:59:02,946 - root - ERROR - NaN value detected in oversampled model function.
2026-03-10 09:59:02,948 - root - ERROR - <ParameterSet (values: 17)>
    cont_intercept  =  14897.39398137836
    cont_slope      =  -11.623351677988818
    iod_depth       =  0.9879603657869735
    lsf_left_1      =  5.93712059084879
    lsf_left_2      =  -14.255012812802189
    lsf_left_3      =  2.3385692102652547
    lsf_left_4      =  -1.5450623177609928
    lsf_left_5      =  0.7167963328336109
    lsf_right1      =  4.441740053994379
    lsf_right2      =  -13.203849297437994
    lsf_right3      =  6.612447473281047
    lsf_right4      =  -3.9201177814341155
    lsf_right5      =  1.245478990987277
    tem_depth       =  0.9829481354983258
    velocity        =  -24408.90372606299
    wave_intercept  =  5759.107952456258
    wave_slope      =  0.012751336228494203
2026-03-10 09:59:02,950 - root - ERROR - Evaluated LSF:
2026-03-10 09:59:02,952 - root - ERROR - [nan nan nan nan nan nan nan nan nan nan nan nan nan nan nan nan nan nan
 nan nan nan nan nan nan nan nan nan nan nan nan nan nan nan nan nan nan
 nan nan nan nan nan nan nan nan nan nan nan nan nan nan nan nan nan nan
 nan nan nan nan nan nan nan nan nan nan nan nan nan nan nan nan nan nan
 nan]
2026-03-10 09:59:11,927 - root - ERROR - NaN value detected in oversampled model function.
2026-03-10 09:59:11,930 - root - ERROR - <ParameterSet (values: 17)>
    cont_intercept  =  53145.50807058081
    cont_slope      =  -37.48354591482487
    iod_depth       =  1.002453191836624
    lsf_left_1      =  2.278378061176127
    lsf_left_2      =  -13.872280577735095
    lsf_left_3      =  1.7994590443960976
    lsf_left_4      =  -2.551095260141694
    lsf_left_5      =  1.1974662084626146
    lsf_right1      =  6.997680756524675
    lsf_right2      =  -18.494445961805866
    lsf_right3      =  10.574082140840261
    lsf_right4      =  -3.893473990997131
    lsf_right5      =  0.5333585051709939
    tem_depth       =  0.9505646856594268
    velocity        =  -24757.041116667635
    wave_intercept  =  5845.42192764526
    wave_slope      =  0.014920813878822617
2026-03-10 09:59:11,931 - root - ERROR - Evaluated LSF:
2026-03-10 09:59:11,932 - root - ERROR - [nan nan nan nan nan nan nan nan nan nan nan nan nan nan nan nan nan nan
 nan nan nan nan nan nan nan nan nan nan nan nan nan nan nan nan nan nan
 nan nan nan nan nan nan nan nan nan nan nan nan nan nan nan nan nan nan
 nan nan nan nan nan nan nan nan nan nan nan nan nan nan nan nan nan nan
 nan]
2026-03-10 09:59:25,476 - root - ERROR - NaN value detected in oversampled model function.
2026-03-10 09:59:25,477 - root - ERROR - <ParameterSet (values: 17)>
    cont_intercept  =  32843.93460352241
    cont_slope      =  -23.319799543773993
    iod_depth       =  0.8576725920545091
    lsf_left_1      =  5.51582446135758
    lsf_left_2      =  -13.131658258043014
    lsf_left_3      =  2.4992481839891423
    lsf_left_4      =  -3.165310007920252
    lsf_left_5      =  0.13931784502871733
    lsf_right1      =  7.853581404426893
    lsf_right2      =  -17.97935829016177
    lsf_right3      =  1.8863448765828363
    lsf_right4      =  -3.916363834339439
    lsf_right5      =  1.243979681678748
    tem_depth       =  0.978857019534526
    velocity        =  -24466.53653637568
    wave_intercept  =  6031.488885915286
    wave_slope      =  0.014225078097402314
2026-03-10 09:59:25,478 - root - ERROR - Evaluated LSF:
2026-03-10 09:59:25,479 - root - ERROR - [nan nan nan nan nan nan nan nan nan nan nan nan nan nan nan nan nan nan
 nan nan nan nan nan nan nan nan nan nan nan nan nan nan nan nan nan nan
 nan nan nan nan nan nan nan nan nan nan nan nan nan nan nan nan nan nan
 nan nan nan nan nan nan nan nan nan nan nan nan nan nan nan nan nan nan
 nan]
2026-03-10 09:59:26,538 - root - ERROR - NaN value detected in oversampled model function.
2026-03-10 09:59:26,539 - root - ERROR - <ParameterSet (values: 17)>
    cont_intercept  =  32773.77398950727
    cont_slope      =  46.99319075114165
    iod_depth       =  0.4274999669265534
    lsf_left_1      =  11.606854351449707
    lsf_left_2      =  -18.84590989823094
    lsf_left_3      =  4.827705457209367
    lsf_left_4      =  -0.5667080453395767
    lsf_left_5      =  0.1437391849914038
    lsf_right1      =  2.542550648393388
    lsf_right2      =  -18.845410567195906
    lsf_right3      =  8.494185190235841
    lsf_right4      =  -3.0422651655665587
    lsf_right5      =  0.26684547139448767
    tem_depth       =  0.8957338530727592
    velocity        =  -24729.23104397639
    wave_intercept  =  6029.274828414019
    wave_slope      =  0.019291673987972494
2026-03-10 09:59:26,541 - root - ERROR - Evaluated LSF:
2026-03-10 09:59:26,542 - root - ERROR - [nan nan nan nan nan nan nan nan nan nan nan nan nan nan nan nan nan nan
 nan nan nan nan nan nan nan nan nan nan nan nan nan nan nan nan nan nan
 nan nan nan nan nan nan nan nan nan nan nan nan nan nan nan nan nan nan
 nan nan nan nan nan nan nan nan nan nan nan nan nan nan nan nan nan nan
 nan]
2026-03-10 09:59:27,478 - root - ERROR - NaN value detected in oversampled model function.
2026-03-10 09:59:27,480 - root - ERROR - <ParameterSet (values: 17)>
    cont_intercept  =  64996.929419829925
    cont_slope      =  25.13488850661553
    iod_depth       =  0.984763312177895
    lsf_left_1      =  3.987864516902751
    lsf_left_2      =  -17.927047480286234
    lsf_left_3      =  1.4459204721771974
    lsf_left_4      =  -0.7539681191791976
    lsf_left_5      =  0.7107160104547399
    lsf_right1      =  6.3482052703272025
    lsf_right2      =  -15.833753311113703
    lsf_right3      =  8.657426081764369
    lsf_right4      =  -2.1042145323777195
    lsf_right5      =  0.29488357333683934
    tem_depth       =  0.9850417405970826
    velocity        =  -24776.417500706506
    wave_intercept  =  6046.999077160433
    wave_slope      =  0.0178797101977519
2026-03-10 09:59:27,481 - root - ERROR - Evaluated LSF:
2026-03-10 09:59:27,482 - root - ERROR - [nan nan nan nan nan nan nan nan nan nan nan nan nan nan nan nan nan nan
 nan nan nan nan nan nan nan nan nan nan nan nan nan nan nan nan nan nan
 nan nan nan nan nan nan nan nan nan nan nan nan nan nan nan nan nan nan
 nan nan nan nan nan nan nan nan nan nan nan nan nan nan nan nan nan nan
 nan]
2026-03-10 09:59:34,580 - root - ERROR - NaN value detected in oversampled model function.
2026-03-10 09:59:34,582 - root - ERROR - <ParameterSet (values: 17)>
    cont_intercept  =  31964.358532665745
    cont_slope      =  40.340374535212696
    iod_depth       =  0.21274431625072557
    lsf_left_1      =  2.6865948532755346
    lsf_left_2      =  -18.835753115054736
    lsf_left_3      =  10.616631319293806
    lsf_left_4      =  -2.115005902079746
    lsf_left_5      =  0.14053539878290547
    lsf_right1      =  4.990778653407858
    lsf_right2      =  -16.888455539164706
    lsf_right3      =  1.8395628730822065
    lsf_right4      =  -2.6840185022499456
    lsf_right5      =  0.7692179781037728
    tem_depth       =  0.9901551081571058
    velocity        =  -24821.82923487606
    wave_intercept  =  6151.076013939718
    wave_slope      =  0.020337928582577942
2026-03-10 09:59:34,584 - root - ERROR - Evaluated LSF:
2026-03-10 09:59:34,585 - root - ERROR - [nan nan nan nan nan nan nan nan nan nan nan nan nan nan nan nan nan nan
 nan nan nan nan nan nan nan nan nan nan nan nan nan nan nan nan nan nan
 nan nan nan nan nan nan nan nan nan nan nan nan nan nan nan nan nan nan
 nan nan nan nan nan nan nan nan nan nan nan nan nan nan nan nan nan nan
 nan]
2026-03-10 09:59:35,946 - root - ERROR - NaN value detected in oversampled model function.
2026-03-10 09:59:35,947 - root - ERROR - <ParameterSet (values: 17)>
    cont_intercept  =  74736.3184197584
    cont_slope      =  13.260987362779435
    iod_depth       =  0.9255085568033018
    lsf_left_1      =  6.307622284121183
    lsf_left_2      =  -18.837068619288598
    lsf_left_3      =  4.270384427333599
    lsf_left_4      =  -1.230258389859197
    lsf_left_5      =  0.13975978344393516
    lsf_right1      =  2.677646351562693
    lsf_right2      =  -18.245377517071685
    lsf_right3      =  1.446718505457037
    lsf_right4      =  -3.680997675521498
    lsf_right5      =  1.2230918069399177
    tem_depth       =  0.988262557503902
    velocity        =  -24456.33569264445
    wave_intercept  =  6177.702602237386
    wave_slope      =  0.017542392081899463
2026-03-10 09:59:35,948 - root - ERROR - Evaluated LSF:
2026-03-10 09:59:35,949 - root - ERROR - [nan nan nan nan nan nan nan nan nan nan nan nan nan nan nan nan nan nan
 nan nan nan nan nan nan nan nan nan nan nan nan nan nan nan nan nan nan
 nan nan nan nan nan nan nan nan nan nan nan nan nan nan nan nan nan nan
 nan nan nan nan nan nan nan nan nan nan nan nan nan nan nan nan nan nan
 nan]
2026-03-10 09:59:38,029 - root - ERROR - NaN value detected in oversampled model function.
2026-03-10 09:59:38,030 - root - ERROR - <ParameterSet (values: 17)>
    cont_intercept  =  50618.58160847599
    cont_slope      =  -30.90062064139581
    iod_depth       =  0.9352425996052746
    lsf_left_1      =  2.280837887871771
    lsf_left_2      =  -8.863964071760623
    lsf_left_3      =  1.3336691848334405
    lsf_left_4      =  -3.90457821779607
    lsf_left_5      =  0.9336036143714589
    lsf_right1      =  5.365445953135135
    lsf_right2      =  -15.284005869558532
    lsf_right3      =  1.6086255572515817
    lsf_right4      =  -3.8154652034296523
    lsf_right5      =  1.0723040004472915
    tem_depth       =  0.9992040679453078
    velocity        =  -24291.043441426817
    wave_intercept  =  6207.089563082518
    wave_slope      =  0.015225308073478747
2026-03-10 09:59:38,032 - root - ERROR - Evaluated LSF:
2026-03-10 09:59:38,033 - root - ERROR - [nan nan nan nan nan nan nan nan nan nan nan nan nan nan nan nan nan nan
 nan nan nan nan nan nan nan nan nan nan nan nan nan nan nan nan nan nan
 nan nan nan nan nan nan nan nan nan nan nan nan nan nan nan nan nan nan
 nan nan nan nan nan nan nan nan nan nan nan nan nan nan nan nan nan nan
 nan]
2026-03-10 09:59:38,209 - root - ERROR - NaN value detected in oversampled model function.
2026-03-10 09:59:38,210 - root - ERROR - <ParameterSet (values: 17)>
    cont_intercept  =  41953.87708701117
    cont_slope      =  -24.65437933592297
    iod_depth       =  0.8373516633382198
    lsf_left_1      =  6.085697016352292
    lsf_left_2      =  -18.591209933609143
    lsf_left_3      =  1.257827808304522
    lsf_left_4      =  -1.5109244441897416
    lsf_left_5      =  0.3719876314510284
    lsf_right1      =  2.2895238558175746
    lsf_right2      =  -18.122324271357154
    lsf_right3      =  10.954032736097808
    lsf_right4      =  -3.622591615459228
    lsf_right5      =  0.17253859923107268
    tem_depth       =  0.9792844882226354
    velocity        =  -24426.1283810928
    wave_intercept  =  6210.715919569392
    wave_slope      =  0.014952537281837546
2026-03-10 09:59:38,211 - root - ERROR - Evaluated LSF:
2026-03-10 09:59:38,212 - root - ERROR - [nan nan nan nan nan nan nan nan nan nan nan nan nan nan nan nan nan nan
 nan nan nan nan nan nan nan nan nan nan nan nan nan nan nan nan nan nan
 nan nan nan nan nan nan nan nan nan nan nan nan nan nan nan nan nan nan
 nan nan nan nan nan nan nan nan nan nan nan nan nan nan nan nan nan nan
 nan]
2026-03-10 09:59:40,082 - root - ERROR - NaN value detected in oversampled model function.
2026-03-10 09:59:40,083 - root - ERROR - <ParameterSet (values: 17)>
    cont_intercept  =  63937.04456638709
    cont_slope      =  27.479047669552397
    iod_depth       =  0.7197279505238497
    lsf_left_1      =  3.769018552361122
    lsf_left_2      =  -11.390935170907932
    lsf_left_3      =  7.361742099891524
    lsf_left_4      =  -3.024380218711039
    lsf_left_5      =  0.5089007097013261
    lsf_right1      =  5.283033948794261
    lsf_right2      =  -12.286261399748518
    lsf_right3      =  4.152569935503012
    lsf_right4      =  -3.060206291235699
    lsf_right5      =  1.0386716053963672
    tem_depth       =  0.9813166847154465
    velocity        =  -24479.817800611672
    wave_intercept  =  6232.070001694115
    wave_slope      =  0.018360058113423585
2026-03-10 09:59:40,084 - root - ERROR - Evaluated LSF:
2026-03-10 09:59:40,084 - root - ERROR - [nan nan nan nan nan nan nan nan nan nan nan nan nan nan nan nan nan nan
 nan nan nan nan nan nan nan nan nan nan nan nan nan nan nan nan nan nan
 nan nan nan nan nan nan nan nan nan nan nan nan nan nan nan nan nan nan
 nan nan nan nan nan nan nan nan nan nan nan nan nan nan nan nan nan nan
 nan]
2026-03-10 09:59:40,409 - root - ERROR - NaN value detected in oversampled model function.
2026-03-10 09:59:40,411 - root - ERROR - <ParameterSet (values: 17)>
    cont_intercept  =  66059.60888202408
    cont_slope      =  6.439875690128152
    iod_depth       =  0.9557173192992978
    lsf_left_1      =  7.417617180108755
    lsf_left_2      =  -18.697701363382066
    lsf_left_3      =  9.477018891227264
    lsf_left_4      =  -3.4641723793195363
    lsf_left_5      =  0.536269663073469
    lsf_right1      =  2.7366175994570243
    lsf_right2      =  -18.46686838992663
    lsf_right3      =  5.899567214863644
    lsf_right4      =  -3.559180600145452
    lsf_right5      =  1.2223425724680501
    tem_depth       =  1.0131018221603985
    velocity        =  -24402.919175011353
    wave_intercept  =  6242.856837957106
    wave_slope      =  0.01758627713087018
2026-03-10 09:59:40,412 - root - ERROR - Evaluated LSF:
2026-03-10 09:59:40,413 - root - ERROR - [nan nan nan nan nan nan nan nan nan nan nan nan nan nan nan nan nan nan
 nan nan nan nan nan nan nan nan nan nan nan nan nan nan nan nan nan nan
 nan nan nan nan nan nan nan nan nan nan nan nan nan nan nan nan nan nan
 nan nan nan nan nan nan nan nan nan nan nan nan nan nan nan nan nan nan
 nan]
2026-03-10 09:59:42,151 - root - ERROR - Polynomial fitting failed. Falling back to input values
Traceback (most recent call last):
  File "/Users/jaklusmeyer/SONG/pyodine/pyodine/lib/misc.py", line 529, in fit_polynomial
    pfit, stats = np.polynomial.Polynomial.fit(
  File "/Users/jaklusmeyer/miniconda/envs/pyodine_env/lib/python3.9/site-packages/numpy/polynomial/_polybase.py", line 1036, in fit
    xnew = pu.mapdomain(x, domain, window)
  File "/Users/jaklusmeyer/miniconda/envs/pyodine_env/lib/python3.9/site-packages/numpy/polynomial/polyutils.py", line 371, in mapdomain
    off, scl = mapparms(old, new)
  File "/Users/jaklusmeyer/miniconda/envs/pyodine_env/lib/python3.9/site-packages/numpy/polynomial/polyutils.py", line 303, in mapparms
    off = (old[1]*new[0] - old[0]*new[1])/oldlen
ZeroDivisionError: division by zero
2026-03-10 09:59:42,153 - root - ERROR - Polynomial fitting failed. Falling back to input values
Traceback (most recent call last):
  File "/Users/jaklusmeyer/SONG/pyodine/pyodine/lib/misc.py", line 529, in fit_polynomial
    pfit, stats = np.polynomial.Polynomial.fit(
  File "/Users/jaklusmeyer/miniconda/envs/pyodine_env/lib/python3.9/site-packages/numpy/polynomial/_polybase.py", line 1036, in fit
    xnew = pu.mapdomain(x, domain, window)
  File "/Users/jaklusmeyer/miniconda/envs/pyodine_env/lib/python3.9/site-packages/numpy/polynomial/polyutils.py", line 371, in mapdomain
    off, scl = mapparms(old, new)
  File "/Users/jaklusmeyer/miniconda/envs/pyodine_env/lib/python3.9/site-packages/numpy/polynomial/polyutils.py", line 303, in mapparms
    off = (old[1]*new[0] - old[0]*new[1])/oldlen
ZeroDivisionError: division by zero
2026-03-10 09:59:42,154 - root - ERROR - Polynomial fitting failed. Falling back to input values
Traceback (most recent call last):
  File "/Users/jaklusmeyer/SONG/pyodine/pyodine/lib/misc.py", line 529, in fit_polynomial
    pfit, stats = np.polynomial.Polynomial.fit(
  File "/Users/jaklusmeyer/miniconda/envs/pyodine_env/lib/python3.9/site-packages/numpy/polynomial/_polybase.py", line 1036, in fit
    xnew = pu.mapdomain(x, domain, window)
  File "/Users/jaklusmeyer/miniconda/envs/pyodine_env/lib/python3.9/site-packages/numpy/polynomial/polyutils.py", line 371, in mapdomain
    off, scl = mapparms(old, new)
  File "/Users/jaklusmeyer/miniconda/envs/pyodine_env/lib/python3.9/site-packages/numpy/polynomial/polyutils.py", line 303, in mapparms
    off = (old[1]*new[0] - old[0]*new[1])/oldlen
ZeroDivisionError: division by zero
2026-03-10 09:59:42,156 - root - ERROR - Polynomial fitting failed. Falling back to input values
Traceback (most recent call last):
  File "/Users/jaklusmeyer/SONG/pyodine/pyodine/lib/misc.py", line 529, in fit_polynomial
    pfit, stats = np.polynomial.Polynomial.fit(
  File "/Users/jaklusmeyer/miniconda/envs/pyodine_env/lib/python3.9/site-packages/numpy/polynomial/_polybase.py", line 1036, in fit
    xnew = pu.mapdomain(x, domain, window)
  File "/Users/jaklusmeyer/miniconda/envs/pyodine_env/lib/python3.9/site-packages/numpy/polynomial/polyutils.py", line 371, in mapdomain
    off, scl = mapparms(old, new)
  File "/Users/jaklusmeyer/miniconda/envs/pyodine_env/lib/python3.9/site-packages/numpy/polynomial/polyutils.py", line 303, in mapparms
    off = (old[1]*new[0] - old[0]*new[1])/oldlen
ZeroDivisionError: division by zero
2026-03-10 09:59:42,157 - root - ERROR - Polynomial fitting failed. Falling back to input values
Traceback (most recent call last):
  File "/Users/jaklusmeyer/SONG/pyodine/pyodine/lib/misc.py", line 529, in fit_polynomial
    pfit, stats = np.polynomial.Polynomial.fit(
  File "/Users/jaklusmeyer/miniconda/envs/pyodine_env/lib/python3.9/site-packages/numpy/polynomial/_polybase.py", line 1036, in fit
    xnew = pu.mapdomain(x, domain, window)
  File "/Users/jaklusmeyer/miniconda/envs/pyodine_env/lib/python3.9/site-packages/numpy/polynomial/polyutils.py", line 371, in mapdomain
    off, scl = mapparms(old, new)
  File "/Users/jaklusmeyer/miniconda/envs/pyodine_env/lib/python3.9/site-packages/numpy/polynomial/polyutils.py", line 303, in mapparms
    off = (old[1]*new[0] - old[0]*new[1])/oldlen
ZeroDivisionError: division by zero
2026-03-10 09:59:42,159 - root - ERROR - Polynomial fitting failed. Falling back to input values
Traceback (most recent call last):
  File "/Users/jaklusmeyer/SONG/pyodine/pyodine/lib/misc.py", line 529, in fit_polynomial
    pfit, stats = np.polynomial.Polynomial.fit(
  File "/Users/jaklusmeyer/miniconda/envs/pyodine_env/lib/python3.9/site-packages/numpy/polynomial/_polybase.py", line 1036, in fit
    xnew = pu.mapdomain(x, domain, window)
  File "/Users/jaklusmeyer/miniconda/envs/pyodine_env/lib/python3.9/site-packages/numpy/polynomial/polyutils.py", line 371, in mapdomain
    off, scl = mapparms(old, new)
  File "/Users/jaklusmeyer/miniconda/envs/pyodine_env/lib/python3.9/site-packages/numpy/polynomial/polyutils.py", line 303, in mapparms
    off = (old[1]*new[0] - old[0]*new[1])/oldlen
ZeroDivisionError: division by zero
2026-03-10 09:59:42,160 - root - ERROR - Polynomial fitting failed. Falling back to input values
Traceback (most recent call last):
  File "/Users/jaklusmeyer/SONG/pyodine/pyodine/lib/misc.py", line 529, in fit_polynomial
    pfit, stats = np.polynomial.Polynomial.fit(
  File "/Users/jaklusmeyer/miniconda/envs/pyodine_env/lib/python3.9/site-packages/numpy/polynomial/_polybase.py", line 1036, in fit
    xnew = pu.mapdomain(x, domain, window)
  File "/Users/jaklusmeyer/miniconda/envs/pyodine_env/lib/python3.9/site-packages/numpy/polynomial/polyutils.py", line 371, in mapdomain
    off, scl = mapparms(old, new)
  File "/Users/jaklusmeyer/miniconda/envs/pyodine_env/lib/python3.9/site-packages/numpy/polynomial/polyutils.py", line 303, in mapparms
    off = (old[1]*new[0] - old[0]*new[1])/oldlen
ZeroDivisionError: division by zero
2026-03-10 09:59:42,170 - root - ERROR - Polynomial fitting failed. Falling back to input values
Traceback (most recent call last):
  File "/Users/jaklusmeyer/SONG/pyodine/pyodine/lib/misc.py", line 529, in fit_polynomial
    pfit, stats = np.polynomial.Polynomial.fit(
  File "/Users/jaklusmeyer/miniconda/envs/pyodine_env/lib/python3.9/site-packages/numpy/polynomial/_polybase.py", line 1036, in fit
    xnew = pu.mapdomain(x, domain, window)
  File "/Users/jaklusmeyer/miniconda/envs/pyodine_env/lib/python3.9/site-packages/numpy/polynomial/polyutils.py", line 371, in mapdomain
    off, scl = mapparms(old, new)
  File "/Users/jaklusmeyer/miniconda/envs/pyodine_env/lib/python3.9/site-packages/numpy/polynomial/polyutils.py", line 303, in mapparms
    off = (old[1]*new[0] - old[0]*new[1])/oldlen
ZeroDivisionError: division by zero
2026-03-10 09:59:42,172 - root - ERROR - Polynomial fitting failed. Falling back to input values
Traceback (most recent call last):
  File "/Users/jaklusmeyer/SONG/pyodine/pyodine/lib/misc.py", line 529, in fit_polynomial
    pfit, stats = np.polynomial.Polynomial.fit(
  File "/Users/jaklusmeyer/miniconda/envs/pyodine_env/lib/python3.9/site-packages/numpy/polynomial/_polybase.py", line 1036, in fit
    xnew = pu.mapdomain(x, domain, window)
  File "/Users/jaklusmeyer/miniconda/envs/pyodine_env/lib/python3.9/site-packages/numpy/polynomial/polyutils.py", line 371, in mapdomain
    off, scl = mapparms(old, new)
  File "/Users/jaklusmeyer/miniconda/envs/pyodine_env/lib/python3.9/site-packages/numpy/polynomial/polyutils.py", line 303, in mapparms
    off = (old[1]*new[0] - old[0]*new[1])/oldlen
ZeroDivisionError: division by zero
2026-03-10 09:59:42,173 - root - ERROR - Polynomial fitting failed. Falling back to input values
Traceback (most recent call last):
  File "/Users/jaklusmeyer/SONG/pyodine/pyodine/lib/misc.py", line 529, in fit_polynomial
    pfit, stats = np.polynomial.Polynomial.fit(
  File "/Users/jaklusmeyer/miniconda/envs/pyodine_env/lib/python3.9/site-packages/numpy/polynomial/_polybase.py", line 1036, in fit
    xnew = pu.mapdomain(x, domain, window)
  File "/Users/jaklusmeyer/miniconda/envs/pyodine_env/lib/python3.9/site-packages/numpy/polynomial/polyutils.py", line 371, in mapdomain
    off, scl = mapparms(old, new)
  File "/Users/jaklusmeyer/miniconda/envs/pyodine_env/lib/python3.9/site-packages/numpy/polynomial/polyutils.py", line 303, in mapparms
    off = (old[1]*new[0] - old[0]*new[1])/oldlen
ZeroDivisionError: division by zero
2026-03-10 09:59:42,175 - root - ERROR - Polynomial fitting failed. Falling back to input values
Traceback (most recent call last):
  File "/Users/jaklusmeyer/SONG/pyodine/pyodine/lib/misc.py", line 529, in fit_polynomial
    pfit, stats = np.polynomial.Polynomial.fit(
  File "/Users/jaklusmeyer/miniconda/envs/pyodine_env/lib/python3.9/site-packages/numpy/polynomial/_polybase.py", line 1036, in fit
    xnew = pu.mapdomain(x, domain, window)
  File "/Users/jaklusmeyer/miniconda/envs/pyodine_env/lib/python3.9/site-packages/numpy/polynomial/polyutils.py", line 371, in mapdomain
    off, scl = mapparms(old, new)
  File "/Users/jaklusmeyer/miniconda/envs/pyodine_env/lib/python3.9/site-packages/numpy/polynomial/polyutils.py", line 303, in mapparms
    off = (old[1]*new[0] - old[0]*new[1])/oldlen
ZeroDivisionError: division by zero
2026-03-10 09:59:42,176 - root - ERROR - Polynomial fitting failed. Falling back to input values
Traceback (most recent call last):
  File "/Users/jaklusmeyer/SONG/pyodine/pyodine/lib/misc.py", line 529, in fit_polynomial
    pfit, stats = np.polynomial.Polynomial.fit(
  File "/Users/jaklusmeyer/miniconda/envs/pyodine_env/lib/python3.9/site-packages/numpy/polynomial/_polybase.py", line 1036, in fit
    xnew = pu.mapdomain(x, domain, window)
  File "/Users/jaklusmeyer/miniconda/envs/pyodine_env/lib/python3.9/site-packages/numpy/polynomial/polyutils.py", line 371, in mapdomain
    off, scl = mapparms(old, new)
  File "/Users/jaklusmeyer/miniconda/envs/pyodine_env/lib/python3.9/site-packages/numpy/polynomial/polyutils.py", line 303, in mapparms
    off = (old[1]*new[0] - old[0]*new[1])/oldlen
ZeroDivisionError: division by zero
2026-03-10 09:59:42,177 - root - ERROR - Polynomial fitting failed. Falling back to input values
Traceback (most recent call last):
  File "/Users/jaklusmeyer/SONG/pyodine/pyodine/lib/misc.py", line 529, in fit_polynomial
    pfit, stats = np.polynomial.Polynomial.fit(
  File "/Users/jaklusmeyer/miniconda/envs/pyodine_env/lib/python3.9/site-packages/numpy/polynomial/_polybase.py", line 1036, in fit
    xnew = pu.mapdomain(x, domain, window)
  File "/Users/jaklusmeyer/miniconda/envs/pyodine_env/lib/python3.9/site-packages/numpy/polynomial/polyutils.py", line 371, in mapdomain
    off, scl = mapparms(old, new)
  File "/Users/jaklusmeyer/miniconda/envs/pyodine_env/lib/python3.9/site-packages/numpy/polynomial/polyutils.py", line 303, in mapparms
    off = (old[1]*new[0] - old[0]*new[1])/oldlen
ZeroDivisionError: division by zero
2026-03-10 09:59:42,178 - root - ERROR - Polynomial fitting failed. Falling back to input values
Traceback (most recent call last):
  File "/Users/jaklusmeyer/SONG/pyodine/pyodine/lib/misc.py", line 529, in fit_polynomial
    pfit, stats = np.polynomial.Polynomial.fit(
  File "/Users/jaklusmeyer/miniconda/envs/pyodine_env/lib/python3.9/site-packages/numpy/polynomial/_polybase.py", line 1036, in fit
    xnew = pu.mapdomain(x, domain, window)
  File "/Users/jaklusmeyer/miniconda/envs/pyodine_env/lib/python3.9/site-packages/numpy/polynomial/polyutils.py", line 371, in mapdomain
    off, scl = mapparms(old, new)
  File "/Users/jaklusmeyer/miniconda/envs/pyodine_env/lib/python3.9/site-packages/numpy/polynomial/polyutils.py", line 303, in mapparms
    off = (old[1]*new[0] - old[0]*new[1])/oldlen
ZeroDivisionError: division by zero
2026-03-10 09:59:44,927 - root - ERROR - NaN value detected in iodine function.
2026-03-10 09:59:44,929 - root - ERROR - Chunk could not be plotted
Traceback (most recent call last):
  File "/Users/jaklusmeyer/SONG/pyodine/pyodine/plot_lib.py", line 62, in plot_chunkmodel
    sp = fit_results[chunk_nr].fitted_spectrum
  File "/Users/jaklusmeyer/SONG/pyodine/pyodine/fitters/base.py", line 45, in fitted_spectrum
    return self.model.eval_spectrum(self.chunk, self.params, chunk_ind=self.chunk_ind)
  File "/Users/jaklusmeyer/SONG/pyodine/pyodine/models/base.py", line 79, in eval_spectrum
    flux = self.eval(chunk, params, chunk_ind=chunk_ind, **kwargs)
  File "/Users/jaklusmeyer/SONG/pyodine/pyodine/models/spectrum.py", line 138, in eval
    tck = splrep(tem.wave * doppler, flux_tem, s=0)
  File "/Users/jaklusmeyer/miniconda/envs/pyodine_env/lib/python3.9/site-packages/scipy/interpolate/_fitpack_py.py", line 295, in splrep
    res = _impl.splrep(x, y, w, xb, xe, k, task, s, t, full_output, per, quiet)
  File "/Users/jaklusmeyer/miniconda/envs/pyodine_env/lib/python3.9/site-packages/scipy/interpolate/_fitpack_impl.py", line 276, in splrep
    n, c, fp, ier = dfitpack.curfit(task, x, y, w, t, wrk, iwrk,
dfitpack.error: (xb<=x[0]) failed for 1st keyword xb: curfit:xb=nan
2026-03-10 09:59:45,249 - root - ERROR - NaN value detected in iodine function.
2026-03-10 09:59:45,254 - root - ERROR - Chunk could not be plotted
Traceback (most recent call last):
  File "/Users/jaklusmeyer/SONG/pyodine/pyodine/plot_lib.py", line 62, in plot_chunkmodel
    sp = fit_results[chunk_nr].fitted_spectrum
  File "/Users/jaklusmeyer/SONG/pyodine/pyodine/fitters/base.py", line 45, in fitted_spectrum
    return self.model.eval_spectrum(self.chunk, self.params, chunk_ind=self.chunk_ind)
  File "/Users/jaklusmeyer/SONG/pyodine/pyodine/models/base.py", line 79, in eval_spectrum
    flux = self.eval(chunk, params, chunk_ind=chunk_ind, **kwargs)
  File "/Users/jaklusmeyer/SONG/pyodine/pyodine/models/spectrum.py", line 138, in eval
    tck = splrep(tem.wave * doppler, flux_tem, s=0)
  File "/Users/jaklusmeyer/miniconda/envs/pyodine_env/lib/python3.9/site-packages/scipy/interpolate/_fitpack_py.py", line 295, in splrep
    res = _impl.splrep(x, y, w, xb, xe, k, task, s, t, full_output, per, quiet)
  File "/Users/jaklusmeyer/miniconda/envs/pyodine_env/lib/python3.9/site-packages/scipy/interpolate/_fitpack_impl.py", line 276, in splrep
    n, c, fp, ier = dfitpack.curfit(task, x, y, w, t, wrk, iwrk,
dfitpack.error: (xb<=x[0]) failed for 1st keyword xb: curfit:xb=nan
