INFO - 
INFO - Branch: master
INFO - Hash: c2a71ac
INFO - ---------------------------
INFO - Working on: /Users/jaklusmeyer/SONG/reduce/UT260216/sciencestar/Arcturus_ec_260228.0185.fits
INFO - 
INFO - Median flux of the observation: 33097
INFO - Loading template from file: /Users/jaklusmeyer/SONG/pyodine/atlas/Pepsi_Arcturus_atlas_260216_v005.h5
INFO - 
INFO - Order correction: 0
INFO - 
INFO - Measured velocity rel. to reference spectrum: -23.578 km/s
INFO - Template velocity: 0.083 km/s
INFO - Velocity guess: -23.661 km/s (relative to template)

INFO - (Barycentric velocity of observation: 18.674 km/s)
INFO - (Barycentric velocity of template: 0.000 km/s)

INFO - 
INFO - Barycentric redshift between template and observation: 
INFO - v = -18673.519969052322, z = -6.228815792641562e-05

INFO - Startpixel (order 15, chunk 29): -6
INFO - -> Correcting to 0.
INFO - Startpixel (order 16, chunk 68): -6
INFO - -> Correcting to 0.
INFO - Startpixel (order 17, chunk 107): -6
INFO - -> Correcting to 0.
INFO - Startpixel (order 18, chunk 146): -6
INFO - -> Correcting to 0.
INFO - Startpixel (order 19, chunk 185): -6
INFO - -> Correcting to 0.
INFO - Startpixel (order 20, chunk 224): -6
INFO - -> Correcting to 0.
INFO - Startpixel (order 21, chunk 263): -6
INFO - -> Correcting to 0.
INFO - Startpixel (order 22, chunk 302): -6
INFO - -> Correcting to 0.
INFO - Startpixel (order 23, chunk 341): -6
INFO - -> Correcting to 0.
INFO - Startpixel (order 24, chunk 380): -6
INFO - -> Correcting to 0.
INFO - Startpixel (order 25, chunk 419): -6
INFO - -> Correcting to 0.
INFO - Startpixel (order 26, chunk 458): -6
INFO - -> Correcting to 0.
INFO - Startpixel (order 27, chunk 497): -6
INFO - -> Correcting to 0.
INFO - Startpixel (order 28, chunk 536): -6
INFO - -> Correcting to 0.
INFO - Startpixel (order 29, chunk 575): -6
INFO - -> Correcting to 0.
INFO - Startpixel (order 30, chunk 614): -6
INFO - -> Correcting to 0.
INFO - Startpixel (order 31, chunk 653): -6
INFO - -> Correcting to 0.
INFO - Startpixel (order 32, chunk 692): -6
INFO - -> Correcting to 0.
INFO - Startpixel (order 33, chunk 731): -6
INFO - -> Correcting to 0.
INFO - Startpixel (order 34, chunk 770): -6
INFO - -> Correcting to 0.
INFO - Startpixel (order 35, chunk 809): -6
INFO - -> Correcting to 0.
INFO - Startpixel (order 36, chunk 848): -7
INFO - -> Correcting to 0.
INFO - Startpixel (order 37, chunk 887): -6
INFO - -> Correcting to 0.
INFO - Startpixel (order 38, chunk 926): -6
INFO - -> Correcting to 0.
INFO - Startpixel (order 39, chunk 965): -6
INFO - -> Correcting to 0.
INFO - Startpixel (order 40, chunk 1004): -6
INFO - -> Correcting to 0.
INFO - Startpixel (order 41, chunk 1043): -6
INFO - -> Correcting to 0.
INFO - Startpixel (order 42, chunk 1082): -7
INFO - -> Correcting to 0.
INFO - Startpixel (order 43, chunk 1121): -7
INFO - -> Correcting to 0.
INFO - Startpixel (order 44, chunk 1160): -7
INFO - -> Correcting to 0.
INFO - Startpixel (order 45, chunk 1199): -6
INFO - -> Correcting to 0.
INFO - Startpixel (order 46, chunk 1238): -7
INFO - -> Correcting to 0.
INFO - 
INFO - Total number of chunks: 1254
INFO - Nr. chunks in order 0: 29
INFO - First and last covered pixel of chunks in order 0: 1192, 4663
INFO - Orders: 14 - 46 (33 in total)
INFO - 
INFO - ----------------------
INFO - RUN 0
INFO - ----------------------
INFO - 
INFO - Constraining parameters for RUN 0
ERROR - Chunk 0: No Data! Returning LmfitResult with None.
ERROR - Chunk 1: No Data! Returning LmfitResult with None.
ERROR - Chunk 2: No Data! Returning LmfitResult with None.
ERROR - Chunk 3: No Data! Returning LmfitResult with None.
ERROR - Chunk 4: No Data! Returning LmfitResult with None.
ERROR - Chunk 5: No Data! Returning LmfitResult with None.
ERROR - Chunk 6: No Data! Returning LmfitResult with None.
ERROR - Chunk 7: No Data! Returning LmfitResult with None.
ERROR - Chunk 8: No Data! Returning LmfitResult with None.
ERROR - Chunk 9: No Data! Returning LmfitResult with None.
ERROR - Chunk 10: No Data! Returning LmfitResult with None.
ERROR - Chunk 11: No Data! Returning LmfitResult with None.
ERROR - Chunk 12: No Data! Returning LmfitResult with None.
ERROR - Chunk 13: No Data! Returning LmfitResult with None.
ERROR - Chunk 14: No Data! Returning LmfitResult with None.
ERROR - Chunk 15: No Data! Returning LmfitResult with None.
ERROR - Chunk 16: No Data! Returning LmfitResult with None.
ERROR - Chunk 17: No Data! Returning LmfitResult with None.
ERROR - Chunk 18: No Data! Returning LmfitResult with None.
ERROR - Chunk 19: No Data! Returning LmfitResult with None.
ERROR - Chunk 20: No Data! Returning LmfitResult with None.
ERROR - Chunk 21: No Data! Returning LmfitResult with None.
ERROR - Chunk 22: No Data! Returning LmfitResult with None.
ERROR - Chunk 23: No Data! Returning LmfitResult with None.
ERROR - Chunk 24: No Data! Returning LmfitResult with None.
ERROR - Chunk 25: No Data! Returning LmfitResult with None.
ERROR - Chunk 26: No Data! Returning LmfitResult with None.
ERROR - Chunk 27: No Data! Returning LmfitResult with None.
ERROR - Chunk 28: No Data! Returning LmfitResult with None.
ERROR - Chunk 29: No Data! Returning LmfitResult with None.
ERROR - Chunk 30: No Data! Returning LmfitResult with None.
ERROR - Chunk 31: No Data! Returning LmfitResult with None.
ERROR - Chunk 32: No Data! Returning LmfitResult with None.
ERROR - Chunk 33: No Data! Returning LmfitResult with None.
ERROR - Chunk 34: No Data! Returning LmfitResult with None.
ERROR - Chunk 35: No Data! Returning LmfitResult with None.
ERROR - Chunk 36: No Data! Returning LmfitResult with None.
ERROR - Chunk 37: No Data! Returning LmfitResult with None.
ERROR - Chunk 38: No Data! Returning LmfitResult with None.
ERROR - Chunk 39: No Data! Returning LmfitResult with None.
ERROR - Chunk 40: No Data! Returning LmfitResult with None.
ERROR - Chunk 41: No Data! Returning LmfitResult with None.
ERROR - Chunk 42: No Data! Returning LmfitResult with None.
ERROR - Chunk 43: No Data! Returning LmfitResult with None.
ERROR - Chunk 44: No Data! Returning LmfitResult with None.
ERROR - Chunk 45: No Data! Returning LmfitResult with None.
ERROR - Chunk 46: No Data! Returning LmfitResult with None.
ERROR - Chunk 47: No Data! Returning LmfitResult with None.
ERROR - Chunk 48: No Data! Returning LmfitResult with None.
ERROR - Chunk 49: No Data! Returning LmfitResult with None.
ERROR - Chunk 50: No Data! Returning LmfitResult with None.
ERROR - Chunk 51: No Data! Returning LmfitResult with None.
ERROR - Chunk 52: No Data! Returning LmfitResult with None.
ERROR - Chunk 53: No Data! Returning LmfitResult with None.
ERROR - Chunk 54: No Data! Returning LmfitResult with None.
ERROR - Chunk 55: No Data! Returning LmfitResult with None.
ERROR - Chunk 56: No Data! Returning LmfitResult with None.
ERROR - Chunk 57: No Data! Returning LmfitResult with None.
ERROR - Chunk 58: No Data! Returning LmfitResult with None.
ERROR - Chunk 59: No Data! Returning LmfitResult with None.
ERROR - Chunk 60: No Data! Returning LmfitResult with None.
ERROR - Chunk 61: No Data! Returning LmfitResult with None.
ERROR - Chunk 62: No Data! Returning LmfitResult with None.
ERROR - Chunk 63: No Data! Returning LmfitResult with None.
ERROR - Chunk 64: No Data! Returning LmfitResult with None.
ERROR - Chunk 65: No Data! Returning LmfitResult with None.
ERROR - Chunk 66: No Data! Returning LmfitResult with None.
ERROR - Chunk 67: No Data! Returning LmfitResult with None.
ERROR - Chunk 68: No Data! Returning LmfitResult with None.
ERROR - Chunk 69: No Data! Returning LmfitResult with None.
ERROR - Chunk 70: No Data! Returning LmfitResult with None.
ERROR - Chunk 71: No Data! Returning LmfitResult with None.
ERROR - Chunk 72: No Data! Returning LmfitResult with None.
ERROR - Chunk 73: No Data! Returning LmfitResult with None.
ERROR - Chunk 74: No Data! Returning LmfitResult with None.
ERROR - Chunk 75: No Data! Returning LmfitResult with None.
ERROR - Chunk 76: No Data! Returning LmfitResult with None.
ERROR - Chunk 77: No Data! Returning LmfitResult with None.
ERROR - Chunk 78: No Data! Returning LmfitResult with None.
ERROR - Chunk 79: No Data! Returning LmfitResult with None.
ERROR - Chunk 80: No Data! Returning LmfitResult with None.
ERROR - Chunk 81: No Data! Returning LmfitResult with None.
ERROR - Chunk 82: No Data! Returning LmfitResult with None.
ERROR - Chunk 83: No Data! Returning LmfitResult with None.
ERROR - Chunk 84: No Data! Returning LmfitResult with None.
ERROR - Chunk 85: No Data! Returning LmfitResult with None.
ERROR - Chunk 86: No Data! Returning LmfitResult with None.
ERROR - Chunk 87: No Data! Returning LmfitResult with None.
ERROR - Chunk 88: No Data! Returning LmfitResult with None.
ERROR - Chunk 89: No Data! Returning LmfitResult with None.
ERROR - Chunk 90: No Data! Returning LmfitResult with None.
ERROR - Chunk 91: No Data! Returning LmfitResult with None.
ERROR - Chunk 92: No Data! Returning LmfitResult with None.
ERROR - Chunk 93: No Data! Returning LmfitResult with None.
ERROR - Chunk 94: No Data! Returning LmfitResult with None.
ERROR - Chunk 95: No Data! Returning LmfitResult with None.
ERROR - Chunk 96: No Data! Returning LmfitResult with None.
ERROR - Chunk 97: No Data! Returning LmfitResult with None.
ERROR - Chunk 98: No Data! Returning LmfitResult with None.
ERROR - Chunk 99: No Data! Returning LmfitResult with None.
ERROR - Chunk 100: No Data! Returning LmfitResult with None.
ERROR - Chunk 101: No Data! Returning LmfitResult with None.
ERROR - Chunk 102: No Data! Returning LmfitResult with None.
ERROR - Chunk 103: No Data! Returning LmfitResult with None.
ERROR - Chunk 104: No Data! Returning LmfitResult with None.
ERROR - Chunk 105: No Data! Returning LmfitResult with None.
ERROR - Chunk 106: No Data! Returning LmfitResult with None.
ERROR - Chunk 107: No Data! Returning LmfitResult with None.
ERROR - Chunk 108: No Data! Returning LmfitResult with None.
ERROR - Chunk 109: No Data! Returning LmfitResult with None.
ERROR - Chunk 110: No Data! Returning LmfitResult with None.
ERROR - Chunk 111: No Data! Returning LmfitResult with None.
ERROR - Chunk 112: No Data! Returning LmfitResult with None.
ERROR - Chunk 113: No Data! Returning LmfitResult with None.
ERROR - Chunk 114: No Data! Returning LmfitResult with None.
ERROR - Chunk 115: No Data! Returning LmfitResult with None.
ERROR - Chunk 116: No Data! Returning LmfitResult with None.
ERROR - Chunk 117: No Data! Returning LmfitResult with None.
ERROR - Chunk 118: No Data! Returning LmfitResult with None.
ERROR - Chunk 119: No Data! Returning LmfitResult with None.
ERROR - Chunk 120: No Data! Returning LmfitResult with None.
ERROR - Chunk 121: No Data! Returning LmfitResult with None.
ERROR - Chunk 122: No Data! Returning LmfitResult with None.
ERROR - Chunk 123: No Data! Returning LmfitResult with None.
ERROR - Chunk 124: No Data! Returning LmfitResult with None.
ERROR - Chunk 125: No Data! Returning LmfitResult with None.
ERROR - Chunk 126: No Data! Returning LmfitResult with None.
ERROR - Chunk 127: No Data! Returning LmfitResult with None.
ERROR - Chunk 128: No Data! Returning LmfitResult with None.
ERROR - Chunk 129: No Data! Returning LmfitResult with None.
ERROR - Chunk 130: No Data! Returning LmfitResult with None.
ERROR - Chunk 131: No Data! Returning LmfitResult with None.
ERROR - Chunk 132: No Data! Returning LmfitResult with None.
ERROR - Chunk 133: No Data! Returning LmfitResult with None.
ERROR - Chunk 134: No Data! Returning LmfitResult with None.
ERROR - Chunk 135: No Data! Returning LmfitResult with None.
ERROR - Chunk 136: No Data! Returning LmfitResult with None.
ERROR - Chunk 137: No Data! Returning LmfitResult with None.
ERROR - Chunk 138: No Data! Returning LmfitResult with None.
ERROR - Chunk 139: No Data! Returning LmfitResult with None.
ERROR - Chunk 140: No Data! Returning LmfitResult with None.
ERROR - Chunk 141: No Data! Returning LmfitResult with None.
ERROR - Chunk 142: No Data! Returning LmfitResult with None.
ERROR - Chunk 143: No Data! Returning LmfitResult with None.
ERROR - Chunk 144: No Data! Returning LmfitResult with None.
ERROR - Chunk 145: No Data! Returning LmfitResult with None.
ERROR - Chunk 146: No Data! Returning LmfitResult with None.
ERROR - Chunk 147: No Data! Returning LmfitResult with None.
ERROR - Chunk 148: No Data! Returning LmfitResult with None.
ERROR - Chunk 149: No Data! Returning LmfitResult with None.
ERROR - Chunk 150: No Data! Returning LmfitResult with None.
ERROR - Chunk 151: No Data! Returning LmfitResult with None.
ERROR - Chunk 152: No Data! Returning LmfitResult with None.
ERROR - Chunk 153: No Data! Returning LmfitResult with None.
ERROR - Chunk 154: No Data! Returning LmfitResult with None.
ERROR - Chunk 155: No Data! Returning LmfitResult with None.
ERROR - Chunk 156: No Data! Returning LmfitResult with None.
ERROR - Chunk 157: No Data! Returning LmfitResult with None.
ERROR - Chunk 158: No Data! Returning LmfitResult with None.
ERROR - Chunk 159: No Data! Returning LmfitResult with None.
ERROR - Chunk 160: No Data! Returning LmfitResult with None.
ERROR - Chunk 161: No Data! Returning LmfitResult with None.
ERROR - Chunk 162: No Data! Returning LmfitResult with None.
ERROR - Chunk 163: No Data! Returning LmfitResult with None.
ERROR - Chunk 164: No Data! Returning LmfitResult with None.
ERROR - Chunk 165: No Data! Returning LmfitResult with None.
ERROR - Chunk 166: No Data! Returning LmfitResult with None.
ERROR - Chunk 167: No Data! Returning LmfitResult with None.
ERROR - Chunk 168: No Data! Returning LmfitResult with None.
ERROR - Chunk 169: No Data! Returning LmfitResult with None.
ERROR - Chunk 170: No Data! Returning LmfitResult with None.
ERROR - Chunk 171: No Data! Returning LmfitResult with None.
ERROR - Chunk 172: No Data! Returning LmfitResult with None.
ERROR - Chunk 173: No Data! Returning LmfitResult with None.
ERROR - Chunk 174: No Data! Returning LmfitResult with None.
ERROR - Chunk 175: No Data! Returning LmfitResult with None.
ERROR - Chunk 176: No Data! Returning LmfitResult with None.
ERROR - Chunk 177: No Data! Returning LmfitResult with None.
ERROR - Chunk 178: No Data! Returning LmfitResult with None.
ERROR - Chunk 179: No Data! Returning LmfitResult with None.
ERROR - Chunk 180: No Data! Returning LmfitResult with None.
ERROR - Chunk 181: No Data! Returning LmfitResult with None.
ERROR - Chunk 182: No Data! Returning LmfitResult with None.
ERROR - Chunk 183: No Data! Returning LmfitResult with None.
ERROR - Chunk 184: No Data! Returning LmfitResult with None.
ERROR - Chunk 185: No Data! Returning LmfitResult with None.
ERROR - Chunk 186: No Data! Returning LmfitResult with None.
ERROR - Chunk 187: No Data! Returning LmfitResult with None.
ERROR - Chunk 188: No Data! Returning LmfitResult with None.
ERROR - Chunk 189: No Data! Returning LmfitResult with None.
ERROR - Chunk 190: No Data! Returning LmfitResult with None.
ERROR - Chunk 191: No Data! Returning LmfitResult with None.
ERROR - Chunk 192: No Data! Returning LmfitResult with None.
ERROR - Chunk 193: No Data! Returning LmfitResult with None.
ERROR - Chunk 194: No Data! Returning LmfitResult with None.
ERROR - Chunk 195: No Data! Returning LmfitResult with None.
ERROR - Chunk 196: No Data! Returning LmfitResult with None.
ERROR - Chunk 197: No Data! Returning LmfitResult with None.
ERROR - Chunk 198: No Data! Returning LmfitResult with None.
ERROR - Chunk 199: No Data! Returning LmfitResult with None.
ERROR - Chunk 200: No Data! Returning LmfitResult with None.
ERROR - Chunk 201: No Data! Returning LmfitResult with None.
ERROR - Chunk 202: No Data! Returning LmfitResult with None.
ERROR - Chunk 203: No Data! Returning LmfitResult with None.
ERROR - Chunk 204: No Data! Returning LmfitResult with None.
ERROR - Chunk 205: No Data! Returning LmfitResult with None.
ERROR - Chunk 206: No Data! Returning LmfitResult with None.
ERROR - Chunk 207: No Data! Returning LmfitResult with None.
ERROR - Chunk 208: No Data! Returning LmfitResult with None.
ERROR - Chunk 209: No Data! Returning LmfitResult with None.
ERROR - Chunk 210: No Data! Returning LmfitResult with None.
ERROR - Chunk 211: No Data! Returning LmfitResult with None.
ERROR - Chunk 212: No Data! Returning LmfitResult with None.
ERROR - Chunk 213: No Data! Returning LmfitResult with None.
ERROR - Chunk 214: No Data! Returning LmfitResult with None.
ERROR - Chunk 215: No Data! Returning LmfitResult with None.
ERROR - Chunk 216: No Data! Returning LmfitResult with None.
ERROR - Chunk 217: No Data! Returning LmfitResult with None.
ERROR - Chunk 218: No Data! Returning LmfitResult with None.
ERROR - Chunk 219: No Data! Returning LmfitResult with None.
ERROR - Chunk 220: No Data! Returning LmfitResult with None.
ERROR - Chunk 221: No Data! Returning LmfitResult with None.
ERROR - Chunk 222: No Data! Returning LmfitResult with None.
ERROR - Chunk 223: No Data! Returning LmfitResult with None.
ERROR - Chunk 224: No Data! Returning LmfitResult with None.
ERROR - Chunk 225: No Data! Returning LmfitResult with None.
ERROR - Chunk 226: No Data! Returning LmfitResult with None.
ERROR - Chunk 227: No Data! Returning LmfitResult with None.
ERROR - Chunk 228: No Data! Returning LmfitResult with None.
ERROR - Chunk 229: No Data! Returning LmfitResult with None.
ERROR - Chunk 230: No Data! Returning LmfitResult with None.
ERROR - Chunk 231: No Data! Returning LmfitResult with None.
ERROR - Chunk 232: No Data! Returning LmfitResult with None.
ERROR - Chunk 233: No Data! Returning LmfitResult with None.
ERROR - Chunk 234: No Data! Returning LmfitResult with None.
ERROR - Chunk 235: No Data! Returning LmfitResult with None.
ERROR - Chunk 236: No Data! Returning LmfitResult with None.
ERROR - Chunk 237: No Data! Returning LmfitResult with None.
ERROR - Chunk 238: No Data! Returning LmfitResult with None.
ERROR - Chunk 239: No Data! Returning LmfitResult with None.
ERROR - Chunk 240: No Data! Returning LmfitResult with None.
ERROR - Chunk 241: No Data! Returning LmfitResult with None.
ERROR - Chunk 242: No Data! Returning LmfitResult with None.
ERROR - Chunk 243: No Data! Returning LmfitResult with None.
ERROR - Chunk 244: No Data! Returning LmfitResult with None.
ERROR - Chunk 245: No Data! Returning LmfitResult with None.
ERROR - Chunk 246: No Data! Returning LmfitResult with None.
ERROR - Chunk 247: No Data! Returning LmfitResult with None.
ERROR - Chunk 248: No Data! Returning LmfitResult with None.
ERROR - Chunk 249: No Data! Returning LmfitResult with None.
ERROR - Chunk 250: No Data! Returning LmfitResult with None.
ERROR - Chunk 251: No Data! Returning LmfitResult with None.
ERROR - Chunk 252: No Data! Returning LmfitResult with None.
ERROR - Chunk 253: No Data! Returning LmfitResult with None.
ERROR - Chunk 254: No Data! Returning LmfitResult with None.
ERROR - Chunk 255: No Data! Returning LmfitResult with None.
ERROR - Chunk 256: No Data! Returning LmfitResult with None.
ERROR - Chunk 257: No Data! Returning LmfitResult with None.
ERROR - Chunk 258: No Data! Returning LmfitResult with None.
ERROR - Chunk 259: No Data! Returning LmfitResult with None.
ERROR - Chunk 260: No Data! Returning LmfitResult with None.
ERROR - Chunk 261: No Data! Returning LmfitResult with None.
ERROR - Chunk 262: No Data! Returning LmfitResult with None.
ERROR - Chunk 263: No Data! Returning LmfitResult with None.
ERROR - Chunk 264: No Data! Returning LmfitResult with None.
ERROR - Chunk 265: No Data! Returning LmfitResult with None.
ERROR - Chunk 266: No Data! Returning LmfitResult with None.
ERROR - Chunk 267: No Data! Returning LmfitResult with None.
ERROR - Chunk 268: No Data! Returning LmfitResult with None.
ERROR - Chunk 269: No Data! Returning LmfitResult with None.
ERROR - Chunk 270: No Data! Returning LmfitResult with None.
ERROR - Chunk 271: No Data! Returning LmfitResult with None.
ERROR - Chunk 272: No Data! Returning LmfitResult with None.
ERROR - Chunk 273: No Data! Returning LmfitResult with None.
ERROR - Chunk 274: No Data! Returning LmfitResult with None.
ERROR - Chunk 275: No Data! Returning LmfitResult with None.
ERROR - Chunk 276: No Data! Returning LmfitResult with None.
ERROR - Chunk 277: No Data! Returning LmfitResult with None.
ERROR - Chunk 278: No Data! Returning LmfitResult with None.
ERROR - Chunk 279: No Data! Returning LmfitResult with None.
ERROR - Chunk 280: No Data! Returning LmfitResult with None.
INFO - 
INFO - Number of chunks with no uncertainties: 0
INFO - Number of chunks with outliers: 0
INFO - Number of chunks with nan fitted red. Chi2: 281
ERROR - Polynomial fitting failed. Falling back to input values
Traceback (most recent call last):
  File "/Users/jaklusmeyer/SONG/pyodine/pyodine/lib/misc.py", line 529, in fit_polynomial
    pfit, stats = np.polynomial.Polynomial.fit(
  File "/Users/jaklusmeyer/miniconda/envs/pyodine_env/lib/python3.9/site-packages/numpy/polynomial/_polybase.py", line 1036, in fit
    xnew = pu.mapdomain(x, domain, window)
  File "/Users/jaklusmeyer/miniconda/envs/pyodine_env/lib/python3.9/site-packages/numpy/polynomial/polyutils.py", line 371, in mapdomain
    off, scl = mapparms(old, new)
  File "/Users/jaklusmeyer/miniconda/envs/pyodine_env/lib/python3.9/site-packages/numpy/polynomial/polyutils.py", line 303, in mapparms
    off = (old[1]*new[0] - old[0]*new[1])/oldlen
ZeroDivisionError: division by zero
ERROR - Polynomial fitting failed. Falling back to input values
Traceback (most recent call last):
  File "/Users/jaklusmeyer/SONG/pyodine/pyodine/lib/misc.py", line 529, in fit_polynomial
    pfit, stats = np.polynomial.Polynomial.fit(
  File "/Users/jaklusmeyer/miniconda/envs/pyodine_env/lib/python3.9/site-packages/numpy/polynomial/_polybase.py", line 1036, in fit
    xnew = pu.mapdomain(x, domain, window)
  File "/Users/jaklusmeyer/miniconda/envs/pyodine_env/lib/python3.9/site-packages/numpy/polynomial/polyutils.py", line 371, in mapdomain
    off, scl = mapparms(old, new)
  File "/Users/jaklusmeyer/miniconda/envs/pyodine_env/lib/python3.9/site-packages/numpy/polynomial/polyutils.py", line 303, in mapparms
    off = (old[1]*new[0] - old[0]*new[1])/oldlen
ZeroDivisionError: division by zero
ERROR - Polynomial fitting failed. Falling back to input values
Traceback (most recent call last):
  File "/Users/jaklusmeyer/SONG/pyodine/pyodine/lib/misc.py", line 529, in fit_polynomial
    pfit, stats = np.polynomial.Polynomial.fit(
  File "/Users/jaklusmeyer/miniconda/envs/pyodine_env/lib/python3.9/site-packages/numpy/polynomial/_polybase.py", line 1036, in fit
    xnew = pu.mapdomain(x, domain, window)
  File "/Users/jaklusmeyer/miniconda/envs/pyodine_env/lib/python3.9/site-packages/numpy/polynomial/polyutils.py", line 371, in mapdomain
    off, scl = mapparms(old, new)
  File "/Users/jaklusmeyer/miniconda/envs/pyodine_env/lib/python3.9/site-packages/numpy/polynomial/polyutils.py", line 303, in mapparms
    off = (old[1]*new[0] - old[0]*new[1])/oldlen
ZeroDivisionError: division by zero
ERROR - Polynomial fitting failed. Falling back to input values
Traceback (most recent call last):
  File "/Users/jaklusmeyer/SONG/pyodine/pyodine/lib/misc.py", line 529, in fit_polynomial
    pfit, stats = np.polynomial.Polynomial.fit(
  File "/Users/jaklusmeyer/miniconda/envs/pyodine_env/lib/python3.9/site-packages/numpy/polynomial/_polybase.py", line 1036, in fit
    xnew = pu.mapdomain(x, domain, window)
  File "/Users/jaklusmeyer/miniconda/envs/pyodine_env/lib/python3.9/site-packages/numpy/polynomial/polyutils.py", line 371, in mapdomain
    off, scl = mapparms(old, new)
  File "/Users/jaklusmeyer/miniconda/envs/pyodine_env/lib/python3.9/site-packages/numpy/polynomial/polyutils.py", line 303, in mapparms
    off = (old[1]*new[0] - old[0]*new[1])/oldlen
ZeroDivisionError: division by zero
ERROR - Polynomial fitting failed. Falling back to input values
Traceback (most recent call last):
  File "/Users/jaklusmeyer/SONG/pyodine/pyodine/lib/misc.py", line 529, in fit_polynomial
    pfit, stats = np.polynomial.Polynomial.fit(
  File "/Users/jaklusmeyer/miniconda/envs/pyodine_env/lib/python3.9/site-packages/numpy/polynomial/_polybase.py", line 1036, in fit
    xnew = pu.mapdomain(x, domain, window)
  File "/Users/jaklusmeyer/miniconda/envs/pyodine_env/lib/python3.9/site-packages/numpy/polynomial/polyutils.py", line 371, in mapdomain
    off, scl = mapparms(old, new)
  File "/Users/jaklusmeyer/miniconda/envs/pyodine_env/lib/python3.9/site-packages/numpy/polynomial/polyutils.py", line 303, in mapparms
    off = (old[1]*new[0] - old[0]*new[1])/oldlen
ZeroDivisionError: division by zero
ERROR - Polynomial fitting failed. Falling back to input values
Traceback (most recent call last):
  File "/Users/jaklusmeyer/SONG/pyodine/pyodine/lib/misc.py", line 529, in fit_polynomial
    pfit, stats = np.polynomial.Polynomial.fit(
  File "/Users/jaklusmeyer/miniconda/envs/pyodine_env/lib/python3.9/site-packages/numpy/polynomial/_polybase.py", line 1036, in fit
    xnew = pu.mapdomain(x, domain, window)
  File "/Users/jaklusmeyer/miniconda/envs/pyodine_env/lib/python3.9/site-packages/numpy/polynomial/polyutils.py", line 371, in mapdomain
    off, scl = mapparms(old, new)
  File "/Users/jaklusmeyer/miniconda/envs/pyodine_env/lib/python3.9/site-packages/numpy/polynomial/polyutils.py", line 303, in mapparms
    off = (old[1]*new[0] - old[0]*new[1])/oldlen
ZeroDivisionError: division by zero
ERROR - Polynomial fitting failed. Falling back to input values
Traceback (most recent call last):
  File "/Users/jaklusmeyer/SONG/pyodine/pyodine/lib/misc.py", line 529, in fit_polynomial
    pfit, stats = np.polynomial.Polynomial.fit(
  File "/Users/jaklusmeyer/miniconda/envs/pyodine_env/lib/python3.9/site-packages/numpy/polynomial/_polybase.py", line 1036, in fit
    xnew = pu.mapdomain(x, domain, window)
  File "/Users/jaklusmeyer/miniconda/envs/pyodine_env/lib/python3.9/site-packages/numpy/polynomial/polyutils.py", line 371, in mapdomain
    off, scl = mapparms(old, new)
  File "/Users/jaklusmeyer/miniconda/envs/pyodine_env/lib/python3.9/site-packages/numpy/polynomial/polyutils.py", line 303, in mapparms
    off = (old[1]*new[0] - old[0]*new[1])/oldlen
ZeroDivisionError: division by zero
ERROR - Polynomial fitting failed. Falling back to input values
Traceback (most recent call last):
  File "/Users/jaklusmeyer/SONG/pyodine/pyodine/lib/misc.py", line 529, in fit_polynomial
    pfit, stats = np.polynomial.Polynomial.fit(
  File "/Users/jaklusmeyer/miniconda/envs/pyodine_env/lib/python3.9/site-packages/numpy/polynomial/_polybase.py", line 1036, in fit
    xnew = pu.mapdomain(x, domain, window)
  File "/Users/jaklusmeyer/miniconda/envs/pyodine_env/lib/python3.9/site-packages/numpy/polynomial/polyutils.py", line 371, in mapdomain
    off, scl = mapparms(old, new)
  File "/Users/jaklusmeyer/miniconda/envs/pyodine_env/lib/python3.9/site-packages/numpy/polynomial/polyutils.py", line 303, in mapparms
    off = (old[1]*new[0] - old[0]*new[1])/oldlen
ZeroDivisionError: division by zero
ERROR - Polynomial fitting failed. Falling back to input values
Traceback (most recent call last):
  File "/Users/jaklusmeyer/SONG/pyodine/pyodine/lib/misc.py", line 529, in fit_polynomial
    pfit, stats = np.polynomial.Polynomial.fit(
  File "/Users/jaklusmeyer/miniconda/envs/pyodine_env/lib/python3.9/site-packages/numpy/polynomial/_polybase.py", line 1036, in fit
    xnew = pu.mapdomain(x, domain, window)
  File "/Users/jaklusmeyer/miniconda/envs/pyodine_env/lib/python3.9/site-packages/numpy/polynomial/polyutils.py", line 371, in mapdomain
    off, scl = mapparms(old, new)
  File "/Users/jaklusmeyer/miniconda/envs/pyodine_env/lib/python3.9/site-packages/numpy/polynomial/polyutils.py", line 303, in mapparms
    off = (old[1]*new[0] - old[0]*new[1])/oldlen
ZeroDivisionError: division by zero
ERROR - Polynomial fitting failed. Falling back to input values
Traceback (most recent call last):
  File "/Users/jaklusmeyer/SONG/pyodine/pyodine/lib/misc.py", line 529, in fit_polynomial
    pfit, stats = np.polynomial.Polynomial.fit(
  File "/Users/jaklusmeyer/miniconda/envs/pyodine_env/lib/python3.9/site-packages/numpy/polynomial/_polybase.py", line 1036, in fit
    xnew = pu.mapdomain(x, domain, window)
  File "/Users/jaklusmeyer/miniconda/envs/pyodine_env/lib/python3.9/site-packages/numpy/polynomial/polyutils.py", line 371, in mapdomain
    off, scl = mapparms(old, new)
  File "/Users/jaklusmeyer/miniconda/envs/pyodine_env/lib/python3.9/site-packages/numpy/polynomial/polyutils.py", line 303, in mapparms
    off = (old[1]*new[0] - old[0]*new[1])/oldlen
ZeroDivisionError: division by zero
ERROR - Polynomial fitting failed. Falling back to input values
Traceback (most recent call last):
  File "/Users/jaklusmeyer/SONG/pyodine/pyodine/lib/misc.py", line 529, in fit_polynomial
    pfit, stats = np.polynomial.Polynomial.fit(
  File "/Users/jaklusmeyer/miniconda/envs/pyodine_env/lib/python3.9/site-packages/numpy/polynomial/_polybase.py", line 1036, in fit
    xnew = pu.mapdomain(x, domain, window)
  File "/Users/jaklusmeyer/miniconda/envs/pyodine_env/lib/python3.9/site-packages/numpy/polynomial/polyutils.py", line 371, in mapdomain
    off, scl = mapparms(old, new)
  File "/Users/jaklusmeyer/miniconda/envs/pyodine_env/lib/python3.9/site-packages/numpy/polynomial/polyutils.py", line 303, in mapparms
    off = (old[1]*new[0] - old[0]*new[1])/oldlen
ZeroDivisionError: division by zero
ERROR - Polynomial fitting failed. Falling back to input values
Traceback (most recent call last):
  File "/Users/jaklusmeyer/SONG/pyodine/pyodine/lib/misc.py", line 529, in fit_polynomial
    pfit, stats = np.polynomial.Polynomial.fit(
  File "/Users/jaklusmeyer/miniconda/envs/pyodine_env/lib/python3.9/site-packages/numpy/polynomial/_polybase.py", line 1036, in fit
    xnew = pu.mapdomain(x, domain, window)
  File "/Users/jaklusmeyer/miniconda/envs/pyodine_env/lib/python3.9/site-packages/numpy/polynomial/polyutils.py", line 371, in mapdomain
    off, scl = mapparms(old, new)
  File "/Users/jaklusmeyer/miniconda/envs/pyodine_env/lib/python3.9/site-packages/numpy/polynomial/polyutils.py", line 303, in mapparms
    off = (old[1]*new[0] - old[0]*new[1])/oldlen
ZeroDivisionError: division by zero
ERROR - Polynomial fitting failed. Falling back to input values
Traceback (most recent call last):
  File "/Users/jaklusmeyer/SONG/pyodine/pyodine/lib/misc.py", line 529, in fit_polynomial
    pfit, stats = np.polynomial.Polynomial.fit(
  File "/Users/jaklusmeyer/miniconda/envs/pyodine_env/lib/python3.9/site-packages/numpy/polynomial/_polybase.py", line 1036, in fit
    xnew = pu.mapdomain(x, domain, window)
  File "/Users/jaklusmeyer/miniconda/envs/pyodine_env/lib/python3.9/site-packages/numpy/polynomial/polyutils.py", line 371, in mapdomain
    off, scl = mapparms(old, new)
  File "/Users/jaklusmeyer/miniconda/envs/pyodine_env/lib/python3.9/site-packages/numpy/polynomial/polyutils.py", line 303, in mapparms
    off = (old[1]*new[0] - old[0]*new[1])/oldlen
ZeroDivisionError: division by zero
ERROR - Polynomial fitting failed. Falling back to input values
Traceback (most recent call last):
  File "/Users/jaklusmeyer/SONG/pyodine/pyodine/lib/misc.py", line 529, in fit_polynomial
    pfit, stats = np.polynomial.Polynomial.fit(
  File "/Users/jaklusmeyer/miniconda/envs/pyodine_env/lib/python3.9/site-packages/numpy/polynomial/_polybase.py", line 1036, in fit
    xnew = pu.mapdomain(x, domain, window)
  File "/Users/jaklusmeyer/miniconda/envs/pyodine_env/lib/python3.9/site-packages/numpy/polynomial/polyutils.py", line 371, in mapdomain
    off, scl = mapparms(old, new)
  File "/Users/jaklusmeyer/miniconda/envs/pyodine_env/lib/python3.9/site-packages/numpy/polynomial/polyutils.py", line 303, in mapparms
    off = (old[1]*new[0] - old[0]*new[1])/oldlen
ZeroDivisionError: division by zero
INFO - 
INFO - Creating analysis plots...
ERROR - NaN value detected in iodine function.
ERROR - Chunk could not be plotted
Traceback (most recent call last):
  File "/Users/jaklusmeyer/SONG/pyodine/pyodine/plot_lib.py", line 62, in plot_chunkmodel
    sp = fit_results[chunk_nr].fitted_spectrum
  File "/Users/jaklusmeyer/SONG/pyodine/pyodine/fitters/base.py", line 45, in fitted_spectrum
    return self.model.eval_spectrum(self.chunk, self.params, chunk_ind=self.chunk_ind)
  File "/Users/jaklusmeyer/SONG/pyodine/pyodine/models/base.py", line 79, in eval_spectrum
    flux = self.eval(chunk, params, chunk_ind=chunk_ind, **kwargs)
  File "/Users/jaklusmeyer/SONG/pyodine/pyodine/models/spectrum.py", line 138, in eval
    tck = splrep(tem.wave * doppler, flux_tem, s=0)
  File "/Users/jaklusmeyer/miniconda/envs/pyodine_env/lib/python3.9/site-packages/scipy/interpolate/_fitpack_py.py", line 295, in splrep
    res = _impl.splrep(x, y, w, xb, xe, k, task, s, t, full_output, per, quiet)
  File "/Users/jaklusmeyer/miniconda/envs/pyodine_env/lib/python3.9/site-packages/scipy/interpolate/_fitpack_impl.py", line 276, in splrep
    n, c, fp, ier = dfitpack.curfit(task, x, y, w, t, wrk, iwrk,
dfitpack.error: (xb<=x[0]) failed for 1st keyword xb: curfit:xb=nan
ERROR - NaN value detected in iodine function.
ERROR - Chunk could not be plotted
Traceback (most recent call last):
  File "/Users/jaklusmeyer/SONG/pyodine/pyodine/plot_lib.py", line 62, in plot_chunkmodel
    sp = fit_results[chunk_nr].fitted_spectrum
  File "/Users/jaklusmeyer/SONG/pyodine/pyodine/fitters/base.py", line 45, in fitted_spectrum
    return self.model.eval_spectrum(self.chunk, self.params, chunk_ind=self.chunk_ind)
  File "/Users/jaklusmeyer/SONG/pyodine/pyodine/models/base.py", line 79, in eval_spectrum
    flux = self.eval(chunk, params, chunk_ind=chunk_ind, **kwargs)
  File "/Users/jaklusmeyer/SONG/pyodine/pyodine/models/spectrum.py", line 138, in eval
    tck = splrep(tem.wave * doppler, flux_tem, s=0)
  File "/Users/jaklusmeyer/miniconda/envs/pyodine_env/lib/python3.9/site-packages/scipy/interpolate/_fitpack_py.py", line 295, in splrep
    res = _impl.splrep(x, y, w, xb, xe, k, task, s, t, full_output, per, quiet)
  File "/Users/jaklusmeyer/miniconda/envs/pyodine_env/lib/python3.9/site-packages/scipy/interpolate/_fitpack_impl.py", line 276, in splrep
    n, c, fp, ier = dfitpack.curfit(task, x, y, w, t, wrk, iwrk,
dfitpack.error: (xb<=x[0]) failed for 1st keyword xb: curfit:xb=nan
INFO - 
INFO - ----------------------
INFO - RUN 1
INFO - ----------------------
INFO - 
INFO - Constraining parameters for RUN 1
INFO - 
INFO - Fitted LSF parameters:
INFO - <ParameterSet (values: 10)>
    left_1  =  11.5761886703852
    left_2  =  -10.443088272298107
    left_3  =  6.296163714455865
    left_4  =  -2.181235332818723
    left_5  =  0.7340609848461013
    right1  =  11.576188882439373
    right2  =  -10.44308881464643
    right3  =  6.296164161265737
    right4  =  -2.181235619227561
    right5  =  0.7340610864537914
ERROR - Chunk 0: No Data! Returning LmfitResult with None.
ERROR - Chunk 1: No Data! Returning LmfitResult with None.
ERROR - Chunk 2: No Data! Returning LmfitResult with None.
ERROR - Chunk 3: No Data! Returning LmfitResult with None.
ERROR - Chunk 4: No Data! Returning LmfitResult with None.
ERROR - Chunk 5: No Data! Returning LmfitResult with None.
ERROR - Chunk 6: No Data! Returning LmfitResult with None.
ERROR - Chunk 7: No Data! Returning LmfitResult with None.
ERROR - Chunk 8: No Data! Returning LmfitResult with None.
ERROR - Chunk 9: No Data! Returning LmfitResult with None.
ERROR - Chunk 10: No Data! Returning LmfitResult with None.
ERROR - Chunk 11: No Data! Returning LmfitResult with None.
ERROR - Chunk 12: No Data! Returning LmfitResult with None.
ERROR - Chunk 13: No Data! Returning LmfitResult with None.
ERROR - Chunk 14: No Data! Returning LmfitResult with None.
ERROR - Chunk 15: No Data! Returning LmfitResult with None.
ERROR - Chunk 16: No Data! Returning LmfitResult with None.
ERROR - Chunk 17: No Data! Returning LmfitResult with None.
ERROR - Chunk 18: No Data! Returning LmfitResult with None.
ERROR - Chunk 19: No Data! Returning LmfitResult with None.
ERROR - Chunk 20: No Data! Returning LmfitResult with None.
ERROR - Chunk 21: No Data! Returning LmfitResult with None.
ERROR - Chunk 22: No Data! Returning LmfitResult with None.
ERROR - Chunk 23: No Data! Returning LmfitResult with None.
ERROR - Chunk 24: No Data! Returning LmfitResult with None.
ERROR - Chunk 25: No Data! Returning LmfitResult with None.
ERROR - Chunk 26: No Data! Returning LmfitResult with None.
ERROR - Chunk 27: No Data! Returning LmfitResult with None.
ERROR - Chunk 28: No Data! Returning LmfitResult with None.
ERROR - Chunk 29: No Data! Returning LmfitResult with None.
ERROR - Chunk 30: No Data! Returning LmfitResult with None.
ERROR - Chunk 31: No Data! Returning LmfitResult with None.
ERROR - Chunk 32: No Data! Returning LmfitResult with None.
ERROR - Chunk 33: No Data! Returning LmfitResult with None.
ERROR - Chunk 34: No Data! Returning LmfitResult with None.
ERROR - Chunk 35: No Data! Returning LmfitResult with None.
ERROR - Chunk 36: No Data! Returning LmfitResult with None.
ERROR - Chunk 37: No Data! Returning LmfitResult with None.
ERROR - Chunk 38: No Data! Returning LmfitResult with None.
ERROR - Chunk 39: No Data! Returning LmfitResult with None.
ERROR - Chunk 40: No Data! Returning LmfitResult with None.
ERROR - Chunk 41: No Data! Returning LmfitResult with None.
ERROR - Chunk 42: No Data! Returning LmfitResult with None.
ERROR - Chunk 43: No Data! Returning LmfitResult with None.
ERROR - Chunk 44: No Data! Returning LmfitResult with None.
ERROR - Chunk 45: No Data! Returning LmfitResult with None.
ERROR - Chunk 46: No Data! Returning LmfitResult with None.
ERROR - Chunk 47: No Data! Returning LmfitResult with None.
ERROR - Chunk 48: No Data! Returning LmfitResult with None.
ERROR - Chunk 49: No Data! Returning LmfitResult with None.
ERROR - Chunk 50: No Data! Returning LmfitResult with None.
ERROR - Chunk 51: No Data! Returning LmfitResult with None.
ERROR - Chunk 52: No Data! Returning LmfitResult with None.
ERROR - Chunk 53: No Data! Returning LmfitResult with None.
ERROR - Chunk 54: No Data! Returning LmfitResult with None.
ERROR - Chunk 55: No Data! Returning LmfitResult with None.
ERROR - Chunk 56: No Data! Returning LmfitResult with None.
ERROR - Chunk 57: No Data! Returning LmfitResult with None.
ERROR - Chunk 58: No Data! Returning LmfitResult with None.
ERROR - Chunk 59: No Data! Returning LmfitResult with None.
ERROR - Chunk 60: No Data! Returning LmfitResult with None.
ERROR - Chunk 61: No Data! Returning LmfitResult with None.
ERROR - Chunk 62: No Data! Returning LmfitResult with None.
ERROR - Chunk 63: No Data! Returning LmfitResult with None.
ERROR - Chunk 64: No Data! Returning LmfitResult with None.
ERROR - Chunk 65: No Data! Returning LmfitResult with None.
ERROR - Chunk 66: No Data! Returning LmfitResult with None.
ERROR - Chunk 67: No Data! Returning LmfitResult with None.
ERROR - Chunk 68: No Data! Returning LmfitResult with None.
ERROR - Chunk 69: No Data! Returning LmfitResult with None.
ERROR - Chunk 70: No Data! Returning LmfitResult with None.
ERROR - Chunk 71: No Data! Returning LmfitResult with None.
ERROR - Chunk 72: No Data! Returning LmfitResult with None.
ERROR - Chunk 73: No Data! Returning LmfitResult with None.
ERROR - Chunk 74: No Data! Returning LmfitResult with None.
ERROR - Chunk 75: No Data! Returning LmfitResult with None.
ERROR - Chunk 76: No Data! Returning LmfitResult with None.
ERROR - Chunk 77: No Data! Returning LmfitResult with None.
ERROR - Chunk 78: No Data! Returning LmfitResult with None.
ERROR - Chunk 79: No Data! Returning LmfitResult with None.
ERROR - Chunk 80: No Data! Returning LmfitResult with None.
ERROR - Chunk 81: No Data! Returning LmfitResult with None.
ERROR - Chunk 82: No Data! Returning LmfitResult with None.
ERROR - Chunk 83: No Data! Returning LmfitResult with None.
ERROR - Chunk 84: No Data! Returning LmfitResult with None.
ERROR - Chunk 85: No Data! Returning LmfitResult with None.
ERROR - Chunk 86: No Data! Returning LmfitResult with None.
ERROR - Chunk 87: No Data! Returning LmfitResult with None.
ERROR - Chunk 88: No Data! Returning LmfitResult with None.
ERROR - Chunk 89: No Data! Returning LmfitResult with None.
ERROR - Chunk 90: No Data! Returning LmfitResult with None.
ERROR - Chunk 91: No Data! Returning LmfitResult with None.
ERROR - Chunk 92: No Data! Returning LmfitResult with None.
ERROR - Chunk 93: No Data! Returning LmfitResult with None.
ERROR - Chunk 94: No Data! Returning LmfitResult with None.
ERROR - Chunk 95: No Data! Returning LmfitResult with None.
ERROR - Chunk 96: No Data! Returning LmfitResult with None.
ERROR - Chunk 97: No Data! Returning LmfitResult with None.
ERROR - Chunk 98: No Data! Returning LmfitResult with None.
ERROR - Chunk 99: No Data! Returning LmfitResult with None.
ERROR - Chunk 100: No Data! Returning LmfitResult with None.
ERROR - Chunk 101: No Data! Returning LmfitResult with None.
ERROR - Chunk 102: No Data! Returning LmfitResult with None.
ERROR - Chunk 103: No Data! Returning LmfitResult with None.
ERROR - Chunk 104: No Data! Returning LmfitResult with None.
ERROR - Chunk 105: No Data! Returning LmfitResult with None.
ERROR - Chunk 106: No Data! Returning LmfitResult with None.
ERROR - Chunk 107: No Data! Returning LmfitResult with None.
ERROR - Chunk 108: No Data! Returning LmfitResult with None.
ERROR - Chunk 109: No Data! Returning LmfitResult with None.
ERROR - Chunk 110: No Data! Returning LmfitResult with None.
ERROR - Chunk 111: No Data! Returning LmfitResult with None.
ERROR - Chunk 112: No Data! Returning LmfitResult with None.
ERROR - Chunk 113: No Data! Returning LmfitResult with None.
ERROR - Chunk 114: No Data! Returning LmfitResult with None.
ERROR - Chunk 115: No Data! Returning LmfitResult with None.
ERROR - Chunk 116: No Data! Returning LmfitResult with None.
ERROR - Chunk 117: No Data! Returning LmfitResult with None.
ERROR - Chunk 118: No Data! Returning LmfitResult with None.
ERROR - Chunk 119: No Data! Returning LmfitResult with None.
ERROR - Chunk 120: No Data! Returning LmfitResult with None.
ERROR - Chunk 121: No Data! Returning LmfitResult with None.
ERROR - Chunk 122: No Data! Returning LmfitResult with None.
ERROR - Chunk 123: No Data! Returning LmfitResult with None.
ERROR - Chunk 124: No Data! Returning LmfitResult with None.
ERROR - Chunk 125: No Data! Returning LmfitResult with None.
ERROR - Chunk 126: No Data! Returning LmfitResult with None.
ERROR - Chunk 127: No Data! Returning LmfitResult with None.
ERROR - Chunk 128: No Data! Returning LmfitResult with None.
ERROR - Chunk 129: No Data! Returning LmfitResult with None.
ERROR - Chunk 130: No Data! Returning LmfitResult with None.
ERROR - Chunk 131: No Data! Returning LmfitResult with None.
ERROR - Chunk 132: No Data! Returning LmfitResult with None.
ERROR - Chunk 133: No Data! Returning LmfitResult with None.
ERROR - Chunk 134: No Data! Returning LmfitResult with None.
ERROR - Chunk 135: No Data! Returning LmfitResult with None.
ERROR - Chunk 136: No Data! Returning LmfitResult with None.
ERROR - Chunk 137: No Data! Returning LmfitResult with None.
ERROR - Chunk 138: No Data! Returning LmfitResult with None.
ERROR - Chunk 139: No Data! Returning LmfitResult with None.
ERROR - Chunk 140: No Data! Returning LmfitResult with None.
ERROR - Chunk 141: No Data! Returning LmfitResult with None.
ERROR - Chunk 142: No Data! Returning LmfitResult with None.
ERROR - Chunk 143: No Data! Returning LmfitResult with None.
ERROR - Chunk 144: No Data! Returning LmfitResult with None.
ERROR - Chunk 145: No Data! Returning LmfitResult with None.
ERROR - Chunk 146: No Data! Returning LmfitResult with None.
ERROR - Chunk 147: No Data! Returning LmfitResult with None.
ERROR - Chunk 148: No Data! Returning LmfitResult with None.
ERROR - Chunk 149: No Data! Returning LmfitResult with None.
ERROR - Chunk 150: No Data! Returning LmfitResult with None.
ERROR - Chunk 151: No Data! Returning LmfitResult with None.
ERROR - Chunk 152: No Data! Returning LmfitResult with None.
ERROR - Chunk 153: No Data! Returning LmfitResult with None.
ERROR - Chunk 154: No Data! Returning LmfitResult with None.
ERROR - Chunk 155: No Data! Returning LmfitResult with None.
ERROR - Chunk 156: No Data! Returning LmfitResult with None.
ERROR - Chunk 157: No Data! Returning LmfitResult with None.
ERROR - Chunk 158: No Data! Returning LmfitResult with None.
ERROR - Chunk 159: No Data! Returning LmfitResult with None.
ERROR - Chunk 160: No Data! Returning LmfitResult with None.
ERROR - Chunk 161: No Data! Returning LmfitResult with None.
ERROR - Chunk 162: No Data! Returning LmfitResult with None.
ERROR - Chunk 163: No Data! Returning LmfitResult with None.
ERROR - Chunk 164: No Data! Returning LmfitResult with None.
ERROR - Chunk 165: No Data! Returning LmfitResult with None.
ERROR - Chunk 166: No Data! Returning LmfitResult with None.
ERROR - Chunk 167: No Data! Returning LmfitResult with None.
ERROR - Chunk 168: No Data! Returning LmfitResult with None.
ERROR - Chunk 169: No Data! Returning LmfitResult with None.
ERROR - Chunk 170: No Data! Returning LmfitResult with None.
ERROR - Chunk 171: No Data! Returning LmfitResult with None.
ERROR - Chunk 172: No Data! Returning LmfitResult with None.
ERROR - Chunk 173: No Data! Returning LmfitResult with None.
ERROR - Chunk 174: No Data! Returning LmfitResult with None.
ERROR - Chunk 175: No Data! Returning LmfitResult with None.
ERROR - Chunk 176: No Data! Returning LmfitResult with None.
ERROR - Chunk 177: No Data! Returning LmfitResult with None.
ERROR - Chunk 178: No Data! Returning LmfitResult with None.
ERROR - Chunk 179: No Data! Returning LmfitResult with None.
ERROR - Chunk 180: No Data! Returning LmfitResult with None.
ERROR - Chunk 181: No Data! Returning LmfitResult with None.
ERROR - Chunk 182: No Data! Returning LmfitResult with None.
ERROR - Chunk 183: No Data! Returning LmfitResult with None.
ERROR - Chunk 184: No Data! Returning LmfitResult with None.
ERROR - Chunk 185: No Data! Returning LmfitResult with None.
ERROR - Chunk 186: No Data! Returning LmfitResult with None.
ERROR - Chunk 187: No Data! Returning LmfitResult with None.
ERROR - Chunk 188: No Data! Returning LmfitResult with None.
ERROR - Chunk 189: No Data! Returning LmfitResult with None.
ERROR - Chunk 190: No Data! Returning LmfitResult with None.
ERROR - Chunk 191: No Data! Returning LmfitResult with None.
ERROR - Chunk 192: No Data! Returning LmfitResult with None.
ERROR - Chunk 193: No Data! Returning LmfitResult with None.
ERROR - Chunk 194: No Data! Returning LmfitResult with None.
ERROR - Chunk 195: No Data! Returning LmfitResult with None.
ERROR - Chunk 196: No Data! Returning LmfitResult with None.
ERROR - Chunk 197: No Data! Returning LmfitResult with None.
ERROR - Chunk 198: No Data! Returning LmfitResult with None.
ERROR - Chunk 199: No Data! Returning LmfitResult with None.
ERROR - Chunk 200: No Data! Returning LmfitResult with None.
ERROR - Chunk 201: No Data! Returning LmfitResult with None.
ERROR - Chunk 202: No Data! Returning LmfitResult with None.
ERROR - Chunk 203: No Data! Returning LmfitResult with None.
ERROR - Chunk 204: No Data! Returning LmfitResult with None.
ERROR - Chunk 205: No Data! Returning LmfitResult with None.
ERROR - Chunk 206: No Data! Returning LmfitResult with None.
ERROR - Chunk 207: No Data! Returning LmfitResult with None.
ERROR - Chunk 208: No Data! Returning LmfitResult with None.
ERROR - Chunk 209: No Data! Returning LmfitResult with None.
ERROR - Chunk 210: No Data! Returning LmfitResult with None.
ERROR - Chunk 211: No Data! Returning LmfitResult with None.
ERROR - Chunk 212: No Data! Returning LmfitResult with None.
ERROR - Chunk 213: No Data! Returning LmfitResult with None.
ERROR - Chunk 214: No Data! Returning LmfitResult with None.
ERROR - Chunk 215: No Data! Returning LmfitResult with None.
ERROR - Chunk 216: No Data! Returning LmfitResult with None.
ERROR - Chunk 217: No Data! Returning LmfitResult with None.
ERROR - Chunk 218: No Data! Returning LmfitResult with None.
ERROR - Chunk 219: No Data! Returning LmfitResult with None.
ERROR - Chunk 220: No Data! Returning LmfitResult with None.
ERROR - Chunk 221: No Data! Returning LmfitResult with None.
ERROR - Chunk 222: No Data! Returning LmfitResult with None.
ERROR - Chunk 223: No Data! Returning LmfitResult with None.
ERROR - Chunk 224: No Data! Returning LmfitResult with None.
ERROR - Chunk 225: No Data! Returning LmfitResult with None.
ERROR - Chunk 226: No Data! Returning LmfitResult with None.
ERROR - Chunk 227: No Data! Returning LmfitResult with None.
ERROR - Chunk 228: No Data! Returning LmfitResult with None.
ERROR - Chunk 229: No Data! Returning LmfitResult with None.
ERROR - Chunk 230: No Data! Returning LmfitResult with None.
ERROR - Chunk 231: No Data! Returning LmfitResult with None.
ERROR - Chunk 232: No Data! Returning LmfitResult with None.
ERROR - Chunk 233: No Data! Returning LmfitResult with None.
ERROR - Chunk 234: No Data! Returning LmfitResult with None.
ERROR - Chunk 235: No Data! Returning LmfitResult with None.
ERROR - Chunk 236: No Data! Returning LmfitResult with None.
ERROR - Chunk 237: No Data! Returning LmfitResult with None.
ERROR - Chunk 238: No Data! Returning LmfitResult with None.
ERROR - Chunk 239: No Data! Returning LmfitResult with None.
ERROR - Chunk 240: No Data! Returning LmfitResult with None.
ERROR - Chunk 241: No Data! Returning LmfitResult with None.
ERROR - Chunk 242: No Data! Returning LmfitResult with None.
ERROR - Chunk 243: No Data! Returning LmfitResult with None.
ERROR - Chunk 244: No Data! Returning LmfitResult with None.
ERROR - Chunk 245: No Data! Returning LmfitResult with None.
ERROR - Chunk 246: No Data! Returning LmfitResult with None.
ERROR - Chunk 247: No Data! Returning LmfitResult with None.
ERROR - Chunk 248: No Data! Returning LmfitResult with None.
ERROR - Chunk 249: No Data! Returning LmfitResult with None.
ERROR - Chunk 250: No Data! Returning LmfitResult with None.
ERROR - Chunk 251: No Data! Returning LmfitResult with None.
ERROR - Chunk 252: No Data! Returning LmfitResult with None.
ERROR - Chunk 253: No Data! Returning LmfitResult with None.
ERROR - Chunk 254: No Data! Returning LmfitResult with None.
ERROR - Chunk 255: No Data! Returning LmfitResult with None.
ERROR - Chunk 256: No Data! Returning LmfitResult with None.
ERROR - Chunk 257: No Data! Returning LmfitResult with None.
ERROR - Chunk 258: No Data! Returning LmfitResult with None.
ERROR - Chunk 259: No Data! Returning LmfitResult with None.
ERROR - Chunk 260: No Data! Returning LmfitResult with None.
ERROR - Chunk 261: No Data! Returning LmfitResult with None.
ERROR - Chunk 262: No Data! Returning LmfitResult with None.
ERROR - Chunk 263: No Data! Returning LmfitResult with None.
ERROR - Chunk 264: No Data! Returning LmfitResult with None.
ERROR - Chunk 265: No Data! Returning LmfitResult with None.
ERROR - Chunk 266: No Data! Returning LmfitResult with None.
ERROR - Chunk 267: No Data! Returning LmfitResult with None.
ERROR - Chunk 268: No Data! Returning LmfitResult with None.
ERROR - Chunk 269: No Data! Returning LmfitResult with None.
ERROR - Chunk 270: No Data! Returning LmfitResult with None.
ERROR - Chunk 271: No Data! Returning LmfitResult with None.
ERROR - Chunk 272: No Data! Returning LmfitResult with None.
ERROR - Chunk 273: No Data! Returning LmfitResult with None.
ERROR - Chunk 274: No Data! Returning LmfitResult with None.
ERROR - Chunk 275: No Data! Returning LmfitResult with None.
ERROR - Chunk 276: No Data! Returning LmfitResult with None.
ERROR - Chunk 277: No Data! Returning LmfitResult with None.
ERROR - Chunk 278: No Data! Returning LmfitResult with None.
ERROR - Chunk 279: No Data! Returning LmfitResult with None.
ERROR - Chunk 280: No Data! Returning LmfitResult with None.
ERROR - NaN value detected in oversampled model function.
ERROR - <ParameterSet (values: 17)>
    cont_intercept  =  30912.035098187156
    cont_slope      =  4.381263522448076
    iod_depth       =  1.032845482550587
    lsf_left_1      =  3.1008087183676363
    lsf_left_2      =  -17.941606719162493
    lsf_left_3      =  5.694363376605619
    lsf_left_4      =  -3.2899375330759346
    lsf_left_5      =  0.8281568843931147
    lsf_right1      =  4.430862220811429
    lsf_right2      =  -15.793112300410986
    lsf_right3      =  7.1666146109318865
    lsf_right4      =  -3.451979026860802
    lsf_right5      =  1.2934364437435475
    tem_depth       =  1.0037174773097786
    velocity        =  -23791.312589407305
    wave_intercept  =  5018.133128276195
    wave_slope      =  0.013872169371439112
ERROR - Evaluated LSF:
ERROR - [nan nan nan nan nan nan nan nan nan nan nan nan nan nan nan nan nan nan
 nan nan nan nan nan nan nan nan nan nan nan nan nan nan nan nan nan nan
 nan nan nan nan nan nan nan nan nan nan nan nan nan nan nan nan nan nan
 nan nan nan nan nan nan nan nan nan nan nan nan nan nan nan nan nan nan
 nan]
WARNING - Chunk 317:
WARNING - NaN values detected in your input data or the output of your objective/model function - fitting algorithms cannot handle this! Please read https://lmfit.github.io/lmfit-py/faq.html#i-get-errors-from-nan-in-my-fit-what-can-i-do for more information.
ERROR - NaN value detected in oversampled model function.
ERROR - <ParameterSet (values: 17)>
    cont_intercept  =  27285.421311424037
    cont_slope      =  -15.245834149746715
    iod_depth       =  0.9964639681447154
    lsf_left_1      =  2.356074838546798
    lsf_left_2      =  -14.57414704221437
    lsf_left_3      =  1.7606063935068659
    lsf_left_4      =  -3.2161427358617933
    lsf_left_5      =  0.9872912441003145
    lsf_right1      =  8.19614172448621
    lsf_right2      =  -17.746123765331966
    lsf_right3      =  7.31110818022895
    lsf_right4      =  -3.920224189296126
    lsf_right5      =  0.17256315793540167
    tem_depth       =  0.9624172402360482
    velocity        =  -24023.21540744178
    wave_intercept  =  5077.109567967309
    wave_slope      =  0.012580552046496432
ERROR - Evaluated LSF:
ERROR - [nan nan nan nan nan nan nan nan nan nan nan nan nan nan nan nan nan nan
 nan nan nan nan nan nan nan nan nan nan nan nan nan nan nan nan nan nan
 nan nan nan nan nan nan nan nan nan nan nan nan nan nan nan nan nan nan
 nan nan nan nan nan nan nan nan nan nan nan nan nan nan nan nan nan nan
 nan]
WARNING - Chunk 367:
WARNING - NaN values detected in your input data or the output of your objective/model function - fitting algorithms cannot handle this! Please read https://lmfit.github.io/lmfit-py/faq.html#i-get-errors-from-nan-in-my-fit-what-can-i-do for more information.
ERROR - NaN value detected in oversampled model function.
ERROR - <ParameterSet (values: 17)>
    cont_intercept  =  37944.86147302401
    cont_slope      =  1.4139951782001643
    iod_depth       =  0.9037331583523823
    lsf_left_1      =  9.193219187119524
    lsf_left_2      =  -18.53324654503149
    lsf_left_3      =  4.591519793066563
    lsf_left_4      =  -3.924821531714908
    lsf_left_5      =  1.1146770180102183
    lsf_right1      =  4.89916699400861
    lsf_right2      =  -18.755586932047773
    lsf_right3      =  4.344209144621473
    lsf_right4      =  -2.5754576089605843
    lsf_right5      =  0.2836717675379459
    tem_depth       =  1.0103838610304998
    velocity        =  -23655.913407858912
    wave_intercept  =  5146.3290386949575
    wave_slope      =  0.01407314916521187
ERROR - Evaluated LSF:
ERROR - [nan nan nan nan nan nan nan nan nan nan nan nan nan nan nan nan nan nan
 nan nan nan nan nan nan nan nan nan nan nan nan nan nan nan nan nan nan
 nan nan nan nan nan nan nan nan nan nan nan nan nan nan nan nan nan nan
 nan nan nan nan nan nan nan nan nan nan nan nan nan nan nan nan nan nan
 nan]
WARNING - Chunk 435:
WARNING - NaN values detected in your input data or the output of your objective/model function - fitting algorithms cannot handle this! Please read https://lmfit.github.io/lmfit-py/faq.html#i-get-errors-from-nan-in-my-fit-what-can-i-do for more information.
ERROR - NaN value detected in oversampled model function.
ERROR - <ParameterSet (values: 17)>
    cont_intercept  =  49925.18217463619
    cont_slope      =  -5.978152892246205
    iod_depth       =  1.1605311833589333
    lsf_left_1      =  2.634449101698274
    lsf_left_2      =  -8.976776033776478
    lsf_left_3      =  7.022902668244756
    lsf_left_4      =  -3.1702211217128915
    lsf_left_5      =  0.18518425810682076
    lsf_right1      =  7.57527682646535
    lsf_right2      =  -18.381189363145594
    lsf_right3      =  7.399387285066068
    lsf_right4      =  -3.704505012785779
    lsf_right5      =  0.5149158970389975
    tem_depth       =  1.0276623529289717
    velocity        =  -23760.464891515807
    wave_intercept  =  5234.297111667304
    wave_slope      =  0.014367831555699971
ERROR - Evaluated LSF:
ERROR - [nan nan nan nan nan nan nan nan nan nan nan nan nan nan nan nan nan nan
 nan nan nan nan nan nan nan nan nan nan nan nan nan nan nan nan nan nan
 nan nan nan nan nan nan nan nan nan nan nan nan nan nan nan nan nan nan
 nan nan nan nan nan nan nan nan nan nan nan nan nan nan nan nan nan nan
 nan]
WARNING - Chunk 513:
WARNING - NaN values detected in your input data or the output of your objective/model function - fitting algorithms cannot handle this! Please read https://lmfit.github.io/lmfit-py/faq.html#i-get-errors-from-nan-in-my-fit-what-can-i-do for more information.
ERROR - NaN value detected in oversampled model function.
ERROR - <ParameterSet (values: 17)>
    cont_intercept  =  60332.44684937058
    cont_slope      =  37.171098812432284
    iod_depth       =  1.0313335445792433
    lsf_left_1      =  3.1325156932103355
    lsf_left_2      =  -18.796574716370365
    lsf_left_3      =  4.324091825327345
    lsf_left_4      =  -3.4644005299252294
    lsf_left_5      =  1.1868794075733622
    lsf_right1      =  3.5882915317779362
    lsf_right2      =  -14.374575643284038
    lsf_right3      =  1.519808221107744
    lsf_right4      =  -3.760929228908917
    lsf_right5      =  1.2437298511123918
    tem_depth       =  1.0081062610825
    velocity        =  -23474.22885128724
    wave_intercept  =  5314.573574505429
    wave_slope      =  0.01539679502512426
ERROR - Evaluated LSF:
ERROR - [nan nan nan nan nan nan nan nan nan nan nan nan nan nan nan nan nan nan
 nan nan nan nan nan nan nan nan nan nan nan nan nan nan nan nan nan nan
 nan nan nan nan nan nan nan nan nan nan nan nan nan nan nan nan nan nan
 nan nan nan nan nan nan nan nan nan nan nan nan nan nan nan nan nan nan
 nan]
WARNING - Chunk 585:
WARNING - NaN values detected in your input data or the output of your objective/model function - fitting algorithms cannot handle this! Please read https://lmfit.github.io/lmfit-py/faq.html#i-get-errors-from-nan-in-my-fit-what-can-i-do for more information.
ERROR - NaN value detected in oversampled model function.
ERROR - <ParameterSet (values: 17)>
    cont_intercept  =  46609.08610264602
    cont_slope      =  -23.344501482221474
    iod_depth       =  1.0103654811659846
    lsf_left_1      =  4.605424845564681
    lsf_left_2      =  -17.824148904235958
    lsf_left_3      =  5.398716282139198
    lsf_left_4      =  -3.9141595810618846
    lsf_left_5      =  0.3808764288983132
    lsf_right1      =  10.351044862985608
    lsf_right2      =  -18.750425656803134
    lsf_right3      =  5.039769795024122
    lsf_right4      =  -3.926191834493053
    lsf_right5      =  1.0423067892860962
    tem_depth       =  0.990051996045688
    velocity        =  -23609.80283958916
    wave_intercept  =  5433.276305168988
    wave_slope      =  0.013699399568231498
ERROR - Evaluated LSF:
ERROR - [nan nan nan nan nan nan nan nan nan nan nan nan nan nan nan nan nan nan
 nan nan nan nan nan nan nan nan nan nan nan nan nan nan nan nan nan nan
 nan nan nan nan nan nan nan nan nan nan nan nan nan nan nan nan nan nan
 nan nan nan nan nan nan nan nan nan nan nan nan nan nan nan nan nan nan
 nan]
WARNING - Chunk 677:
WARNING - NaN values detected in your input data or the output of your objective/model function - fitting algorithms cannot handle this! Please read https://lmfit.github.io/lmfit-py/faq.html#i-get-errors-from-nan-in-my-fit-what-can-i-do for more information.
ERROR - NaN value detected in oversampled model function.
ERROR - <ParameterSet (values: 17)>
    cont_intercept  =  60483.15583237172
    cont_slope      =  37.62940750683978
    iod_depth       =  0.9534500699339454
    lsf_left_1      =  6.028444313510676
    lsf_left_2      =  -18.770052376523612
    lsf_left_3      =  5.354755136926638
    lsf_left_4      =  -3.7766218526370197
    lsf_left_5      =  1.0048379193898813
    lsf_right1      =  2.3152687803402934
    lsf_right2      =  -17.44232106299044
    lsf_right3      =  5.11156898901579
    lsf_right4      =  -1.644826853187452
    lsf_right5      =  0.16790221727637772
    tem_depth       =  1.0059484887286396
    velocity        =  -23658.578794095778
    wave_intercept  =  5453.090064999242
    wave_slope      =  0.016120638398297502
ERROR - Evaluated LSF:
ERROR - [nan nan nan nan nan nan nan nan nan nan nan nan nan nan nan nan nan nan
 nan nan nan nan nan nan nan nan nan nan nan nan nan nan nan nan nan nan
 nan nan nan nan nan nan nan nan nan nan nan nan nan nan nan nan nan nan
 nan nan nan nan nan nan nan nan nan nan nan nan nan nan nan nan nan nan
 nan]
WARNING - Chunk 700:
WARNING - NaN values detected in your input data or the output of your objective/model function - fitting algorithms cannot handle this! Please read https://lmfit.github.io/lmfit-py/faq.html#i-get-errors-from-nan-in-my-fit-what-can-i-do for more information.
ERROR - NaN value detected in oversampled model function.
ERROR - <ParameterSet (values: 17)>
    cont_intercept  =  48905.38053312417
    cont_slope      =  -35.601807179693566
    iod_depth       =  1.0200286661389943
    lsf_left_1      =  2.522582250892998
    lsf_left_2      =  -17.722632110821245
    lsf_left_3      =  2.6191023957380235
    lsf_left_4      =  -3.449941575706231
    lsf_left_5      =  1.0054352252645313
    lsf_right1      =  11.4243902468209
    lsf_right2      =  -17.804189164926985
    lsf_right3      =  1.2593439940240856
    lsf_right4      =  -3.5259851706644616
    lsf_right5      =  0.20020821692720728
    tem_depth       =  1.0196086333519165
    velocity        =  -23471.993429685295
    wave_intercept  =  5539.328532176503
    wave_slope      =  0.01332556973662916
ERROR - Evaluated LSF:
ERROR - [nan nan nan nan nan nan nan nan nan nan nan nan nan nan nan nan nan nan
 nan nan nan nan nan nan nan nan nan nan nan nan nan nan nan nan nan nan
 nan nan nan nan nan nan nan nan nan nan nan nan nan nan nan nan nan nan
 nan nan nan nan nan nan nan nan nan nan nan nan nan nan nan nan nan nan
 nan]
WARNING - Chunk 760:
WARNING - NaN values detected in your input data or the output of your objective/model function - fitting algorithms cannot handle this! Please read https://lmfit.github.io/lmfit-py/faq.html#i-get-errors-from-nan-in-my-fit-what-can-i-do for more information.
ERROR - NaN value detected in oversampled model function.
ERROR - <ParameterSet (values: 17)>
    cont_intercept  =  61293.17115547549
    cont_slope      =  -41.43183115884701
    iod_depth       =  0.9935879286034103
    lsf_left_1      =  2.586321921681749
    lsf_left_2      =  -4.748804919394061
    lsf_left_3      =  3.542875808313627
    lsf_left_4      =  -3.393405462933857
    lsf_left_5      =  0.6439551258769738
    lsf_right1      =  3.0905898561805984
    lsf_right2      =  -18.79579964291163
    lsf_right3      =  9.017489998633131
    lsf_right4      =  -3.7526992651634123
    lsf_right5      =  1.2942836056152962
    tem_depth       =  0.9679456174687425
    velocity        =  -23577.597195711034
    wave_intercept  =  5688.205691188522
    wave_slope      =  0.01405976512743377
ERROR - Evaluated LSF:
ERROR - [nan nan nan nan nan nan nan nan nan nan nan nan nan nan nan nan nan nan
 nan nan nan nan nan nan nan nan nan nan nan nan nan nan nan nan nan nan
 nan nan nan nan nan nan nan nan nan nan nan nan nan nan nan nan nan nan
 nan nan nan nan nan nan nan nan nan nan nan nan nan nan nan nan nan nan
 nan]
WARNING - Chunk 874:
WARNING - NaN values detected in your input data or the output of your objective/model function - fitting algorithms cannot handle this! Please read https://lmfit.github.io/lmfit-py/faq.html#i-get-errors-from-nan-in-my-fit-what-can-i-do for more information.
ERROR - NaN value detected in oversampled model function.
ERROR - <ParameterSet (values: 17)>
    cont_intercept  =  56341.091016197024
    cont_slope      =  -38.155737187405016
    iod_depth       =  0.9539326876529511
    lsf_left_1      =  5.182417203424183
    lsf_left_2      =  -17.5677191461007
    lsf_left_3      =  2.180830501877802
    lsf_left_4      =  -0.43938217928979784
    lsf_left_5      =  0.4315904726938609
    lsf_right1      =  5.793572179148819
    lsf_right2      =  -12.310096690371973
    lsf_right3      =  7.233689365280584
    lsf_right4      =  -2.766074334982191
    lsf_right5      =  0.5114257559326117
    tem_depth       =  0.9680451824138165
    velocity        =  -23527.296711548235
    wave_intercept  =  5693.187795511448
    wave_slope      =  0.013691865211886972
ERROR - Evaluated LSF:
ERROR - [nan nan nan nan nan nan nan nan nan nan nan nan nan nan nan nan nan nan
 nan nan nan nan nan nan nan nan nan nan nan nan nan nan nan nan nan nan
 nan nan nan nan nan nan nan nan nan nan nan nan nan nan nan nan nan nan
 nan nan nan nan nan nan nan nan nan nan nan nan nan nan nan nan nan nan
 nan]
WARNING - Chunk 877:
WARNING - NaN values detected in your input data or the output of your objective/model function - fitting algorithms cannot handle this! Please read https://lmfit.github.io/lmfit-py/faq.html#i-get-errors-from-nan-in-my-fit-what-can-i-do for more information.
ERROR - NaN value detected in oversampled model function.
ERROR - <ParameterSet (values: 17)>
    cont_intercept  =  49172.13397273715
    cont_slope      =  -43.931482585687036
    iod_depth       =  0.9506796474704616
    lsf_left_1      =  2.315813577484312
    lsf_left_2      =  -10.895956316341863
    lsf_left_3      =  3.5874895133777724
    lsf_left_4      =  -3.0235282163497863
    lsf_left_5      =  1.2558067521623542
    lsf_right1      =  2.3487263252969535
    lsf_right2      =  -11.643620331508512
    lsf_right3      =  1.3754264491489603
    lsf_right4      =  -3.8412804500203737
    lsf_right5      =  0.6397217786616096
    tem_depth       =  1.0284791900309413
    velocity        =  -23597.328933993747
    wave_intercept  =  5696.429028418854
    wave_slope      =  0.013425317249859701
ERROR - Evaluated LSF:
ERROR - [nan nan nan nan nan nan nan nan nan nan nan nan nan nan nan nan nan nan
 nan nan nan nan nan nan nan nan nan nan nan nan nan nan nan nan nan nan
 nan nan nan nan nan nan nan nan nan nan nan nan nan nan nan nan nan nan
 nan nan nan nan nan nan nan nan nan nan nan nan nan nan nan nan nan nan
 nan]
WARNING - Chunk 879:
WARNING - NaN values detected in your input data or the output of your objective/model function - fitting algorithms cannot handle this! Please read https://lmfit.github.io/lmfit-py/faq.html#i-get-errors-from-nan-in-my-fit-what-can-i-do for more information.
ERROR - NaN value detected in oversampled model function.
ERROR - <ParameterSet (values: 17)>
    cont_intercept  =  96472.2076835945
    cont_slope      =  57.86912790683
    iod_depth       =  1.007451400063068
    lsf_left_1      =  7.896124954402966
    lsf_left_2      =  -17.194807689986735
    lsf_left_3      =  2.0452616184611596
    lsf_left_4      =  -2.8120304765120494
    lsf_left_5      =  0.795009572494461
    lsf_right1      =  4.561561375346189
    lsf_right2      =  -13.512837700584335
    lsf_right3      =  2.0574283666649666
    lsf_right4      =  -2.2235579614413044
    lsf_right5      =  0.2107438084169067
    tem_depth       =  0.8193426098444355
    velocity        =  -24526.8793935536
    wave_intercept  =  5763.793879786251
    wave_slope      =  0.016807495965261297
ERROR - Evaluated LSF:
ERROR - [nan nan nan nan nan nan nan nan nan nan nan nan nan nan nan nan nan nan
 nan nan nan nan nan nan nan nan nan nan nan nan nan nan nan nan nan nan
 nan nan nan nan nan nan nan nan nan nan nan nan nan nan nan nan nan nan
 nan nan nan nan nan nan nan nan nan nan nan nan nan nan nan nan nan nan
 nan]
WARNING - Chunk 935:
WARNING - NaN values detected in your input data or the output of your objective/model function - fitting algorithms cannot handle this! Please read https://lmfit.github.io/lmfit-py/faq.html#i-get-errors-from-nan-in-my-fit-what-can-i-do for more information.
ERROR - NaN value detected in oversampled model function.
ERROR - <ParameterSet (values: 17)>
    cont_intercept  =  66293.54013902192
    cont_slope      =  59.266034684818564
    iod_depth       =  0.9567926793635998
    lsf_left_1      =  3.446630922961838
    lsf_left_2      =  -17.005688312663384
    lsf_left_3      =  1.4357455910412502
    lsf_left_4      =  -1.7280692615627329
    lsf_left_5      =  0.20202334245083997
    lsf_right1      =  4.952283492061989
    lsf_right2      =  -8.820099310412767
    lsf_right3      =  1.7917018131000946
    lsf_right4      =  -3.9261073153127786
    lsf_right5      =  0.9517880163316039
    tem_depth       =  1.023211685660678
    velocity        =  -23820.127483931694
    wave_intercept  =  5806.0980951248175
    wave_slope      =  0.01803139310972478
ERROR - Evaluated LSF:
ERROR - [nan nan nan nan nan nan nan nan nan nan nan nan nan nan nan nan nan nan
 nan nan nan nan nan nan nan nan nan nan nan nan nan nan nan nan nan nan
 nan nan nan nan nan nan nan nan nan nan nan nan nan nan nan nan nan nan
 nan nan nan nan nan nan nan nan nan nan nan nan nan nan nan nan nan nan
 nan]
WARNING - Chunk 968:
WARNING - NaN values detected in your input data or the output of your objective/model function - fitting algorithms cannot handle this! Please read https://lmfit.github.io/lmfit-py/faq.html#i-get-errors-from-nan-in-my-fit-what-can-i-do for more information.
ERROR - NaN value detected in oversampled model function.
ERROR - <ParameterSet (values: 17)>
    cont_intercept  =  118411.40508246193
    cont_slope      =  -26.995382800708786
    iod_depth       =  1.1344554965082116
    lsf_left_1      =  8.940436513817236
    lsf_left_2      =  -17.225625710084625
    lsf_left_3      =  1.7385721761982187
    lsf_left_4      =  -0.8425623245002143
    lsf_left_5      =  0.14891252722670054
    lsf_right1      =  5.742817798920793
    lsf_right2      =  -18.202657890789684
    lsf_right3      =  7.652229491412009
    lsf_right4      =  -3.3375320782488216
    lsf_right5      =  0.1982208782857838
    tem_depth       =  1.024155304780363
    velocity        =  -24765.76001420827
    wave_intercept  =  5841.822421710773
    wave_slope      =  0.015253295716654024
ERROR - Evaluated LSF:
ERROR - [nan nan nan nan nan nan nan nan nan nan nan nan nan nan nan nan nan nan
 nan nan nan nan nan nan nan nan nan nan nan nan nan nan nan nan nan nan
 nan nan nan nan nan nan nan nan nan nan nan nan nan nan nan nan nan nan
 nan nan nan nan nan nan nan nan nan nan nan nan nan nan nan nan nan nan
 nan]
WARNING - Chunk 986:
WARNING - NaN values detected in your input data or the output of your objective/model function - fitting algorithms cannot handle this! Please read https://lmfit.github.io/lmfit-py/faq.html#i-get-errors-from-nan-in-my-fit-what-can-i-do for more information.
ERROR - NaN value detected in oversampled model function.
ERROR - <ParameterSet (values: 17)>
    cont_intercept  =  48294.185229529605
    cont_slope      =  45.650002847885645
    iod_depth       =  1.006521139848913
    lsf_left_1      =  2.4885780342020247
    lsf_left_2      =  -17.8850052347352
    lsf_left_3      =  11.31243708612929
    lsf_left_4      =  -3.9212504583091397
    lsf_left_5      =  0.48405659463415773
    lsf_right1      =  3.1460119204317003
    lsf_right2      =  -17.165583640779566
    lsf_right3      =  6.637077735342947
    lsf_right4      =  -2.4704705551798813
    lsf_right5      =  0.6377054074817783
    tem_depth       =  1.0049229391676886
    velocity        =  -23158.302784175477
    wave_intercept  =  5855.374774204142
    wave_slope      =  0.018996239228944695
ERROR - Evaluated LSF:
ERROR - [nan nan nan nan nan nan nan nan nan nan nan nan nan nan nan nan nan nan
 nan nan nan nan nan nan nan nan nan nan nan nan nan nan nan nan nan nan
 nan nan nan nan nan nan nan nan nan nan nan nan nan nan nan nan nan nan
 nan nan nan nan nan nan nan nan nan nan nan nan nan nan nan nan nan nan
 nan]
WARNING - Chunk 1004:
WARNING - NaN values detected in your input data or the output of your objective/model function - fitting algorithms cannot handle this! Please read https://lmfit.github.io/lmfit-py/faq.html#i-get-errors-from-nan-in-my-fit-what-can-i-do for more information.
ERROR - NaN value detected in oversampled model function.
ERROR - <ParameterSet (values: 17)>
    cont_intercept  =  83347.7100821082
    cont_slope      =  -44.30453666330553
    iod_depth       =  1.124623467972513
    lsf_left_1      =  4.6265519479033
    lsf_left_2      =  -18.733114921233753
    lsf_left_3      =  8.251904663383268
    lsf_left_4      =  -3.2519657965325974
    lsf_left_5      =  0.2749074765885451
    lsf_right1      =  5.392877627492202
    lsf_right2      =  -14.59701894279859
    lsf_right3      =  4.830891270912106
    lsf_right4      =  -3.6841944294423468
    lsf_right5      =  1.1722984413494013
    tem_depth       =  1.0282214857234335
    velocity        =  -24486.757851955594
    wave_intercept  =  5908.693862775562
    wave_slope      =  0.014280839221150738
ERROR - Evaluated LSF:
ERROR - [nan nan nan nan nan nan nan nan nan nan nan nan nan nan nan nan nan nan
 nan nan nan nan nan nan nan nan nan nan nan nan nan nan nan nan nan nan
 nan nan nan nan nan nan nan nan nan nan nan nan nan nan nan nan nan nan
 nan nan nan nan nan nan nan nan nan nan nan nan nan nan nan nan nan nan
 nan]
WARNING - Chunk 1031:
WARNING - NaN values detected in your input data or the output of your objective/model function - fitting algorithms cannot handle this! Please read https://lmfit.github.io/lmfit-py/faq.html#i-get-errors-from-nan-in-my-fit-what-can-i-do for more information.
ERROR - NaN value detected in oversampled model function.
ERROR - <ParameterSet (values: 17)>
    cont_intercept  =  61791.570746276644
    cont_slope      =  87.83475254933157
    iod_depth       =  0.34437755103125267
    lsf_left_1      =  3.39209270426063
    lsf_left_2      =  -18.68620333808365
    lsf_left_3      =  2.9815142733355238
    lsf_left_4      =  -1.2194605915536672
    lsf_left_5      =  0.1528884936063725
    lsf_right1      =  10.446418064343176
    lsf_right2      =  -18.78869856565958
    lsf_right3      =  1.2593536531944052
    lsf_right4      =  -3.6558462093231516
    lsf_right5      =  0.16154406325832907
    tem_depth       =  0.9034457336203496
    velocity        =  -23807.432167051666
    wave_intercept  =  6029.278981476957
    wave_slope      =  0.019122079374102544
ERROR - Evaluated LSF:
ERROR - [nan nan nan nan nan nan nan nan nan nan nan nan nan nan nan nan nan nan
 nan nan nan nan nan nan nan nan nan nan nan nan nan nan nan nan nan nan
 nan nan nan nan nan nan nan nan nan nan nan nan nan nan nan nan nan nan
 nan nan nan nan nan nan nan nan nan nan nan nan nan nan nan nan nan nan
 nan]
WARNING - Chunk 1121:
WARNING - NaN values detected in your input data or the output of your objective/model function - fitting algorithms cannot handle this! Please read https://lmfit.github.io/lmfit-py/faq.html#i-get-errors-from-nan-in-my-fit-what-can-i-do for more information.
ERROR - NaN value detected in oversampled model function.
ERROR - <ParameterSet (values: 17)>
    cont_intercept  =  122189.81506975277
    cont_slope      =  41.69703491529157
    iod_depth       =  1.0187357338274985
    lsf_left_1      =  2.3168020143279726
    lsf_left_2      =  -12.821389820224635
    lsf_left_3      =  6.933775479932539
    lsf_left_4      =  -2.8844542051882547
    lsf_left_5      =  0.22450204534470392
    lsf_right1      =  4.1962269419051434
    lsf_right2      =  -15.51837271205488
    lsf_right3      =  10.040537437429572
    lsf_right4      =  -3.9239496526343918
    lsf_right5      =  0.4847942424795332
    tem_depth       =  0.8108354412856675
    velocity        =  -22920.971772743986
    wave_intercept  =  6047.003418621863
    wave_slope      =  0.017855775794915478
ERROR - Evaluated LSF:
ERROR - [nan nan nan nan nan nan nan nan nan nan nan nan nan nan nan nan nan nan
 nan nan nan nan nan nan nan nan nan nan nan nan nan nan nan nan nan nan
 nan nan nan nan nan nan nan nan nan nan nan nan nan nan nan nan nan nan
 nan nan nan nan nan nan nan nan nan nan nan nan nan nan nan nan nan nan
 nan]
WARNING - Chunk 1129:
WARNING - NaN values detected in your input data or the output of your objective/model function - fitting algorithms cannot handle this! Please read https://lmfit.github.io/lmfit-py/faq.html#i-get-errors-from-nan-in-my-fit-what-can-i-do for more information.
ERROR - NaN value detected in oversampled model function.
ERROR - <ParameterSet (values: 17)>
    cont_intercept  =  103021.5219801421
    cont_slope      =  -43.287312786929355
    iod_depth       =  0.8503850053774928
    lsf_left_1      =  2.338085531091622
    lsf_left_2      =  -17.38237575170161
    lsf_left_3      =  6.715586212656317
    lsf_left_4      =  -2.937550641801326
    lsf_left_5      =  0.14696506924245845
    lsf_right1      =  2.4812898224701034
    lsf_right2      =  -18.656753867914574
    lsf_right3      =  3.3057871464366837
    lsf_right4      =  -2.7208609108173905
    lsf_right5      =  0.3646361080196163
    tem_depth       =  0.9918855435056289
    velocity        =  -23528.10665034117
    wave_intercept  =  6135.815351431936
    wave_slope      =  0.01582293584383984
ERROR - Evaluated LSF:
ERROR - [nan nan nan nan nan nan nan nan nan nan nan nan nan nan nan nan nan nan
 nan nan nan nan nan nan nan nan nan nan nan nan nan nan nan nan nan nan
 nan nan nan nan nan nan nan nan nan nan nan nan nan nan nan nan nan nan
 nan nan nan nan nan nan nan nan nan nan nan nan nan nan nan nan nan nan
 nan]
WARNING - Chunk 1182:
WARNING - NaN values detected in your input data or the output of your objective/model function - fitting algorithms cannot handle this! Please read https://lmfit.github.io/lmfit-py/faq.html#i-get-errors-from-nan-in-my-fit-what-can-i-do for more information.
ERROR - NaN value detected in oversampled model function.
ERROR - <ParameterSet (values: 17)>
    cont_intercept  =  104076.43421735251
    cont_slope      =  -41.789380364759104
    iod_depth       =  0.8155805694278688
    lsf_left_1      =  3.0511227877303346
    lsf_left_2      =  -12.568935395476643
    lsf_left_3      =  1.872424776319526
    lsf_left_4      =  -3.926160951752253
    lsf_left_5      =  0.4746915933301894
    lsf_right1      =  2.380809210797707
    lsf_right2      =  -7.602350769817956
    lsf_right3      =  1.4981273369575445
    lsf_right4      =  -2.8893636958994113
    lsf_right5      =  0.16517412199411907
    tem_depth       =  0.9766133572316582
    velocity        =  -23627.489985724773
    wave_intercept  =  6137.702535102795
    wave_slope      =  0.015687202136670353
ERROR - Evaluated LSF:
ERROR - [nan nan nan nan nan nan nan nan nan nan nan nan nan nan nan nan nan nan
 nan nan nan nan nan nan nan nan nan nan nan nan nan nan nan nan nan nan
 nan nan nan nan nan nan nan nan nan nan nan nan nan nan nan nan nan nan
 nan nan nan nan nan nan nan nan nan nan nan nan nan nan nan nan nan nan
 nan]
WARNING - Chunk 1183:
WARNING - NaN values detected in your input data or the output of your objective/model function - fitting algorithms cannot handle this! Please read https://lmfit.github.io/lmfit-py/faq.html#i-get-errors-from-nan-in-my-fit-what-can-i-do for more information.
ERROR - NaN value detected in oversampled model function.
ERROR - <ParameterSet (values: 17)>
    cont_intercept  =  107202.54694372167
    cont_slope      =  -60.284842159166715
    iod_depth       =  0.9267202460512994
    lsf_left_1      =  8.225228627812372
    lsf_left_2      =  -17.35611130906518
    lsf_left_3      =  1.3203713304150488
    lsf_left_4      =  -0.9485897601877533
    lsf_left_5      =  0.6288104063702458
    lsf_right1      =  4.929631494680427
    lsf_right2      =  -18.50810258639428
    lsf_right3      =  8.604297622645118
    lsf_right4      =  -3.1997754878338394
    lsf_right5      =  0.8749723209878792
    tem_depth       =  0.9712242649583367
    velocity        =  -23614.171836022928
    wave_intercept  =  6203.4418221226915
    wave_slope      =  0.015512608823347518
ERROR - Evaluated LSF:
ERROR - [nan nan nan nan nan nan nan nan nan nan nan nan nan nan nan nan nan nan
 nan nan nan nan nan nan nan nan nan nan nan nan nan nan nan nan nan nan
 nan nan nan nan nan nan nan nan nan nan nan nan nan nan nan nan nan nan
 nan nan nan nan nan nan nan nan nan nan nan nan nan nan nan nan nan nan
 nan]
WARNING - Chunk 1224:
WARNING - NaN values detected in your input data or the output of your objective/model function - fitting algorithms cannot handle this! Please read https://lmfit.github.io/lmfit-py/faq.html#i-get-errors-from-nan-in-my-fit-what-can-i-do for more information.
ERROR - NaN value detected in oversampled model function.
ERROR - <ParameterSet (values: 17)>
    cont_intercept  =  133010.815723174
    cont_slope      =  17.998116331983404
    iod_depth       =  0.7821800279874813
    lsf_left_1      =  4.837135277446009
    lsf_left_2      =  -17.104866121379516
    lsf_left_3      =  8.92023393576099
    lsf_left_4      =  -3.736928236761146
    lsf_left_5      =  0.15601149418652172
    lsf_right1      =  3.8548872986560925
    lsf_right2      =  -18.742950400686873
    lsf_right3      =  6.72400480223688
    lsf_right4      =  -3.0733527735844937
    lsf_right5      =  1.042050038734848
    tem_depth       =  0.9823708633313748
    velocity        =  -23808.381609387998
    wave_intercept  =  6240.759619358131
    wave_slope      =  0.017770221512807247
ERROR - Evaluated LSF:
ERROR - [nan nan nan nan nan nan nan nan nan nan nan nan nan nan nan nan nan nan
 nan nan nan nan nan nan nan nan nan nan nan nan nan nan nan nan nan nan
 nan nan nan nan nan nan nan nan nan nan nan nan nan nan nan nan nan nan
 nan nan nan nan nan nan nan nan nan nan nan nan nan nan nan nan nan nan
 nan]
WARNING - Chunk 1250:
WARNING - NaN values detected in your input data or the output of your objective/model function - fitting algorithms cannot handle this! Please read https://lmfit.github.io/lmfit-py/faq.html#i-get-errors-from-nan-in-my-fit-what-can-i-do for more information.
INFO - 
INFO - Number of chunks with no uncertainties: 0
INFO - Number of chunks with outliers: 0
INFO - Number of chunks with nan fitted red. Chi2: 303
ERROR - Polynomial fitting failed. Falling back to input values
Traceback (most recent call last):
  File "/Users/jaklusmeyer/SONG/pyodine/pyodine/lib/misc.py", line 529, in fit_polynomial
    pfit, stats = np.polynomial.Polynomial.fit(
  File "/Users/jaklusmeyer/miniconda/envs/pyodine_env/lib/python3.9/site-packages/numpy/polynomial/_polybase.py", line 1036, in fit
    xnew = pu.mapdomain(x, domain, window)
  File "/Users/jaklusmeyer/miniconda/envs/pyodine_env/lib/python3.9/site-packages/numpy/polynomial/polyutils.py", line 371, in mapdomain
    off, scl = mapparms(old, new)
  File "/Users/jaklusmeyer/miniconda/envs/pyodine_env/lib/python3.9/site-packages/numpy/polynomial/polyutils.py", line 303, in mapparms
    off = (old[1]*new[0] - old[0]*new[1])/oldlen
ZeroDivisionError: division by zero
ERROR - Polynomial fitting failed. Falling back to input values
Traceback (most recent call last):
  File "/Users/jaklusmeyer/SONG/pyodine/pyodine/lib/misc.py", line 529, in fit_polynomial
    pfit, stats = np.polynomial.Polynomial.fit(
  File "/Users/jaklusmeyer/miniconda/envs/pyodine_env/lib/python3.9/site-packages/numpy/polynomial/_polybase.py", line 1036, in fit
    xnew = pu.mapdomain(x, domain, window)
  File "/Users/jaklusmeyer/miniconda/envs/pyodine_env/lib/python3.9/site-packages/numpy/polynomial/polyutils.py", line 371, in mapdomain
    off, scl = mapparms(old, new)
  File "/Users/jaklusmeyer/miniconda/envs/pyodine_env/lib/python3.9/site-packages/numpy/polynomial/polyutils.py", line 303, in mapparms
    off = (old[1]*new[0] - old[0]*new[1])/oldlen
ZeroDivisionError: division by zero
ERROR - Polynomial fitting failed. Falling back to input values
Traceback (most recent call last):
  File "/Users/jaklusmeyer/SONG/pyodine/pyodine/lib/misc.py", line 529, in fit_polynomial
    pfit, stats = np.polynomial.Polynomial.fit(
  File "/Users/jaklusmeyer/miniconda/envs/pyodine_env/lib/python3.9/site-packages/numpy/polynomial/_polybase.py", line 1036, in fit
    xnew = pu.mapdomain(x, domain, window)
  File "/Users/jaklusmeyer/miniconda/envs/pyodine_env/lib/python3.9/site-packages/numpy/polynomial/polyutils.py", line 371, in mapdomain
    off, scl = mapparms(old, new)
  File "/Users/jaklusmeyer/miniconda/envs/pyodine_env/lib/python3.9/site-packages/numpy/polynomial/polyutils.py", line 303, in mapparms
    off = (old[1]*new[0] - old[0]*new[1])/oldlen
ZeroDivisionError: division by zero
ERROR - Polynomial fitting failed. Falling back to input values
Traceback (most recent call last):
  File "/Users/jaklusmeyer/SONG/pyodine/pyodine/lib/misc.py", line 529, in fit_polynomial
    pfit, stats = np.polynomial.Polynomial.fit(
  File "/Users/jaklusmeyer/miniconda/envs/pyodine_env/lib/python3.9/site-packages/numpy/polynomial/_polybase.py", line 1036, in fit
    xnew = pu.mapdomain(x, domain, window)
  File "/Users/jaklusmeyer/miniconda/envs/pyodine_env/lib/python3.9/site-packages/numpy/polynomial/polyutils.py", line 371, in mapdomain
    off, scl = mapparms(old, new)
  File "/Users/jaklusmeyer/miniconda/envs/pyodine_env/lib/python3.9/site-packages/numpy/polynomial/polyutils.py", line 303, in mapparms
    off = (old[1]*new[0] - old[0]*new[1])/oldlen
ZeroDivisionError: division by zero
ERROR - Polynomial fitting failed. Falling back to input values
Traceback (most recent call last):
  File "/Users/jaklusmeyer/SONG/pyodine/pyodine/lib/misc.py", line 529, in fit_polynomial
    pfit, stats = np.polynomial.Polynomial.fit(
  File "/Users/jaklusmeyer/miniconda/envs/pyodine_env/lib/python3.9/site-packages/numpy/polynomial/_polybase.py", line 1036, in fit
    xnew = pu.mapdomain(x, domain, window)
  File "/Users/jaklusmeyer/miniconda/envs/pyodine_env/lib/python3.9/site-packages/numpy/polynomial/polyutils.py", line 371, in mapdomain
    off, scl = mapparms(old, new)
  File "/Users/jaklusmeyer/miniconda/envs/pyodine_env/lib/python3.9/site-packages/numpy/polynomial/polyutils.py", line 303, in mapparms
    off = (old[1]*new[0] - old[0]*new[1])/oldlen
ZeroDivisionError: division by zero
ERROR - Polynomial fitting failed. Falling back to input values
Traceback (most recent call last):
  File "/Users/jaklusmeyer/SONG/pyodine/pyodine/lib/misc.py", line 529, in fit_polynomial
    pfit, stats = np.polynomial.Polynomial.fit(
  File "/Users/jaklusmeyer/miniconda/envs/pyodine_env/lib/python3.9/site-packages/numpy/polynomial/_polybase.py", line 1036, in fit
    xnew = pu.mapdomain(x, domain, window)
  File "/Users/jaklusmeyer/miniconda/envs/pyodine_env/lib/python3.9/site-packages/numpy/polynomial/polyutils.py", line 371, in mapdomain
    off, scl = mapparms(old, new)
  File "/Users/jaklusmeyer/miniconda/envs/pyodine_env/lib/python3.9/site-packages/numpy/polynomial/polyutils.py", line 303, in mapparms
    off = (old[1]*new[0] - old[0]*new[1])/oldlen
ZeroDivisionError: division by zero
ERROR - Polynomial fitting failed. Falling back to input values
Traceback (most recent call last):
  File "/Users/jaklusmeyer/SONG/pyodine/pyodine/lib/misc.py", line 529, in fit_polynomial
    pfit, stats = np.polynomial.Polynomial.fit(
  File "/Users/jaklusmeyer/miniconda/envs/pyodine_env/lib/python3.9/site-packages/numpy/polynomial/_polybase.py", line 1036, in fit
    xnew = pu.mapdomain(x, domain, window)
  File "/Users/jaklusmeyer/miniconda/envs/pyodine_env/lib/python3.9/site-packages/numpy/polynomial/polyutils.py", line 371, in mapdomain
    off, scl = mapparms(old, new)
  File "/Users/jaklusmeyer/miniconda/envs/pyodine_env/lib/python3.9/site-packages/numpy/polynomial/polyutils.py", line 303, in mapparms
    off = (old[1]*new[0] - old[0]*new[1])/oldlen
ZeroDivisionError: division by zero
ERROR - Polynomial fitting failed. Falling back to input values
Traceback (most recent call last):
  File "/Users/jaklusmeyer/SONG/pyodine/pyodine/lib/misc.py", line 529, in fit_polynomial
    pfit, stats = np.polynomial.Polynomial.fit(
  File "/Users/jaklusmeyer/miniconda/envs/pyodine_env/lib/python3.9/site-packages/numpy/polynomial/_polybase.py", line 1036, in fit
    xnew = pu.mapdomain(x, domain, window)
  File "/Users/jaklusmeyer/miniconda/envs/pyodine_env/lib/python3.9/site-packages/numpy/polynomial/polyutils.py", line 371, in mapdomain
    off, scl = mapparms(old, new)
  File "/Users/jaklusmeyer/miniconda/envs/pyodine_env/lib/python3.9/site-packages/numpy/polynomial/polyutils.py", line 303, in mapparms
    off = (old[1]*new[0] - old[0]*new[1])/oldlen
ZeroDivisionError: division by zero
ERROR - Polynomial fitting failed. Falling back to input values
Traceback (most recent call last):
  File "/Users/jaklusmeyer/SONG/pyodine/pyodine/lib/misc.py", line 529, in fit_polynomial
    pfit, stats = np.polynomial.Polynomial.fit(
  File "/Users/jaklusmeyer/miniconda/envs/pyodine_env/lib/python3.9/site-packages/numpy/polynomial/_polybase.py", line 1036, in fit
    xnew = pu.mapdomain(x, domain, window)
  File "/Users/jaklusmeyer/miniconda/envs/pyodine_env/lib/python3.9/site-packages/numpy/polynomial/polyutils.py", line 371, in mapdomain
    off, scl = mapparms(old, new)
  File "/Users/jaklusmeyer/miniconda/envs/pyodine_env/lib/python3.9/site-packages/numpy/polynomial/polyutils.py", line 303, in mapparms
    off = (old[1]*new[0] - old[0]*new[1])/oldlen
ZeroDivisionError: division by zero
ERROR - Polynomial fitting failed. Falling back to input values
Traceback (most recent call last):
  File "/Users/jaklusmeyer/SONG/pyodine/pyodine/lib/misc.py", line 529, in fit_polynomial
    pfit, stats = np.polynomial.Polynomial.fit(
  File "/Users/jaklusmeyer/miniconda/envs/pyodine_env/lib/python3.9/site-packages/numpy/polynomial/_polybase.py", line 1036, in fit
    xnew = pu.mapdomain(x, domain, window)
  File "/Users/jaklusmeyer/miniconda/envs/pyodine_env/lib/python3.9/site-packages/numpy/polynomial/polyutils.py", line 371, in mapdomain
    off, scl = mapparms(old, new)
  File "/Users/jaklusmeyer/miniconda/envs/pyodine_env/lib/python3.9/site-packages/numpy/polynomial/polyutils.py", line 303, in mapparms
    off = (old[1]*new[0] - old[0]*new[1])/oldlen
ZeroDivisionError: division by zero
ERROR - Polynomial fitting failed. Falling back to input values
Traceback (most recent call last):
  File "/Users/jaklusmeyer/SONG/pyodine/pyodine/lib/misc.py", line 529, in fit_polynomial
    pfit, stats = np.polynomial.Polynomial.fit(
  File "/Users/jaklusmeyer/miniconda/envs/pyodine_env/lib/python3.9/site-packages/numpy/polynomial/_polybase.py", line 1036, in fit
    xnew = pu.mapdomain(x, domain, window)
  File "/Users/jaklusmeyer/miniconda/envs/pyodine_env/lib/python3.9/site-packages/numpy/polynomial/polyutils.py", line 371, in mapdomain
    off, scl = mapparms(old, new)
  File "/Users/jaklusmeyer/miniconda/envs/pyodine_env/lib/python3.9/site-packages/numpy/polynomial/polyutils.py", line 303, in mapparms
    off = (old[1]*new[0] - old[0]*new[1])/oldlen
ZeroDivisionError: division by zero
ERROR - Polynomial fitting failed. Falling back to input values
Traceback (most recent call last):
  File "/Users/jaklusmeyer/SONG/pyodine/pyodine/lib/misc.py", line 529, in fit_polynomial
    pfit, stats = np.polynomial.Polynomial.fit(
  File "/Users/jaklusmeyer/miniconda/envs/pyodine_env/lib/python3.9/site-packages/numpy/polynomial/_polybase.py", line 1036, in fit
    xnew = pu.mapdomain(x, domain, window)
  File "/Users/jaklusmeyer/miniconda/envs/pyodine_env/lib/python3.9/site-packages/numpy/polynomial/polyutils.py", line 371, in mapdomain
    off, scl = mapparms(old, new)
  File "/Users/jaklusmeyer/miniconda/envs/pyodine_env/lib/python3.9/site-packages/numpy/polynomial/polyutils.py", line 303, in mapparms
    off = (old[1]*new[0] - old[0]*new[1])/oldlen
ZeroDivisionError: division by zero
ERROR - Polynomial fitting failed. Falling back to input values
Traceback (most recent call last):
  File "/Users/jaklusmeyer/SONG/pyodine/pyodine/lib/misc.py", line 529, in fit_polynomial
    pfit, stats = np.polynomial.Polynomial.fit(
  File "/Users/jaklusmeyer/miniconda/envs/pyodine_env/lib/python3.9/site-packages/numpy/polynomial/_polybase.py", line 1036, in fit
    xnew = pu.mapdomain(x, domain, window)
  File "/Users/jaklusmeyer/miniconda/envs/pyodine_env/lib/python3.9/site-packages/numpy/polynomial/polyutils.py", line 371, in mapdomain
    off, scl = mapparms(old, new)
  File "/Users/jaklusmeyer/miniconda/envs/pyodine_env/lib/python3.9/site-packages/numpy/polynomial/polyutils.py", line 303, in mapparms
    off = (old[1]*new[0] - old[0]*new[1])/oldlen
ZeroDivisionError: division by zero
ERROR - Polynomial fitting failed. Falling back to input values
Traceback (most recent call last):
  File "/Users/jaklusmeyer/SONG/pyodine/pyodine/lib/misc.py", line 529, in fit_polynomial
    pfit, stats = np.polynomial.Polynomial.fit(
  File "/Users/jaklusmeyer/miniconda/envs/pyodine_env/lib/python3.9/site-packages/numpy/polynomial/_polybase.py", line 1036, in fit
    xnew = pu.mapdomain(x, domain, window)
  File "/Users/jaklusmeyer/miniconda/envs/pyodine_env/lib/python3.9/site-packages/numpy/polynomial/polyutils.py", line 371, in mapdomain
    off, scl = mapparms(old, new)
  File "/Users/jaklusmeyer/miniconda/envs/pyodine_env/lib/python3.9/site-packages/numpy/polynomial/polyutils.py", line 303, in mapparms
    off = (old[1]*new[0] - old[0]*new[1])/oldlen
ZeroDivisionError: division by zero
INFO - 
INFO - Creating analysis plots...
ERROR - NaN value detected in iodine function.
ERROR - Chunk could not be plotted
Traceback (most recent call last):
  File "/Users/jaklusmeyer/SONG/pyodine/pyodine/plot_lib.py", line 62, in plot_chunkmodel
    sp = fit_results[chunk_nr].fitted_spectrum
  File "/Users/jaklusmeyer/SONG/pyodine/pyodine/fitters/base.py", line 45, in fitted_spectrum
    return self.model.eval_spectrum(self.chunk, self.params, chunk_ind=self.chunk_ind)
  File "/Users/jaklusmeyer/SONG/pyodine/pyodine/models/base.py", line 79, in eval_spectrum
    flux = self.eval(chunk, params, chunk_ind=chunk_ind, **kwargs)
  File "/Users/jaklusmeyer/SONG/pyodine/pyodine/models/spectrum.py", line 138, in eval
    tck = splrep(tem.wave * doppler, flux_tem, s=0)
  File "/Users/jaklusmeyer/miniconda/envs/pyodine_env/lib/python3.9/site-packages/scipy/interpolate/_fitpack_py.py", line 295, in splrep
    res = _impl.splrep(x, y, w, xb, xe, k, task, s, t, full_output, per, quiet)
  File "/Users/jaklusmeyer/miniconda/envs/pyodine_env/lib/python3.9/site-packages/scipy/interpolate/_fitpack_impl.py", line 276, in splrep
    n, c, fp, ier = dfitpack.curfit(task, x, y, w, t, wrk, iwrk,
dfitpack.error: (xb<=x[0]) failed for 1st keyword xb: curfit:xb=nan
ERROR - NaN value detected in iodine function.
ERROR - Chunk could not be plotted
Traceback (most recent call last):
  File "/Users/jaklusmeyer/SONG/pyodine/pyodine/plot_lib.py", line 62, in plot_chunkmodel
    sp = fit_results[chunk_nr].fitted_spectrum
  File "/Users/jaklusmeyer/SONG/pyodine/pyodine/fitters/base.py", line 45, in fitted_spectrum
    return self.model.eval_spectrum(self.chunk, self.params, chunk_ind=self.chunk_ind)
  File "/Users/jaklusmeyer/SONG/pyodine/pyodine/models/base.py", line 79, in eval_spectrum
    flux = self.eval(chunk, params, chunk_ind=chunk_ind, **kwargs)
  File "/Users/jaklusmeyer/SONG/pyodine/pyodine/models/spectrum.py", line 138, in eval
    tck = splrep(tem.wave * doppler, flux_tem, s=0)
  File "/Users/jaklusmeyer/miniconda/envs/pyodine_env/lib/python3.9/site-packages/scipy/interpolate/_fitpack_py.py", line 295, in splrep
    res = _impl.splrep(x, y, w, xb, xe, k, task, s, t, full_output, per, quiet)
  File "/Users/jaklusmeyer/miniconda/envs/pyodine_env/lib/python3.9/site-packages/scipy/interpolate/_fitpack_impl.py", line 276, in splrep
    n, c, fp, ier = dfitpack.curfit(task, x, y, w, t, wrk, iwrk,
dfitpack.error: (xb<=x[0]) failed for 1st keyword xb: curfit:xb=nan
INFO - Velocity robust mean: -23715.35944869888
INFO - Velocity robust std: 303.420301829451
INFO - 
INFO - Velocity error robust mean: 125.48126653797452
INFO - Velocity error robust std: 82.64106094773588
INFO - 
INFO - Minimum error: 28.69967808208577 in chunk 451
INFO - Maximum error: 17372.726997933994 in chunk 1082
INFO - 
INFO - Chunks with nan velocities: [   0    1    2    3    4    5    6    7    8    9   10   11   12   13
   14   15   16   17   18   19   20   21   22   23   24   25   26   27
   28   29   30   31   32   33   34   35   36   37   38   39   40   41
   42   43   44   45   46   47   48   49   50   51   52   53   54   55
   56   57   58   59   60   61   62   63   64   65   66   67   68   69
   70   71   72   73   74   75   76   77   78   79   80   81   82   83
   84   85   86   87   88   89   90   91   92   93   94   95   96   97
   98   99  100  101  102  103  104  105  106  107  108  109  110  111
  112  113  114  115  116  117  118  119  120  121  122  123  124  125
  126  127  128  129  130  131  132  133  134  135  136  137  138  139
  140  141  142  143  144  145  146  147  148  149  150  151  152  153
  154  155  156  157  158  159  160  161  162  163  164  165  166  167
  168  169  170  171  172  173  174  175  176  177  178  179  180  181
  182  183  184  185  186  187  188  189  190  191  192  193  194  195
  196  197  198  199  200  201  202  203  204  205  206  207  208  209
  210  211  212  213  214  215  216  217  218  219  220  221  222  223
  224  225  226  227  228  229  230  231  232  233  234  235  236  237
  238  239  240  241  242  243  244  245  246  247  248  249  250  251
  252  253  254  255  256  257  258  259  260  261  262  263  264  265
  266  267  268  269  270  271  272  273  274  275  276  277  278  279
  280  317  367  435  513  585  677  700  760  874  877  879  935  968
  986 1004 1031 1121 1129 1182 1183 1224 1250]
INFO - Chunks with nan velocity errors: [   0    1    2    3    4    5    6    7    8    9   10   11   12   13
   14   15   16   17   18   19   20   21   22   23   24   25   26   27
   28   29   30   31   32   33   34   35   36   37   38   39   40   41
   42   43   44   45   46   47   48   49   50   51   52   53   54   55
   56   57   58   59   60   61   62   63   64   65   66   67   68   69
   70   71   72   73   74   75   76   77   78   79   80   81   82   83
   84   85   86   87   88   89   90   91   92   93   94   95   96   97
   98   99  100  101  102  103  104  105  106  107  108  109  110  111
  112  113  114  115  116  117  118  119  120  121  122  123  124  125
  126  127  128  129  130  131  132  133  134  135  136  137  138  139
  140  141  142  143  144  145  146  147  148  149  150  151  152  153
  154  155  156  157  158  159  160  161  162  163  164  165  166  167
  168  169  170  171  172  173  174  175  176  177  178  179  180  181
  182  183  184  185  186  187  188  189  190  191  192  193  194  195
  196  197  198  199  200  201  202  203  204  205  206  207  208  209
  210  211  212  213  214  215  216  217  218  219  220  221  222  223
  224  225  226  227  228  229  230  231  232  233  234  235  236  237
  238  239  240  241  242  243  244  245  246  247  248  249  250  251
  252  253  254  255  256  257  258  259  260  261  262  263  264  265
  266  267  268  269  270  271  272  273  274  275  276  277  278  279
  280  317  367  435  513  585  677  700  760  874  877  879  935  968
  986 1004 1031 1121 1129 1182 1183 1224 1250]
INFO - Velocity error at percentile 80: 214.43076536390038
INFO - 
INFO - Time to model this observation: 149.11677408218384
