2026-03-26 12:07:13,138 - root - ERROR - NaN value detected in oversampled model function.
2026-03-26 12:07:13,139 - root - ERROR - <ParameterSet (values: 17)>
    cont_intercept  =  2154.4667431757684
    cont_slope      =  -0.20896902156541008
    iod_depth       =  -0.14427767262636482
    lsf_left_1      =  9.583443013795005
    lsf_left_2      =  -16.555552304750247
    lsf_left_3      =  2.031429713010224
    lsf_left_4      =  -3.9600351789953896
    lsf_left_5      =  0.4296991450453471
    lsf_right1      =  3.964991968122299
    lsf_right2      =  -14.202667641559916
    lsf_right3      =  2.1978842434149666
    lsf_right4      =  -1.2332113977093555
    lsf_right5      =  0.14975020202767836
    tem_depth       =  1.0005255788506224
    velocity        =  -251265.10195288385
    wave_intercept  =  5119.7059710679405
    wave_slope      =  0.016202310271362076
2026-03-26 12:07:13,141 - root - ERROR - Evaluated LSF:
2026-03-26 12:07:13,142 - root - ERROR - [nan nan nan nan nan nan nan nan nan nan nan nan nan nan nan nan nan nan
 nan nan nan nan nan nan nan nan nan nan nan nan nan nan nan nan nan nan
 nan nan nan nan nan nan nan nan nan nan nan nan nan nan nan nan nan nan
 nan nan nan nan nan nan nan nan nan nan nan nan nan nan nan nan nan nan
 nan]
2026-03-26 12:07:14,249 - root - ERROR - NaN value detected in oversampled model function.
2026-03-26 12:07:14,250 - root - ERROR - <ParameterSet (values: 17)>
    cont_intercept  =  1741.107469230825
    cont_slope      =  -9.988518690562566
    iod_depth       =  0.37718882466039405
    lsf_left_1      =  2.6692570021194633
    lsf_left_2      =  -16.757519503154285
    lsf_left_3      =  3.6178593853067826
    lsf_left_4      =  -3.919548063931983
    lsf_left_5      =  1.1045482328829768
    lsf_right1      =  3.381709132835767
    lsf_right2      =  -17.162674955745704
    lsf_right3      =  1.191264209145218
    lsf_right4      =  -3.9763152990773376
    lsf_right5      =  0.5927959970779192
    tem_depth       =  0.9951254418258192
    velocity        =  -252435.42828379633
    wave_intercept  =  5139.737208137991
    wave_slope      =  0.014481190972740778
2026-03-26 12:07:14,251 - root - ERROR - Evaluated LSF:
2026-03-26 12:07:14,252 - root - ERROR - [nan nan nan nan nan nan nan nan nan nan nan nan nan nan nan nan nan nan
 nan nan nan nan nan nan nan nan nan nan nan nan nan nan nan nan nan nan
 nan nan nan nan nan nan nan nan nan nan nan nan nan nan nan nan nan nan
 nan nan nan nan nan nan nan nan nan nan nan nan nan nan nan nan nan nan
 nan]
2026-03-26 12:07:14,271 - root - ERROR - NaN value detected in oversampled model function.
2026-03-26 12:07:14,272 - root - ERROR - <ParameterSet (values: 17)>
    cont_intercept  =  3204.3462489766894
    cont_slope      =  0.30725667889704367
    iod_depth       =  0.11240942505739714
    lsf_left_1      =  6.833481992442741
    lsf_left_2      =  -15.590643317505176
    lsf_left_3      =  1.7500153658859576
    lsf_left_4      =  -1.6093599489647064
    lsf_left_5      =  0.466746730228404
    lsf_right1      =  2.0332159246829864
    lsf_right2      =  -14.931940904148927
    lsf_right3      =  4.174786241128022
    lsf_right4      =  -3.0158018198325225
    lsf_right5      =  0.3836747196074508
    tem_depth       =  0.997796292714624
    velocity        =  -252893.19306572888
    wave_intercept  =  5141.5991765819535
    wave_slope      =  0.014479955046493175
2026-03-26 12:07:14,273 - root - ERROR - Evaluated LSF:
2026-03-26 12:07:14,274 - root - ERROR - [nan nan nan nan nan nan nan nan nan nan nan nan nan nan nan nan nan nan
 nan nan nan nan nan nan nan nan nan nan nan nan nan nan nan nan nan nan
 nan nan nan nan nan nan nan nan nan nan nan nan nan nan nan nan nan nan
 nan nan nan nan nan nan nan nan nan nan nan nan nan nan nan nan nan nan
 nan]
2026-03-26 12:07:15,153 - root - ERROR - NaN value detected in oversampled model function.
2026-03-26 12:07:15,154 - root - ERROR - <ParameterSet (values: 17)>
    cont_intercept  =  -0.022866866307542248
    cont_slope      =  0.00011877717781205885
    iod_depth       =  0.083540393016779
    lsf_left_1      =  1.71766154846212
    lsf_left_2      =  -14.516580694250399
    lsf_left_3      =  3.0082795434767
    lsf_left_4      =  -2.4166868670614896
    lsf_left_5      =  0.13478416936212845
    lsf_right1      =  5.709273107405051
    lsf_right2      =  -10.516214894146913
    lsf_right3      =  5.8857709293513345
    lsf_right4      =  -3.326651494828506
    lsf_right5      =  1.1215452584969774
    tem_depth       =  0.9572293403008524
    velocity        =  -472292.14847053867
    wave_intercept  =  5157.766743504394
    wave_slope      =  0.012571720909550907
2026-03-26 12:07:15,155 - root - ERROR - Evaluated LSF:
2026-03-26 12:07:15,156 - root - ERROR - [nan nan nan nan nan nan nan nan nan nan nan nan nan nan nan nan nan nan
 nan nan nan nan nan nan nan nan nan nan nan nan nan nan nan nan nan nan
 nan nan nan nan nan nan nan nan nan nan nan nan nan nan nan nan nan nan
 nan nan nan nan nan nan nan nan nan nan nan nan nan nan nan nan nan nan
 nan]
2026-03-26 12:07:16,813 - root - ERROR - Chunk 29: No Data! Returning LmfitResult with None.
2026-03-26 12:07:17,473 - root - ERROR - Chunk 32: No Data! Returning LmfitResult with None.
2026-03-26 12:07:18,125 - root - ERROR - NaN value detected in oversampled model function.
2026-03-26 12:07:18,127 - root - ERROR - <ParameterSet (values: 17)>
    cont_intercept  =  3039.8359706496703
    cont_slope      =  1.4293254732824052
    iod_depth       =  0.1585688947130872
    lsf_left_1      =  2.5225201306298857
    lsf_left_2      =  -17.408047027517775
    lsf_left_3      =  1.1778162488373427
    lsf_left_4      =  -3.7262113706197684
    lsf_left_5      =  1.1478840813399251
    lsf_right1      =  4.476642751703867
    lsf_right2      =  -15.40432917255242
    lsf_right3      =  4.7089084692692875
    lsf_right4      =  -3.853632599616896
    lsf_right5      =  0.8060205423159167
    tem_depth       =  1.0004224496546816
    velocity        =  -251102.08228601218
    wave_intercept  =  5187.0814864625945
    wave_slope      =  0.014241754995607203
2026-03-26 12:07:18,128 - root - ERROR - Evaluated LSF:
2026-03-26 12:07:18,129 - root - ERROR - [nan nan nan nan nan nan nan nan nan nan nan nan nan nan nan nan nan nan
 nan nan nan nan nan nan nan nan nan nan nan nan nan nan nan nan nan nan
 nan nan nan nan nan nan nan nan nan nan nan nan nan nan nan nan nan nan
 nan nan nan nan nan nan nan nan nan nan nan nan nan nan nan nan nan nan
 nan]
2026-03-26 12:07:19,122 - root - ERROR - Chunk 47: No Data! Returning LmfitResult with None.
2026-03-26 12:07:19,622 - root - ERROR - NaN value detected in oversampled model function.
2026-03-26 12:07:19,623 - root - ERROR - <ParameterSet (values: 17)>
    cont_intercept  =  2300.478324707425
    cont_slope      =  2.0516477077886126
    iod_depth       =  0.247218881016536
    lsf_left_1      =  2.0999293268070236
    lsf_left_2      =  -14.691814099046663
    lsf_left_3      =  1.9284642552228166
    lsf_left_4      =  -1.845350200415595
    lsf_left_5      =  0.17988619739376724
    lsf_right1      =  8.269834221659087
    lsf_right2      =  -16.53898885570533
    lsf_right3      =  5.85412219646484
    lsf_right4      =  -3.6735482747607815
    lsf_right5      =  1.2019001217782916
    tem_depth       =  1.0077487016658448
    velocity        =  -253141.59668135367
    wave_intercept  =  5211.463079732515
    wave_slope      =  0.0161944459264164
2026-03-26 12:07:19,625 - root - ERROR - Evaluated LSF:
2026-03-26 12:07:19,626 - root - ERROR - [nan nan nan nan nan nan nan nan nan nan nan nan nan nan nan nan nan nan
 nan nan nan nan nan nan nan nan nan nan nan nan nan nan nan nan nan nan
 nan nan nan nan nan nan nan nan nan nan nan nan nan nan nan nan nan nan
 nan nan nan nan nan nan nan nan nan nan nan nan nan nan nan nan nan nan
 nan]
2026-03-26 12:07:20,381 - root - ERROR - NaN value detected in oversampled model function.
2026-03-26 12:07:20,383 - root - ERROR - <ParameterSet (values: 17)>
    cont_intercept  =  4085.7099225184957
    cont_slope      =  14.761420380950822
    iod_depth       =  0.19808542212967095
    lsf_left_1      =  5.0611837539055955
    lsf_left_2      =  -16.74963320345787
    lsf_left_3      =  1.4747772861481414
    lsf_left_4      =  -0.6831480966543362
    lsf_left_5      =  0.6475685632535287
    lsf_right1      =  8.108682220050785
    lsf_right2      =  -12.721069871068462
    lsf_right3      =  1.1153413223322177
    lsf_right4      =  -3.1945039466479583
    lsf_right5      =  0.26801188875277304
    tem_depth       =  0.9972235991939796
    velocity        =  -251673.0609702201
    wave_intercept  =  5231.40941392806
    wave_slope      =  0.014602791793137412
2026-03-26 12:07:20,384 - root - ERROR - Evaluated LSF:
2026-03-26 12:07:20,385 - root - ERROR - [nan nan nan nan nan nan nan nan nan nan nan nan nan nan nan nan nan nan
 nan nan nan nan nan nan nan nan nan nan nan nan nan nan nan nan nan nan
 nan nan nan nan nan nan nan nan nan nan nan nan nan nan nan nan nan nan
 nan nan nan nan nan nan nan nan nan nan nan nan nan nan nan nan nan nan
 nan]
2026-03-26 12:07:20,715 - root - ERROR - NaN value detected in oversampled model function.
2026-03-26 12:07:20,717 - root - ERROR - <ParameterSet (values: 17)>
    cont_intercept  =  3745.67098472758
    cont_slope      =  0.4903894382781175
    iod_depth       =  0.1780467962592454
    lsf_left_1      =  3.232028190720999
    lsf_left_2      =  -12.018935099344677
    lsf_left_3      =  9.584042251611464
    lsf_left_4      =  -3.931530014633589
    lsf_left_5      =  0.14761873054189478
    lsf_right1      =  4.158378201680225
    lsf_right2      =  -16.615469178679607
    lsf_right3      =  9.776356585148712
    lsf_right4      =  -3.7080499146530888
    lsf_right5      =  0.19007062915693312
    tem_depth       =  -0.02845025234036097
    velocity        =  -38761.48546845648
    wave_intercept  =  5238.74719078829
    wave_slope      =  0.013805391526605957
2026-03-26 12:07:20,718 - root - ERROR - Evaluated LSF:
2026-03-26 12:07:20,719 - root - ERROR - [nan nan nan nan nan nan nan nan nan nan nan nan nan nan nan nan nan nan
 nan nan nan nan nan nan nan nan nan nan nan nan nan nan nan nan nan nan
 nan nan nan nan nan nan nan nan nan nan nan nan nan nan nan nan nan nan
 nan nan nan nan nan nan nan nan nan nan nan nan nan nan nan nan nan nan
 nan]
2026-03-26 12:07:21,538 - root - ERROR - NaN value detected in oversampled model function.
2026-03-26 12:07:21,540 - root - ERROR - <ParameterSet (values: 17)>
    cont_intercept  =  2232.404173925738
    cont_slope      =  2.2432206533730352
    iod_depth       =  0.04490503959347736
    lsf_left_1      =  1.5421470550190097
    lsf_left_2      =  -9.908224582218796
    lsf_left_3      =  3.4055056201822063
    lsf_left_4      =  -3.3347197280741696
    lsf_left_5      =  0.20342527133933147
    lsf_right1      =  1.5446847314631689
    lsf_right2      =  -17.004213123970278
    lsf_right3      =  1.141056477074286
    lsf_right4      =  -3.086113295614636
    lsf_right5      =  0.4450853752919632
    tem_depth       =  1.0015352633475778
    velocity        =  -253261.86411603077
    wave_intercept  =  5252.145291168153
    wave_slope      =  0.016576193032796716
2026-03-26 12:07:21,541 - root - ERROR - Evaluated LSF:
2026-03-26 12:07:21,542 - root - ERROR - [nan nan nan nan nan nan nan nan nan nan nan nan nan nan nan nan nan nan
 nan nan nan nan nan nan nan nan nan nan nan nan nan nan nan nan nan nan
 nan nan nan nan nan nan nan nan nan nan nan nan nan nan nan nan nan nan
 nan nan nan nan nan nan nan nan nan nan nan nan nan nan nan nan nan nan
 nan]
2026-03-26 12:07:21,793 - root - ERROR - NaN value detected in oversampled model function.
2026-03-26 12:07:21,794 - root - ERROR - <ParameterSet (values: 17)>
    cont_intercept  =  2606.5321844247633
    cont_slope      =  1.7400237648136245
    iod_depth       =  0.27703515624906594
    lsf_left_1      =  3.941067550828468
    lsf_left_2      =  -13.037031459514536
    lsf_left_3      =  3.6002694461733595
    lsf_left_4      =  -2.8085642106842466
    lsf_left_5      =  0.49899190048445297
    lsf_right1      =  2.334883303080031
    lsf_right2      =  -8.628069832673242
    lsf_right3      =  6.774579130106703
    lsf_right4      =  -2.631317714831991
    lsf_right5      =  0.17772516237317473
    tem_depth       =  0.9999825336707189
    velocity        =  -251769.25712532792
    wave_intercept  =  5260.5921811999
    wave_slope      =  0.015891915555872993
2026-03-26 12:07:21,796 - root - ERROR - Evaluated LSF:
2026-03-26 12:07:21,797 - root - ERROR - [nan nan nan nan nan nan nan nan nan nan nan nan nan nan nan nan nan nan
 nan nan nan nan nan nan nan nan nan nan nan nan nan nan nan nan nan nan
 nan nan nan nan nan nan nan nan nan nan nan nan nan nan nan nan nan nan
 nan nan nan nan nan nan nan nan nan nan nan nan nan nan nan nan nan nan
 nan]
2026-03-26 12:07:22,769 - root - ERROR - Chunk 87: No Data! Returning LmfitResult with None.
2026-03-26 12:07:22,793 - root - ERROR - NaN value detected in oversampled model function.
2026-03-26 12:07:22,795 - root - ERROR - <ParameterSet (values: 17)>
    cont_intercept  =  -0.09312284987464928
    cont_slope      =  0.00015418529515517985
    iod_depth       =  0.030335136715630276
    lsf_left_1      =  3.692637625399517
    lsf_left_2      =  -17.31316732221588
    lsf_left_3      =  9.403034216695996
    lsf_left_4      =  -3.9710387103362517
    lsf_left_5      =  0.13738199107167035
    lsf_right1      =  2.050335154994589
    lsf_right2      =  -13.65487209438039
    lsf_right3      =  9.475289933773887
    lsf_right4      =  -2.8103503475186997
    lsf_right5      =  0.1345745430323451
    tem_depth       =  0.4013504567546745
    velocity        =  -639139.8287571927
    wave_intercept  =  5276.436625529159
    wave_slope      =  0.014396796829034421
2026-03-26 12:07:22,796 - root - ERROR - Evaluated LSF:
2026-03-26 12:07:22,797 - root - ERROR - [nan nan nan nan nan nan nan nan nan nan nan nan nan nan nan nan nan nan
 nan nan nan nan nan nan nan nan nan nan nan nan nan nan nan nan nan nan
 nan nan nan nan nan nan nan nan nan nan nan nan nan nan nan nan nan nan
 nan nan nan nan nan nan nan nan nan nan nan nan nan nan nan nan nan nan
 nan]
2026-03-26 12:07:23,459 - root - ERROR - NaN value detected in oversampled model function.
2026-03-26 12:07:23,460 - root - ERROR - <ParameterSet (values: 17)>
    cont_intercept  =  -1.5499125257666182
    cont_slope      =  0.006747686757362722
    iod_depth       =  0.038152468746228144
    lsf_left_1      =  1.6718384034350338
    lsf_left_2      =  -12.777240415511432
    lsf_left_3      =  1.7109048489183747
    lsf_left_4      =  -0.6403128153515425
    lsf_left_5      =  0.1623376321207428
    lsf_right1      =  1.7609491974268847
    lsf_right2      =  -7.672154979258128
    lsf_right3      =  2.9523892397297806
    lsf_right4      =  -3.6458455520417203
    lsf_right5      =  1.1629792006989332
    tem_depth       =  1.0255893858175882
    velocity        =  -424517.0354028897
    wave_intercept  =  5289.377611985653
    wave_slope      =  0.007445051096854347
2026-03-26 12:07:23,461 - root - ERROR - Evaluated LSF:
2026-03-26 12:07:23,462 - root - ERROR - [nan nan nan nan nan nan nan nan nan nan nan nan nan nan nan nan nan nan
 nan nan nan nan nan nan nan nan nan nan nan nan nan nan nan nan nan nan
 nan nan nan nan nan nan nan nan nan nan nan nan nan nan nan nan nan nan
 nan nan nan nan nan nan nan nan nan nan nan nan nan nan nan nan nan nan
 nan]
2026-03-26 12:07:25,984 - root - ERROR - NaN value detected in oversampled model function.
2026-03-26 12:07:25,986 - root - ERROR - <ParameterSet (values: 17)>
    cont_intercept  =  3705.806837732861
    cont_slope      =  9.268663048637361
    iod_depth       =  0.14760288719072762
    lsf_left_1      =  2.869973056300806
    lsf_left_2      =  -9.89810732739308
    lsf_left_3      =  1.9723252376593536
    lsf_left_4      =  -3.77201927480921
    lsf_left_5      =  0.14441352924649584
    lsf_right1      =  1.5443961458475204
    lsf_right2      =  -14.675159337708159
    lsf_right3      =  8.661440871094213
    lsf_right4      =  -2.452690159944539
    lsf_right5      =  0.35839802357873896
    tem_depth       =  0.995745358621246
    velocity        =  -252094.02071481344
    wave_intercept  =  5342.409617282307
    wave_slope      =  0.013182801991707477
2026-03-26 12:07:25,987 - root - ERROR - Evaluated LSF:
2026-03-26 12:07:25,988 - root - ERROR - [nan nan nan nan nan nan nan nan nan nan nan nan nan nan nan nan nan nan
 nan nan nan nan nan nan nan nan nan nan nan nan nan nan nan nan nan nan
 nan nan nan nan nan nan nan nan nan nan nan nan nan nan nan nan nan nan
 nan nan nan nan nan nan nan nan nan nan nan nan nan nan nan nan nan nan
 nan]
2026-03-26 12:07:30,789 - root - ERROR - NaN value detected in oversampled model function.
2026-03-26 12:07:30,790 - root - ERROR - <ParameterSet (values: 17)>
    cont_intercept  =  3445.558777118187
    cont_slope      =  1.9068384679958141
    iod_depth       =  0.05344500482511586
    lsf_left_1      =  4.690541558659854
    lsf_left_2      =  -11.969250236772425
    lsf_left_3      =  4.369800223032014
    lsf_left_4      =  -2.411504572689524
    lsf_left_5      =  0.42515769655321234
    lsf_right1      =  1.6733648003158632
    lsf_right2      =  -13.017053317879395
    lsf_right3      =  4.878162868802811
    lsf_right4      =  -1.113285932038266
    lsf_right5      =  0.22382315147032666
    tem_depth       =  0.9999046214954518
    velocity        =  -252352.99685992117
    wave_intercept  =  5387.518640861017
    wave_slope      =  0.013507808455883867
2026-03-26 12:07:30,792 - root - ERROR - Evaluated LSF:
2026-03-26 12:07:30,793 - root - ERROR - [nan nan nan nan nan nan nan nan nan nan nan nan nan nan nan nan nan nan
 nan nan nan nan nan nan nan nan nan nan nan nan nan nan nan nan nan nan
 nan nan nan nan nan nan nan nan nan nan nan nan nan nan nan nan nan nan
 nan nan nan nan nan nan nan nan nan nan nan nan nan nan nan nan nan nan
 nan]
2026-03-26 12:07:31,011 - root - ERROR - NaN value detected in oversampled model function.
2026-03-26 12:07:31,013 - root - ERROR - <ParameterSet (values: 17)>
    cont_intercept  =  2250.4876622840475
    cont_slope      =  0.4226566284401579
    iod_depth       =  0.07337373315387714
    lsf_left_1      =  3.8866109451331687
    lsf_left_2      =  -10.900767808365572
    lsf_left_3      =  5.16588526713661
    lsf_left_4      =  -2.264285164565221
    lsf_left_5      =  0.590425864712833
    lsf_right1      =  3.6393862955479683
    lsf_right2      =  -11.04911570975662
    lsf_right3      =  5.131534934970836
    lsf_right4      =  -2.261032734058912
    lsf_right5      =  0.6340148802713371
    tem_depth       =  0.9999288923919267
    velocity        =  -249487.083078737
    wave_intercept  =  5391.598699470046
    wave_slope      =  0.01740874695841916
2026-03-26 12:07:31,014 - root - ERROR - Evaluated LSF:
2026-03-26 12:07:31,015 - root - ERROR - [nan nan nan nan nan nan nan nan nan nan nan nan nan nan nan nan nan nan
 nan nan nan nan nan nan nan nan nan nan nan nan nan nan nan nan nan nan
 nan nan nan nan nan nan nan nan nan nan nan nan nan nan nan nan nan nan
 nan nan nan nan nan nan nan nan nan nan nan nan nan nan nan nan nan nan
 nan]
2026-03-26 12:07:31,055 - root - ERROR - NaN value detected in oversampled model function.
2026-03-26 12:07:31,056 - root - ERROR - <ParameterSet (values: 17)>
    cont_intercept  =  2478.4576067434487
    cont_slope      =  4.705597940164755
    iod_depth       =  0.09142679171348578
    lsf_left_1      =  4.146923657427537
    lsf_left_2      =  -10.047924608954752
    lsf_left_3      =  1.1639666254956775
    lsf_left_4      =  -3.758000331787026
    lsf_left_5      =  0.3111501801179767
    lsf_right1      =  1.8026843205054939
    lsf_right2      =  -13.725332520999324
    lsf_right3      =  9.834618273342148
    lsf_right4      =  -3.298380205619545
    lsf_right5      =  0.3543836606967241
    tem_depth       =  0.505231446917559
    velocity        =  65066.58233460766
    wave_intercept  =  5393.64049138355
    wave_slope      =  0.015960627988217024
2026-03-26 12:07:31,057 - root - ERROR - Evaluated LSF:
2026-03-26 12:07:31,058 - root - ERROR - [nan nan nan nan nan nan nan nan nan nan nan nan nan nan nan nan nan nan
 nan nan nan nan nan nan nan nan nan nan nan nan nan nan nan nan nan nan
 nan nan nan nan nan nan nan nan nan nan nan nan nan nan nan nan nan nan
 nan nan nan nan nan nan nan nan nan nan nan nan nan nan nan nan nan nan
 nan]
2026-03-26 12:07:32,454 - root - ERROR - NaN value detected in oversampled model function.
2026-03-26 12:07:32,455 - root - ERROR - <ParameterSet (values: 17)>
    cont_intercept  =  3912.904476021161
    cont_slope      =  3.6858348295674244
    iod_depth       =  0.5621685361736044
    lsf_left_1      =  4.429312706214011
    lsf_left_2      =  -16.127576947542718
    lsf_left_3      =  7.1055891685939665
    lsf_left_4      =  -3.3393502685104934
    lsf_left_5      =  1.0695362426953117
    lsf_right1      =  2.750121477236823
    lsf_right2      =  -17.36049933416379
    lsf_right3      =  4.080082098163929
    lsf_right4      =  -2.5538828209411815
    lsf_right5      =  0.8041542090717892
    tem_depth       =  1.000593559183006
    velocity        =  -251979.4725614565
    wave_intercept  =  5426.159760714537
    wave_slope      =  0.014466763076417552
2026-03-26 12:07:32,456 - root - ERROR - Evaluated LSF:
2026-03-26 12:07:32,457 - root - ERROR - [nan nan nan nan nan nan nan nan nan nan nan nan nan nan nan nan nan nan
 nan nan nan nan nan nan nan nan nan nan nan nan nan nan nan nan nan nan
 nan nan nan nan nan nan nan nan nan nan nan nan nan nan nan nan nan nan
 nan nan nan nan nan nan nan nan nan nan nan nan nan nan nan nan nan nan
 nan]
2026-03-26 12:07:32,876 - root - ERROR - NaN value detected in oversampled model function.
2026-03-26 12:07:32,878 - root - ERROR - <ParameterSet (values: 17)>
    cont_intercept  =  3488.416367311339
    cont_slope      =  2.0830074362656874
    iod_depth       =  0.2835637560685968
    lsf_left_1      =  5.628161921645082
    lsf_left_2      =  -14.8743778895384
    lsf_left_3      =  3.0164259399357958
    lsf_left_4      =  -2.290601014041409
    lsf_left_5      =  0.9782866116135239
    lsf_right1      =  5.306753086010952
    lsf_right2      =  -11.117629826239046
    lsf_right3      =  1.1487216234373316
    lsf_right4      =  -3.5579691151369848
    lsf_right5      =  0.8914380820811705
    tem_depth       =  0.9993513411461029
    velocity        =  -251935.1905973403
    wave_intercept  =  5436.937072720847
    wave_slope      =  0.013504674835788719
2026-03-26 12:07:32,879 - root - ERROR - Evaluated LSF:
2026-03-26 12:07:32,880 - root - ERROR - [nan nan nan nan nan nan nan nan nan nan nan nan nan nan nan nan nan nan
 nan nan nan nan nan nan nan nan nan nan nan nan nan nan nan nan nan nan
 nan nan nan nan nan nan nan nan nan nan nan nan nan nan nan nan nan nan
 nan nan nan nan nan nan nan nan nan nan nan nan nan nan nan nan nan nan
 nan]
2026-03-26 12:07:35,828 - root - ERROR - NaN value detected in oversampled model function.
2026-03-26 12:07:35,829 - root - ERROR - <ParameterSet (values: 17)>
    cont_intercept  =  2476.4424261171594
    cont_slope      =  1.1871117010850543
    iod_depth       =  0.21282978722862778
    lsf_left_1      =  1.5971004647825593
    lsf_left_2      =  -15.037406941939407
    lsf_left_3      =  9.324423919877464
    lsf_left_4      =  -3.8216138964333637
    lsf_left_5      =  0.34749790147310416
    lsf_right1      =  9.807469966352844
    lsf_right2      =  -16.952413473949072
    lsf_right3      =  1.3625121719603892
    lsf_right4      =  -3.714697064392986
    lsf_right5      =  0.49701330048248676
    tem_depth       =  0.9988734393712948
    velocity        =  -251193.4337378789
    wave_intercept  =  5490.922786391199
    wave_slope      =  0.017097543468625707
2026-03-26 12:07:35,830 - root - ERROR - Evaluated LSF:
2026-03-26 12:07:35,831 - root - ERROR - [nan nan nan nan nan nan nan nan nan nan nan nan nan nan nan nan nan nan
 nan nan nan nan nan nan nan nan nan nan nan nan nan nan nan nan nan nan
 nan nan nan nan nan nan nan nan nan nan nan nan nan nan nan nan nan nan
 nan nan nan nan nan nan nan nan nan nan nan nan nan nan nan nan nan nan
 nan]
2026-03-26 12:07:36,066 - root - ERROR - NaN value detected in oversampled model function.
2026-03-26 12:07:36,068 - root - ERROR - <ParameterSet (values: 17)>
    cont_intercept  =  2652.396971821088
    cont_slope      =  -3.6992438205902474
    iod_depth       =  0.22596845019228554
    lsf_left_1      =  8.75025780594375
    lsf_left_2      =  -14.769339639001368
    lsf_left_3      =  3.9927317698819706
    lsf_left_4      =  -3.968918322720179
    lsf_left_5      =  0.6129612259312487
    lsf_right1      =  4.859750778080907
    lsf_right2      =  -16.920678944787312
    lsf_right3      =  1.6161134698637292
    lsf_right4      =  -3.923908377809047
    lsf_right5      =  0.13732778415046518
    tem_depth       =  0.9969920838734673
    velocity        =  -252237.7221076739
    wave_intercept  =  5499.743696454255
    wave_slope      =  0.016468549779480472
2026-03-26 12:07:36,069 - root - ERROR - Evaluated LSF:
2026-03-26 12:07:36,070 - root - ERROR - [nan nan nan nan nan nan nan nan nan nan nan nan nan nan nan nan nan nan
 nan nan nan nan nan nan nan nan nan nan nan nan nan nan nan nan nan nan
 nan nan nan nan nan nan nan nan nan nan nan nan nan nan nan nan nan nan
 nan nan nan nan nan nan nan nan nan nan nan nan nan nan nan nan nan nan
 nan]
2026-03-26 12:07:37,317 - root - ERROR - NaN value detected in oversampled model function.
2026-03-26 12:07:37,319 - root - ERROR - <ParameterSet (values: 17)>
    cont_intercept  =  -74.65058441868852
    cont_slope      =  0.5475818483688544
    iod_depth       =  -0.1302734821366125
    lsf_left_1      =  1.5713793409075423
    lsf_left_2      =  -11.075350256090763
    lsf_left_3      =  8.47447346749856
    lsf_left_4      =  -3.296115854301903
    lsf_left_5      =  0.7893755677915607
    lsf_right1      =  4.101804777511396
    lsf_right2      =  -12.498485027913873
    lsf_right3      =  5.274168039480624
    lsf_right4      =  -3.857434605802395
    lsf_right5      =  0.6215491600141976
    tem_depth       =  -1.7068674813912248
    velocity        =  -329823.0045800738
    wave_intercept  =  5527.718680488426
    wave_slope      =  0.010223734495709869
2026-03-26 12:07:37,320 - root - ERROR - Evaluated LSF:
2026-03-26 12:07:37,321 - root - ERROR - [nan nan nan nan nan nan nan nan nan nan nan nan nan nan nan nan nan nan
 nan nan nan nan nan nan nan nan nan nan nan nan nan nan nan nan nan nan
 nan nan nan nan nan nan nan nan nan nan nan nan nan nan nan nan nan nan
 nan nan nan nan nan nan nan nan nan nan nan nan nan nan nan nan nan nan
 nan]
2026-03-26 12:07:37,724 - root - ERROR - NaN value detected in oversampled model function.
2026-03-26 12:07:37,725 - root - ERROR - <ParameterSet (values: 17)>
    cont_intercept  =  2149.7413578074916
    cont_slope      =  -1.0367688961396277
    iod_depth       =  0.21834004730162748
    lsf_left_1      =  2.028743050445407
    lsf_left_2      =  -16.23822703376308
    lsf_left_3      =  1.2946664115413153
    lsf_left_4      =  -2.8828354068115267
    lsf_left_5      =  0.1705221056750063
    lsf_right1      =  5.545247742528108
    lsf_right2      =  -17.079158223137643
    lsf_right3      =  9.785994413454365
    lsf_right4      =  -2.1858592947422766
    lsf_right5      =  0.13398982304072474
    tem_depth       =  1.0025338406979638
    velocity        =  -252583.37064860543
    wave_intercept  =  5536.390502383294
    wave_slope      =  0.017683538349851965
2026-03-26 12:07:37,727 - root - ERROR - Evaluated LSF:
2026-03-26 12:07:37,728 - root - ERROR - [nan nan nan nan nan nan nan nan nan nan nan nan nan nan nan nan nan nan
 nan nan nan nan nan nan nan nan nan nan nan nan nan nan nan nan nan nan
 nan nan nan nan nan nan nan nan nan nan nan nan nan nan nan nan nan nan
 nan nan nan nan nan nan nan nan nan nan nan nan nan nan nan nan nan nan
 nan]
2026-03-26 12:07:39,212 - root - ERROR - NaN value detected in oversampled model function.
2026-03-26 12:07:39,214 - root - ERROR - <ParameterSet (values: 17)>
    cont_intercept  =  3838.925039666767
    cont_slope      =  0.7704351085559253
    iod_depth       =  0.3702572385517039
    lsf_left_1      =  2.0436916617850427
    lsf_left_2      =  -5.14996439740993
    lsf_left_3      =  2.002490205624573
    lsf_left_4      =  -0.8286555216037161
    lsf_left_5      =  0.24236950632892634
    lsf_right1      =  2.6363734331212596
    lsf_right2      =  -13.621662564437024
    lsf_right3      =  7.19102949405852
    lsf_right4      =  -1.9717913193864383
    lsf_right5      =  0.19656750160369885
    tem_depth       =  -0.07599060323566849
    velocity        =  5617.1529643374815
    wave_intercept  =  5566.285813154164
    wave_slope      =  0.015301048519102963
2026-03-26 12:07:39,215 - root - ERROR - Evaluated LSF:
2026-03-26 12:07:39,216 - root - ERROR - [nan nan nan nan nan nan nan nan nan nan nan nan nan nan nan nan nan nan
 nan nan nan nan nan nan nan nan nan nan nan nan nan nan nan nan nan nan
 nan nan nan nan nan nan nan nan nan nan nan nan nan nan nan nan nan nan
 nan nan nan nan nan nan nan nan nan nan nan nan nan nan nan nan nan nan
 nan]
2026-03-26 12:07:39,601 - root - ERROR - NaN value detected in oversampled model function.
2026-03-26 12:07:39,602 - root - ERROR - <ParameterSet (values: 17)>
    cont_intercept  =  3390.2547541039257
    cont_slope      =  -5.069716969909395
    iod_depth       =  0.16905093516934597
    lsf_left_1      =  5.32474315917864
    lsf_left_2      =  -15.726827007889726
    lsf_left_3      =  1.168198992760068
    lsf_left_4      =  -3.9778751202725027
    lsf_left_5      =  1.1976129346211988
    lsf_right1      =  1.5688098858577375
    lsf_right2      =  -16.855618488153766
    lsf_right3      =  1.1073388487856695
    lsf_right4      =  -3.6049081523129045
    lsf_right5      =  0.5161626374041648
    tem_depth       =  0.9971603401440963
    velocity        =  -252013.31710341034
    wave_intercept  =  5577.90252399997
    wave_slope      =  0.014400530154229424
2026-03-26 12:07:39,603 - root - ERROR - Evaluated LSF:
2026-03-26 12:07:39,604 - root - ERROR - [nan nan nan nan nan nan nan nan nan nan nan nan nan nan nan nan nan nan
 nan nan nan nan nan nan nan nan nan nan nan nan nan nan nan nan nan nan
 nan nan nan nan nan nan nan nan nan nan nan nan nan nan nan nan nan nan
 nan nan nan nan nan nan nan nan nan nan nan nan nan nan nan nan nan nan
 nan]
2026-03-26 12:07:40,666 - root - ERROR - NaN value detected in oversampled model function.
2026-03-26 12:07:40,667 - root - ERROR - <ParameterSet (values: 17)>
    cont_intercept  =  1720.4138824070274
    cont_slope      =  -3.1384087623870065
    iod_depth       =  0.18304400950759403
    lsf_left_1      =  1.5245171398777648
    lsf_left_2      =  -13.837481387340166
    lsf_left_3      =  4.6363600457218315
    lsf_left_4      =  -3.6250050994991097
    lsf_left_5      =  1.1973128081022
    lsf_right1      =  5.286782156782714
    lsf_right2      =  -16.479003944891183
    lsf_right3      =  8.756654907327107
    lsf_right4      =  -3.9816719582937132
    lsf_right5      =  1.183246570388807
    tem_depth       =  0.9992752465378191
    velocity        =  -249609.4421226551
    wave_intercept  =  5587.129694090636
    wave_slope      =  0.017658232368266913
2026-03-26 12:07:40,668 - root - ERROR - Evaluated LSF:
2026-03-26 12:07:40,668 - root - ERROR - [nan nan nan nan nan nan nan nan nan nan nan nan nan nan nan nan nan nan
 nan nan nan nan nan nan nan nan nan nan nan nan nan nan nan nan nan nan
 nan nan nan nan nan nan nan nan nan nan nan nan nan nan nan nan nan nan
 nan nan nan nan nan nan nan nan nan nan nan nan nan nan nan nan nan nan
 nan]
2026-03-26 12:07:42,639 - root - ERROR - NaN value detected in oversampled model function.
2026-03-26 12:07:42,641 - root - ERROR - <ParameterSet (values: 17)>
    cont_intercept  =  3223.2274484563104
    cont_slope      =  -3.8593726933284667
    iod_depth       =  0.2550451184415075
    lsf_left_1      =  3.7927703361521
    lsf_left_2      =  -13.769462643901901
    lsf_left_3      =  4.635072953313404
    lsf_left_4      =  -3.188014205696045
    lsf_left_5      =  0.1341292669830681
    lsf_right1      =  2.1689846235346035
    lsf_right2      =  -10.301138393554497
    lsf_right3      =  9.358473920477998
    lsf_right4      =  -3.5254546016109845
    lsf_right5      =  0.1563402895713005
    tem_depth       =  0.9993088115237869
    velocity        =  -251725.5811475216
    wave_intercept  =  5634.589254083721
    wave_slope      =  0.014105121786102485
2026-03-26 12:07:42,642 - root - ERROR - Evaluated LSF:
2026-03-26 12:07:42,643 - root - ERROR - [nan nan nan nan nan nan nan nan nan nan nan nan nan nan nan nan nan nan
 nan nan nan nan nan nan nan nan nan nan nan nan nan nan nan nan nan nan
 nan nan nan nan nan nan nan nan nan nan nan nan nan nan nan nan nan nan
 nan nan nan nan nan nan nan nan nan nan nan nan nan nan nan nan nan nan
 nan]
2026-03-26 12:07:43,877 - root - ERROR - Chunk 286: No Data! Returning LmfitResult with None.
2026-03-26 12:07:44,289 - root - ERROR - NaN value detected in oversampled model function.
2026-03-26 12:07:44,290 - root - ERROR - <ParameterSet (values: 17)>
    cont_intercept  =  3868.04598660856
    cont_slope      =  -1.179971715721279
    iod_depth       =  0.20347618127506295
    lsf_left_1      =  2.098797175763948
    lsf_left_2      =  -11.180455225824597
    lsf_left_3      =  1.1268257698148538
    lsf_left_4      =  -0.8390956316514613
    lsf_left_5      =  0.15715476431383973
    lsf_right1      =  5.503541612940848
    lsf_right2      =  -15.702367663787731
    lsf_right3      =  7.8725994244463235
    lsf_right4      =  -3.389921850014626
    lsf_right5      =  0.7121837126579981
    tem_depth       =  1.0020928940194533
    velocity        =  -250760.95259757002
    wave_intercept  =  5673.385296325798
    wave_slope      =  0.015194715426095386
2026-03-26 12:07:44,292 - root - ERROR - Evaluated LSF:
2026-03-26 12:07:44,293 - root - ERROR - [nan nan nan nan nan nan nan nan nan nan nan nan nan nan nan nan nan nan
 nan nan nan nan nan nan nan nan nan nan nan nan nan nan nan nan nan nan
 nan nan nan nan nan nan nan nan nan nan nan nan nan nan nan nan nan nan
 nan nan nan nan nan nan nan nan nan nan nan nan nan nan nan nan nan nan
 nan]
2026-03-26 12:07:44,752 - root - ERROR - NaN value detected in oversampled model function.
2026-03-26 12:07:44,754 - root - ERROR - <ParameterSet (values: 17)>
    cont_intercept  =  -0.1474320957818869
    cont_slope      =  0.0007437125296805901
    iod_depth       =  0.048574983537440886
    lsf_left_1      =  5.217605705400928
    lsf_left_2      =  -17.449582147478736
    lsf_left_3      =  1.1133056017103604
    lsf_left_4      =  -1.2721604106855326
    lsf_left_5      =  0.13458319952167339
    lsf_right1      =  7.971235182680903
    lsf_right2      =  -16.154741307769488
    lsf_right3      =  1.8863944926578462
    lsf_right4      =  -0.5302670417653954
    lsf_right5      =  0.13844156622363238
    tem_depth       =  0.10200921713540584
    velocity        =  -464677.476183648
    wave_intercept  =  5683.03584084211
    wave_slope      =  0.01403509038508651
2026-03-26 12:07:44,755 - root - ERROR - Evaluated LSF:
2026-03-26 12:07:44,756 - root - ERROR - [nan nan nan nan nan nan nan nan nan nan nan nan nan nan nan nan nan nan
 nan nan nan nan nan nan nan nan nan nan nan nan nan nan nan nan nan nan
 nan nan nan nan nan nan nan nan nan nan nan nan nan nan nan nan nan nan
 nan nan nan nan nan nan nan nan nan nan nan nan nan nan nan nan nan nan
 nan]
2026-03-26 12:07:45,856 - root - ERROR - NaN value detected in oversampled model function.
2026-03-26 12:07:45,858 - root - ERROR - <ParameterSet (values: 17)>
    cont_intercept  =  3271.4180851566593
    cont_slope      =  2.1563680938688035
    iod_depth       =  0.3749591069139897
    lsf_left_1      =  6.515605827403338
    lsf_left_2      =  -11.173941091994426
    lsf_left_3      =  3.6399968178713444
    lsf_left_4      =  -2.6655965885694224
    lsf_left_5      =  0.8741562673847271
    lsf_right1      =  3.3099541324844384
    lsf_right2      =  -15.526071695968437
    lsf_right3      =  5.6314484415562855
    lsf_right4      =  -1.5262757910882492
    lsf_right5      =  0.23814834609017188
    tem_depth       =  0.02537189634357584
    velocity        =  -44053.13044268663
    wave_intercept  =  5707.528661233287
    wave_slope      =  0.016501273233586227
2026-03-26 12:07:45,859 - root - ERROR - Evaluated LSF:
2026-03-26 12:07:45,860 - root - ERROR - [nan nan nan nan nan nan nan nan nan nan nan nan nan nan nan nan nan nan
 nan nan nan nan nan nan nan nan nan nan nan nan nan nan nan nan nan nan
 nan nan nan nan nan nan nan nan nan nan nan nan nan nan nan nan nan nan
 nan nan nan nan nan nan nan nan nan nan nan nan nan nan nan nan nan nan
 nan]
2026-03-26 12:07:48,205 - root - ERROR - NaN value detected in oversampled model function.
2026-03-26 12:07:48,206 - root - ERROR - <ParameterSet (values: 17)>
    cont_intercept  =  3299.293876252341
    cont_slope      =  -5.211613195044355
    iod_depth       =  0.41004927781817097
    lsf_left_1      =  1.9288770873233387
    lsf_left_2      =  -17.298200471440158
    lsf_left_3      =  6.549821933683206
    lsf_left_4      =  -3.7745803954493384
    lsf_left_5      =  1.161532277689319
    lsf_right1      =  6.17188153823658
    lsf_right2      =  -10.113583059465824
    lsf_right3      =  1.0943129882646216
    lsf_right4      =  -3.2967320712179724
    lsf_right5      =  0.19336741773011842
    tem_depth       =  1.0027422961137196
    velocity        =  -250576.26290412963
    wave_intercept  =  5767.914395055565
    wave_slope      =  0.016555470452245546
2026-03-26 12:07:48,207 - root - ERROR - Evaluated LSF:
2026-03-26 12:07:48,208 - root - ERROR - [nan nan nan nan nan nan nan nan nan nan nan nan nan nan nan nan nan nan
 nan nan nan nan nan nan nan nan nan nan nan nan nan nan nan nan nan nan
 nan nan nan nan nan nan nan nan nan nan nan nan nan nan nan nan nan nan
 nan nan nan nan nan nan nan nan nan nan nan nan nan nan nan nan nan nan
 nan]
2026-03-26 12:07:48,742 - root - ERROR - NaN value detected in oversampled model function.
2026-03-26 12:07:48,743 - root - ERROR - <ParameterSet (values: 17)>
    cont_intercept  =  3863.643144933971
    cont_slope      =  1.78450625692964
    iod_depth       =  0.4362886335803188
    lsf_left_1      =  1.578854062556964
    lsf_left_2      =  -12.648588284948723
    lsf_left_3      =  1.1552272246001551
    lsf_left_4      =  -3.445597022533057
    lsf_left_5      =  0.7291136310326027
    lsf_right1      =  4.510558864098899
    lsf_right2      =  -9.007686969753216
    lsf_right3      =  1.71424835989904
    lsf_right4      =  -2.9671306860765645
    lsf_right5      =  0.5013044634673398
    tem_depth       =  0.9999144997907904
    velocity        =  -251969.75658321264
    wave_intercept  =  5776.350497646227
    wave_slope      =  0.01588934044668357
2026-03-26 12:07:48,744 - root - ERROR - Evaluated LSF:
2026-03-26 12:07:48,745 - root - ERROR - [nan nan nan nan nan nan nan nan nan nan nan nan nan nan nan nan nan nan
 nan nan nan nan nan nan nan nan nan nan nan nan nan nan nan nan nan nan
 nan nan nan nan nan nan nan nan nan nan nan nan nan nan nan nan nan nan
 nan nan nan nan nan nan nan nan nan nan nan nan nan nan nan nan nan nan
 nan]
2026-03-26 12:07:49,059 - root - ERROR - Chunk 343: No Data! Returning LmfitResult with None.
2026-03-26 12:07:49,196 - root - ERROR - NaN value detected in oversampled model function.
2026-03-26 12:07:49,198 - root - ERROR - <ParameterSet (values: 17)>
    cont_intercept  =  0.06617925373267208
    cont_slope      =  -0.00031897134045002384
    iod_depth       =  0.2032770412580796
    lsf_left_1      =  1.580362080921653
    lsf_left_2      =  -9.150131788406249
    lsf_left_3      =  9.457159490915686
    lsf_left_4      =  -3.8277952453428017
    lsf_left_5      =  0.14263904682897194
    lsf_right1      =  4.346691446124591
    lsf_right2      =  -16.847690440200488
    lsf_right3      =  4.472737277440819
    lsf_right4      =  -3.4630259407492465
    lsf_right5      =  0.9054460715319625
    tem_depth       =  1.0684938095740475
    velocity        =  -441612.67201337265
    wave_intercept  =  5790.321226183717
    wave_slope      =  0.01347501449818226
2026-03-26 12:07:49,199 - root - ERROR - Evaluated LSF:
2026-03-26 12:07:49,200 - root - ERROR - [nan nan nan nan nan nan nan nan nan nan nan nan nan nan nan nan nan nan
 nan nan nan nan nan nan nan nan nan nan nan nan nan nan nan nan nan nan
 nan nan nan nan nan nan nan nan nan nan nan nan nan nan nan nan nan nan
 nan nan nan nan nan nan nan nan nan nan nan nan nan nan nan nan nan nan
 nan]
2026-03-26 12:07:49,217 - root - ERROR - NaN value detected in oversampled model function.
2026-03-26 12:07:49,219 - root - ERROR - <ParameterSet (values: 17)>
    cont_intercept  =  3806.612975015817
    cont_slope      =  3.340170419051393
    iod_depth       =  0.26141824002114294
    lsf_left_1      =  1.7337649051025472
    lsf_left_2      =  -16.84910203898302
    lsf_left_3      =  1.1373799359157086
    lsf_left_4      =  -3.1760965422203844
    lsf_left_5      =  0.15543914257008723
    lsf_right1      =  3.658730243953933
    lsf_right2      =  -7.234233401436006
    lsf_right3      =  1.5513929795855217
    lsf_right4      =  -2.1827326411619605
    lsf_right5      =  0.2791330665225773
    tem_depth       =  1.0000539356317049
    velocity        =  -251957.32359118346
    wave_intercept  =  5792.25735654212
    wave_slope      =  0.01468169953679218
2026-03-26 12:07:49,220 - root - ERROR - Evaluated LSF:
2026-03-26 12:07:49,221 - root - ERROR - [nan nan nan nan nan nan nan nan nan nan nan nan nan nan nan nan nan nan
 nan nan nan nan nan nan nan nan nan nan nan nan nan nan nan nan nan nan
 nan nan nan nan nan nan nan nan nan nan nan nan nan nan nan nan nan nan
 nan nan nan nan nan nan nan nan nan nan nan nan nan nan nan nan nan nan
 nan]
2026-03-26 12:07:49,515 - root - ERROR - NaN value detected in oversampled model function.
2026-03-26 12:07:49,516 - root - ERROR - <ParameterSet (values: 17)>
    cont_intercept  =  2473.499483340182
    cont_slope      =  1.2562162614227401
    iod_depth       =  0.233326811044529
    lsf_left_1      =  3.0910534824886042
    lsf_left_2      =  -17.349699415479506
    lsf_left_3      =  3.1614875584804554
    lsf_left_4      =  -1.1573103282115529
    lsf_left_5      =  0.2656276535237505
    lsf_right1      =  8.240158570672785
    lsf_right2      =  -17.43468712332101
    lsf_right3      =  1.2480140642455928
    lsf_right4      =  -3.3384424529014693
    lsf_right5      =  0.20600540728008032
    tem_depth       =  0.999095009897128
    velocity        =  -252475.26246898287
    wave_intercept  =  5800.072674940344
    wave_slope      =  0.01858773058068635
2026-03-26 12:07:49,517 - root - ERROR - Evaluated LSF:
2026-03-26 12:07:49,518 - root - ERROR - [nan nan nan nan nan nan nan nan nan nan nan nan nan nan nan nan nan nan
 nan nan nan nan nan nan nan nan nan nan nan nan nan nan nan nan nan nan
 nan nan nan nan nan nan nan nan nan nan nan nan nan nan nan nan nan nan
 nan nan nan nan nan nan nan nan nan nan nan nan nan nan nan nan nan nan
 nan]
2026-03-26 12:07:50,320 - root - ERROR - NaN value detected in oversampled model function.
2026-03-26 12:07:50,322 - root - ERROR - <ParameterSet (values: 17)>
    cont_intercept  =  3336.8188487604543
    cont_slope      =  -0.16477140140573288
    iod_depth       =  0.4405035913073079
    lsf_left_1      =  5.303421893501319
    lsf_left_2      =  -13.431816901799065
    lsf_left_3      =  3.1577652293151073
    lsf_left_4      =  -0.76187046402862
    lsf_left_5      =  0.17549165770505865
    lsf_right1      =  5.6168486974616885
    lsf_right2      =  -12.652665585201962
    lsf_right3      =  3.3982075813648107
    lsf_right4      =  -1.7849808682568145
    lsf_right5      =  0.5516726153019036
    tem_depth       =  1.0001546232990273
    velocity        =  -253927.9539750264
    wave_intercept  =  5818.49741571024
    wave_slope      =  0.017101153676902656
2026-03-26 12:07:50,323 - root - ERROR - Evaluated LSF:
2026-03-26 12:07:50,324 - root - ERROR - [nan nan nan nan nan nan nan nan nan nan nan nan nan nan nan nan nan nan
 nan nan nan nan nan nan nan nan nan nan nan nan nan nan nan nan nan nan
 nan nan nan nan nan nan nan nan nan nan nan nan nan nan nan nan nan nan
 nan nan nan nan nan nan nan nan nan nan nan nan nan nan nan nan nan nan
 nan]
2026-03-26 12:07:50,491 - root - ERROR - NaN value detected in oversampled model function.
2026-03-26 12:07:50,492 - root - ERROR - <ParameterSet (values: 17)>
    cont_intercept  =  3908.3062593808177
    cont_slope      =  5.418248078612301
    iod_depth       =  -0.08894226806456357
    lsf_left_1      =  7.37150176923527
    lsf_left_2      =  -16.697601348418075
    lsf_left_3      =  9.293440899427313
    lsf_left_4      =  -3.782172387535594
    lsf_left_5      =  0.8156044847397229
    lsf_right1      =  5.590167237625183
    lsf_right2      =  -15.364743903733787
    lsf_right3      =  1.2150561298173645
    lsf_right4      =  -0.4765700860243376
    lsf_right5      =  0.2833114880968837
    tem_depth       =  1.000618551396741
    velocity        =  -251534.89138083978
    wave_intercept  =  5825.089755121845
    wave_slope      =  0.01654476886621562
2026-03-26 12:07:50,493 - root - ERROR - Evaluated LSF:
2026-03-26 12:07:50,494 - root - ERROR - [nan nan nan nan nan nan nan nan nan nan nan nan nan nan nan nan nan nan
 nan nan nan nan nan nan nan nan nan nan nan nan nan nan nan nan nan nan
 nan nan nan nan nan nan nan nan nan nan nan nan nan nan nan nan nan nan
 nan nan nan nan nan nan nan nan nan nan nan nan nan nan nan nan nan nan
 nan]
2026-03-26 12:07:53,767 - root - ERROR - NaN value detected in oversampled model function.
2026-03-26 12:07:53,769 - root - ERROR - <ParameterSet (values: 17)>
    cont_intercept  =  3272.5195414115155
    cont_slope      =  12.945345681556516
    iod_depth       =  0.2133520837808217
    lsf_left_1      =  1.5839262151365625
    lsf_left_2      =  -17.082386075543408
    lsf_left_3      =  1.881259890992749
    lsf_left_4      =  -0.44501858189679133
    lsf_left_5      =  0.48701368931391825
    lsf_right1      =  1.682510547615434
    lsf_right2      =  -17.410907645868456
    lsf_right3      =  1.7909531609625127
    lsf_right4      =  -3.9837483093413293
    lsf_right5      =  0.719455057594936
    tem_depth       =  0.9975698588383823
    velocity        =  -251750.07609060802
    wave_intercept  =  5891.613421588961
    wave_slope      =  0.015876892395708758
2026-03-26 12:07:53,770 - root - ERROR - Evaluated LSF:
2026-03-26 12:07:53,771 - root - ERROR - [nan nan nan nan nan nan nan nan nan nan nan nan nan nan nan nan nan nan
 nan nan nan nan nan nan nan nan nan nan nan nan nan nan nan nan nan nan
 nan nan nan nan nan nan nan nan nan nan nan nan nan nan nan nan nan nan
 nan nan nan nan nan nan nan nan nan nan nan nan nan nan nan nan nan nan
 nan]
2026-03-26 12:07:55,565 - root - ERROR - NaN value detected in oversampled model function.
2026-03-26 12:07:55,566 - root - ERROR - <ParameterSet (values: 17)>
    cont_intercept  =  4128.760573352189
    cont_slope      =  6.713591548420656
    iod_depth       =  0.6090197794227199
    lsf_left_1      =  2.316215671520295
    lsf_left_2      =  -15.818776330988346
    lsf_left_3      =  3.0499955108835435
    lsf_left_4      =  -3.98042924952739
    lsf_left_5      =  0.46026933893172156
    lsf_right1      =  1.5968159400442303
    lsf_right2      =  -4.968056856495506
    lsf_right3      =  3.0865964430948374
    lsf_right4      =  -3.36612691147563
    lsf_right5      =  1.1994372488872187
    tem_depth       =  0.9992180822780222
    velocity        =  -251896.8624988026
    wave_intercept  =  5942.54465239876
    wave_slope      =  0.016536849612570084
2026-03-26 12:07:55,568 - root - ERROR - Evaluated LSF:
2026-03-26 12:07:55,569 - root - ERROR - [nan nan nan nan nan nan nan nan nan nan nan nan nan nan nan nan nan nan
 nan nan nan nan nan nan nan nan nan nan nan nan nan nan nan nan nan nan
 nan nan nan nan nan nan nan nan nan nan nan nan nan nan nan nan nan nan
 nan nan nan nan nan nan nan nan nan nan nan nan nan nan nan nan nan nan
 nan]
2026-03-26 12:07:56,119 - root - ERROR - NaN value detected in oversampled model function.
2026-03-26 12:07:56,120 - root - ERROR - <ParameterSet (values: 17)>
    cont_intercept  =  4392.212518697883
    cont_slope      =  5.436706567792147
    iod_depth       =  0.10372137331534431
    lsf_left_1      =  4.423507711927952
    lsf_left_2      =  -15.017112848914671
    lsf_left_3      =  5.114586139252597
    lsf_left_4      =  -3.927578055706117
    lsf_left_5      =  0.25243124895253777
    lsf_right1      =  10.391492307362697
    lsf_right2      =  -17.434158505014725
    lsf_right3      =  1.1138914063875904
    lsf_right4      =  -2.1767807200432077
    lsf_right5      =  0.19290089258183726
    tem_depth       =  1.0034790738324713
    velocity        =  -251894.20741252927
    wave_intercept  =  5956.985611515228
    wave_slope      =  0.015367121315953412
2026-03-26 12:07:56,122 - root - ERROR - Evaluated LSF:
2026-03-26 12:07:56,123 - root - ERROR - [nan nan nan nan nan nan nan nan nan nan nan nan nan nan nan nan nan nan
 nan nan nan nan nan nan nan nan nan nan nan nan nan nan nan nan nan nan
 nan nan nan nan nan nan nan nan nan nan nan nan nan nan nan nan nan nan
 nan nan nan nan nan nan nan nan nan nan nan nan nan nan nan nan nan nan
 nan]
2026-03-26 12:07:56,448 - root - ERROR - NaN value detected in oversampled model function.
2026-03-26 12:07:56,450 - root - ERROR - <ParameterSet (values: 17)>
    cont_intercept  =  -0.23041086479515907
    cont_slope      =  0.001190456777231875
    iod_depth       =  0.12566507212176622
    lsf_left_1      =  1.6541130091030587
    lsf_left_2      =  -17.45697804102739
    lsf_left_3      =  6.885106785047907
    lsf_left_4      =  -3.9813225718333145
    lsf_left_5      =  1.2048292390155775
    lsf_right1      =  7.276309514329628
    lsf_right2      =  -12.888155287664597
    lsf_right3      =  1.609512569031482
    lsf_right4      =  -3.473414804506494
    lsf_right5      =  1.0797850821645096
    tem_depth       =  0.511415281038155
    velocity        =  -449407.28056654526
    wave_intercept  =  5960.846188725733
    wave_slope      =  0.014322420573504904
2026-03-26 12:07:56,451 - root - ERROR - Evaluated LSF:
2026-03-26 12:07:56,452 - root - ERROR - [nan nan nan nan nan nan nan nan nan nan nan nan nan nan nan nan nan nan
 nan nan nan nan nan nan nan nan nan nan nan nan nan nan nan nan nan nan
 nan nan nan nan nan nan nan nan nan nan nan nan nan nan nan nan nan nan
 nan nan nan nan nan nan nan nan nan nan nan nan nan nan nan nan nan nan
 nan]
2026-03-26 12:07:56,639 - root - ERROR - NaN value detected in oversampled model function.
2026-03-26 12:07:56,640 - root - ERROR - <ParameterSet (values: 17)>
    cont_intercept  =  2062.2933995957537
    cont_slope      =  -6.1903389264959605
    iod_depth       =  0.2619901671274631
    lsf_left_1      =  4.466141320439539
    lsf_left_2      =  -14.907598588099448
    lsf_left_3      =  2.6136828790252418
    lsf_left_4      =  -3.408843804345334
    lsf_left_5      =  1.0336171859810794
    lsf_right1      =  8.753143086640144
    lsf_right2      =  -16.17755384968023
    lsf_right3      =  3.838750367980205
    lsf_right4      =  -2.6326180451675585
    lsf_right5      =  0.888526445997683
    tem_depth       =  1.0023700972819116
    velocity        =  -253676.5088231816
    wave_intercept  =  5970.660996218826
    wave_slope      =  0.019064483941737296
2026-03-26 12:07:56,642 - root - ERROR - Evaluated LSF:
2026-03-26 12:07:56,643 - root - ERROR - [nan nan nan nan nan nan nan nan nan nan nan nan nan nan nan nan nan nan
 nan nan nan nan nan nan nan nan nan nan nan nan nan nan nan nan nan nan
 nan nan nan nan nan nan nan nan nan nan nan nan nan nan nan nan nan nan
 nan nan nan nan nan nan nan nan nan nan nan nan nan nan nan nan nan nan
 nan]
2026-03-26 12:07:56,660 - root - ERROR - NaN value detected in oversampled model function.
2026-03-26 12:07:56,661 - root - ERROR - <ParameterSet (values: 17)>
    cont_intercept  =  2543.235299670391
    cont_slope      =  -1.1417052509347723
    iod_depth       =  -0.19219580776177542
    lsf_left_1      =  2.8344774452426442
    lsf_left_2      =  -11.470992918704699
    lsf_left_3      =  5.276590360889498
    lsf_left_4      =  -3.8438095345833014
    lsf_left_5      =  0.5663940458255107
    lsf_right1      =  8.64937595598123
    lsf_right2      =  -17.304768859209346
    lsf_right3      =  1.1088347342445144
    lsf_right4      =  -2.9932291342142783
    lsf_right5      =  0.3021802763080751
    tem_depth       =  0.9988295287238361
    velocity        =  -250591.32842803284
    wave_intercept  =  5973.046225162161
    wave_slope      =  0.018753038477683306
2026-03-26 12:07:56,662 - root - ERROR - Evaluated LSF:
2026-03-26 12:07:56,664 - root - ERROR - [nan nan nan nan nan nan nan nan nan nan nan nan nan nan nan nan nan nan
 nan nan nan nan nan nan nan nan nan nan nan nan nan nan nan nan nan nan
 nan nan nan nan nan nan nan nan nan nan nan nan nan nan nan nan nan nan
 nan nan nan nan nan nan nan nan nan nan nan nan nan nan nan nan nan nan
 nan]
2026-03-26 12:07:56,682 - root - ERROR - NaN value detected in oversampled model function.
2026-03-26 12:07:56,684 - root - ERROR - <ParameterSet (values: 17)>
    cont_intercept  =  2828.8522291443783
    cont_slope      =  0.7483023916691605
    iod_depth       =  0.2928592765281963
    lsf_left_1      =  2.61252206966918
    lsf_left_2      =  -4.698466979417715
    lsf_left_3      =  1.1117972334067707
    lsf_left_4      =  -3.822055407535049
    lsf_left_5      =  0.30177383986514844
    lsf_right1      =  3.130832642176869
    lsf_right2      =  -17.438700422946674
    lsf_right3      =  2.5925401309561775
    lsf_right4      =  -3.3950562894977416
    lsf_right5      =  0.680391587388208
    tem_depth       =  0.9966791605551163
    velocity        =  -252293.56448182758
    wave_intercept  =  5975.543918558102
    wave_slope      =  0.019015361635634716
2026-03-26 12:07:56,685 - root - ERROR - Evaluated LSF:
2026-03-26 12:07:56,686 - root - ERROR - [nan nan nan nan nan nan nan nan nan nan nan nan nan nan nan nan nan nan
 nan nan nan nan nan nan nan nan nan nan nan nan nan nan nan nan nan nan
 nan nan nan nan nan nan nan nan nan nan nan nan nan nan nan nan nan nan
 nan nan nan nan nan nan nan nan nan nan nan nan nan nan nan nan nan nan
 nan]
2026-03-26 12:07:56,716 - root - ERROR - NaN value detected in oversampled model function.
2026-03-26 12:07:56,718 - root - ERROR - <ParameterSet (values: 17)>
    cont_intercept  =  2770.737093303168
    cont_slope      =  0.05555774028191421
    iod_depth       =  0.324097312450936
    lsf_left_1      =  2.3073022419659646
    lsf_left_2      =  -15.699961511573596
    lsf_left_3      =  5.701245928748728
    lsf_left_4      =  -1.5668500491518773
    lsf_left_5      =  0.14098493865264158
    lsf_right1      =  3.3236221246913185
    lsf_right2      =  -12.131666889691001
    lsf_right3      =  4.683218012485107
    lsf_right4      =  -2.437136858444303
    lsf_right5      =  0.7449983392640859
    tem_depth       =  1.0001039595714607
    velocity        =  -253466.09688868266
    wave_intercept  =  5978.013784289981
    wave_slope      =  0.01843998227583036
2026-03-26 12:07:56,719 - root - ERROR - Evaluated LSF:
2026-03-26 12:07:56,720 - root - ERROR - [nan nan nan nan nan nan nan nan nan nan nan nan nan nan nan nan nan nan
 nan nan nan nan nan nan nan nan nan nan nan nan nan nan nan nan nan nan
 nan nan nan nan nan nan nan nan nan nan nan nan nan nan nan nan nan nan
 nan nan nan nan nan nan nan nan nan nan nan nan nan nan nan nan nan nan
 nan]
2026-03-26 12:07:57,370 - root - ERROR - NaN value detected in oversampled model function.
2026-03-26 12:07:57,371 - root - ERROR - <ParameterSet (values: 17)>
    cont_intercept  =  4403.347036387386
    cont_slope      =  12.192926546848252
    iod_depth       =  0.7581485798989351
    lsf_left_1      =  2.8688535444056082
    lsf_left_2      =  -17.45094056590502
    lsf_left_3      =  5.842214168520704
    lsf_left_4      =  -3.96918963722068
    lsf_left_5      =  0.6404410674588046
    lsf_right1      =  1.5282718866730618
    lsf_right2      =  -9.99891086092527
    lsf_right3      =  4.462396588873482
    lsf_right4      =  -3.0378360165288867
    lsf_right5      =  0.9732547549858195
    tem_depth       =  1.0107466069876716
    velocity        =  -252811.20433114143
    wave_intercept  =  5994.123053209362
    wave_slope      =  0.0170141056958111
2026-03-26 12:07:57,373 - root - ERROR - Evaluated LSF:
2026-03-26 12:07:57,374 - root - ERROR - [nan nan nan nan nan nan nan nan nan nan nan nan nan nan nan nan nan nan
 nan nan nan nan nan nan nan nan nan nan nan nan nan nan nan nan nan nan
 nan nan nan nan nan nan nan nan nan nan nan nan nan nan nan nan nan nan
 nan nan nan nan nan nan nan nan nan nan nan nan nan nan nan nan nan nan
 nan]
2026-03-26 12:07:57,729 - root - ERROR - NaN value detected in oversampled model function.
2026-03-26 12:07:57,730 - root - ERROR - <ParameterSet (values: 17)>
    cont_intercept  =  4313.556785555944
    cont_slope      =  4.398520421441307
    iod_depth       =  0.49902707618876685
    lsf_left_1      =  8.65302044839476
    lsf_left_2      =  -16.92057781805518
    lsf_left_3      =  9.833624056835134
    lsf_left_4      =  -3.214362794121148
    lsf_left_5      =  0.1805578278042711
    lsf_right1      =  4.688447067118618
    lsf_right2      =  -17.14853267144312
    lsf_right3      =  1.431261447949541
    lsf_right4      =  -2.0130756289181946
    lsf_right5      =  1.159320536068579
    tem_depth       =  0.9964590156824829
    velocity        =  -252819.28778535142
    wave_intercept  =  6002.913728104766
    wave_slope      =  0.0164782297650864
2026-03-26 12:07:57,732 - root - ERROR - Evaluated LSF:
2026-03-26 12:07:57,733 - root - ERROR - [nan nan nan nan nan nan nan nan nan nan nan nan nan nan nan nan nan nan
 nan nan nan nan nan nan nan nan nan nan nan nan nan nan nan nan nan nan
 nan nan nan nan nan nan nan nan nan nan nan nan nan nan nan nan nan nan
 nan nan nan nan nan nan nan nan nan nan nan nan nan nan nan nan nan nan
 nan]
2026-03-26 12:07:58,206 - root - ERROR - NaN value detected in oversampled model function.
2026-03-26 12:07:58,207 - root - ERROR - <ParameterSet (values: 17)>
    cont_intercept  =  -2.93277641343857
    cont_slope      =  0.012217826785566724
    iod_depth       =  0.09761035224377301
    lsf_left_1      =  2.4139792287385324
    lsf_left_2      =  -13.734640029758006
    lsf_left_3      =  1.272389596792113
    lsf_left_4      =  -3.9805761963544786
    lsf_left_5      =  1.2034327366494608
    lsf_right1      =  3.4395068462078227
    lsf_right2      =  -17.205574179173773
    lsf_right3      =  6.277321960876569
    lsf_right4      =  -2.984172903421248
    lsf_right5      =  1.177252301213859
    tem_depth       =  -58.65516145010655
    velocity        =  -431240.45526860794
    wave_intercept  =  6011.315064499796
    wave_slope      =  0.007587851558301248
2026-03-26 12:07:58,209 - root - ERROR - Evaluated LSF:
2026-03-26 12:07:58,210 - root - ERROR - [nan nan nan nan nan nan nan nan nan nan nan nan nan nan nan nan nan nan
 nan nan nan nan nan nan nan nan nan nan nan nan nan nan nan nan nan nan
 nan nan nan nan nan nan nan nan nan nan nan nan nan nan nan nan nan nan
 nan nan nan nan nan nan nan nan nan nan nan nan nan nan nan nan nan nan
 nan]
2026-03-26 12:07:58,214 - root - ERROR - Chunk 444: No Data! Returning LmfitResult with None.
2026-03-26 12:07:58,751 - root - ERROR - NaN value detected in oversampled model function.
2026-03-26 12:07:58,753 - root - ERROR - <ParameterSet (values: 17)>
    cont_intercept  =  2546.0492085926935
    cont_slope      =  0.9379561150031779
    iod_depth       =  0.28236340145391997
    lsf_left_1      =  3.217744724480122
    lsf_left_2      =  -11.801999170767381
    lsf_left_3      =  4.757356662683934
    lsf_left_4      =  -2.6346855283712896
    lsf_left_5      =  0.2882736995170631
    lsf_right1      =  4.0234374206426455
    lsf_right2      =  -11.516130199786325
    lsf_right3      =  4.993734028579587
    lsf_right4      =  -2.2559243139734972
    lsf_right5      =  0.746379376099657
    tem_depth       =  0.9998976185058543
    velocity        =  -251926.78883354831
    wave_intercept  =  6029.729844090708
    wave_slope      =  0.01916808502977276
2026-03-26 12:07:58,755 - root - ERROR - Evaluated LSF:
2026-03-26 12:07:58,756 - root - ERROR - [nan nan nan nan nan nan nan nan nan nan nan nan nan nan nan nan nan nan
 nan nan nan nan nan nan nan nan nan nan nan nan nan nan nan nan nan nan
 nan nan nan nan nan nan nan nan nan nan nan nan nan nan nan nan nan nan
 nan nan nan nan nan nan nan nan nan nan nan nan nan nan nan nan nan nan
 nan]
2026-03-26 12:07:59,241 - root - ERROR - NaN value detected in oversampled model function.
2026-03-26 12:07:59,243 - root - ERROR - <ParameterSet (values: 17)>
    cont_intercept  =  3284.730218639497
    cont_slope      =  -3.058842233490913
    iod_depth       =  -0.04227512568670208
    lsf_left_1      =  1.6029364463776488
    lsf_left_2      =  -10.523019670841293
    lsf_left_3      =  1.1307409319755664
    lsf_left_4      =  -2.7645991724139867
    lsf_left_5      =  1.0442642625516445
    lsf_right1      =  2.409258492749747
    lsf_right2      =  -15.192556493568851
    lsf_right3      =  2.5700231355082614
    lsf_right4      =  -3.1764109860947376
    lsf_right5      =  0.34496555070118246
    tem_depth       =  0.9997583669240309
    velocity        =  -251904.11999106835
    wave_intercept  =  6046.542373782174
    wave_slope      =  0.01780313317335155
2026-03-26 12:07:59,244 - root - ERROR - Evaluated LSF:
2026-03-26 12:07:59,246 - root - ERROR - [nan nan nan nan nan nan nan nan nan nan nan nan nan nan nan nan nan nan
 nan nan nan nan nan nan nan nan nan nan nan nan nan nan nan nan nan nan
 nan nan nan nan nan nan nan nan nan nan nan nan nan nan nan nan nan nan
 nan nan nan nan nan nan nan nan nan nan nan nan nan nan nan nan nan nan
 nan]
2026-03-26 12:07:59,262 - root - ERROR - NaN value detected in oversampled model function.
2026-03-26 12:07:59,263 - root - ERROR - <ParameterSet (values: 17)>
    cont_intercept  =  3151.846448709509
    cont_slope      =  -3.7674873684301655
    iod_depth       =  0.23740542852946503
    lsf_left_1      =  2.682923426325148
    lsf_left_2      =  -17.401186441691085
    lsf_left_3      =  5.62994920414526
    lsf_left_4      =  -3.158292815594652
    lsf_left_5      =  0.33790475387919583
    lsf_right1      =  3.013323797205626
    lsf_right2      =  -7.52371076242356
    lsf_right3      =  2.1344776703061616
    lsf_right4      =  -0.8114803763006848
    lsf_right5      =  0.15181581063319258
    tem_depth       =  0.9980661675757836
    velocity        =  -251640.81031482128
    wave_intercept  =  6048.9188955054415
    wave_slope      =  0.01754631481521908
2026-03-26 12:07:59,265 - root - ERROR - Evaluated LSF:
2026-03-26 12:07:59,266 - root - ERROR - [nan nan nan nan nan nan nan nan nan nan nan nan nan nan nan nan nan nan
 nan nan nan nan nan nan nan nan nan nan nan nan nan nan nan nan nan nan
 nan nan nan nan nan nan nan nan nan nan nan nan nan nan nan nan nan nan
 nan nan nan nan nan nan nan nan nan nan nan nan nan nan nan nan nan nan
 nan]
2026-03-26 12:07:59,742 - root - ERROR - NaN value detected in oversampled model function.
2026-03-26 12:07:59,744 - root - ERROR - <ParameterSet (values: 17)>
    cont_intercept  =  -1751.1643644057351
    cont_slope      =  16.863688227759294
    iod_depth       =  0.2831951083095359
    lsf_left_1      =  1.5226724569948331
    lsf_left_2      =  -17.341816321043705
    lsf_left_3      =  1.6361606208005153
    lsf_left_4      =  -1.9627907833342633
    lsf_left_5      =  0.1372253361465143
    lsf_right1      =  6.889040596727525
    lsf_right2      =  -17.42626774004972
    lsf_right3      =  1.9174583247517591
    lsf_right4      =  -2.464071037409316
    lsf_right5      =  0.4637116837727898
    tem_depth       =  1.0060226926253466
    velocity        =  -237993.54225936026
    wave_intercept  =  6060.519818721879
    wave_slope      =  0.01594335540721538
2026-03-26 12:07:59,745 - root - ERROR - Evaluated LSF:
2026-03-26 12:07:59,746 - root - ERROR - [nan nan nan nan nan nan nan nan nan nan nan nan nan nan nan nan nan nan
 nan nan nan nan nan nan nan nan nan nan nan nan nan nan nan nan nan nan
 nan nan nan nan nan nan nan nan nan nan nan nan nan nan nan nan nan nan
 nan nan nan nan nan nan nan nan nan nan nan nan nan nan nan nan nan nan
 nan]
2026-03-26 12:08:01,142 - root - ERROR - NaN value detected in oversampled model function.
2026-03-26 12:08:01,143 - root - ERROR - <ParameterSet (values: 17)>
    cont_intercept  =  2936.5796193736483
    cont_slope      =  1.3966531562023214
    iod_depth       =  0.5968416151081855
    lsf_left_1      =  2.8151713350650596
    lsf_left_2      =  -13.448551701981248
    lsf_left_3      =  4.411976674752315
    lsf_left_4      =  -2.215217792118782
    lsf_left_5      =  0.8107542444328577
    lsf_right1      =  1.5230732801930646
    lsf_right2      =  -3.5527734320496
    lsf_right3      =  2.632138648426939
    lsf_right4      =  -1.2475027795932259
    lsf_right5      =  0.37787641756396567
    tem_depth       =  0.9987153035804448
    velocity        =  -252037.62209338404
    wave_intercept  =  6097.504211110842
    wave_slope      =  0.01885433387380806
2026-03-26 12:08:01,145 - root - ERROR - Evaluated LSF:
2026-03-26 12:08:01,146 - root - ERROR - [nan nan nan nan nan nan nan nan nan nan nan nan nan nan nan nan nan nan
 nan nan nan nan nan nan nan nan nan nan nan nan nan nan nan nan nan nan
 nan nan nan nan nan nan nan nan nan nan nan nan nan nan nan nan nan nan
 nan nan nan nan nan nan nan nan nan nan nan nan nan nan nan nan nan nan
 nan]
2026-03-26 12:08:01,897 - root - ERROR - NaN value detected in oversampled model function.
2026-03-26 12:08:01,898 - root - ERROR - <ParameterSet (values: 17)>
    cont_intercept  =  3506.129294308513
    cont_slope      =  1.9959444533669117
    iod_depth       =  0.1779370998192248
    lsf_left_1      =  1.5215038616334315
    lsf_left_2      =  -15.583761106668462
    lsf_left_3      =  3.4105716896361162
    lsf_left_4      =  -1.5316888536871405
    lsf_left_5      =  0.17201421010363535
    lsf_right1      =  8.323706263324144
    lsf_right2      =  -16.525278742899204
    lsf_right3      =  1.108674338526572
    lsf_right4      =  -3.984152277174116
    lsf_right5      =  0.9463695908017585
    tem_depth       =  0.9998127541346994
    velocity        =  -252140.48750197742
    wave_intercept  =  6107.094767898571
    wave_slope      =  0.0180115936694829
2026-03-26 12:08:01,899 - root - ERROR - Evaluated LSF:
2026-03-26 12:08:01,900 - root - ERROR - [nan nan nan nan nan nan nan nan nan nan nan nan nan nan nan nan nan nan
 nan nan nan nan nan nan nan nan nan nan nan nan nan nan nan nan nan nan
 nan nan nan nan nan nan nan nan nan nan nan nan nan nan nan nan nan nan
 nan nan nan nan nan nan nan nan nan nan nan nan nan nan nan nan nan nan
 nan]
2026-03-26 12:08:02,400 - root - ERROR - NaN value detected in oversampled model function.
2026-03-26 12:08:02,402 - root - ERROR - <ParameterSet (values: 17)>
    cont_intercept  =  3838.700017267487
    cont_slope      =  2.0958841893804685
    iod_depth       =  0.4987579263792415
    lsf_left_1      =  4.920911191634696
    lsf_left_2      =  -15.700762357230381
    lsf_left_3      =  7.94951784310884
    lsf_left_4      =  -2.948495180114863
    lsf_left_5      =  0.84521569934423
    lsf_right1      =  2.9227956098832513
    lsf_right2      =  -13.817651957002841
    lsf_right3      =  9.802692629226875
    lsf_right4      =  -3.219397135547169
    lsf_right5      =  0.13582864104154432
    tem_depth       =  0.9967696647085497
    velocity        =  -251940.93357823358
    wave_intercept  =  6116.208971884212
    wave_slope      =  0.017325990666038297
2026-03-26 12:08:02,403 - root - ERROR - Evaluated LSF:
2026-03-26 12:08:02,404 - root - ERROR - [nan nan nan nan nan nan nan nan nan nan nan nan nan nan nan nan nan nan
 nan nan nan nan nan nan nan nan nan nan nan nan nan nan nan nan nan nan
 nan nan nan nan nan nan nan nan nan nan nan nan nan nan nan nan nan nan
 nan nan nan nan nan nan nan nan nan nan nan nan nan nan nan nan nan nan
 nan]
2026-03-26 12:08:03,693 - root - ERROR - NaN value detected in oversampled model function.
2026-03-26 12:08:03,695 - root - ERROR - <ParameterSet (values: 17)>
    cont_intercept  =  3439.0886751625503
    cont_slope      =  -5.341162503023724
    iod_depth       =  1.1873841330843484
    lsf_left_1      =  2.098877014843025
    lsf_left_2      =  -6.333998238578745
    lsf_left_3      =  5.041859228534259
    lsf_left_4      =  -3.8491537526469606
    lsf_left_5      =  0.15876689496328386
    lsf_right1      =  2.4743736561917635
    lsf_right2      =  -13.04750196949196
    lsf_right3      =  1.0929350963475737
    lsf_right4      =  -3.5626143539338706
    lsf_right5      =  0.3177988514033304
    tem_depth       =  1.0012314137022535
    velocity        =  -251758.57951966158
    wave_intercept  =  6141.943967218259
    wave_slope      =  0.015378294873941059
2026-03-26 12:08:03,696 - root - ERROR - Evaluated LSF:
2026-03-26 12:08:03,697 - root - ERROR - [nan nan nan nan nan nan nan nan nan nan nan nan nan nan nan nan nan nan
 nan nan nan nan nan nan nan nan nan nan nan nan nan nan nan nan nan nan
 nan nan nan nan nan nan nan nan nan nan nan nan nan nan nan nan nan nan
 nan nan nan nan nan nan nan nan nan nan nan nan nan nan nan nan nan nan
 nan]
2026-03-26 12:08:04,628 - root - ERROR - NaN value detected in oversampled model function.
2026-03-26 12:08:04,629 - root - ERROR - <ParameterSet (values: 17)>
    cont_intercept  =  3246.8939703403657
    cont_slope      =  16.323524795103886
    iod_depth       =  -0.3065330145904003
    lsf_left_1      =  1.7397462941430542
    lsf_left_2      =  -8.410748228863548
    lsf_left_3      =  3.517012826451593
    lsf_left_4      =  -1.3266931687772665
    lsf_left_5      =  0.3274418352317253
    lsf_right1      =  1.719216061263881
    lsf_right2      =  -8.108104066894745
    lsf_right3      =  1.2337800716234677
    lsf_right4      =  -3.2788306046755955
    lsf_right5      =  0.3053450789261052
    tem_depth       =  1.0094674507271106
    velocity        =  -253004.0432541183
    wave_intercept  =  6164.104081843357
    wave_slope      =  0.01837613901584466
2026-03-26 12:08:04,630 - root - ERROR - Evaluated LSF:
2026-03-26 12:08:04,631 - root - ERROR - [nan nan nan nan nan nan nan nan nan nan nan nan nan nan nan nan nan nan
 nan nan nan nan nan nan nan nan nan nan nan nan nan nan nan nan nan nan
 nan nan nan nan nan nan nan nan nan nan nan nan nan nan nan nan nan nan
 nan nan nan nan nan nan nan nan nan nan nan nan nan nan nan nan nan nan
 nan]
2026-03-26 12:08:04,756 - root - ERROR - NaN value detected in oversampled model function.
2026-03-26 12:08:04,757 - root - ERROR - <ParameterSet (values: 17)>
    cont_intercept  =  3430.769959455034
    cont_slope      =  -0.5389773582218286
    iod_depth       =  -0.06760461107021098
    lsf_left_1      =  2.3964539093445416
    lsf_left_2      =  -16.89734385621109
    lsf_left_3      =  9.351212493455062
    lsf_left_4      =  -3.366141841387577
    lsf_left_5      =  0.5896445776073256
    lsf_right1      =  7.060714992359492
    lsf_right2      =  -13.379557901243412
    lsf_right3      =  1.5691255710448995
    lsf_right4      =  -3.938942238028737
    lsf_right5      =  1.0511715393872705
    tem_depth       =  -0.0456223020689933
    velocity        =  -41550.02008569048
    wave_intercept  =  6166.075841953932
    wave_slope      =  0.008580401899220937
2026-03-26 12:08:04,759 - root - ERROR - Evaluated LSF:
2026-03-26 12:08:04,760 - root - ERROR - [nan nan nan nan nan nan nan nan nan nan nan nan nan nan nan nan nan nan
 nan nan nan nan nan nan nan nan nan nan nan nan nan nan nan nan nan nan
 nan nan nan nan nan nan nan nan nan nan nan nan nan nan nan nan nan nan
 nan nan nan nan nan nan nan nan nan nan nan nan nan nan nan nan nan nan
 nan]
2026-03-26 12:08:04,887 - root - ERROR - NaN value detected in oversampled model function.
2026-03-26 12:08:04,889 - root - ERROR - <ParameterSet (values: 17)>
    cont_intercept  =  3067.5775503606633
    cont_slope      =  2.7710608677981896
    iod_depth       =  -0.10817024463275393
    lsf_left_1      =  4.800608018740481
    lsf_left_2      =  -10.85389441888562
    lsf_left_3      =  4.9229977027402985
    lsf_left_4      =  -2.8227063643325248
    lsf_left_5      =  0.17149131715571467
    lsf_right1      =  2.599282803164108
    lsf_right2      =  -12.664539126338479
    lsf_right3      =  3.901771902696041
    lsf_right4      =  -2.8992497324906523
    lsf_right5      =  0.5373635719135764
    tem_depth       =  0.9999423350984591
    velocity        =  -252241.3073067972
    wave_intercept  =  6171.146742908436
    wave_slope      =  0.018035516328392728
2026-03-26 12:08:04,890 - root - ERROR - Evaluated LSF:
2026-03-26 12:08:04,891 - root - ERROR - [nan nan nan nan nan nan nan nan nan nan nan nan nan nan nan nan nan nan
 nan nan nan nan nan nan nan nan nan nan nan nan nan nan nan nan nan nan
 nan nan nan nan nan nan nan nan nan nan nan nan nan nan nan nan nan nan
 nan nan nan nan nan nan nan nan nan nan nan nan nan nan nan nan nan nan
 nan]
2026-03-26 12:08:04,908 - root - ERROR - NaN value detected in oversampled model function.
2026-03-26 12:08:04,909 - root - ERROR - <ParameterSet (values: 17)>
    cont_intercept  =  3687.588798791547
    cont_slope      =  1.3446241046898595
    iod_depth       =  0.48531455689693703
    lsf_left_1      =  6.636114355030575
    lsf_left_2      =  -14.544158542774671
    lsf_left_3      =  1.9510081770692755
    lsf_left_4      =  -2.0580617012584357
    lsf_left_5      =  1.1565340508868394
    lsf_right1      =  1.5226181350530494
    lsf_right2      =  -15.626999903607937
    lsf_right3      =  3.391975967689874
    lsf_right4      =  -3.7948999155074183
    lsf_right5      =  0.5904995281812018
    tem_depth       =  0.9961469218135309
    velocity        =  -255435.97256105853
    wave_intercept  =  6173.625975112127
    wave_slope      =  0.017970394867899406
2026-03-26 12:08:04,910 - root - ERROR - Evaluated LSF:
2026-03-26 12:08:04,912 - root - ERROR - [nan nan nan nan nan nan nan nan nan nan nan nan nan nan nan nan nan nan
 nan nan nan nan nan nan nan nan nan nan nan nan nan nan nan nan nan nan
 nan nan nan nan nan nan nan nan nan nan nan nan nan nan nan nan nan nan
 nan nan nan nan nan nan nan nan nan nan nan nan nan nan nan nan nan nan
 nan]
2026-03-26 12:08:06,063 - root - ERROR - Chunk 519: No Data! Returning LmfitResult with None.
2026-03-26 12:08:06,209 - root - ERROR - NaN value detected in oversampled model function.
2026-03-26 12:08:06,210 - root - ERROR - <ParameterSet (values: 17)>
    cont_intercept  =  3768.0031451701007
    cont_slope      =  0.06335367024537736
    iod_depth       =  0.23151702084781728
    lsf_left_1      =  8.579413755394445
    lsf_left_2      =  -13.285879667165542
    lsf_left_3      =  2.531741257761359
    lsf_left_4      =  -3.9137913909970163
    lsf_left_5      =  0.16183543316470206
    lsf_right1      =  1.6367700983065245
    lsf_right2      =  -13.194291660726833
    lsf_right3      =  3.584866756984151
    lsf_right4      =  -3.3798488225346937
    lsf_right5      =  0.25369730299085325
    tem_depth       =  0.9999545276757873
    velocity        =  -251974.44308953016
    wave_intercept  =  6199.674188688447
    wave_slope      =  0.015716938584994202
2026-03-26 12:08:06,211 - root - ERROR - Evaluated LSF:
2026-03-26 12:08:06,212 - root - ERROR - [nan nan nan nan nan nan nan nan nan nan nan nan nan nan nan nan nan nan
 nan nan nan nan nan nan nan nan nan nan nan nan nan nan nan nan nan nan
 nan nan nan nan nan nan nan nan nan nan nan nan nan nan nan nan nan nan
 nan nan nan nan nan nan nan nan nan nan nan nan nan nan nan nan nan nan
 nan]
2026-03-26 12:08:06,867 - root - ERROR - NaN value detected in oversampled model function.
2026-03-26 12:08:06,869 - root - ERROR - <ParameterSet (values: 17)>
    cont_intercept  =  2825.759938332937
    cont_slope      =  6.329363390417965
    iod_depth       =  0.5788960659135811
    lsf_left_1      =  3.224033403045761
    lsf_left_2      =  -15.279428021327158
    lsf_left_3      =  5.541187783448208
    lsf_left_4      =  -1.624940526204476
    lsf_left_5      =  0.4007546723040416
    lsf_right1      =  7.923873178675802
    lsf_right2      =  -17.443565080546204
    lsf_right3      =  9.628724279660805
    lsf_right4      =  -3.1765966549724256
    lsf_right5      =  0.5471218424507808
    tem_depth       =  0.9998335831786817
    velocity        =  -253208.72700757228
    wave_intercept  =  6216.6805737821205
    wave_slope      =  0.01962493941079491
2026-03-26 12:08:06,870 - root - ERROR - Evaluated LSF:
2026-03-26 12:08:06,871 - root - ERROR - [nan nan nan nan nan nan nan nan nan nan nan nan nan nan nan nan nan nan
 nan nan nan nan nan nan nan nan nan nan nan nan nan nan nan nan nan nan
 nan nan nan nan nan nan nan nan nan nan nan nan nan nan nan nan nan nan
 nan nan nan nan nan nan nan nan nan nan nan nan nan nan nan nan nan nan
 nan]
2026-03-26 12:08:07,077 - root - ERROR - Chunk 529: No Data! Returning LmfitResult with None.
2026-03-26 12:08:07,093 - root - ERROR - NaN value detected in oversampled model function.
2026-03-26 12:08:07,094 - root - ERROR - <ParameterSet (values: 17)>
    cont_intercept  =  3132.160328690163
    cont_slope      =  0.8620234626243269
    iod_depth       =  0.22842613163831693
    lsf_left_1      =  2.9389021082030986
    lsf_left_2      =  -13.02731842085224
    lsf_left_3      =  2.942688850323809
    lsf_left_4      =  -3.9789508065172483
    lsf_left_5      =  1.0187604234546996
    lsf_right1      =  4.094458870373181
    lsf_right2      =  -11.61041900943898
    lsf_right3      =  4.305672294205302
    lsf_right4      =  -3.141950483222862
    lsf_right5      =  0.17187072409680623
    tem_depth       =  0.9999996059531069
    velocity        =  -251951.53207902802
    wave_intercept  =  6226.925298774423
    wave_slope      =  0.018854814658480004
2026-03-26 12:08:07,095 - root - ERROR - Evaluated LSF:
2026-03-26 12:08:07,096 - root - ERROR - [nan nan nan nan nan nan nan nan nan nan nan nan nan nan nan nan nan nan
 nan nan nan nan nan nan nan nan nan nan nan nan nan nan nan nan nan nan
 nan nan nan nan nan nan nan nan nan nan nan nan nan nan nan nan nan nan
 nan nan nan nan nan nan nan nan nan nan nan nan nan nan nan nan nan nan
 nan]
2026-03-26 12:08:07,287 - root - ERROR - NaN value detected in oversampled model function.
2026-03-26 12:08:07,289 - root - ERROR - <ParameterSet (values: 17)>
    cont_intercept  =  3353.7392309054003
    cont_slope      =  2.9228977856459717
    iod_depth       =  -0.22728025976547195
    lsf_left_1      =  1.6325550456293099
    lsf_left_2      =  -11.158355879561897
    lsf_left_3      =  5.970213789488313
    lsf_left_4      =  -3.5993819663110886
    lsf_left_5      =  0.8209107962309662
    lsf_right1      =  2.3961138145186816
    lsf_right2      =  -15.86578849903712
    lsf_right3      =  5.938463161209014
    lsf_right4      =  -3.9489350447210914
    lsf_right5      =  0.24255011934331394
    tem_depth       =  0.998939882078103
    velocity        =  -251076.4712986528
    wave_intercept  =  6234.024791380881
    wave_slope      =  0.01822105255854187
2026-03-26 12:08:07,290 - root - ERROR - Evaluated LSF:
2026-03-26 12:08:07,291 - root - ERROR - [nan nan nan nan nan nan nan nan nan nan nan nan nan nan nan nan nan nan
 nan nan nan nan nan nan nan nan nan nan nan nan nan nan nan nan nan nan
 nan nan nan nan nan nan nan nan nan nan nan nan nan nan nan nan nan nan
 nan nan nan nan nan nan nan nan nan nan nan nan nan nan nan nan nan nan
 nan]
2026-03-26 12:08:08,457 - root - ERROR - NaN value detected in oversampled model function.
2026-03-26 12:08:08,459 - root - ERROR - <ParameterSet (values: 17)>
    cont_intercept  =  3687.5982203363333
    cont_slope      =  0.09743599107511443
    iod_depth       =  -0.5885640850060453
    lsf_left_1      =  2.1086217259006075
    lsf_left_2      =  -12.555959633898159
    lsf_left_3      =  4.177522602819862
    lsf_left_4      =  -2.983214214033614
    lsf_left_5      =  0.1368858681077471
    lsf_right1      =  1.5648517860153714
    lsf_right2      =  -13.712269344000253
    lsf_right3      =  4.374976670562462
    lsf_right4      =  -1.4599469698531289
    lsf_right5      =  0.49918106026771086
    tem_depth       =  0.9999279390456529
    velocity        =  -252166.2122748816
    wave_intercept  =  6258.812010924894
    wave_slope      =  0.016375711720152033
2026-03-26 12:08:08,460 - root - ERROR - Evaluated LSF:
2026-03-26 12:08:08,461 - root - ERROR - [nan nan nan nan nan nan nan nan nan nan nan nan nan nan nan nan nan nan
 nan nan nan nan nan nan nan nan nan nan nan nan nan nan nan nan nan nan
 nan nan nan nan nan nan nan nan nan nan nan nan nan nan nan nan nan nan
 nan nan nan nan nan nan nan nan nan nan nan nan nan nan nan nan nan nan
 nan]
2026-03-26 12:08:08,688 - root - ERROR - NaN value detected in oversampled model function.
2026-03-26 12:08:08,689 - root - ERROR - <ParameterSet (values: 17)>
    cont_intercept  =  3786.5458342587813
    cont_slope      =  -1.1944129154718033
    iod_depth       =  0.1998535213351326
    lsf_left_1      =  1.8145759578566534
    lsf_left_2      =  -12.059080794946356
    lsf_left_3      =  9.806392162557529
    lsf_left_4      =  -3.3557279520195795
    lsf_left_5      =  0.4115271084304149
    lsf_right1      =  1.6026920201815293
    lsf_right2      =  -12.754449337119175
    lsf_right3      =  3.683479192103125
    lsf_right4      =  -3.2975765003016746
    lsf_right5      =  0.46811171064218465
    tem_depth       =  0.9998172624641838
    velocity        =  -252235.25479071683
    wave_intercept  =  6262.882026020923
    wave_slope      =  0.01598258981188859
2026-03-26 12:08:08,691 - root - ERROR - Evaluated LSF:
2026-03-26 12:08:08,692 - root - ERROR - [nan nan nan nan nan nan nan nan nan nan nan nan nan nan nan nan nan nan
 nan nan nan nan nan nan nan nan nan nan nan nan nan nan nan nan nan nan
 nan nan nan nan nan nan nan nan nan nan nan nan nan nan nan nan nan nan
 nan nan nan nan nan nan nan nan nan nan nan nan nan nan nan nan nan nan
 nan]
2026-03-26 12:08:08,710 - root - ERROR - NaN value detected in oversampled model function.
2026-03-26 12:08:08,711 - root - ERROR - <ParameterSet (values: 17)>
    cont_intercept  =  3625.2618914163686
    cont_slope      =  -2.7097923006514875
    iod_depth       =  0.16123231122869933
    lsf_left_1      =  2.429525157288531
    lsf_left_2      =  -15.785554201406624
    lsf_left_3      =  1.6866618651001575
    lsf_left_4      =  -3.365793193499779
    lsf_left_5      =  0.8923535899882561
    lsf_right1      =  2.0022745540022644
    lsf_right2      =  -11.144889502211253
    lsf_right3      =  5.269554204095582
    lsf_right4      =  -2.7687026163458484
    lsf_right5      =  0.775111770639067
    tem_depth       =  0.9999221893889406
    velocity        =  -251916.63947427706
    wave_intercept  =  6264.9772513714715
    wave_slope      =  0.015902603094178992
2026-03-26 12:08:08,712 - root - ERROR - Evaluated LSF:
2026-03-26 12:08:08,713 - root - ERROR - [nan nan nan nan nan nan nan nan nan nan nan nan nan nan nan nan nan nan
 nan nan nan nan nan nan nan nan nan nan nan nan nan nan nan nan nan nan
 nan nan nan nan nan nan nan nan nan nan nan nan nan nan nan nan nan nan
 nan nan nan nan nan nan nan nan nan nan nan nan nan nan nan nan nan nan
 nan]
2026-03-26 12:08:08,731 - root - ERROR - NaN value detected in oversampled model function.
2026-03-26 12:08:08,732 - root - ERROR - <ParameterSet (values: 17)>
    cont_intercept  =  3890.655743557953
    cont_slope      =  2.256131861476919
    iod_depth       =  0.4666891681117873
    lsf_left_1      =  3.588026878481079
    lsf_left_2      =  -11.285601140187246
    lsf_left_3      =  1.1334454571835073
    lsf_left_4      =  -0.613443399503931
    lsf_left_5      =  0.22036398049387218
    lsf_right1      =  6.422150187334579
    lsf_right2      =  -17.36901527360688
    lsf_right3      =  2.729682584503048
    lsf_right4      =  -3.2860095273330914
    lsf_right5      =  1.2046608584227088
    tem_depth       =  1.0000462801953391
    velocity        =  -252052.5023515907
    wave_intercept  =  6267.068989857254
    wave_slope      =  0.015705272560734278
2026-03-26 12:08:08,733 - root - ERROR - Evaluated LSF:
2026-03-26 12:08:08,734 - root - ERROR - [nan nan nan nan nan nan nan nan nan nan nan nan nan nan nan nan nan nan
 nan nan nan nan nan nan nan nan nan nan nan nan nan nan nan nan nan nan
 nan nan nan nan nan nan nan nan nan nan nan nan nan nan nan nan nan nan
 nan nan nan nan nan nan nan nan nan nan nan nan nan nan nan nan nan nan
 nan]
2026-03-26 12:08:08,738 - root - ERROR - Chunk 549: No Data! Returning LmfitResult with None.
2026-03-26 12:08:09,009 - root - ERROR - NaN value detected in oversampled model function.
2026-03-26 12:08:09,010 - root - ERROR - <ParameterSet (values: 17)>
    cont_intercept  =  2438.249064451493
    cont_slope      =  0.661438733991167
    iod_depth       =  0.27517731179353044
    lsf_left_1      =  3.058729733126132
    lsf_left_2      =  -11.628810428773065
    lsf_left_3      =  4.605797055780487
    lsf_left_4      =  -2.6749559129773814
    lsf_left_5      =  0.34323605650946143
    lsf_right1      =  1.8629456493291223
    lsf_right2      =  -12.159579057257472
    lsf_right3      =  4.749959055779987
    lsf_right4      =  -2.460137950705115
    lsf_right5      =  0.46496839985123006
    tem_depth       =  0.9999431794059929
    velocity        =  -252038.70540344418
    wave_intercept  =  6280.915852159438
    wave_slope      =  0.01956214019885042
2026-03-26 12:08:09,012 - root - ERROR - Evaluated LSF:
2026-03-26 12:08:09,013 - root - ERROR - [nan nan nan nan nan nan nan nan nan nan nan nan nan nan nan nan nan nan
 nan nan nan nan nan nan nan nan nan nan nan nan nan nan nan nan nan nan
 nan nan nan nan nan nan nan nan nan nan nan nan nan nan nan nan nan nan
 nan nan nan nan nan nan nan nan nan nan nan nan nan nan nan nan nan nan
 nan]
2026-03-26 12:08:09,644 - root - ERROR - Chunk 557: No Data! Returning LmfitResult with None.
2026-03-26 12:08:10,332 - root - ERROR - NaN value detected in oversampled model function.
2026-03-26 12:08:10,333 - root - ERROR - <ParameterSet (values: 17)>
    cont_intercept  =  4109.3274651120355
    cont_slope      =  -0.5391794910171446
    iod_depth       =  -0.11116925411830825
    lsf_left_1      =  2.5835932684546337
    lsf_left_2      =  -17.231503192873788
    lsf_left_3      =  1.5093631232726525
    lsf_left_4      =  -3.958508323865802
    lsf_left_5      =  0.5405084428772309
    lsf_right1      =  7.38670427343884
    lsf_right2      =  -16.599794979415197
    lsf_right3      =  1.385999080500317
    lsf_right4      =  -2.4780082561752304
    lsf_right5      =  0.17047091606566223
    tem_depth       =  0.00884961872890329
    velocity        =  -88069.62636972641
    wave_intercept  =  6314.483471612659
    wave_slope      =  0.0023235128124323746
2026-03-26 12:08:10,335 - root - ERROR - Evaluated LSF:
2026-03-26 12:08:10,335 - root - ERROR - [nan nan nan nan nan nan nan nan nan nan nan nan nan nan nan nan nan nan
 nan nan nan nan nan nan nan nan nan nan nan nan nan nan nan nan nan nan
 nan nan nan nan nan nan nan nan nan nan nan nan nan nan nan nan nan nan
 nan nan nan nan nan nan nan nan nan nan nan nan nan nan nan nan nan nan
 nan]
2026-03-26 12:08:10,915 - root - ERROR - NaN value detected in oversampled model function.
2026-03-26 12:08:10,916 - root - ERROR - <ParameterSet (values: 17)>
    cont_intercept  =  3895.6108438086576
    cont_slope      =  -0.08334979626406344
    iod_depth       =  0.23616006793575806
    lsf_left_1      =  1.6957539050187527
    lsf_left_2      =  -14.470905317555436
    lsf_left_3      =  3.462391411428325
    lsf_left_4      =  -2.482524134343331
    lsf_left_5      =  1.1854729462600313
    lsf_right1      =  4.838542013006487
    lsf_right2      =  -10.226544531825782
    lsf_right3      =  5.455502636625366
    lsf_right4      =  -2.6774513428726876
    lsf_right5      =  0.2246934662182251
    tem_depth       =  0.9999698243007069
    velocity        =  -252113.45504523558
    wave_intercept  =  6325.464955535258
    wave_slope      =  0.016329552531218743
2026-03-26 12:08:10,917 - root - ERROR - Evaluated LSF:
2026-03-26 12:08:10,918 - root - ERROR - [nan nan nan nan nan nan nan nan nan nan nan nan nan nan nan nan nan nan
 nan nan nan nan nan nan nan nan nan nan nan nan nan nan nan nan nan nan
 nan nan nan nan nan nan nan nan nan nan nan nan nan nan nan nan nan nan
 nan nan nan nan nan nan nan nan nan nan nan nan nan nan nan nan nan nan
 nan]
2026-03-26 12:08:11,187 - root - ERROR - NaN value detected in oversampled model function.
2026-03-26 12:08:11,189 - root - ERROR - <ParameterSet (values: 17)>
    cont_intercept  =  3594.861854403667
    cont_slope      =  -0.579934376483769
    iod_depth       =  -0.008307359451642654
    lsf_left_1      =  2.925702041134964
    lsf_left_2      =  -11.963690064075074
    lsf_left_3      =  4.616254452625025
    lsf_left_4      =  -2.4428692970158363
    lsf_left_5      =  0.5562999566344384
    lsf_right1      =  3.011568306616116
    lsf_right2      =  -12.04197028422665
    lsf_right3      =  4.373848368369252
    lsf_right4      =  -2.696952342458689
    lsf_right5      =  0.5026288578887197
    tem_depth       =  0.9999340377869901
    velocity        =  -251853.21757288932
    wave_intercept  =  6331.725908660591
    wave_slope      =  0.015771174601583882
2026-03-26 12:08:11,190 - root - ERROR - Evaluated LSF:
2026-03-26 12:08:11,191 - root - ERROR - [nan nan nan nan nan nan nan nan nan nan nan nan nan nan nan nan nan nan
 nan nan nan nan nan nan nan nan nan nan nan nan nan nan nan nan nan nan
 nan nan nan nan nan nan nan nan nan nan nan nan nan nan nan nan nan nan
 nan nan nan nan nan nan nan nan nan nan nan nan nan nan nan nan nan nan
 nan]
2026-03-26 12:08:11,213 - root - ERROR - NaN value detected in oversampled model function.
2026-03-26 12:08:11,214 - root - ERROR - <ParameterSet (values: 17)>
    cont_intercept  =  3518.8209552435515
    cont_slope      =  -2.597133716947155
    iod_depth       =  0.6475699501073566
    lsf_left_1      =  4.251737633288384
    lsf_left_2      =  -17.03303073213024
    lsf_left_3      =  1.4192201062243301
    lsf_left_4      =  -3.137871131837996
    lsf_left_5      =  0.15468986735874368
    lsf_right1      =  1.5717421346950486
    lsf_right2      =  -16.673159583606783
    lsf_right3      =  9.728766845505838
    lsf_right4      =  -3.7541489214082087
    lsf_right5      =  0.3404654169185232
    tem_depth       =  0.9974829123116261
    velocity        =  -252157.0923653178
    wave_intercept  =  6333.707201423868
    wave_slope      =  0.015719733498648265
2026-03-26 12:08:11,216 - root - ERROR - Evaluated LSF:
2026-03-26 12:08:11,217 - root - ERROR - [nan nan nan nan nan nan nan nan nan nan nan nan nan nan nan nan nan nan
 nan nan nan nan nan nan nan nan nan nan nan nan nan nan nan nan nan nan
 nan nan nan nan nan nan nan nan nan nan nan nan nan nan nan nan nan nan
 nan nan nan nan nan nan nan nan nan nan nan nan nan nan nan nan nan nan
 nan]
2026-03-26 12:08:15,369 - root - ERROR - NaN value detected in iodine function.
2026-03-26 12:08:15,371 - root - ERROR - Chunk could not be plotted
Traceback (most recent call last):
  File "/Users/jaklusmeyer/SONG/pyodine/pyodine/plot_lib.py", line 62, in plot_chunkmodel
    sp = fit_results[chunk_nr].fitted_spectrum
  File "/Users/jaklusmeyer/SONG/pyodine/pyodine/fitters/base.py", line 45, in fitted_spectrum
    return self.model.eval_spectrum(self.chunk, self.params, chunk_ind=self.chunk_ind)
  File "/Users/jaklusmeyer/SONG/pyodine/pyodine/models/base.py", line 79, in eval_spectrum
    flux = self.eval(chunk, params, chunk_ind=chunk_ind, **kwargs)
  File "/Users/jaklusmeyer/SONG/pyodine/pyodine/models/spectrum.py", line 138, in eval
    tck = splrep(tem.wave * doppler, flux_tem, s=0)
  File "/Users/jaklusmeyer/miniconda/envs/pyodine_env/lib/python3.9/site-packages/scipy/interpolate/_fitpack_py.py", line 295, in splrep
    res = _impl.splrep(x, y, w, xb, xe, k, task, s, t, full_output, per, quiet)
  File "/Users/jaklusmeyer/miniconda/envs/pyodine_env/lib/python3.9/site-packages/scipy/interpolate/_fitpack_impl.py", line 276, in splrep
    n, c, fp, ier = dfitpack.curfit(task, x, y, w, t, wrk, iwrk,
dfitpack.error: (xb<=x[0]) failed for 1st keyword xb: curfit:xb=nan
2026-03-26 12:08:16,611 - root - ERROR - NaN value detected in iodine function.
2026-03-26 12:08:16,613 - root - ERROR - Chunk could not be plotted
Traceback (most recent call last):
  File "/Users/jaklusmeyer/SONG/pyodine/pyodine/plot_lib.py", line 62, in plot_chunkmodel
    sp = fit_results[chunk_nr].fitted_spectrum
  File "/Users/jaklusmeyer/SONG/pyodine/pyodine/fitters/base.py", line 45, in fitted_spectrum
    return self.model.eval_spectrum(self.chunk, self.params, chunk_ind=self.chunk_ind)
  File "/Users/jaklusmeyer/SONG/pyodine/pyodine/models/base.py", line 79, in eval_spectrum
    flux = self.eval(chunk, params, chunk_ind=chunk_ind, **kwargs)
  File "/Users/jaklusmeyer/SONG/pyodine/pyodine/models/spectrum.py", line 138, in eval
    tck = splrep(tem.wave * doppler, flux_tem, s=0)
  File "/Users/jaklusmeyer/miniconda/envs/pyodine_env/lib/python3.9/site-packages/scipy/interpolate/_fitpack_py.py", line 295, in splrep
    res = _impl.splrep(x, y, w, xb, xe, k, task, s, t, full_output, per, quiet)
  File "/Users/jaklusmeyer/miniconda/envs/pyodine_env/lib/python3.9/site-packages/scipy/interpolate/_fitpack_impl.py", line 276, in splrep
    n, c, fp, ier = dfitpack.curfit(task, x, y, w, t, wrk, iwrk,
dfitpack.error: (xb<=x[0]) failed for 1st keyword xb: curfit:xb=nan
2026-03-26 12:55:55,460 - root - ERROR - NaN value detected in oversampled model function.
2026-03-26 12:55:55,462 - root - ERROR - <ParameterSet (values: 17)>
    cont_intercept  =  2154.4667431757684
    cont_slope      =  -0.20896902156541008
    iod_depth       =  -0.14427767262636482
    lsf_left_1      =  9.583443013795005
    lsf_left_2      =  -16.555552304750247
    lsf_left_3      =  2.031429713010224
    lsf_left_4      =  -3.9600351789953896
    lsf_left_5      =  0.4296991450453471
    lsf_right1      =  3.964991968122299
    lsf_right2      =  -14.202667641559916
    lsf_right3      =  2.1978842434149666
    lsf_right4      =  -1.2332113977093555
    lsf_right5      =  0.14975020202767836
    tem_depth       =  1.0005255788506224
    velocity        =  -251265.10195288385
    wave_intercept  =  5119.7059710679405
    wave_slope      =  0.016202310271362076
2026-03-26 12:55:55,463 - root - ERROR - Evaluated LSF:
2026-03-26 12:55:55,464 - root - ERROR - [nan nan nan nan nan nan nan nan nan nan nan nan nan nan nan nan nan nan
 nan nan nan nan nan nan nan nan nan nan nan nan nan nan nan nan nan nan
 nan nan nan nan nan nan nan nan nan nan nan nan nan nan nan nan nan nan
 nan nan nan nan nan nan nan nan nan nan nan nan nan nan nan nan nan nan
 nan]
2026-03-26 12:55:56,520 - root - ERROR - NaN value detected in oversampled model function.
2026-03-26 12:55:56,521 - root - ERROR - <ParameterSet (values: 17)>
    cont_intercept  =  1741.107469230825
    cont_slope      =  -9.988518690562566
    iod_depth       =  0.37718882466039405
    lsf_left_1      =  2.6692570021194633
    lsf_left_2      =  -16.757519503154285
    lsf_left_3      =  3.6178593853067826
    lsf_left_4      =  -3.919548063931983
    lsf_left_5      =  1.1045482328829768
    lsf_right1      =  3.381709132835767
    lsf_right2      =  -17.162674955745704
    lsf_right3      =  1.191264209145218
    lsf_right4      =  -3.9763152990773376
    lsf_right5      =  0.5927959970779192
    tem_depth       =  0.9951254418258192
    velocity        =  -252435.42828379633
    wave_intercept  =  5139.737208137991
    wave_slope      =  0.014481190972740778
2026-03-26 12:55:56,522 - root - ERROR - Evaluated LSF:
2026-03-26 12:55:56,523 - root - ERROR - [nan nan nan nan nan nan nan nan nan nan nan nan nan nan nan nan nan nan
 nan nan nan nan nan nan nan nan nan nan nan nan nan nan nan nan nan nan
 nan nan nan nan nan nan nan nan nan nan nan nan nan nan nan nan nan nan
 nan nan nan nan nan nan nan nan nan nan nan nan nan nan nan nan nan nan
 nan]
2026-03-26 12:55:56,540 - root - ERROR - NaN value detected in oversampled model function.
2026-03-26 12:55:56,542 - root - ERROR - <ParameterSet (values: 17)>
    cont_intercept  =  3204.3462489766894
    cont_slope      =  0.30725667889704367
    iod_depth       =  0.11240942505739714
    lsf_left_1      =  6.833481992442741
    lsf_left_2      =  -15.590643317505176
    lsf_left_3      =  1.7500153658859576
    lsf_left_4      =  -1.6093599489647064
    lsf_left_5      =  0.466746730228404
    lsf_right1      =  2.0332159246829864
    lsf_right2      =  -14.931940904148927
    lsf_right3      =  4.174786241128022
    lsf_right4      =  -3.0158018198325225
    lsf_right5      =  0.3836747196074508
    tem_depth       =  0.997796292714624
    velocity        =  -252893.19306572888
    wave_intercept  =  5141.5991765819535
    wave_slope      =  0.014479955046493175
2026-03-26 12:55:56,543 - root - ERROR - Evaluated LSF:
2026-03-26 12:55:56,544 - root - ERROR - [nan nan nan nan nan nan nan nan nan nan nan nan nan nan nan nan nan nan
 nan nan nan nan nan nan nan nan nan nan nan nan nan nan nan nan nan nan
 nan nan nan nan nan nan nan nan nan nan nan nan nan nan nan nan nan nan
 nan nan nan nan nan nan nan nan nan nan nan nan nan nan nan nan nan nan
 nan]
2026-03-26 12:55:57,427 - root - ERROR - NaN value detected in oversampled model function.
2026-03-26 12:55:57,428 - root - ERROR - <ParameterSet (values: 17)>
    cont_intercept  =  -0.022866866307542248
    cont_slope      =  0.00011877717781205885
    iod_depth       =  0.083540393016779
    lsf_left_1      =  1.71766154846212
    lsf_left_2      =  -14.516580694250399
    lsf_left_3      =  3.0082795434767
    lsf_left_4      =  -2.4166868670614896
    lsf_left_5      =  0.13478416936212845
    lsf_right1      =  5.709273107405051
    lsf_right2      =  -10.516214894146913
    lsf_right3      =  5.8857709293513345
    lsf_right4      =  -3.326651494828506
    lsf_right5      =  1.1215452584969774
    tem_depth       =  0.9572293403008524
    velocity        =  -472292.14847053867
    wave_intercept  =  5157.766743504394
    wave_slope      =  0.012571720909550907
2026-03-26 12:55:57,429 - root - ERROR - Evaluated LSF:
2026-03-26 12:55:57,430 - root - ERROR - [nan nan nan nan nan nan nan nan nan nan nan nan nan nan nan nan nan nan
 nan nan nan nan nan nan nan nan nan nan nan nan nan nan nan nan nan nan
 nan nan nan nan nan nan nan nan nan nan nan nan nan nan nan nan nan nan
 nan nan nan nan nan nan nan nan nan nan nan nan nan nan nan nan nan nan
 nan]
2026-03-26 12:55:59,093 - root - ERROR - Chunk 29: No Data! Returning LmfitResult with None.
2026-03-26 12:55:59,704 - root - ERROR - Chunk 32: No Data! Returning LmfitResult with None.
2026-03-26 12:56:00,377 - root - ERROR - NaN value detected in oversampled model function.
2026-03-26 12:56:00,379 - root - ERROR - <ParameterSet (values: 17)>
    cont_intercept  =  3039.8359706496703
    cont_slope      =  1.4293254732824052
    iod_depth       =  0.1585688947130872
    lsf_left_1      =  2.5225201306298857
    lsf_left_2      =  -17.408047027517775
    lsf_left_3      =  1.1778162488373427
    lsf_left_4      =  -3.7262113706197684
    lsf_left_5      =  1.1478840813399251
    lsf_right1      =  4.476642751703867
    lsf_right2      =  -15.40432917255242
    lsf_right3      =  4.7089084692692875
    lsf_right4      =  -3.853632599616896
    lsf_right5      =  0.8060205423159167
    tem_depth       =  1.0004224496546816
    velocity        =  -251102.08228601218
    wave_intercept  =  5187.0814864625945
    wave_slope      =  0.014241754995607203
2026-03-26 12:56:00,380 - root - ERROR - Evaluated LSF:
2026-03-26 12:56:00,381 - root - ERROR - [nan nan nan nan nan nan nan nan nan nan nan nan nan nan nan nan nan nan
 nan nan nan nan nan nan nan nan nan nan nan nan nan nan nan nan nan nan
 nan nan nan nan nan nan nan nan nan nan nan nan nan nan nan nan nan nan
 nan nan nan nan nan nan nan nan nan nan nan nan nan nan nan nan nan nan
 nan]
2026-03-26 12:56:01,343 - root - ERROR - Chunk 47: No Data! Returning LmfitResult with None.
2026-03-26 12:56:01,863 - root - ERROR - NaN value detected in oversampled model function.
2026-03-26 12:56:01,864 - root - ERROR - <ParameterSet (values: 17)>
    cont_intercept  =  2300.478324707425
    cont_slope      =  2.0516477077886126
    iod_depth       =  0.247218881016536
    lsf_left_1      =  2.0999293268070236
    lsf_left_2      =  -14.691814099046663
    lsf_left_3      =  1.9284642552228166
    lsf_left_4      =  -1.845350200415595
    lsf_left_5      =  0.17988619739376724
    lsf_right1      =  8.269834221659087
    lsf_right2      =  -16.53898885570533
    lsf_right3      =  5.85412219646484
    lsf_right4      =  -3.6735482747607815
    lsf_right5      =  1.2019001217782916
    tem_depth       =  1.0077487016658448
    velocity        =  -253141.59668135367
    wave_intercept  =  5211.463079732515
    wave_slope      =  0.0161944459264164
2026-03-26 12:56:01,865 - root - ERROR - Evaluated LSF:
2026-03-26 12:56:01,866 - root - ERROR - [nan nan nan nan nan nan nan nan nan nan nan nan nan nan nan nan nan nan
 nan nan nan nan nan nan nan nan nan nan nan nan nan nan nan nan nan nan
 nan nan nan nan nan nan nan nan nan nan nan nan nan nan nan nan nan nan
 nan nan nan nan nan nan nan nan nan nan nan nan nan nan nan nan nan nan
 nan]
2026-03-26 12:56:02,601 - root - ERROR - NaN value detected in oversampled model function.
2026-03-26 12:56:02,602 - root - ERROR - <ParameterSet (values: 17)>
    cont_intercept  =  4085.7099225184957
    cont_slope      =  14.761420380950822
    iod_depth       =  0.19808542212967095
    lsf_left_1      =  5.0611837539055955
    lsf_left_2      =  -16.74963320345787
    lsf_left_3      =  1.4747772861481414
    lsf_left_4      =  -0.6831480966543362
    lsf_left_5      =  0.6475685632535287
    lsf_right1      =  8.108682220050785
    lsf_right2      =  -12.721069871068462
    lsf_right3      =  1.1153413223322177
    lsf_right4      =  -3.1945039466479583
    lsf_right5      =  0.26801188875277304
    tem_depth       =  0.9972235991939796
    velocity        =  -251673.0609702201
    wave_intercept  =  5231.40941392806
    wave_slope      =  0.014602791793137412
2026-03-26 12:56:02,604 - root - ERROR - Evaluated LSF:
2026-03-26 12:56:02,605 - root - ERROR - [nan nan nan nan nan nan nan nan nan nan nan nan nan nan nan nan nan nan
 nan nan nan nan nan nan nan nan nan nan nan nan nan nan nan nan nan nan
 nan nan nan nan nan nan nan nan nan nan nan nan nan nan nan nan nan nan
 nan nan nan nan nan nan nan nan nan nan nan nan nan nan nan nan nan nan
 nan]
2026-03-26 12:56:02,929 - root - ERROR - NaN value detected in oversampled model function.
2026-03-26 12:56:02,930 - root - ERROR - <ParameterSet (values: 17)>
    cont_intercept  =  3745.67098472758
    cont_slope      =  0.4903894382781175
    iod_depth       =  0.1780467962592454
    lsf_left_1      =  3.232028190720999
    lsf_left_2      =  -12.018935099344677
    lsf_left_3      =  9.584042251611464
    lsf_left_4      =  -3.931530014633589
    lsf_left_5      =  0.14761873054189478
    lsf_right1      =  4.158378201680225
    lsf_right2      =  -16.615469178679607
    lsf_right3      =  9.776356585148712
    lsf_right4      =  -3.7080499146530888
    lsf_right5      =  0.19007062915693312
    tem_depth       =  -0.02845025234036097
    velocity        =  -38761.48546845648
    wave_intercept  =  5238.74719078829
    wave_slope      =  0.013805391526605957
2026-03-26 12:56:02,932 - root - ERROR - Evaluated LSF:
2026-03-26 12:56:02,933 - root - ERROR - [nan nan nan nan nan nan nan nan nan nan nan nan nan nan nan nan nan nan
 nan nan nan nan nan nan nan nan nan nan nan nan nan nan nan nan nan nan
 nan nan nan nan nan nan nan nan nan nan nan nan nan nan nan nan nan nan
 nan nan nan nan nan nan nan nan nan nan nan nan nan nan nan nan nan nan
 nan]
2026-03-26 12:56:03,701 - root - ERROR - NaN value detected in oversampled model function.
2026-03-26 12:56:03,703 - root - ERROR - <ParameterSet (values: 17)>
    cont_intercept  =  2232.404173925738
    cont_slope      =  2.2432206533730352
    iod_depth       =  0.04490503959347736
    lsf_left_1      =  1.5421470550190097
    lsf_left_2      =  -9.908224582218796
    lsf_left_3      =  3.4055056201822063
    lsf_left_4      =  -3.3347197280741696
    lsf_left_5      =  0.20342527133933147
    lsf_right1      =  1.5446847314631689
    lsf_right2      =  -17.004213123970278
    lsf_right3      =  1.141056477074286
    lsf_right4      =  -3.086113295614636
    lsf_right5      =  0.4450853752919632
    tem_depth       =  1.0015352633475778
    velocity        =  -253261.86411603077
    wave_intercept  =  5252.145291168153
    wave_slope      =  0.016576193032796716
2026-03-26 12:56:03,704 - root - ERROR - Evaluated LSF:
2026-03-26 12:56:03,705 - root - ERROR - [nan nan nan nan nan nan nan nan nan nan nan nan nan nan nan nan nan nan
 nan nan nan nan nan nan nan nan nan nan nan nan nan nan nan nan nan nan
 nan nan nan nan nan nan nan nan nan nan nan nan nan nan nan nan nan nan
 nan nan nan nan nan nan nan nan nan nan nan nan nan nan nan nan nan nan
 nan]
2026-03-26 12:56:03,947 - root - ERROR - NaN value detected in oversampled model function.
2026-03-26 12:56:03,949 - root - ERROR - <ParameterSet (values: 17)>
    cont_intercept  =  2606.5321844247633
    cont_slope      =  1.7400237648136245
    iod_depth       =  0.27703515624906594
    lsf_left_1      =  3.941067550828468
    lsf_left_2      =  -13.037031459514536
    lsf_left_3      =  3.6002694461733595
    lsf_left_4      =  -2.8085642106842466
    lsf_left_5      =  0.49899190048445297
    lsf_right1      =  2.334883303080031
    lsf_right2      =  -8.628069832673242
    lsf_right3      =  6.774579130106703
    lsf_right4      =  -2.631317714831991
    lsf_right5      =  0.17772516237317473
    tem_depth       =  0.9999825336707189
    velocity        =  -251769.25712532792
    wave_intercept  =  5260.5921811999
    wave_slope      =  0.015891915555872993
2026-03-26 12:56:03,950 - root - ERROR - Evaluated LSF:
2026-03-26 12:56:03,951 - root - ERROR - [nan nan nan nan nan nan nan nan nan nan nan nan nan nan nan nan nan nan
 nan nan nan nan nan nan nan nan nan nan nan nan nan nan nan nan nan nan
 nan nan nan nan nan nan nan nan nan nan nan nan nan nan nan nan nan nan
 nan nan nan nan nan nan nan nan nan nan nan nan nan nan nan nan nan nan
 nan]
2026-03-26 12:56:04,921 - root - ERROR - Chunk 87: No Data! Returning LmfitResult with None.
2026-03-26 12:56:04,945 - root - ERROR - NaN value detected in oversampled model function.
2026-03-26 12:56:04,946 - root - ERROR - <ParameterSet (values: 17)>
    cont_intercept  =  -0.09312284987464928
    cont_slope      =  0.00015418529515517985
    iod_depth       =  0.030335136715630276
    lsf_left_1      =  3.692637625399517
    lsf_left_2      =  -17.31316732221588
    lsf_left_3      =  9.403034216695996
    lsf_left_4      =  -3.9710387103362517
    lsf_left_5      =  0.13738199107167035
    lsf_right1      =  2.050335154994589
    lsf_right2      =  -13.65487209438039
    lsf_right3      =  9.475289933773887
    lsf_right4      =  -2.8103503475186997
    lsf_right5      =  0.1345745430323451
    tem_depth       =  0.4013504567546745
    velocity        =  -639139.8287571927
    wave_intercept  =  5276.436625529159
    wave_slope      =  0.014396796829034421
2026-03-26 12:56:04,948 - root - ERROR - Evaluated LSF:
2026-03-26 12:56:04,949 - root - ERROR - [nan nan nan nan nan nan nan nan nan nan nan nan nan nan nan nan nan nan
 nan nan nan nan nan nan nan nan nan nan nan nan nan nan nan nan nan nan
 nan nan nan nan nan nan nan nan nan nan nan nan nan nan nan nan nan nan
 nan nan nan nan nan nan nan nan nan nan nan nan nan nan nan nan nan nan
 nan]
2026-03-26 12:56:05,593 - root - ERROR - NaN value detected in oversampled model function.
2026-03-26 12:56:05,595 - root - ERROR - <ParameterSet (values: 17)>
    cont_intercept  =  -1.5499125257666182
    cont_slope      =  0.006747686757362722
    iod_depth       =  0.038152468746228144
    lsf_left_1      =  1.6718384034350338
    lsf_left_2      =  -12.777240415511432
    lsf_left_3      =  1.7109048489183747
    lsf_left_4      =  -0.6403128153515425
    lsf_left_5      =  0.1623376321207428
    lsf_right1      =  1.7609491974268847
    lsf_right2      =  -7.672154979258128
    lsf_right3      =  2.9523892397297806
    lsf_right4      =  -3.6458455520417203
    lsf_right5      =  1.1629792006989332
    tem_depth       =  1.0255893858175882
    velocity        =  -424517.0354028897
    wave_intercept  =  5289.377611985653
    wave_slope      =  0.007445051096854347
2026-03-26 12:56:05,596 - root - ERROR - Evaluated LSF:
2026-03-26 12:56:05,597 - root - ERROR - [nan nan nan nan nan nan nan nan nan nan nan nan nan nan nan nan nan nan
 nan nan nan nan nan nan nan nan nan nan nan nan nan nan nan nan nan nan
 nan nan nan nan nan nan nan nan nan nan nan nan nan nan nan nan nan nan
 nan nan nan nan nan nan nan nan nan nan nan nan nan nan nan nan nan nan
 nan]
2026-03-26 12:56:08,075 - root - ERROR - NaN value detected in oversampled model function.
2026-03-26 12:56:08,076 - root - ERROR - <ParameterSet (values: 17)>
    cont_intercept  =  3705.806837732861
    cont_slope      =  9.268663048637361
    iod_depth       =  0.14760288719072762
    lsf_left_1      =  2.869973056300806
    lsf_left_2      =  -9.89810732739308
    lsf_left_3      =  1.9723252376593536
    lsf_left_4      =  -3.77201927480921
    lsf_left_5      =  0.14441352924649584
    lsf_right1      =  1.5443961458475204
    lsf_right2      =  -14.675159337708159
    lsf_right3      =  8.661440871094213
    lsf_right4      =  -2.452690159944539
    lsf_right5      =  0.35839802357873896
    tem_depth       =  0.995745358621246
    velocity        =  -252094.02071481344
    wave_intercept  =  5342.409617282307
    wave_slope      =  0.013182801991707477
2026-03-26 12:56:08,077 - root - ERROR - Evaluated LSF:
2026-03-26 12:56:08,078 - root - ERROR - [nan nan nan nan nan nan nan nan nan nan nan nan nan nan nan nan nan nan
 nan nan nan nan nan nan nan nan nan nan nan nan nan nan nan nan nan nan
 nan nan nan nan nan nan nan nan nan nan nan nan nan nan nan nan nan nan
 nan nan nan nan nan nan nan nan nan nan nan nan nan nan nan nan nan nan
 nan]
2026-03-26 12:56:12,884 - root - ERROR - NaN value detected in oversampled model function.
2026-03-26 12:56:12,886 - root - ERROR - <ParameterSet (values: 17)>
    cont_intercept  =  3445.558777118187
    cont_slope      =  1.9068384679958141
    iod_depth       =  0.05344500482511586
    lsf_left_1      =  4.690541558659854
    lsf_left_2      =  -11.969250236772425
    lsf_left_3      =  4.369800223032014
    lsf_left_4      =  -2.411504572689524
    lsf_left_5      =  0.42515769655321234
    lsf_right1      =  1.6733648003158632
    lsf_right2      =  -13.017053317879395
    lsf_right3      =  4.878162868802811
    lsf_right4      =  -1.113285932038266
    lsf_right5      =  0.22382315147032666
    tem_depth       =  0.9999046214954518
    velocity        =  -252352.99685992117
    wave_intercept  =  5387.518640861017
    wave_slope      =  0.013507808455883867
2026-03-26 12:56:12,887 - root - ERROR - Evaluated LSF:
2026-03-26 12:56:12,888 - root - ERROR - [nan nan nan nan nan nan nan nan nan nan nan nan nan nan nan nan nan nan
 nan nan nan nan nan nan nan nan nan nan nan nan nan nan nan nan nan nan
 nan nan nan nan nan nan nan nan nan nan nan nan nan nan nan nan nan nan
 nan nan nan nan nan nan nan nan nan nan nan nan nan nan nan nan nan nan
 nan]
2026-03-26 12:56:13,101 - root - ERROR - NaN value detected in oversampled model function.
2026-03-26 12:56:13,103 - root - ERROR - <ParameterSet (values: 17)>
    cont_intercept  =  2250.4876622840475
    cont_slope      =  0.4226566284401579
    iod_depth       =  0.07337373315387714
    lsf_left_1      =  3.8866109451331687
    lsf_left_2      =  -10.900767808365572
    lsf_left_3      =  5.16588526713661
    lsf_left_4      =  -2.264285164565221
    lsf_left_5      =  0.590425864712833
    lsf_right1      =  3.6393862955479683
    lsf_right2      =  -11.04911570975662
    lsf_right3      =  5.131534934970836
    lsf_right4      =  -2.261032734058912
    lsf_right5      =  0.6340148802713371
    tem_depth       =  0.9999288923919267
    velocity        =  -249487.083078737
    wave_intercept  =  5391.598699470046
    wave_slope      =  0.01740874695841916
2026-03-26 12:56:13,104 - root - ERROR - Evaluated LSF:
2026-03-26 12:56:13,105 - root - ERROR - [nan nan nan nan nan nan nan nan nan nan nan nan nan nan nan nan nan nan
 nan nan nan nan nan nan nan nan nan nan nan nan nan nan nan nan nan nan
 nan nan nan nan nan nan nan nan nan nan nan nan nan nan nan nan nan nan
 nan nan nan nan nan nan nan nan nan nan nan nan nan nan nan nan nan nan
 nan]
2026-03-26 12:56:13,143 - root - ERROR - NaN value detected in oversampled model function.
2026-03-26 12:56:13,144 - root - ERROR - <ParameterSet (values: 17)>
    cont_intercept  =  2478.4576067434487
    cont_slope      =  4.705597940164755
    iod_depth       =  0.09142679171348578
    lsf_left_1      =  4.146923657427537
    lsf_left_2      =  -10.047924608954752
    lsf_left_3      =  1.1639666254956775
    lsf_left_4      =  -3.758000331787026
    lsf_left_5      =  0.3111501801179767
    lsf_right1      =  1.8026843205054939
    lsf_right2      =  -13.725332520999324
    lsf_right3      =  9.834618273342148
    lsf_right4      =  -3.298380205619545
    lsf_right5      =  0.3543836606967241
    tem_depth       =  0.505231446917559
    velocity        =  65066.58233460766
    wave_intercept  =  5393.64049138355
    wave_slope      =  0.015960627988217024
2026-03-26 12:56:13,146 - root - ERROR - Evaluated LSF:
2026-03-26 12:56:13,147 - root - ERROR - [nan nan nan nan nan nan nan nan nan nan nan nan nan nan nan nan nan nan
 nan nan nan nan nan nan nan nan nan nan nan nan nan nan nan nan nan nan
 nan nan nan nan nan nan nan nan nan nan nan nan nan nan nan nan nan nan
 nan nan nan nan nan nan nan nan nan nan nan nan nan nan nan nan nan nan
 nan]
2026-03-26 12:56:14,522 - root - ERROR - NaN value detected in oversampled model function.
2026-03-26 12:56:14,524 - root - ERROR - <ParameterSet (values: 17)>
    cont_intercept  =  3912.904476021161
    cont_slope      =  3.6858348295674244
    iod_depth       =  0.5621685361736044
    lsf_left_1      =  4.429312706214011
    lsf_left_2      =  -16.127576947542718
    lsf_left_3      =  7.1055891685939665
    lsf_left_4      =  -3.3393502685104934
    lsf_left_5      =  1.0695362426953117
    lsf_right1      =  2.750121477236823
    lsf_right2      =  -17.36049933416379
    lsf_right3      =  4.080082098163929
    lsf_right4      =  -2.5538828209411815
    lsf_right5      =  0.8041542090717892
    tem_depth       =  1.000593559183006
    velocity        =  -251979.4725614565
    wave_intercept  =  5426.159760714537
    wave_slope      =  0.014466763076417552
2026-03-26 12:56:14,526 - root - ERROR - Evaluated LSF:
2026-03-26 12:56:14,527 - root - ERROR - [nan nan nan nan nan nan nan nan nan nan nan nan nan nan nan nan nan nan
 nan nan nan nan nan nan nan nan nan nan nan nan nan nan nan nan nan nan
 nan nan nan nan nan nan nan nan nan nan nan nan nan nan nan nan nan nan
 nan nan nan nan nan nan nan nan nan nan nan nan nan nan nan nan nan nan
 nan]
2026-03-26 12:56:14,965 - root - ERROR - NaN value detected in oversampled model function.
2026-03-26 12:56:14,966 - root - ERROR - <ParameterSet (values: 17)>
    cont_intercept  =  3488.416367311339
    cont_slope      =  2.0830074362656874
    iod_depth       =  0.2835637560685968
    lsf_left_1      =  5.628161921645082
    lsf_left_2      =  -14.8743778895384
    lsf_left_3      =  3.0164259399357958
    lsf_left_4      =  -2.290601014041409
    lsf_left_5      =  0.9782866116135239
    lsf_right1      =  5.306753086010952
    lsf_right2      =  -11.117629826239046
    lsf_right3      =  1.1487216234373316
    lsf_right4      =  -3.5579691151369848
    lsf_right5      =  0.8914380820811705
    tem_depth       =  0.9993513411461029
    velocity        =  -251935.1905973403
    wave_intercept  =  5436.937072720847
    wave_slope      =  0.013504674835788719
2026-03-26 12:56:14,968 - root - ERROR - Evaluated LSF:
2026-03-26 12:56:14,969 - root - ERROR - [nan nan nan nan nan nan nan nan nan nan nan nan nan nan nan nan nan nan
 nan nan nan nan nan nan nan nan nan nan nan nan nan nan nan nan nan nan
 nan nan nan nan nan nan nan nan nan nan nan nan nan nan nan nan nan nan
 nan nan nan nan nan nan nan nan nan nan nan nan nan nan nan nan nan nan
 nan]
2026-03-26 12:56:18,385 - root - ERROR - NaN value detected in oversampled model function.
2026-03-26 12:56:18,387 - root - ERROR - <ParameterSet (values: 17)>
    cont_intercept  =  2476.4424261171594
    cont_slope      =  1.1871117010850543
    iod_depth       =  0.21282978722862778
    lsf_left_1      =  1.5971004647825593
    lsf_left_2      =  -15.037406941939407
    lsf_left_3      =  9.324423919877464
    lsf_left_4      =  -3.8216138964333637
    lsf_left_5      =  0.34749790147310416
    lsf_right1      =  9.807469966352844
    lsf_right2      =  -16.952413473949072
    lsf_right3      =  1.3625121719603892
    lsf_right4      =  -3.714697064392986
    lsf_right5      =  0.49701330048248676
    tem_depth       =  0.9988734393712948
    velocity        =  -251193.4337378789
    wave_intercept  =  5490.922786391199
    wave_slope      =  0.017097543468625707
2026-03-26 12:56:18,388 - root - ERROR - Evaluated LSF:
2026-03-26 12:56:18,389 - root - ERROR - [nan nan nan nan nan nan nan nan nan nan nan nan nan nan nan nan nan nan
 nan nan nan nan nan nan nan nan nan nan nan nan nan nan nan nan nan nan
 nan nan nan nan nan nan nan nan nan nan nan nan nan nan nan nan nan nan
 nan nan nan nan nan nan nan nan nan nan nan nan nan nan nan nan nan nan
 nan]
2026-03-26 12:56:18,620 - root - ERROR - NaN value detected in oversampled model function.
2026-03-26 12:56:18,621 - root - ERROR - <ParameterSet (values: 17)>
    cont_intercept  =  2652.396971821088
    cont_slope      =  -3.6992438205902474
    iod_depth       =  0.22596845019228554
    lsf_left_1      =  8.75025780594375
    lsf_left_2      =  -14.769339639001368
    lsf_left_3      =  3.9927317698819706
    lsf_left_4      =  -3.968918322720179
    lsf_left_5      =  0.6129612259312487
    lsf_right1      =  4.859750778080907
    lsf_right2      =  -16.920678944787312
    lsf_right3      =  1.6161134698637292
    lsf_right4      =  -3.923908377809047
    lsf_right5      =  0.13732778415046518
    tem_depth       =  0.9969920838734673
    velocity        =  -252237.7221076739
    wave_intercept  =  5499.743696454255
    wave_slope      =  0.016468549779480472
2026-03-26 12:56:18,623 - root - ERROR - Evaluated LSF:
2026-03-26 12:56:18,624 - root - ERROR - [nan nan nan nan nan nan nan nan nan nan nan nan nan nan nan nan nan nan
 nan nan nan nan nan nan nan nan nan nan nan nan nan nan nan nan nan nan
 nan nan nan nan nan nan nan nan nan nan nan nan nan nan nan nan nan nan
 nan nan nan nan nan nan nan nan nan nan nan nan nan nan nan nan nan nan
 nan]
2026-03-26 12:56:19,852 - root - ERROR - NaN value detected in oversampled model function.
2026-03-26 12:56:19,853 - root - ERROR - <ParameterSet (values: 17)>
    cont_intercept  =  -74.65058441868852
    cont_slope      =  0.5475818483688544
    iod_depth       =  -0.1302734821366125
    lsf_left_1      =  1.5713793409075423
    lsf_left_2      =  -11.075350256090763
    lsf_left_3      =  8.47447346749856
    lsf_left_4      =  -3.296115854301903
    lsf_left_5      =  0.7893755677915607
    lsf_right1      =  4.101804777511396
    lsf_right2      =  -12.498485027913873
    lsf_right3      =  5.274168039480624
    lsf_right4      =  -3.857434605802395
    lsf_right5      =  0.6215491600141976
    tem_depth       =  -1.7068674813912248
    velocity        =  -329823.0045800738
    wave_intercept  =  5527.718680488426
    wave_slope      =  0.010223734495709869
2026-03-26 12:56:19,855 - root - ERROR - Evaluated LSF:
2026-03-26 12:56:19,856 - root - ERROR - [nan nan nan nan nan nan nan nan nan nan nan nan nan nan nan nan nan nan
 nan nan nan nan nan nan nan nan nan nan nan nan nan nan nan nan nan nan
 nan nan nan nan nan nan nan nan nan nan nan nan nan nan nan nan nan nan
 nan nan nan nan nan nan nan nan nan nan nan nan nan nan nan nan nan nan
 nan]
2026-03-26 12:56:20,263 - root - ERROR - NaN value detected in oversampled model function.
2026-03-26 12:56:20,265 - root - ERROR - <ParameterSet (values: 17)>
    cont_intercept  =  2149.7413578074916
    cont_slope      =  -1.0367688961396277
    iod_depth       =  0.21834004730162748
    lsf_left_1      =  2.028743050445407
    lsf_left_2      =  -16.23822703376308
    lsf_left_3      =  1.2946664115413153
    lsf_left_4      =  -2.8828354068115267
    lsf_left_5      =  0.1705221056750063
    lsf_right1      =  5.545247742528108
    lsf_right2      =  -17.079158223137643
    lsf_right3      =  9.785994413454365
    lsf_right4      =  -2.1858592947422766
    lsf_right5      =  0.13398982304072474
    tem_depth       =  1.0025338406979638
    velocity        =  -252583.37064860543
    wave_intercept  =  5536.390502383294
    wave_slope      =  0.017683538349851965
2026-03-26 12:56:20,266 - root - ERROR - Evaluated LSF:
2026-03-26 12:56:20,267 - root - ERROR - [nan nan nan nan nan nan nan nan nan nan nan nan nan nan nan nan nan nan
 nan nan nan nan nan nan nan nan nan nan nan nan nan nan nan nan nan nan
 nan nan nan nan nan nan nan nan nan nan nan nan nan nan nan nan nan nan
 nan nan nan nan nan nan nan nan nan nan nan nan nan nan nan nan nan nan
 nan]
2026-03-26 12:56:21,742 - root - ERROR - NaN value detected in oversampled model function.
2026-03-26 12:56:21,743 - root - ERROR - <ParameterSet (values: 17)>
    cont_intercept  =  3838.925039666767
    cont_slope      =  0.7704351085559253
    iod_depth       =  0.3702572385517039
    lsf_left_1      =  2.0436916617850427
    lsf_left_2      =  -5.14996439740993
    lsf_left_3      =  2.002490205624573
    lsf_left_4      =  -0.8286555216037161
    lsf_left_5      =  0.24236950632892634
    lsf_right1      =  2.6363734331212596
    lsf_right2      =  -13.621662564437024
    lsf_right3      =  7.19102949405852
    lsf_right4      =  -1.9717913193864383
    lsf_right5      =  0.19656750160369885
    tem_depth       =  -0.07599060323566849
    velocity        =  5617.1529643374815
    wave_intercept  =  5566.285813154164
    wave_slope      =  0.015301048519102963
2026-03-26 12:56:21,744 - root - ERROR - Evaluated LSF:
2026-03-26 12:56:21,745 - root - ERROR - [nan nan nan nan nan nan nan nan nan nan nan nan nan nan nan nan nan nan
 nan nan nan nan nan nan nan nan nan nan nan nan nan nan nan nan nan nan
 nan nan nan nan nan nan nan nan nan nan nan nan nan nan nan nan nan nan
 nan nan nan nan nan nan nan nan nan nan nan nan nan nan nan nan nan nan
 nan]
2026-03-26 12:56:22,135 - root - ERROR - NaN value detected in oversampled model function.
2026-03-26 12:56:22,137 - root - ERROR - <ParameterSet (values: 17)>
    cont_intercept  =  3390.2547541039257
    cont_slope      =  -5.069716969909395
    iod_depth       =  0.16905093516934597
    lsf_left_1      =  5.32474315917864
    lsf_left_2      =  -15.726827007889726
    lsf_left_3      =  1.168198992760068
    lsf_left_4      =  -3.9778751202725027
    lsf_left_5      =  1.1976129346211988
    lsf_right1      =  1.5688098858577375
    lsf_right2      =  -16.855618488153766
    lsf_right3      =  1.1073388487856695
    lsf_right4      =  -3.6049081523129045
    lsf_right5      =  0.5161626374041648
    tem_depth       =  0.9971603401440963
    velocity        =  -252013.31710341034
    wave_intercept  =  5577.90252399997
    wave_slope      =  0.014400530154229424
2026-03-26 12:56:22,138 - root - ERROR - Evaluated LSF:
2026-03-26 12:56:22,138 - root - ERROR - [nan nan nan nan nan nan nan nan nan nan nan nan nan nan nan nan nan nan
 nan nan nan nan nan nan nan nan nan nan nan nan nan nan nan nan nan nan
 nan nan nan nan nan nan nan nan nan nan nan nan nan nan nan nan nan nan
 nan nan nan nan nan nan nan nan nan nan nan nan nan nan nan nan nan nan
 nan]
2026-03-26 12:56:23,241 - root - ERROR - NaN value detected in oversampled model function.
2026-03-26 12:56:23,243 - root - ERROR - <ParameterSet (values: 17)>
    cont_intercept  =  1720.4138824070274
    cont_slope      =  -3.1384087623870065
    iod_depth       =  0.18304400950759403
    lsf_left_1      =  1.5245171398777648
    lsf_left_2      =  -13.837481387340166
    lsf_left_3      =  4.6363600457218315
    lsf_left_4      =  -3.6250050994991097
    lsf_left_5      =  1.1973128081022
    lsf_right1      =  5.286782156782714
    lsf_right2      =  -16.479003944891183
    lsf_right3      =  8.756654907327107
    lsf_right4      =  -3.9816719582937132
    lsf_right5      =  1.183246570388807
    tem_depth       =  0.9992752465378191
    velocity        =  -249609.4421226551
    wave_intercept  =  5587.129694090636
    wave_slope      =  0.017658232368266913
2026-03-26 12:56:23,244 - root - ERROR - Evaluated LSF:
2026-03-26 12:56:23,245 - root - ERROR - [nan nan nan nan nan nan nan nan nan nan nan nan nan nan nan nan nan nan
 nan nan nan nan nan nan nan nan nan nan nan nan nan nan nan nan nan nan
 nan nan nan nan nan nan nan nan nan nan nan nan nan nan nan nan nan nan
 nan nan nan nan nan nan nan nan nan nan nan nan nan nan nan nan nan nan
 nan]
2026-03-26 12:56:25,184 - root - ERROR - NaN value detected in oversampled model function.
2026-03-26 12:56:25,186 - root - ERROR - <ParameterSet (values: 17)>
    cont_intercept  =  3223.2274484563104
    cont_slope      =  -3.8593726933284667
    iod_depth       =  0.2550451184415075
    lsf_left_1      =  3.7927703361521
    lsf_left_2      =  -13.769462643901901
    lsf_left_3      =  4.635072953313404
    lsf_left_4      =  -3.188014205696045
    lsf_left_5      =  0.1341292669830681
    lsf_right1      =  2.1689846235346035
    lsf_right2      =  -10.301138393554497
    lsf_right3      =  9.358473920477998
    lsf_right4      =  -3.5254546016109845
    lsf_right5      =  0.1563402895713005
    tem_depth       =  0.9993088115237869
    velocity        =  -251725.5811475216
    wave_intercept  =  5634.589254083721
    wave_slope      =  0.014105121786102485
2026-03-26 12:56:25,187 - root - ERROR - Evaluated LSF:
2026-03-26 12:56:25,188 - root - ERROR - [nan nan nan nan nan nan nan nan nan nan nan nan nan nan nan nan nan nan
 nan nan nan nan nan nan nan nan nan nan nan nan nan nan nan nan nan nan
 nan nan nan nan nan nan nan nan nan nan nan nan nan nan nan nan nan nan
 nan nan nan nan nan nan nan nan nan nan nan nan nan nan nan nan nan nan
 nan]
2026-03-26 12:56:26,409 - root - ERROR - Chunk 286: No Data! Returning LmfitResult with None.
2026-03-26 12:56:26,874 - root - ERROR - NaN value detected in oversampled model function.
2026-03-26 12:56:26,875 - root - ERROR - <ParameterSet (values: 17)>
    cont_intercept  =  3868.04598660856
    cont_slope      =  -1.179971715721279
    iod_depth       =  0.20347618127506295
    lsf_left_1      =  2.098797175763948
    lsf_left_2      =  -11.180455225824597
    lsf_left_3      =  1.1268257698148538
    lsf_left_4      =  -0.8390956316514613
    lsf_left_5      =  0.15715476431383973
    lsf_right1      =  5.503541612940848
    lsf_right2      =  -15.702367663787731
    lsf_right3      =  7.8725994244463235
    lsf_right4      =  -3.389921850014626
    lsf_right5      =  0.7121837126579981
    tem_depth       =  1.0020928940194533
    velocity        =  -250760.95259757002
    wave_intercept  =  5673.385296325798
    wave_slope      =  0.015194715426095386
2026-03-26 12:56:26,876 - root - ERROR - Evaluated LSF:
2026-03-26 12:56:26,877 - root - ERROR - [nan nan nan nan nan nan nan nan nan nan nan nan nan nan nan nan nan nan
 nan nan nan nan nan nan nan nan nan nan nan nan nan nan nan nan nan nan
 nan nan nan nan nan nan nan nan nan nan nan nan nan nan nan nan nan nan
 nan nan nan nan nan nan nan nan nan nan nan nan nan nan nan nan nan nan
 nan]
2026-03-26 12:56:27,336 - root - ERROR - NaN value detected in oversampled model function.
2026-03-26 12:56:27,338 - root - ERROR - <ParameterSet (values: 17)>
    cont_intercept  =  -0.1474320957818869
    cont_slope      =  0.0007437125296805901
    iod_depth       =  0.048574983537440886
    lsf_left_1      =  5.217605705400928
    lsf_left_2      =  -17.449582147478736
    lsf_left_3      =  1.1133056017103604
    lsf_left_4      =  -1.2721604106855326
    lsf_left_5      =  0.13458319952167339
    lsf_right1      =  7.971235182680903
    lsf_right2      =  -16.154741307769488
    lsf_right3      =  1.8863944926578462
    lsf_right4      =  -0.5302670417653954
    lsf_right5      =  0.13844156622363238
    tem_depth       =  0.10200921713540584
    velocity        =  -464677.476183648
    wave_intercept  =  5683.03584084211
    wave_slope      =  0.01403509038508651
2026-03-26 12:56:27,339 - root - ERROR - Evaluated LSF:
2026-03-26 12:56:27,340 - root - ERROR - [nan nan nan nan nan nan nan nan nan nan nan nan nan nan nan nan nan nan
 nan nan nan nan nan nan nan nan nan nan nan nan nan nan nan nan nan nan
 nan nan nan nan nan nan nan nan nan nan nan nan nan nan nan nan nan nan
 nan nan nan nan nan nan nan nan nan nan nan nan nan nan nan nan nan nan
 nan]
2026-03-26 12:56:28,410 - root - ERROR - NaN value detected in oversampled model function.
2026-03-26 12:56:28,411 - root - ERROR - <ParameterSet (values: 17)>
    cont_intercept  =  3271.4180851566593
    cont_slope      =  2.1563680938688035
    iod_depth       =  0.3749591069139897
    lsf_left_1      =  6.515605827403338
    lsf_left_2      =  -11.173941091994426
    lsf_left_3      =  3.6399968178713444
    lsf_left_4      =  -2.6655965885694224
    lsf_left_5      =  0.8741562673847271
    lsf_right1      =  3.3099541324844384
    lsf_right2      =  -15.526071695968437
    lsf_right3      =  5.6314484415562855
    lsf_right4      =  -1.5262757910882492
    lsf_right5      =  0.23814834609017188
    tem_depth       =  0.02537189634357584
    velocity        =  -44053.13044268663
    wave_intercept  =  5707.528661233287
    wave_slope      =  0.016501273233586227
2026-03-26 12:56:28,412 - root - ERROR - Evaluated LSF:
2026-03-26 12:56:28,413 - root - ERROR - [nan nan nan nan nan nan nan nan nan nan nan nan nan nan nan nan nan nan
 nan nan nan nan nan nan nan nan nan nan nan nan nan nan nan nan nan nan
 nan nan nan nan nan nan nan nan nan nan nan nan nan nan nan nan nan nan
 nan nan nan nan nan nan nan nan nan nan nan nan nan nan nan nan nan nan
 nan]
2026-03-26 12:56:30,691 - root - ERROR - NaN value detected in oversampled model function.
2026-03-26 12:56:30,692 - root - ERROR - <ParameterSet (values: 17)>
    cont_intercept  =  3299.293876252341
    cont_slope      =  -5.211613195044355
    iod_depth       =  0.41004927781817097
    lsf_left_1      =  1.9288770873233387
    lsf_left_2      =  -17.298200471440158
    lsf_left_3      =  6.549821933683206
    lsf_left_4      =  -3.7745803954493384
    lsf_left_5      =  1.161532277689319
    lsf_right1      =  6.17188153823658
    lsf_right2      =  -10.113583059465824
    lsf_right3      =  1.0943129882646216
    lsf_right4      =  -3.2967320712179724
    lsf_right5      =  0.19336741773011842
    tem_depth       =  1.0027422961137196
    velocity        =  -250576.26290412963
    wave_intercept  =  5767.914395055565
    wave_slope      =  0.016555470452245546
2026-03-26 12:56:30,693 - root - ERROR - Evaluated LSF:
2026-03-26 12:56:30,694 - root - ERROR - [nan nan nan nan nan nan nan nan nan nan nan nan nan nan nan nan nan nan
 nan nan nan nan nan nan nan nan nan nan nan nan nan nan nan nan nan nan
 nan nan nan nan nan nan nan nan nan nan nan nan nan nan nan nan nan nan
 nan nan nan nan nan nan nan nan nan nan nan nan nan nan nan nan nan nan
 nan]
2026-03-26 12:56:31,017 - root - ERROR - NaN value detected in oversampled model function.
2026-03-26 12:56:31,019 - root - ERROR - <ParameterSet (values: 17)>
    cont_intercept  =  3863.643144933971
    cont_slope      =  1.78450625692964
    iod_depth       =  0.4362886335803188
    lsf_left_1      =  1.578854062556964
    lsf_left_2      =  -12.648588284948723
    lsf_left_3      =  1.1552272246001551
    lsf_left_4      =  -3.445597022533057
    lsf_left_5      =  0.7291136310326027
    lsf_right1      =  4.510558864098899
    lsf_right2      =  -9.007686969753216
    lsf_right3      =  1.71424835989904
    lsf_right4      =  -2.9671306860765645
    lsf_right5      =  0.5013044634673398
    tem_depth       =  0.9999144997907904
    velocity        =  -251969.75658321264
    wave_intercept  =  5776.350497646227
    wave_slope      =  0.01588934044668357
2026-03-26 12:56:31,021 - root - ERROR - Evaluated LSF:
2026-03-26 12:56:31,022 - root - ERROR - [nan nan nan nan nan nan nan nan nan nan nan nan nan nan nan nan nan nan
 nan nan nan nan nan nan nan nan nan nan nan nan nan nan nan nan nan nan
 nan nan nan nan nan nan nan nan nan nan nan nan nan nan nan nan nan nan
 nan nan nan nan nan nan nan nan nan nan nan nan nan nan nan nan nan nan
 nan]
2026-03-26 12:56:31,329 - root - ERROR - Chunk 343: No Data! Returning LmfitResult with None.
2026-03-26 12:56:31,466 - root - ERROR - NaN value detected in oversampled model function.
2026-03-26 12:56:31,467 - root - ERROR - <ParameterSet (values: 17)>
    cont_intercept  =  0.06617925373267208
    cont_slope      =  -0.00031897134045002384
    iod_depth       =  0.2032770412580796
    lsf_left_1      =  1.580362080921653
    lsf_left_2      =  -9.150131788406249
    lsf_left_3      =  9.457159490915686
    lsf_left_4      =  -3.8277952453428017
    lsf_left_5      =  0.14263904682897194
    lsf_right1      =  4.346691446124591
    lsf_right2      =  -16.847690440200488
    lsf_right3      =  4.472737277440819
    lsf_right4      =  -3.4630259407492465
    lsf_right5      =  0.9054460715319625
    tem_depth       =  1.0684938095740475
    velocity        =  -441612.67201337265
    wave_intercept  =  5790.321226183717
    wave_slope      =  0.01347501449818226
2026-03-26 12:56:31,468 - root - ERROR - Evaluated LSF:
2026-03-26 12:56:31,469 - root - ERROR - [nan nan nan nan nan nan nan nan nan nan nan nan nan nan nan nan nan nan
 nan nan nan nan nan nan nan nan nan nan nan nan nan nan nan nan nan nan
 nan nan nan nan nan nan nan nan nan nan nan nan nan nan nan nan nan nan
 nan nan nan nan nan nan nan nan nan nan nan nan nan nan nan nan nan nan
 nan]
2026-03-26 12:56:31,486 - root - ERROR - NaN value detected in oversampled model function.
2026-03-26 12:56:31,488 - root - ERROR - <ParameterSet (values: 17)>
    cont_intercept  =  3806.612975015817
    cont_slope      =  3.340170419051393
    iod_depth       =  0.26141824002114294
    lsf_left_1      =  1.7337649051025472
    lsf_left_2      =  -16.84910203898302
    lsf_left_3      =  1.1373799359157086
    lsf_left_4      =  -3.1760965422203844
    lsf_left_5      =  0.15543914257008723
    lsf_right1      =  3.658730243953933
    lsf_right2      =  -7.234233401436006
    lsf_right3      =  1.5513929795855217
    lsf_right4      =  -2.1827326411619605
    lsf_right5      =  0.2791330665225773
    tem_depth       =  1.0000539356317049
    velocity        =  -251957.32359118346
    wave_intercept  =  5792.25735654212
    wave_slope      =  0.01468169953679218
2026-03-26 12:56:31,489 - root - ERROR - Evaluated LSF:
2026-03-26 12:56:31,490 - root - ERROR - [nan nan nan nan nan nan nan nan nan nan nan nan nan nan nan nan nan nan
 nan nan nan nan nan nan nan nan nan nan nan nan nan nan nan nan nan nan
 nan nan nan nan nan nan nan nan nan nan nan nan nan nan nan nan nan nan
 nan nan nan nan nan nan nan nan nan nan nan nan nan nan nan nan nan nan
 nan]
2026-03-26 12:56:31,785 - root - ERROR - NaN value detected in oversampled model function.
2026-03-26 12:56:31,786 - root - ERROR - <ParameterSet (values: 17)>
    cont_intercept  =  2473.499483340182
    cont_slope      =  1.2562162614227401
    iod_depth       =  0.233326811044529
    lsf_left_1      =  3.0910534824886042
    lsf_left_2      =  -17.349699415479506
    lsf_left_3      =  3.1614875584804554
    lsf_left_4      =  -1.1573103282115529
    lsf_left_5      =  0.2656276535237505
    lsf_right1      =  8.240158570672785
    lsf_right2      =  -17.43468712332101
    lsf_right3      =  1.2480140642455928
    lsf_right4      =  -3.3384424529014693
    lsf_right5      =  0.20600540728008032
    tem_depth       =  0.999095009897128
    velocity        =  -252475.26246898287
    wave_intercept  =  5800.072674940344
    wave_slope      =  0.01858773058068635
2026-03-26 12:56:31,788 - root - ERROR - Evaluated LSF:
2026-03-26 12:56:31,789 - root - ERROR - [nan nan nan nan nan nan nan nan nan nan nan nan nan nan nan nan nan nan
 nan nan nan nan nan nan nan nan nan nan nan nan nan nan nan nan nan nan
 nan nan nan nan nan nan nan nan nan nan nan nan nan nan nan nan nan nan
 nan nan nan nan nan nan nan nan nan nan nan nan nan nan nan nan nan nan
 nan]
2026-03-26 12:56:32,579 - root - ERROR - NaN value detected in oversampled model function.
2026-03-26 12:56:32,581 - root - ERROR - <ParameterSet (values: 17)>
    cont_intercept  =  3336.8188487604543
    cont_slope      =  -0.16477140140573288
    iod_depth       =  0.4405035913073079
    lsf_left_1      =  5.303421893501319
    lsf_left_2      =  -13.431816901799065
    lsf_left_3      =  3.1577652293151073
    lsf_left_4      =  -0.76187046402862
    lsf_left_5      =  0.17549165770505865
    lsf_right1      =  5.6168486974616885
    lsf_right2      =  -12.652665585201962
    lsf_right3      =  3.3982075813648107
    lsf_right4      =  -1.7849808682568145
    lsf_right5      =  0.5516726153019036
    tem_depth       =  1.0001546232990273
    velocity        =  -253927.9539750264
    wave_intercept  =  5818.49741571024
    wave_slope      =  0.017101153676902656
2026-03-26 12:56:32,583 - root - ERROR - Evaluated LSF:
2026-03-26 12:56:32,584 - root - ERROR - [nan nan nan nan nan nan nan nan nan nan nan nan nan nan nan nan nan nan
 nan nan nan nan nan nan nan nan nan nan nan nan nan nan nan nan nan nan
 nan nan nan nan nan nan nan nan nan nan nan nan nan nan nan nan nan nan
 nan nan nan nan nan nan nan nan nan nan nan nan nan nan nan nan nan nan
 nan]
2026-03-26 12:56:32,745 - root - ERROR - NaN value detected in oversampled model function.
2026-03-26 12:56:32,746 - root - ERROR - <ParameterSet (values: 17)>
    cont_intercept  =  3908.3062593808177
    cont_slope      =  5.418248078612301
    iod_depth       =  -0.08894226806456357
    lsf_left_1      =  7.37150176923527
    lsf_left_2      =  -16.697601348418075
    lsf_left_3      =  9.293440899427313
    lsf_left_4      =  -3.782172387535594
    lsf_left_5      =  0.8156044847397229
    lsf_right1      =  5.590167237625183
    lsf_right2      =  -15.364743903733787
    lsf_right3      =  1.2150561298173645
    lsf_right4      =  -0.4765700860243376
    lsf_right5      =  0.2833114880968837
    tem_depth       =  1.000618551396741
    velocity        =  -251534.89138083978
    wave_intercept  =  5825.089755121845
    wave_slope      =  0.01654476886621562
2026-03-26 12:56:32,748 - root - ERROR - Evaluated LSF:
2026-03-26 12:56:32,749 - root - ERROR - [nan nan nan nan nan nan nan nan nan nan nan nan nan nan nan nan nan nan
 nan nan nan nan nan nan nan nan nan nan nan nan nan nan nan nan nan nan
 nan nan nan nan nan nan nan nan nan nan nan nan nan nan nan nan nan nan
 nan nan nan nan nan nan nan nan nan nan nan nan nan nan nan nan nan nan
 nan]
2026-03-26 12:56:36,029 - root - ERROR - NaN value detected in oversampled model function.
2026-03-26 12:56:36,031 - root - ERROR - <ParameterSet (values: 17)>
    cont_intercept  =  3272.5195414115155
    cont_slope      =  12.945345681556516
    iod_depth       =  0.2133520837808217
    lsf_left_1      =  1.5839262151365625
    lsf_left_2      =  -17.082386075543408
    lsf_left_3      =  1.881259890992749
    lsf_left_4      =  -0.44501858189679133
    lsf_left_5      =  0.48701368931391825
    lsf_right1      =  1.682510547615434
    lsf_right2      =  -17.410907645868456
    lsf_right3      =  1.7909531609625127
    lsf_right4      =  -3.9837483093413293
    lsf_right5      =  0.719455057594936
    tem_depth       =  0.9975698588383823
    velocity        =  -251750.07609060802
    wave_intercept  =  5891.613421588961
    wave_slope      =  0.015876892395708758
2026-03-26 12:56:36,032 - root - ERROR - Evaluated LSF:
2026-03-26 12:56:36,033 - root - ERROR - [nan nan nan nan nan nan nan nan nan nan nan nan nan nan nan nan nan nan
 nan nan nan nan nan nan nan nan nan nan nan nan nan nan nan nan nan nan
 nan nan nan nan nan nan nan nan nan nan nan nan nan nan nan nan nan nan
 nan nan nan nan nan nan nan nan nan nan nan nan nan nan nan nan nan nan
 nan]
2026-03-26 12:56:37,842 - root - ERROR - NaN value detected in oversampled model function.
2026-03-26 12:56:37,844 - root - ERROR - <ParameterSet (values: 17)>
    cont_intercept  =  4128.760573352189
    cont_slope      =  6.713591548420656
    iod_depth       =  0.6090197794227199
    lsf_left_1      =  2.316215671520295
    lsf_left_2      =  -15.818776330988346
    lsf_left_3      =  3.0499955108835435
    lsf_left_4      =  -3.98042924952739
    lsf_left_5      =  0.46026933893172156
    lsf_right1      =  1.5968159400442303
    lsf_right2      =  -4.968056856495506
    lsf_right3      =  3.0865964430948374
    lsf_right4      =  -3.36612691147563
    lsf_right5      =  1.1994372488872187
    tem_depth       =  0.9992180822780222
    velocity        =  -251896.8624988026
    wave_intercept  =  5942.54465239876
    wave_slope      =  0.016536849612570084
2026-03-26 12:56:37,845 - root - ERROR - Evaluated LSF:
2026-03-26 12:56:37,846 - root - ERROR - [nan nan nan nan nan nan nan nan nan nan nan nan nan nan nan nan nan nan
 nan nan nan nan nan nan nan nan nan nan nan nan nan nan nan nan nan nan
 nan nan nan nan nan nan nan nan nan nan nan nan nan nan nan nan nan nan
 nan nan nan nan nan nan nan nan nan nan nan nan nan nan nan nan nan nan
 nan]
2026-03-26 12:56:38,394 - root - ERROR - NaN value detected in oversampled model function.
2026-03-26 12:56:38,395 - root - ERROR - <ParameterSet (values: 17)>
    cont_intercept  =  4392.212518697883
    cont_slope      =  5.436706567792147
    iod_depth       =  0.10372137331534431
    lsf_left_1      =  4.423507711927952
    lsf_left_2      =  -15.017112848914671
    lsf_left_3      =  5.114586139252597
    lsf_left_4      =  -3.927578055706117
    lsf_left_5      =  0.25243124895253777
    lsf_right1      =  10.391492307362697
    lsf_right2      =  -17.434158505014725
    lsf_right3      =  1.1138914063875904
    lsf_right4      =  -2.1767807200432077
    lsf_right5      =  0.19290089258183726
    tem_depth       =  1.0034790738324713
    velocity        =  -251894.20741252927
    wave_intercept  =  5956.985611515228
    wave_slope      =  0.015367121315953412
2026-03-26 12:56:38,397 - root - ERROR - Evaluated LSF:
2026-03-26 12:56:38,398 - root - ERROR - [nan nan nan nan nan nan nan nan nan nan nan nan nan nan nan nan nan nan
 nan nan nan nan nan nan nan nan nan nan nan nan nan nan nan nan nan nan
 nan nan nan nan nan nan nan nan nan nan nan nan nan nan nan nan nan nan
 nan nan nan nan nan nan nan nan nan nan nan nan nan nan nan nan nan nan
 nan]
2026-03-26 12:56:38,717 - root - ERROR - NaN value detected in oversampled model function.
2026-03-26 12:56:38,719 - root - ERROR - <ParameterSet (values: 17)>
    cont_intercept  =  -0.23041086479515907
    cont_slope      =  0.001190456777231875
    iod_depth       =  0.12566507212176622
    lsf_left_1      =  1.6541130091030587
    lsf_left_2      =  -17.45697804102739
    lsf_left_3      =  6.885106785047907
    lsf_left_4      =  -3.9813225718333145
    lsf_left_5      =  1.2048292390155775
    lsf_right1      =  7.276309514329628
    lsf_right2      =  -12.888155287664597
    lsf_right3      =  1.609512569031482
    lsf_right4      =  -3.473414804506494
    lsf_right5      =  1.0797850821645096
    tem_depth       =  0.511415281038155
    velocity        =  -449407.28056654526
    wave_intercept  =  5960.846188725733
    wave_slope      =  0.014322420573504904
2026-03-26 12:56:38,720 - root - ERROR - Evaluated LSF:
2026-03-26 12:56:38,721 - root - ERROR - [nan nan nan nan nan nan nan nan nan nan nan nan nan nan nan nan nan nan
 nan nan nan nan nan nan nan nan nan nan nan nan nan nan nan nan nan nan
 nan nan nan nan nan nan nan nan nan nan nan nan nan nan nan nan nan nan
 nan nan nan nan nan nan nan nan nan nan nan nan nan nan nan nan nan nan
 nan]
2026-03-26 12:56:38,906 - root - ERROR - NaN value detected in oversampled model function.
2026-03-26 12:56:38,908 - root - ERROR - <ParameterSet (values: 17)>
    cont_intercept  =  2062.2933995957537
    cont_slope      =  -6.1903389264959605
    iod_depth       =  0.2619901671274631
    lsf_left_1      =  4.466141320439539
    lsf_left_2      =  -14.907598588099448
    lsf_left_3      =  2.6136828790252418
    lsf_left_4      =  -3.408843804345334
    lsf_left_5      =  1.0336171859810794
    lsf_right1      =  8.753143086640144
    lsf_right2      =  -16.17755384968023
    lsf_right3      =  3.838750367980205
    lsf_right4      =  -2.6326180451675585
    lsf_right5      =  0.888526445997683
    tem_depth       =  1.0023700972819116
    velocity        =  -253676.5088231816
    wave_intercept  =  5970.660996218826
    wave_slope      =  0.019064483941737296
2026-03-26 12:56:38,909 - root - ERROR - Evaluated LSF:
2026-03-26 12:56:38,910 - root - ERROR - [nan nan nan nan nan nan nan nan nan nan nan nan nan nan nan nan nan nan
 nan nan nan nan nan nan nan nan nan nan nan nan nan nan nan nan nan nan
 nan nan nan nan nan nan nan nan nan nan nan nan nan nan nan nan nan nan
 nan nan nan nan nan nan nan nan nan nan nan nan nan nan nan nan nan nan
 nan]
2026-03-26 12:56:38,928 - root - ERROR - NaN value detected in oversampled model function.
2026-03-26 12:56:38,929 - root - ERROR - <ParameterSet (values: 17)>
    cont_intercept  =  2543.235299670391
    cont_slope      =  -1.1417052509347723
    iod_depth       =  -0.19219580776177542
    lsf_left_1      =  2.8344774452426442
    lsf_left_2      =  -11.470992918704699
    lsf_left_3      =  5.276590360889498
    lsf_left_4      =  -3.8438095345833014
    lsf_left_5      =  0.5663940458255107
    lsf_right1      =  8.64937595598123
    lsf_right2      =  -17.304768859209346
    lsf_right3      =  1.1088347342445144
    lsf_right4      =  -2.9932291342142783
    lsf_right5      =  0.3021802763080751
    tem_depth       =  0.9988295287238361
    velocity        =  -250591.32842803284
    wave_intercept  =  5973.046225162161
    wave_slope      =  0.018753038477683306
2026-03-26 12:56:38,930 - root - ERROR - Evaluated LSF:
2026-03-26 12:56:38,931 - root - ERROR - [nan nan nan nan nan nan nan nan nan nan nan nan nan nan nan nan nan nan
 nan nan nan nan nan nan nan nan nan nan nan nan nan nan nan nan nan nan
 nan nan nan nan nan nan nan nan nan nan nan nan nan nan nan nan nan nan
 nan nan nan nan nan nan nan nan nan nan nan nan nan nan nan nan nan nan
 nan]
2026-03-26 12:56:38,951 - root - ERROR - NaN value detected in oversampled model function.
2026-03-26 12:56:38,953 - root - ERROR - <ParameterSet (values: 17)>
    cont_intercept  =  2828.8522291443783
    cont_slope      =  0.7483023916691605
    iod_depth       =  0.2928592765281963
    lsf_left_1      =  2.61252206966918
    lsf_left_2      =  -4.698466979417715
    lsf_left_3      =  1.1117972334067707
    lsf_left_4      =  -3.822055407535049
    lsf_left_5      =  0.30177383986514844
    lsf_right1      =  3.130832642176869
    lsf_right2      =  -17.438700422946674
    lsf_right3      =  2.5925401309561775
    lsf_right4      =  -3.3950562894977416
    lsf_right5      =  0.680391587388208
    tem_depth       =  0.9966791605551163
    velocity        =  -252293.56448182758
    wave_intercept  =  5975.543918558102
    wave_slope      =  0.019015361635634716
2026-03-26 12:56:38,954 - root - ERROR - Evaluated LSF:
2026-03-26 12:56:38,955 - root - ERROR - [nan nan nan nan nan nan nan nan nan nan nan nan nan nan nan nan nan nan
 nan nan nan nan nan nan nan nan nan nan nan nan nan nan nan nan nan nan
 nan nan nan nan nan nan nan nan nan nan nan nan nan nan nan nan nan nan
 nan nan nan nan nan nan nan nan nan nan nan nan nan nan nan nan nan nan
 nan]
2026-03-26 12:56:39,001 - root - ERROR - NaN value detected in oversampled model function.
2026-03-26 12:56:39,003 - root - ERROR - <ParameterSet (values: 17)>
    cont_intercept  =  2770.737093303168
    cont_slope      =  0.05555774028191421
    iod_depth       =  0.324097312450936
    lsf_left_1      =  2.3073022419659646
    lsf_left_2      =  -15.699961511573596
    lsf_left_3      =  5.701245928748728
    lsf_left_4      =  -1.5668500491518773
    lsf_left_5      =  0.14098493865264158
    lsf_right1      =  3.3236221246913185
    lsf_right2      =  -12.131666889691001
    lsf_right3      =  4.683218012485107
    lsf_right4      =  -2.437136858444303
    lsf_right5      =  0.7449983392640859
    tem_depth       =  1.0001039595714607
    velocity        =  -253466.09688868266
    wave_intercept  =  5978.013784289981
    wave_slope      =  0.01843998227583036
2026-03-26 12:56:39,005 - root - ERROR - Evaluated LSF:
2026-03-26 12:56:39,011 - root - ERROR - [nan nan nan nan nan nan nan nan nan nan nan nan nan nan nan nan nan nan
 nan nan nan nan nan nan nan nan nan nan nan nan nan nan nan nan nan nan
 nan nan nan nan nan nan nan nan nan nan nan nan nan nan nan nan nan nan
 nan nan nan nan nan nan nan nan nan nan nan nan nan nan nan nan nan nan
 nan]
2026-03-26 12:56:39,652 - root - ERROR - NaN value detected in oversampled model function.
2026-03-26 12:56:39,653 - root - ERROR - <ParameterSet (values: 17)>
    cont_intercept  =  4403.347036387386
    cont_slope      =  12.192926546848252
    iod_depth       =  0.7581485798989351
    lsf_left_1      =  2.8688535444056082
    lsf_left_2      =  -17.45094056590502
    lsf_left_3      =  5.842214168520704
    lsf_left_4      =  -3.96918963722068
    lsf_left_5      =  0.6404410674588046
    lsf_right1      =  1.5282718866730618
    lsf_right2      =  -9.99891086092527
    lsf_right3      =  4.462396588873482
    lsf_right4      =  -3.0378360165288867
    lsf_right5      =  0.9732547549858195
    tem_depth       =  1.0107466069876716
    velocity        =  -252811.20433114143
    wave_intercept  =  5994.123053209362
    wave_slope      =  0.0170141056958111
2026-03-26 12:56:39,654 - root - ERROR - Evaluated LSF:
2026-03-26 12:56:39,655 - root - ERROR - [nan nan nan nan nan nan nan nan nan nan nan nan nan nan nan nan nan nan
 nan nan nan nan nan nan nan nan nan nan nan nan nan nan nan nan nan nan
 nan nan nan nan nan nan nan nan nan nan nan nan nan nan nan nan nan nan
 nan nan nan nan nan nan nan nan nan nan nan nan nan nan nan nan nan nan
 nan]
2026-03-26 12:56:40,007 - root - ERROR - NaN value detected in oversampled model function.
2026-03-26 12:56:40,009 - root - ERROR - <ParameterSet (values: 17)>
    cont_intercept  =  4313.556785555944
    cont_slope      =  4.398520421441307
    iod_depth       =  0.49902707618876685
    lsf_left_1      =  8.65302044839476
    lsf_left_2      =  -16.92057781805518
    lsf_left_3      =  9.833624056835134
    lsf_left_4      =  -3.214362794121148
    lsf_left_5      =  0.1805578278042711
    lsf_right1      =  4.688447067118618
    lsf_right2      =  -17.14853267144312
    lsf_right3      =  1.431261447949541
    lsf_right4      =  -2.0130756289181946
    lsf_right5      =  1.159320536068579
    tem_depth       =  0.9964590156824829
    velocity        =  -252819.28778535142
    wave_intercept  =  6002.913728104766
    wave_slope      =  0.0164782297650864
2026-03-26 12:56:40,010 - root - ERROR - Evaluated LSF:
2026-03-26 12:56:40,011 - root - ERROR - [nan nan nan nan nan nan nan nan nan nan nan nan nan nan nan nan nan nan
 nan nan nan nan nan nan nan nan nan nan nan nan nan nan nan nan nan nan
 nan nan nan nan nan nan nan nan nan nan nan nan nan nan nan nan nan nan
 nan nan nan nan nan nan nan nan nan nan nan nan nan nan nan nan nan nan
 nan]
2026-03-26 12:56:40,503 - root - ERROR - NaN value detected in oversampled model function.
2026-03-26 12:56:40,504 - root - ERROR - <ParameterSet (values: 17)>
    cont_intercept  =  -2.93277641343857
    cont_slope      =  0.012217826785566724
    iod_depth       =  0.09761035224377301
    lsf_left_1      =  2.4139792287385324
    lsf_left_2      =  -13.734640029758006
    lsf_left_3      =  1.272389596792113
    lsf_left_4      =  -3.9805761963544786
    lsf_left_5      =  1.2034327366494608
    lsf_right1      =  3.4395068462078227
    lsf_right2      =  -17.205574179173773
    lsf_right3      =  6.277321960876569
    lsf_right4      =  -2.984172903421248
    lsf_right5      =  1.177252301213859
    tem_depth       =  -58.65516145010655
    velocity        =  -431240.45526860794
    wave_intercept  =  6011.315064499796
    wave_slope      =  0.007587851558301248
2026-03-26 12:56:40,506 - root - ERROR - Evaluated LSF:
2026-03-26 12:56:40,507 - root - ERROR - [nan nan nan nan nan nan nan nan nan nan nan nan nan nan nan nan nan nan
 nan nan nan nan nan nan nan nan nan nan nan nan nan nan nan nan nan nan
 nan nan nan nan nan nan nan nan nan nan nan nan nan nan nan nan nan nan
 nan nan nan nan nan nan nan nan nan nan nan nan nan nan nan nan nan nan
 nan]
2026-03-26 12:56:40,510 - root - ERROR - Chunk 444: No Data! Returning LmfitResult with None.
2026-03-26 12:56:41,046 - root - ERROR - NaN value detected in oversampled model function.
2026-03-26 12:56:41,048 - root - ERROR - <ParameterSet (values: 17)>
    cont_intercept  =  2546.0492085926935
    cont_slope      =  0.9379561150031779
    iod_depth       =  0.28236340145391997
    lsf_left_1      =  3.217744724480122
    lsf_left_2      =  -11.801999170767381
    lsf_left_3      =  4.757356662683934
    lsf_left_4      =  -2.6346855283712896
    lsf_left_5      =  0.2882736995170631
    lsf_right1      =  4.0234374206426455
    lsf_right2      =  -11.516130199786325
    lsf_right3      =  4.993734028579587
    lsf_right4      =  -2.2559243139734972
    lsf_right5      =  0.746379376099657
    tem_depth       =  0.9998976185058543
    velocity        =  -251926.78883354831
    wave_intercept  =  6029.729844090708
    wave_slope      =  0.01916808502977276
2026-03-26 12:56:41,049 - root - ERROR - Evaluated LSF:
2026-03-26 12:56:41,050 - root - ERROR - [nan nan nan nan nan nan nan nan nan nan nan nan nan nan nan nan nan nan
 nan nan nan nan nan nan nan nan nan nan nan nan nan nan nan nan nan nan
 nan nan nan nan nan nan nan nan nan nan nan nan nan nan nan nan nan nan
 nan nan nan nan nan nan nan nan nan nan nan nan nan nan nan nan nan nan
 nan]
2026-03-26 12:56:41,530 - root - ERROR - NaN value detected in oversampled model function.
2026-03-26 12:56:41,532 - root - ERROR - <ParameterSet (values: 17)>
    cont_intercept  =  3284.730218639497
    cont_slope      =  -3.058842233490913
    iod_depth       =  -0.04227512568670208
    lsf_left_1      =  1.6029364463776488
    lsf_left_2      =  -10.523019670841293
    lsf_left_3      =  1.1307409319755664
    lsf_left_4      =  -2.7645991724139867
    lsf_left_5      =  1.0442642625516445
    lsf_right1      =  2.409258492749747
    lsf_right2      =  -15.192556493568851
    lsf_right3      =  2.5700231355082614
    lsf_right4      =  -3.1764109860947376
    lsf_right5      =  0.34496555070118246
    tem_depth       =  0.9997583669240309
    velocity        =  -251904.11999106835
    wave_intercept  =  6046.542373782174
    wave_slope      =  0.01780313317335155
2026-03-26 12:56:41,533 - root - ERROR - Evaluated LSF:
2026-03-26 12:56:41,534 - root - ERROR - [nan nan nan nan nan nan nan nan nan nan nan nan nan nan nan nan nan nan
 nan nan nan nan nan nan nan nan nan nan nan nan nan nan nan nan nan nan
 nan nan nan nan nan nan nan nan nan nan nan nan nan nan nan nan nan nan
 nan nan nan nan nan nan nan nan nan nan nan nan nan nan nan nan nan nan
 nan]
2026-03-26 12:56:41,551 - root - ERROR - NaN value detected in oversampled model function.
2026-03-26 12:56:41,552 - root - ERROR - <ParameterSet (values: 17)>
    cont_intercept  =  3151.846448709509
    cont_slope      =  -3.7674873684301655
    iod_depth       =  0.23740542852946503
    lsf_left_1      =  2.682923426325148
    lsf_left_2      =  -17.401186441691085
    lsf_left_3      =  5.62994920414526
    lsf_left_4      =  -3.158292815594652
    lsf_left_5      =  0.33790475387919583
    lsf_right1      =  3.013323797205626
    lsf_right2      =  -7.52371076242356
    lsf_right3      =  2.1344776703061616
    lsf_right4      =  -0.8114803763006848
    lsf_right5      =  0.15181581063319258
    tem_depth       =  0.9980661675757836
    velocity        =  -251640.81031482128
    wave_intercept  =  6048.9188955054415
    wave_slope      =  0.01754631481521908
2026-03-26 12:56:41,553 - root - ERROR - Evaluated LSF:
2026-03-26 12:56:41,554 - root - ERROR - [nan nan nan nan nan nan nan nan nan nan nan nan nan nan nan nan nan nan
 nan nan nan nan nan nan nan nan nan nan nan nan nan nan nan nan nan nan
 nan nan nan nan nan nan nan nan nan nan nan nan nan nan nan nan nan nan
 nan nan nan nan nan nan nan nan nan nan nan nan nan nan nan nan nan nan
 nan]
2026-03-26 12:56:42,042 - root - ERROR - NaN value detected in oversampled model function.
2026-03-26 12:56:42,043 - root - ERROR - <ParameterSet (values: 17)>
    cont_intercept  =  -1751.1643644057351
    cont_slope      =  16.863688227759294
    iod_depth       =  0.2831951083095359
    lsf_left_1      =  1.5226724569948331
    lsf_left_2      =  -17.341816321043705
    lsf_left_3      =  1.6361606208005153
    lsf_left_4      =  -1.9627907833342633
    lsf_left_5      =  0.1372253361465143
    lsf_right1      =  6.889040596727525
    lsf_right2      =  -17.42626774004972
    lsf_right3      =  1.9174583247517591
    lsf_right4      =  -2.464071037409316
    lsf_right5      =  0.4637116837727898
    tem_depth       =  1.0060226926253466
    velocity        =  -237993.54225936026
    wave_intercept  =  6060.519818721879
    wave_slope      =  0.01594335540721538
2026-03-26 12:56:42,044 - root - ERROR - Evaluated LSF:
2026-03-26 12:56:42,046 - root - ERROR - [nan nan nan nan nan nan nan nan nan nan nan nan nan nan nan nan nan nan
 nan nan nan nan nan nan nan nan nan nan nan nan nan nan nan nan nan nan
 nan nan nan nan nan nan nan nan nan nan nan nan nan nan nan nan nan nan
 nan nan nan nan nan nan nan nan nan nan nan nan nan nan nan nan nan nan
 nan]
2026-03-26 12:56:43,425 - root - ERROR - NaN value detected in oversampled model function.
2026-03-26 12:56:43,427 - root - ERROR - <ParameterSet (values: 17)>
    cont_intercept  =  2936.5796193736483
    cont_slope      =  1.3966531562023214
    iod_depth       =  0.5968416151081855
    lsf_left_1      =  2.8151713350650596
    lsf_left_2      =  -13.448551701981248
    lsf_left_3      =  4.411976674752315
    lsf_left_4      =  -2.215217792118782
    lsf_left_5      =  0.8107542444328577
    lsf_right1      =  1.5230732801930646
    lsf_right2      =  -3.5527734320496
    lsf_right3      =  2.632138648426939
    lsf_right4      =  -1.2475027795932259
    lsf_right5      =  0.37787641756396567
    tem_depth       =  0.9987153035804448
    velocity        =  -252037.62209338404
    wave_intercept  =  6097.504211110842
    wave_slope      =  0.01885433387380806
2026-03-26 12:56:43,428 - root - ERROR - Evaluated LSF:
2026-03-26 12:56:43,429 - root - ERROR - [nan nan nan nan nan nan nan nan nan nan nan nan nan nan nan nan nan nan
 nan nan nan nan nan nan nan nan nan nan nan nan nan nan nan nan nan nan
 nan nan nan nan nan nan nan nan nan nan nan nan nan nan nan nan nan nan
 nan nan nan nan nan nan nan nan nan nan nan nan nan nan nan nan nan nan
 nan]
2026-03-26 12:56:44,151 - root - ERROR - NaN value detected in oversampled model function.
2026-03-26 12:56:44,152 - root - ERROR - <ParameterSet (values: 17)>
    cont_intercept  =  3506.129294308513
    cont_slope      =  1.9959444533669117
    iod_depth       =  0.1779370998192248
    lsf_left_1      =  1.5215038616334315
    lsf_left_2      =  -15.583761106668462
    lsf_left_3      =  3.4105716896361162
    lsf_left_4      =  -1.5316888536871405
    lsf_left_5      =  0.17201421010363535
    lsf_right1      =  8.323706263324144
    lsf_right2      =  -16.525278742899204
    lsf_right3      =  1.108674338526572
    lsf_right4      =  -3.984152277174116
    lsf_right5      =  0.9463695908017585
    tem_depth       =  0.9998127541346994
    velocity        =  -252140.48750197742
    wave_intercept  =  6107.094767898571
    wave_slope      =  0.0180115936694829
2026-03-26 12:56:44,154 - root - ERROR - Evaluated LSF:
2026-03-26 12:56:44,155 - root - ERROR - [nan nan nan nan nan nan nan nan nan nan nan nan nan nan nan nan nan nan
 nan nan nan nan nan nan nan nan nan nan nan nan nan nan nan nan nan nan
 nan nan nan nan nan nan nan nan nan nan nan nan nan nan nan nan nan nan
 nan nan nan nan nan nan nan nan nan nan nan nan nan nan nan nan nan nan
 nan]
2026-03-26 12:56:44,646 - root - ERROR - NaN value detected in oversampled model function.
2026-03-26 12:56:44,648 - root - ERROR - <ParameterSet (values: 17)>
    cont_intercept  =  3838.700017267487
    cont_slope      =  2.0958841893804685
    iod_depth       =  0.4987579263792415
    lsf_left_1      =  4.920911191634696
    lsf_left_2      =  -15.700762357230381
    lsf_left_3      =  7.94951784310884
    lsf_left_4      =  -2.948495180114863
    lsf_left_5      =  0.84521569934423
    lsf_right1      =  2.9227956098832513
    lsf_right2      =  -13.817651957002841
    lsf_right3      =  9.802692629226875
    lsf_right4      =  -3.219397135547169
    lsf_right5      =  0.13582864104154432
    tem_depth       =  0.9967696647085497
    velocity        =  -251940.93357823358
    wave_intercept  =  6116.208971884212
    wave_slope      =  0.017325990666038297
2026-03-26 12:56:44,650 - root - ERROR - Evaluated LSF:
2026-03-26 12:56:44,651 - root - ERROR - [nan nan nan nan nan nan nan nan nan nan nan nan nan nan nan nan nan nan
 nan nan nan nan nan nan nan nan nan nan nan nan nan nan nan nan nan nan
 nan nan nan nan nan nan nan nan nan nan nan nan nan nan nan nan nan nan
 nan nan nan nan nan nan nan nan nan nan nan nan nan nan nan nan nan nan
 nan]
2026-03-26 12:56:45,900 - root - ERROR - NaN value detected in oversampled model function.
2026-03-26 12:56:45,901 - root - ERROR - <ParameterSet (values: 17)>
    cont_intercept  =  3439.0886751625503
    cont_slope      =  -5.341162503023724
    iod_depth       =  1.1873841330843484
    lsf_left_1      =  2.098877014843025
    lsf_left_2      =  -6.333998238578745
    lsf_left_3      =  5.041859228534259
    lsf_left_4      =  -3.8491537526469606
    lsf_left_5      =  0.15876689496328386
    lsf_right1      =  2.4743736561917635
    lsf_right2      =  -13.04750196949196
    lsf_right3      =  1.0929350963475737
    lsf_right4      =  -3.5626143539338706
    lsf_right5      =  0.3177988514033304
    tem_depth       =  1.0012314137022535
    velocity        =  -251758.57951966158
    wave_intercept  =  6141.943967218259
    wave_slope      =  0.015378294873941059
2026-03-26 12:56:45,902 - root - ERROR - Evaluated LSF:
2026-03-26 12:56:45,903 - root - ERROR - [nan nan nan nan nan nan nan nan nan nan nan nan nan nan nan nan nan nan
 nan nan nan nan nan nan nan nan nan nan nan nan nan nan nan nan nan nan
 nan nan nan nan nan nan nan nan nan nan nan nan nan nan nan nan nan nan
 nan nan nan nan nan nan nan nan nan nan nan nan nan nan nan nan nan nan
 nan]
2026-03-26 12:56:46,804 - root - ERROR - NaN value detected in oversampled model function.
2026-03-26 12:56:46,806 - root - ERROR - <ParameterSet (values: 17)>
    cont_intercept  =  3246.8939703403657
    cont_slope      =  16.323524795103886
    iod_depth       =  -0.3065330145904003
    lsf_left_1      =  1.7397462941430542
    lsf_left_2      =  -8.410748228863548
    lsf_left_3      =  3.517012826451593
    lsf_left_4      =  -1.3266931687772665
    lsf_left_5      =  0.3274418352317253
    lsf_right1      =  1.719216061263881
    lsf_right2      =  -8.108104066894745
    lsf_right3      =  1.2337800716234677
    lsf_right4      =  -3.2788306046755955
    lsf_right5      =  0.3053450789261052
    tem_depth       =  1.0094674507271106
    velocity        =  -253004.0432541183
    wave_intercept  =  6164.104081843357
    wave_slope      =  0.01837613901584466
2026-03-26 12:56:46,807 - root - ERROR - Evaluated LSF:
2026-03-26 12:56:46,808 - root - ERROR - [nan nan nan nan nan nan nan nan nan nan nan nan nan nan nan nan nan nan
 nan nan nan nan nan nan nan nan nan nan nan nan nan nan nan nan nan nan
 nan nan nan nan nan nan nan nan nan nan nan nan nan nan nan nan nan nan
 nan nan nan nan nan nan nan nan nan nan nan nan nan nan nan nan nan nan
 nan]
2026-03-26 12:56:46,928 - root - ERROR - NaN value detected in oversampled model function.
2026-03-26 12:56:46,929 - root - ERROR - <ParameterSet (values: 17)>
    cont_intercept  =  3430.769959455034
    cont_slope      =  -0.5389773582218286
    iod_depth       =  -0.06760461107021098
    lsf_left_1      =  2.3964539093445416
    lsf_left_2      =  -16.89734385621109
    lsf_left_3      =  9.351212493455062
    lsf_left_4      =  -3.366141841387577
    lsf_left_5      =  0.5896445776073256
    lsf_right1      =  7.060714992359492
    lsf_right2      =  -13.379557901243412
    lsf_right3      =  1.5691255710448995
    lsf_right4      =  -3.938942238028737
    lsf_right5      =  1.0511715393872705
    tem_depth       =  -0.0456223020689933
    velocity        =  -41550.02008569048
    wave_intercept  =  6166.075841953932
    wave_slope      =  0.008580401899220937
2026-03-26 12:56:46,930 - root - ERROR - Evaluated LSF:
2026-03-26 12:56:46,931 - root - ERROR - [nan nan nan nan nan nan nan nan nan nan nan nan nan nan nan nan nan nan
 nan nan nan nan nan nan nan nan nan nan nan nan nan nan nan nan nan nan
 nan nan nan nan nan nan nan nan nan nan nan nan nan nan nan nan nan nan
 nan nan nan nan nan nan nan nan nan nan nan nan nan nan nan nan nan nan
 nan]
2026-03-26 12:56:47,076 - root - ERROR - NaN value detected in oversampled model function.
2026-03-26 12:56:47,077 - root - ERROR - <ParameterSet (values: 17)>
    cont_intercept  =  3067.5775503606633
    cont_slope      =  2.7710608677981896
    iod_depth       =  -0.10817024463275393
    lsf_left_1      =  4.800608018740481
    lsf_left_2      =  -10.85389441888562
    lsf_left_3      =  4.9229977027402985
    lsf_left_4      =  -2.8227063643325248
    lsf_left_5      =  0.17149131715571467
    lsf_right1      =  2.599282803164108
    lsf_right2      =  -12.664539126338479
    lsf_right3      =  3.901771902696041
    lsf_right4      =  -2.8992497324906523
    lsf_right5      =  0.5373635719135764
    tem_depth       =  0.9999423350984591
    velocity        =  -252241.3073067972
    wave_intercept  =  6171.146742908436
    wave_slope      =  0.018035516328392728
2026-03-26 12:56:47,079 - root - ERROR - Evaluated LSF:
2026-03-26 12:56:47,080 - root - ERROR - [nan nan nan nan nan nan nan nan nan nan nan nan nan nan nan nan nan nan
 nan nan nan nan nan nan nan nan nan nan nan nan nan nan nan nan nan nan
 nan nan nan nan nan nan nan nan nan nan nan nan nan nan nan nan nan nan
 nan nan nan nan nan nan nan nan nan nan nan nan nan nan nan nan nan nan
 nan]
2026-03-26 12:56:47,097 - root - ERROR - NaN value detected in oversampled model function.
2026-03-26 12:56:47,098 - root - ERROR - <ParameterSet (values: 17)>
    cont_intercept  =  3687.588798791547
    cont_slope      =  1.3446241046898595
    iod_depth       =  0.48531455689693703
    lsf_left_1      =  6.636114355030575
    lsf_left_2      =  -14.544158542774671
    lsf_left_3      =  1.9510081770692755
    lsf_left_4      =  -2.0580617012584357
    lsf_left_5      =  1.1565340508868394
    lsf_right1      =  1.5226181350530494
    lsf_right2      =  -15.626999903607937
    lsf_right3      =  3.391975967689874
    lsf_right4      =  -3.7948999155074183
    lsf_right5      =  0.5904995281812018
    tem_depth       =  0.9961469218135309
    velocity        =  -255435.97256105853
    wave_intercept  =  6173.625975112127
    wave_slope      =  0.017970394867899406
2026-03-26 12:56:47,099 - root - ERROR - Evaluated LSF:
2026-03-26 12:56:47,100 - root - ERROR - [nan nan nan nan nan nan nan nan nan nan nan nan nan nan nan nan nan nan
 nan nan nan nan nan nan nan nan nan nan nan nan nan nan nan nan nan nan
 nan nan nan nan nan nan nan nan nan nan nan nan nan nan nan nan nan nan
 nan nan nan nan nan nan nan nan nan nan nan nan nan nan nan nan nan nan
 nan]
2026-03-26 12:56:48,231 - root - ERROR - Chunk 519: No Data! Returning LmfitResult with None.
2026-03-26 12:56:48,370 - root - ERROR - NaN value detected in oversampled model function.
2026-03-26 12:56:48,371 - root - ERROR - <ParameterSet (values: 17)>
    cont_intercept  =  3768.0031451701007
    cont_slope      =  0.06335367024537736
    iod_depth       =  0.23151702084781728
    lsf_left_1      =  8.579413755394445
    lsf_left_2      =  -13.285879667165542
    lsf_left_3      =  2.531741257761359
    lsf_left_4      =  -3.9137913909970163
    lsf_left_5      =  0.16183543316470206
    lsf_right1      =  1.6367700983065245
    lsf_right2      =  -13.194291660726833
    lsf_right3      =  3.584866756984151
    lsf_right4      =  -3.3798488225346937
    lsf_right5      =  0.25369730299085325
    tem_depth       =  0.9999545276757873
    velocity        =  -251974.44308953016
    wave_intercept  =  6199.674188688447
    wave_slope      =  0.015716938584994202
2026-03-26 12:56:48,372 - root - ERROR - Evaluated LSF:
2026-03-26 12:56:48,373 - root - ERROR - [nan nan nan nan nan nan nan nan nan nan nan nan nan nan nan nan nan nan
 nan nan nan nan nan nan nan nan nan nan nan nan nan nan nan nan nan nan
 nan nan nan nan nan nan nan nan nan nan nan nan nan nan nan nan nan nan
 nan nan nan nan nan nan nan nan nan nan nan nan nan nan nan nan nan nan
 nan]
2026-03-26 12:56:49,031 - root - ERROR - NaN value detected in oversampled model function.
2026-03-26 12:56:49,032 - root - ERROR - <ParameterSet (values: 17)>
    cont_intercept  =  2825.759938332937
    cont_slope      =  6.329363390417965
    iod_depth       =  0.5788960659135811
    lsf_left_1      =  3.224033403045761
    lsf_left_2      =  -15.279428021327158
    lsf_left_3      =  5.541187783448208
    lsf_left_4      =  -1.624940526204476
    lsf_left_5      =  0.4007546723040416
    lsf_right1      =  7.923873178675802
    lsf_right2      =  -17.443565080546204
    lsf_right3      =  9.628724279660805
    lsf_right4      =  -3.1765966549724256
    lsf_right5      =  0.5471218424507808
    tem_depth       =  0.9998335831786817
    velocity        =  -253208.72700757228
    wave_intercept  =  6216.6805737821205
    wave_slope      =  0.01962493941079491
2026-03-26 12:56:49,033 - root - ERROR - Evaluated LSF:
2026-03-26 12:56:49,034 - root - ERROR - [nan nan nan nan nan nan nan nan nan nan nan nan nan nan nan nan nan nan
 nan nan nan nan nan nan nan nan nan nan nan nan nan nan nan nan nan nan
 nan nan nan nan nan nan nan nan nan nan nan nan nan nan nan nan nan nan
 nan nan nan nan nan nan nan nan nan nan nan nan nan nan nan nan nan nan
 nan]
2026-03-26 12:56:49,230 - root - ERROR - Chunk 529: No Data! Returning LmfitResult with None.
2026-03-26 12:56:49,245 - root - ERROR - NaN value detected in oversampled model function.
2026-03-26 12:56:49,247 - root - ERROR - <ParameterSet (values: 17)>
    cont_intercept  =  3132.160328690163
    cont_slope      =  0.8620234626243269
    iod_depth       =  0.22842613163831693
    lsf_left_1      =  2.9389021082030986
    lsf_left_2      =  -13.02731842085224
    lsf_left_3      =  2.942688850323809
    lsf_left_4      =  -3.9789508065172483
    lsf_left_5      =  1.0187604234546996
    lsf_right1      =  4.094458870373181
    lsf_right2      =  -11.61041900943898
    lsf_right3      =  4.305672294205302
    lsf_right4      =  -3.141950483222862
    lsf_right5      =  0.17187072409680623
    tem_depth       =  0.9999996059531069
    velocity        =  -251951.53207902802
    wave_intercept  =  6226.925298774423
    wave_slope      =  0.018854814658480004
2026-03-26 12:56:49,248 - root - ERROR - Evaluated LSF:
2026-03-26 12:56:49,249 - root - ERROR - [nan nan nan nan nan nan nan nan nan nan nan nan nan nan nan nan nan nan
 nan nan nan nan nan nan nan nan nan nan nan nan nan nan nan nan nan nan
 nan nan nan nan nan nan nan nan nan nan nan nan nan nan nan nan nan nan
 nan nan nan nan nan nan nan nan nan nan nan nan nan nan nan nan nan nan
 nan]
2026-03-26 12:56:49,436 - root - ERROR - NaN value detected in oversampled model function.
2026-03-26 12:56:49,438 - root - ERROR - <ParameterSet (values: 17)>
    cont_intercept  =  3353.7392309054003
    cont_slope      =  2.9228977856459717
    iod_depth       =  -0.22728025976547195
    lsf_left_1      =  1.6325550456293099
    lsf_left_2      =  -11.158355879561897
    lsf_left_3      =  5.970213789488313
    lsf_left_4      =  -3.5993819663110886
    lsf_left_5      =  0.8209107962309662
    lsf_right1      =  2.3961138145186816
    lsf_right2      =  -15.86578849903712
    lsf_right3      =  5.938463161209014
    lsf_right4      =  -3.9489350447210914
    lsf_right5      =  0.24255011934331394
    tem_depth       =  0.998939882078103
    velocity        =  -251076.4712986528
    wave_intercept  =  6234.024791380881
    wave_slope      =  0.01822105255854187
2026-03-26 12:56:49,439 - root - ERROR - Evaluated LSF:
2026-03-26 12:56:49,440 - root - ERROR - [nan nan nan nan nan nan nan nan nan nan nan nan nan nan nan nan nan nan
 nan nan nan nan nan nan nan nan nan nan nan nan nan nan nan nan nan nan
 nan nan nan nan nan nan nan nan nan nan nan nan nan nan nan nan nan nan
 nan nan nan nan nan nan nan nan nan nan nan nan nan nan nan nan nan nan
 nan]
2026-03-26 12:56:50,599 - root - ERROR - NaN value detected in oversampled model function.
2026-03-26 12:56:50,600 - root - ERROR - <ParameterSet (values: 17)>
    cont_intercept  =  3687.5982203363333
    cont_slope      =  0.09743599107511443
    iod_depth       =  -0.5885640850060453
    lsf_left_1      =  2.1086217259006075
    lsf_left_2      =  -12.555959633898159
    lsf_left_3      =  4.177522602819862
    lsf_left_4      =  -2.983214214033614
    lsf_left_5      =  0.1368858681077471
    lsf_right1      =  1.5648517860153714
    lsf_right2      =  -13.712269344000253
    lsf_right3      =  4.374976670562462
    lsf_right4      =  -1.4599469698531289
    lsf_right5      =  0.49918106026771086
    tem_depth       =  0.9999279390456529
    velocity        =  -252166.2122748816
    wave_intercept  =  6258.812010924894
    wave_slope      =  0.016375711720152033
2026-03-26 12:56:50,601 - root - ERROR - Evaluated LSF:
2026-03-26 12:56:50,603 - root - ERROR - [nan nan nan nan nan nan nan nan nan nan nan nan nan nan nan nan nan nan
 nan nan nan nan nan nan nan nan nan nan nan nan nan nan nan nan nan nan
 nan nan nan nan nan nan nan nan nan nan nan nan nan nan nan nan nan nan
 nan nan nan nan nan nan nan nan nan nan nan nan nan nan nan nan nan nan
 nan]
2026-03-26 12:56:50,793 - root - ERROR - NaN value detected in oversampled model function.
2026-03-26 12:56:50,795 - root - ERROR - <ParameterSet (values: 17)>
    cont_intercept  =  3786.5458342587813
    cont_slope      =  -1.1944129154718033
    iod_depth       =  0.1998535213351326
    lsf_left_1      =  1.8145759578566534
    lsf_left_2      =  -12.059080794946356
    lsf_left_3      =  9.806392162557529
    lsf_left_4      =  -3.3557279520195795
    lsf_left_5      =  0.4115271084304149
    lsf_right1      =  1.6026920201815293
    lsf_right2      =  -12.754449337119175
    lsf_right3      =  3.683479192103125
    lsf_right4      =  -3.2975765003016746
    lsf_right5      =  0.46811171064218465
    tem_depth       =  0.9998172624641838
    velocity        =  -252235.25479071683
    wave_intercept  =  6262.882026020923
    wave_slope      =  0.01598258981188859
2026-03-26 12:56:50,796 - root - ERROR - Evaluated LSF:
2026-03-26 12:56:50,797 - root - ERROR - [nan nan nan nan nan nan nan nan nan nan nan nan nan nan nan nan nan nan
 nan nan nan nan nan nan nan nan nan nan nan nan nan nan nan nan nan nan
 nan nan nan nan nan nan nan nan nan nan nan nan nan nan nan nan nan nan
 nan nan nan nan nan nan nan nan nan nan nan nan nan nan nan nan nan nan
 nan]
2026-03-26 12:56:50,815 - root - ERROR - NaN value detected in oversampled model function.
2026-03-26 12:56:50,816 - root - ERROR - <ParameterSet (values: 17)>
    cont_intercept  =  3625.2618914163686
    cont_slope      =  -2.7097923006514875
    iod_depth       =  0.16123231122869933
    lsf_left_1      =  2.429525157288531
    lsf_left_2      =  -15.785554201406624
    lsf_left_3      =  1.6866618651001575
    lsf_left_4      =  -3.365793193499779
    lsf_left_5      =  0.8923535899882561
    lsf_right1      =  2.0022745540022644
    lsf_right2      =  -11.144889502211253
    lsf_right3      =  5.269554204095582
    lsf_right4      =  -2.7687026163458484
    lsf_right5      =  0.775111770639067
    tem_depth       =  0.9999221893889406
    velocity        =  -251916.63947427706
    wave_intercept  =  6264.9772513714715
    wave_slope      =  0.015902603094178992
2026-03-26 12:56:50,817 - root - ERROR - Evaluated LSF:
2026-03-26 12:56:50,818 - root - ERROR - [nan nan nan nan nan nan nan nan nan nan nan nan nan nan nan nan nan nan
 nan nan nan nan nan nan nan nan nan nan nan nan nan nan nan nan nan nan
 nan nan nan nan nan nan nan nan nan nan nan nan nan nan nan nan nan nan
 nan nan nan nan nan nan nan nan nan nan nan nan nan nan nan nan nan nan
 nan]
2026-03-26 12:56:50,835 - root - ERROR - NaN value detected in oversampled model function.
2026-03-26 12:56:50,837 - root - ERROR - <ParameterSet (values: 17)>
    cont_intercept  =  3890.655743557953
    cont_slope      =  2.256131861476919
    iod_depth       =  0.4666891681117873
    lsf_left_1      =  3.588026878481079
    lsf_left_2      =  -11.285601140187246
    lsf_left_3      =  1.1334454571835073
    lsf_left_4      =  -0.613443399503931
    lsf_left_5      =  0.22036398049387218
    lsf_right1      =  6.422150187334579
    lsf_right2      =  -17.36901527360688
    lsf_right3      =  2.729682584503048
    lsf_right4      =  -3.2860095273330914
    lsf_right5      =  1.2046608584227088
    tem_depth       =  1.0000462801953391
    velocity        =  -252052.5023515907
    wave_intercept  =  6267.068989857254
    wave_slope      =  0.015705272560734278
2026-03-26 12:56:50,838 - root - ERROR - Evaluated LSF:
2026-03-26 12:56:50,839 - root - ERROR - [nan nan nan nan nan nan nan nan nan nan nan nan nan nan nan nan nan nan
 nan nan nan nan nan nan nan nan nan nan nan nan nan nan nan nan nan nan
 nan nan nan nan nan nan nan nan nan nan nan nan nan nan nan nan nan nan
 nan nan nan nan nan nan nan nan nan nan nan nan nan nan nan nan nan nan
 nan]
2026-03-26 12:56:50,844 - root - ERROR - Chunk 549: No Data! Returning LmfitResult with None.
2026-03-26 12:56:51,128 - root - ERROR - NaN value detected in oversampled model function.
2026-03-26 12:56:51,134 - root - ERROR - <ParameterSet (values: 17)>
    cont_intercept  =  2438.249064451493
    cont_slope      =  0.661438733991167
    iod_depth       =  0.27517731179353044
    lsf_left_1      =  3.058729733126132
    lsf_left_2      =  -11.628810428773065
    lsf_left_3      =  4.605797055780487
    lsf_left_4      =  -2.6749559129773814
    lsf_left_5      =  0.34323605650946143
    lsf_right1      =  1.8629456493291223
    lsf_right2      =  -12.159579057257472
    lsf_right3      =  4.749959055779987
    lsf_right4      =  -2.460137950705115
    lsf_right5      =  0.46496839985123006
    tem_depth       =  0.9999431794059929
    velocity        =  -252038.70540344418
    wave_intercept  =  6280.915852159438
    wave_slope      =  0.01956214019885042
2026-03-26 12:56:51,136 - root - ERROR - Evaluated LSF:
2026-03-26 12:56:51,137 - root - ERROR - [nan nan nan nan nan nan nan nan nan nan nan nan nan nan nan nan nan nan
 nan nan nan nan nan nan nan nan nan nan nan nan nan nan nan nan nan nan
 nan nan nan nan nan nan nan nan nan nan nan nan nan nan nan nan nan nan
 nan nan nan nan nan nan nan nan nan nan nan nan nan nan nan nan nan nan
 nan]
2026-03-26 12:56:51,766 - root - ERROR - Chunk 557: No Data! Returning LmfitResult with None.
2026-03-26 12:56:52,468 - root - ERROR - NaN value detected in oversampled model function.
2026-03-26 12:56:52,470 - root - ERROR - <ParameterSet (values: 17)>
    cont_intercept  =  4109.3274651120355
    cont_slope      =  -0.5391794910171446
    iod_depth       =  -0.11116925411830825
    lsf_left_1      =  2.5835932684546337
    lsf_left_2      =  -17.231503192873788
    lsf_left_3      =  1.5093631232726525
    lsf_left_4      =  -3.958508323865802
    lsf_left_5      =  0.5405084428772309
    lsf_right1      =  7.38670427343884
    lsf_right2      =  -16.599794979415197
    lsf_right3      =  1.385999080500317
    lsf_right4      =  -2.4780082561752304
    lsf_right5      =  0.17047091606566223
    tem_depth       =  0.00884961872890329
    velocity        =  -88069.62636972641
    wave_intercept  =  6314.483471612659
    wave_slope      =  0.0023235128124323746
2026-03-26 12:56:52,471 - root - ERROR - Evaluated LSF:
2026-03-26 12:56:52,472 - root - ERROR - [nan nan nan nan nan nan nan nan nan nan nan nan nan nan nan nan nan nan
 nan nan nan nan nan nan nan nan nan nan nan nan nan nan nan nan nan nan
 nan nan nan nan nan nan nan nan nan nan nan nan nan nan nan nan nan nan
 nan nan nan nan nan nan nan nan nan nan nan nan nan nan nan nan nan nan
 nan]
2026-03-26 12:56:53,041 - root - ERROR - NaN value detected in oversampled model function.
2026-03-26 12:56:53,042 - root - ERROR - <ParameterSet (values: 17)>
    cont_intercept  =  3895.6108438086576
    cont_slope      =  -0.08334979626406344
    iod_depth       =  0.23616006793575806
    lsf_left_1      =  1.6957539050187527
    lsf_left_2      =  -14.470905317555436
    lsf_left_3      =  3.462391411428325
    lsf_left_4      =  -2.482524134343331
    lsf_left_5      =  1.1854729462600313
    lsf_right1      =  4.838542013006487
    lsf_right2      =  -10.226544531825782
    lsf_right3      =  5.455502636625366
    lsf_right4      =  -2.6774513428726876
    lsf_right5      =  0.2246934662182251
    tem_depth       =  0.9999698243007069
    velocity        =  -252113.45504523558
    wave_intercept  =  6325.464955535258
    wave_slope      =  0.016329552531218743
2026-03-26 12:56:53,044 - root - ERROR - Evaluated LSF:
2026-03-26 12:56:53,045 - root - ERROR - [nan nan nan nan nan nan nan nan nan nan nan nan nan nan nan nan nan nan
 nan nan nan nan nan nan nan nan nan nan nan nan nan nan nan nan nan nan
 nan nan nan nan nan nan nan nan nan nan nan nan nan nan nan nan nan nan
 nan nan nan nan nan nan nan nan nan nan nan nan nan nan nan nan nan nan
 nan]
2026-03-26 12:56:53,319 - root - ERROR - NaN value detected in oversampled model function.
2026-03-26 12:56:53,320 - root - ERROR - <ParameterSet (values: 17)>
    cont_intercept  =  3594.861854403667
    cont_slope      =  -0.579934376483769
    iod_depth       =  -0.008307359451642654
    lsf_left_1      =  2.925702041134964
    lsf_left_2      =  -11.963690064075074
    lsf_left_3      =  4.616254452625025
    lsf_left_4      =  -2.4428692970158363
    lsf_left_5      =  0.5562999566344384
    lsf_right1      =  3.011568306616116
    lsf_right2      =  -12.04197028422665
    lsf_right3      =  4.373848368369252
    lsf_right4      =  -2.696952342458689
    lsf_right5      =  0.5026288578887197
    tem_depth       =  0.9999340377869901
    velocity        =  -251853.21757288932
    wave_intercept  =  6331.725908660591
    wave_slope      =  0.015771174601583882
2026-03-26 12:56:53,322 - root - ERROR - Evaluated LSF:
2026-03-26 12:56:53,323 - root - ERROR - [nan nan nan nan nan nan nan nan nan nan nan nan nan nan nan nan nan nan
 nan nan nan nan nan nan nan nan nan nan nan nan nan nan nan nan nan nan
 nan nan nan nan nan nan nan nan nan nan nan nan nan nan nan nan nan nan
 nan nan nan nan nan nan nan nan nan nan nan nan nan nan nan nan nan nan
 nan]
2026-03-26 12:56:53,345 - root - ERROR - NaN value detected in oversampled model function.
2026-03-26 12:56:53,346 - root - ERROR - <ParameterSet (values: 17)>
    cont_intercept  =  3518.8209552435515
    cont_slope      =  -2.597133716947155
    iod_depth       =  0.6475699501073566
    lsf_left_1      =  4.251737633288384
    lsf_left_2      =  -17.03303073213024
    lsf_left_3      =  1.4192201062243301
    lsf_left_4      =  -3.137871131837996
    lsf_left_5      =  0.15468986735874368
    lsf_right1      =  1.5717421346950486
    lsf_right2      =  -16.673159583606783
    lsf_right3      =  9.728766845505838
    lsf_right4      =  -3.7541489214082087
    lsf_right5      =  0.3404654169185232
    tem_depth       =  0.9974829123116261
    velocity        =  -252157.0923653178
    wave_intercept  =  6333.707201423868
    wave_slope      =  0.015719733498648265
2026-03-26 12:56:53,348 - root - ERROR - Evaluated LSF:
2026-03-26 12:56:53,349 - root - ERROR - [nan nan nan nan nan nan nan nan nan nan nan nan nan nan nan nan nan nan
 nan nan nan nan nan nan nan nan nan nan nan nan nan nan nan nan nan nan
 nan nan nan nan nan nan nan nan nan nan nan nan nan nan nan nan nan nan
 nan nan nan nan nan nan nan nan nan nan nan nan nan nan nan nan nan nan
 nan]
2026-03-26 12:56:57,510 - root - ERROR - NaN value detected in iodine function.
2026-03-26 12:56:57,512 - root - ERROR - Chunk could not be plotted
Traceback (most recent call last):
  File "/Users/jaklusmeyer/SONG/pyodine/pyodine/plot_lib.py", line 62, in plot_chunkmodel
    sp = fit_results[chunk_nr].fitted_spectrum
  File "/Users/jaklusmeyer/SONG/pyodine/pyodine/fitters/base.py", line 45, in fitted_spectrum
    return self.model.eval_spectrum(self.chunk, self.params, chunk_ind=self.chunk_ind)
  File "/Users/jaklusmeyer/SONG/pyodine/pyodine/models/base.py", line 79, in eval_spectrum
    flux = self.eval(chunk, params, chunk_ind=chunk_ind, **kwargs)
  File "/Users/jaklusmeyer/SONG/pyodine/pyodine/models/spectrum.py", line 138, in eval
    tck = splrep(tem.wave * doppler, flux_tem, s=0)
  File "/Users/jaklusmeyer/miniconda/envs/pyodine_env/lib/python3.9/site-packages/scipy/interpolate/_fitpack_py.py", line 295, in splrep
    res = _impl.splrep(x, y, w, xb, xe, k, task, s, t, full_output, per, quiet)
  File "/Users/jaklusmeyer/miniconda/envs/pyodine_env/lib/python3.9/site-packages/scipy/interpolate/_fitpack_impl.py", line 276, in splrep
    n, c, fp, ier = dfitpack.curfit(task, x, y, w, t, wrk, iwrk,
dfitpack.error: (xb<=x[0]) failed for 1st keyword xb: curfit:xb=nan
2026-03-26 12:56:58,792 - root - ERROR - NaN value detected in iodine function.
2026-03-26 12:56:58,794 - root - ERROR - Chunk could not be plotted
Traceback (most recent call last):
  File "/Users/jaklusmeyer/SONG/pyodine/pyodine/plot_lib.py", line 62, in plot_chunkmodel
    sp = fit_results[chunk_nr].fitted_spectrum
  File "/Users/jaklusmeyer/SONG/pyodine/pyodine/fitters/base.py", line 45, in fitted_spectrum
    return self.model.eval_spectrum(self.chunk, self.params, chunk_ind=self.chunk_ind)
  File "/Users/jaklusmeyer/SONG/pyodine/pyodine/models/base.py", line 79, in eval_spectrum
    flux = self.eval(chunk, params, chunk_ind=chunk_ind, **kwargs)
  File "/Users/jaklusmeyer/SONG/pyodine/pyodine/models/spectrum.py", line 138, in eval
    tck = splrep(tem.wave * doppler, flux_tem, s=0)
  File "/Users/jaklusmeyer/miniconda/envs/pyodine_env/lib/python3.9/site-packages/scipy/interpolate/_fitpack_py.py", line 295, in splrep
    res = _impl.splrep(x, y, w, xb, xe, k, task, s, t, full_output, per, quiet)
  File "/Users/jaklusmeyer/miniconda/envs/pyodine_env/lib/python3.9/site-packages/scipy/interpolate/_fitpack_impl.py", line 276, in splrep
    n, c, fp, ier = dfitpack.curfit(task, x, y, w, t, wrk, iwrk,
dfitpack.error: (xb<=x[0]) failed for 1st keyword xb: curfit:xb=nan
