INFO - 
INFO - Branch: master
INFO - Hash: c2a71ac
INFO - ---------------------------
INFO - Working on: /Users/jaklusmeyer/SONG/reduce/UT260216/sciencestar/Arcturus_ec.0275.fits
INFO - 
INFO - Median flux of the observation: 13336
INFO - Loading template from file: /Users/jaklusmeyer/SONG/pyodine/atlas/Pepsi_Arcturus_atlas_260216_v005.h5
INFO - 
INFO - Order correction: 0
INFO - 
INFO - Measured velocity rel. to reference spectrum: -25.127 km/s
INFO - Template velocity: 0.083 km/s
INFO - Velocity guess: -25.209 km/s (relative to template)

INFO - (Barycentric velocity of observation: 20.115 km/s)
INFO - (Barycentric velocity of template: 0.000 km/s)

INFO - 
INFO - Barycentric redshift between template and observation: 
INFO - v = -20114.9910469794, z = -6.709638788504613e-05

INFO - Startpixel (order 15, chunk 29): -7
INFO - -> Correcting to 0.
INFO - Startpixel (order 16, chunk 68): -7
INFO - -> Correcting to 0.
INFO - Startpixel (order 17, chunk 107): -7
INFO - -> Correcting to 0.
INFO - Startpixel (order 18, chunk 146): -7
INFO - -> Correcting to 0.
INFO - Startpixel (order 19, chunk 185): -7
INFO - -> Correcting to 0.
INFO - Startpixel (order 20, chunk 224): -8
INFO - -> Correcting to 0.
INFO - Startpixel (order 21, chunk 263): -7
INFO - -> Correcting to 0.
INFO - Startpixel (order 22, chunk 302): -7
INFO - -> Correcting to 0.
INFO - Startpixel (order 23, chunk 341): -7
INFO - -> Correcting to 0.
INFO - Startpixel (order 24, chunk 380): -8
INFO - -> Correcting to 0.
INFO - Startpixel (order 25, chunk 419): -7
INFO - -> Correcting to 0.
INFO - Startpixel (order 26, chunk 458): -7
INFO - -> Correcting to 0.
INFO - Startpixel (order 27, chunk 497): -7
INFO - -> Correcting to 0.
INFO - Startpixel (order 28, chunk 536): -7
INFO - -> Correcting to 0.
INFO - Startpixel (order 29, chunk 575): -7
INFO - -> Correcting to 0.
INFO - Startpixel (order 30, chunk 614): -7
INFO - -> Correcting to 0.
INFO - Startpixel (order 31, chunk 653): -7
INFO - -> Correcting to 0.
INFO - Startpixel (order 32, chunk 692): -7
INFO - -> Correcting to 0.
INFO - Startpixel (order 33, chunk 731): -7
INFO - -> Correcting to 0.
INFO - Startpixel (order 34, chunk 770): -7
INFO - -> Correcting to 0.
INFO - Startpixel (order 35, chunk 809): -7
INFO - -> Correcting to 0.
INFO - Startpixel (order 36, chunk 848): -7
INFO - -> Correcting to 0.
INFO - Startpixel (order 37, chunk 887): -7
INFO - -> Correcting to 0.
INFO - Startpixel (order 38, chunk 926): -7
INFO - -> Correcting to 0.
INFO - Startpixel (order 39, chunk 965): -7
INFO - -> Correcting to 0.
INFO - Startpixel (order 40, chunk 1004): -6
INFO - -> Correcting to 0.
INFO - Startpixel (order 41, chunk 1043): -6
INFO - -> Correcting to 0.
INFO - Startpixel (order 42, chunk 1082): -7
INFO - -> Correcting to 0.
INFO - Startpixel (order 43, chunk 1121): -7
INFO - -> Correcting to 0.
INFO - Startpixel (order 44, chunk 1160): -7
INFO - -> Correcting to 0.
INFO - Startpixel (order 45, chunk 1199): -6
INFO - -> Correcting to 0.
INFO - Startpixel (order 46, chunk 1238): -7
INFO - -> Correcting to 0.
INFO - 
INFO - Total number of chunks: 1254
INFO - Nr. chunks in order 0: 29
INFO - First and last covered pixel of chunks in order 0: 1192, 4663
INFO - Orders: 14 - 46 (33 in total)
INFO - 
INFO - ----------------------
INFO - RUN 0
INFO - ----------------------
INFO - 
INFO - Constraining parameters for RUN 0
ERROR - Chunk 0: No Data! Returning LmfitResult with None.
ERROR - Chunk 1: No Data! Returning LmfitResult with None.
ERROR - Chunk 2: No Data! Returning LmfitResult with None.
ERROR - Chunk 3: No Data! Returning LmfitResult with None.
ERROR - Chunk 4: No Data! Returning LmfitResult with None.
ERROR - Chunk 5: No Data! Returning LmfitResult with None.
ERROR - Chunk 6: No Data! Returning LmfitResult with None.
ERROR - Chunk 7: No Data! Returning LmfitResult with None.
ERROR - Chunk 8: No Data! Returning LmfitResult with None.
ERROR - Chunk 9: No Data! Returning LmfitResult with None.
ERROR - Chunk 10: No Data! Returning LmfitResult with None.
ERROR - Chunk 11: No Data! Returning LmfitResult with None.
ERROR - Chunk 12: No Data! Returning LmfitResult with None.
ERROR - Chunk 13: No Data! Returning LmfitResult with None.
ERROR - Chunk 14: No Data! Returning LmfitResult with None.
ERROR - Chunk 15: No Data! Returning LmfitResult with None.
ERROR - Chunk 16: No Data! Returning LmfitResult with None.
ERROR - Chunk 17: No Data! Returning LmfitResult with None.
ERROR - Chunk 18: No Data! Returning LmfitResult with None.
ERROR - Chunk 19: No Data! Returning LmfitResult with None.
ERROR - Chunk 20: No Data! Returning LmfitResult with None.
ERROR - Chunk 21: No Data! Returning LmfitResult with None.
ERROR - Chunk 22: No Data! Returning LmfitResult with None.
ERROR - Chunk 23: No Data! Returning LmfitResult with None.
ERROR - Chunk 24: No Data! Returning LmfitResult with None.
ERROR - Chunk 25: No Data! Returning LmfitResult with None.
ERROR - Chunk 26: No Data! Returning LmfitResult with None.
ERROR - Chunk 27: No Data! Returning LmfitResult with None.
ERROR - Chunk 28: No Data! Returning LmfitResult with None.
ERROR - Chunk 29: No Data! Returning LmfitResult with None.
ERROR - Chunk 30: No Data! Returning LmfitResult with None.
ERROR - Chunk 31: No Data! Returning LmfitResult with None.
ERROR - Chunk 32: No Data! Returning LmfitResult with None.
ERROR - Chunk 33: No Data! Returning LmfitResult with None.
ERROR - Chunk 34: No Data! Returning LmfitResult with None.
ERROR - Chunk 35: No Data! Returning LmfitResult with None.
ERROR - Chunk 36: No Data! Returning LmfitResult with None.
ERROR - Chunk 37: No Data! Returning LmfitResult with None.
ERROR - Chunk 38: No Data! Returning LmfitResult with None.
ERROR - Chunk 39: No Data! Returning LmfitResult with None.
ERROR - Chunk 40: No Data! Returning LmfitResult with None.
ERROR - Chunk 41: No Data! Returning LmfitResult with None.
ERROR - Chunk 42: No Data! Returning LmfitResult with None.
ERROR - Chunk 43: No Data! Returning LmfitResult with None.
ERROR - Chunk 44: No Data! Returning LmfitResult with None.
ERROR - Chunk 45: No Data! Returning LmfitResult with None.
ERROR - Chunk 46: No Data! Returning LmfitResult with None.
ERROR - Chunk 47: No Data! Returning LmfitResult with None.
ERROR - Chunk 48: No Data! Returning LmfitResult with None.
ERROR - Chunk 49: No Data! Returning LmfitResult with None.
ERROR - Chunk 50: No Data! Returning LmfitResult with None.
ERROR - Chunk 51: No Data! Returning LmfitResult with None.
ERROR - Chunk 52: No Data! Returning LmfitResult with None.
ERROR - Chunk 53: No Data! Returning LmfitResult with None.
ERROR - Chunk 54: No Data! Returning LmfitResult with None.
ERROR - Chunk 55: No Data! Returning LmfitResult with None.
ERROR - Chunk 56: No Data! Returning LmfitResult with None.
ERROR - Chunk 57: No Data! Returning LmfitResult with None.
ERROR - Chunk 58: No Data! Returning LmfitResult with None.
ERROR - Chunk 59: No Data! Returning LmfitResult with None.
ERROR - Chunk 60: No Data! Returning LmfitResult with None.
ERROR - Chunk 61: No Data! Returning LmfitResult with None.
ERROR - Chunk 62: No Data! Returning LmfitResult with None.
ERROR - Chunk 63: No Data! Returning LmfitResult with None.
ERROR - Chunk 64: No Data! Returning LmfitResult with None.
ERROR - Chunk 65: No Data! Returning LmfitResult with None.
ERROR - Chunk 66: No Data! Returning LmfitResult with None.
ERROR - Chunk 67: No Data! Returning LmfitResult with None.
ERROR - Chunk 68: No Data! Returning LmfitResult with None.
ERROR - Chunk 69: No Data! Returning LmfitResult with None.
ERROR - Chunk 70: No Data! Returning LmfitResult with None.
ERROR - Chunk 71: No Data! Returning LmfitResult with None.
ERROR - Chunk 72: No Data! Returning LmfitResult with None.
ERROR - Chunk 73: No Data! Returning LmfitResult with None.
ERROR - Chunk 74: No Data! Returning LmfitResult with None.
ERROR - Chunk 75: No Data! Returning LmfitResult with None.
ERROR - Chunk 76: No Data! Returning LmfitResult with None.
ERROR - Chunk 77: No Data! Returning LmfitResult with None.
ERROR - Chunk 78: No Data! Returning LmfitResult with None.
ERROR - Chunk 79: No Data! Returning LmfitResult with None.
ERROR - Chunk 80: No Data! Returning LmfitResult with None.
ERROR - Chunk 81: No Data! Returning LmfitResult with None.
ERROR - Chunk 82: No Data! Returning LmfitResult with None.
ERROR - Chunk 83: No Data! Returning LmfitResult with None.
ERROR - Chunk 84: No Data! Returning LmfitResult with None.
ERROR - Chunk 85: No Data! Returning LmfitResult with None.
ERROR - Chunk 86: No Data! Returning LmfitResult with None.
ERROR - Chunk 87: No Data! Returning LmfitResult with None.
ERROR - Chunk 88: No Data! Returning LmfitResult with None.
ERROR - Chunk 89: No Data! Returning LmfitResult with None.
ERROR - Chunk 90: No Data! Returning LmfitResult with None.
ERROR - Chunk 91: No Data! Returning LmfitResult with None.
ERROR - Chunk 92: No Data! Returning LmfitResult with None.
ERROR - Chunk 93: No Data! Returning LmfitResult with None.
ERROR - Chunk 94: No Data! Returning LmfitResult with None.
ERROR - Chunk 95: No Data! Returning LmfitResult with None.
ERROR - Chunk 96: No Data! Returning LmfitResult with None.
ERROR - Chunk 97: No Data! Returning LmfitResult with None.
ERROR - Chunk 98: No Data! Returning LmfitResult with None.
ERROR - Chunk 99: No Data! Returning LmfitResult with None.
ERROR - Chunk 100: No Data! Returning LmfitResult with None.
ERROR - Chunk 101: No Data! Returning LmfitResult with None.
ERROR - Chunk 102: No Data! Returning LmfitResult with None.
ERROR - Chunk 103: No Data! Returning LmfitResult with None.
ERROR - Chunk 104: No Data! Returning LmfitResult with None.
ERROR - Chunk 105: No Data! Returning LmfitResult with None.
ERROR - Chunk 106: No Data! Returning LmfitResult with None.
ERROR - Chunk 107: No Data! Returning LmfitResult with None.
ERROR - Chunk 108: No Data! Returning LmfitResult with None.
ERROR - Chunk 109: No Data! Returning LmfitResult with None.
ERROR - Chunk 110: No Data! Returning LmfitResult with None.
ERROR - Chunk 111: No Data! Returning LmfitResult with None.
ERROR - Chunk 112: No Data! Returning LmfitResult with None.
ERROR - Chunk 113: No Data! Returning LmfitResult with None.
ERROR - Chunk 114: No Data! Returning LmfitResult with None.
ERROR - Chunk 115: No Data! Returning LmfitResult with None.
ERROR - Chunk 116: No Data! Returning LmfitResult with None.
ERROR - Chunk 117: No Data! Returning LmfitResult with None.
ERROR - Chunk 118: No Data! Returning LmfitResult with None.
ERROR - Chunk 119: No Data! Returning LmfitResult with None.
ERROR - Chunk 120: No Data! Returning LmfitResult with None.
ERROR - Chunk 121: No Data! Returning LmfitResult with None.
ERROR - Chunk 122: No Data! Returning LmfitResult with None.
ERROR - Chunk 123: No Data! Returning LmfitResult with None.
ERROR - Chunk 124: No Data! Returning LmfitResult with None.
ERROR - Chunk 125: No Data! Returning LmfitResult with None.
ERROR - Chunk 126: No Data! Returning LmfitResult with None.
ERROR - Chunk 127: No Data! Returning LmfitResult with None.
ERROR - Chunk 128: No Data! Returning LmfitResult with None.
ERROR - Chunk 129: No Data! Returning LmfitResult with None.
ERROR - Chunk 130: No Data! Returning LmfitResult with None.
ERROR - Chunk 131: No Data! Returning LmfitResult with None.
ERROR - Chunk 132: No Data! Returning LmfitResult with None.
ERROR - Chunk 133: No Data! Returning LmfitResult with None.
ERROR - Chunk 134: No Data! Returning LmfitResult with None.
ERROR - Chunk 135: No Data! Returning LmfitResult with None.
ERROR - Chunk 136: No Data! Returning LmfitResult with None.
ERROR - Chunk 137: No Data! Returning LmfitResult with None.
ERROR - Chunk 138: No Data! Returning LmfitResult with None.
ERROR - Chunk 139: No Data! Returning LmfitResult with None.
ERROR - Chunk 140: No Data! Returning LmfitResult with None.
ERROR - Chunk 141: No Data! Returning LmfitResult with None.
ERROR - Chunk 142: No Data! Returning LmfitResult with None.
ERROR - Chunk 143: No Data! Returning LmfitResult with None.
ERROR - Chunk 144: No Data! Returning LmfitResult with None.
ERROR - Chunk 145: No Data! Returning LmfitResult with None.
ERROR - Chunk 146: No Data! Returning LmfitResult with None.
ERROR - Chunk 147: No Data! Returning LmfitResult with None.
ERROR - Chunk 148: No Data! Returning LmfitResult with None.
ERROR - Chunk 149: No Data! Returning LmfitResult with None.
ERROR - Chunk 150: No Data! Returning LmfitResult with None.
ERROR - Chunk 151: No Data! Returning LmfitResult with None.
ERROR - Chunk 152: No Data! Returning LmfitResult with None.
ERROR - Chunk 153: No Data! Returning LmfitResult with None.
ERROR - Chunk 154: No Data! Returning LmfitResult with None.
ERROR - Chunk 155: No Data! Returning LmfitResult with None.
ERROR - Chunk 156: No Data! Returning LmfitResult with None.
ERROR - Chunk 157: No Data! Returning LmfitResult with None.
ERROR - Chunk 158: No Data! Returning LmfitResult with None.
ERROR - Chunk 159: No Data! Returning LmfitResult with None.
ERROR - Chunk 160: No Data! Returning LmfitResult with None.
ERROR - Chunk 161: No Data! Returning LmfitResult with None.
ERROR - Chunk 162: No Data! Returning LmfitResult with None.
ERROR - Chunk 163: No Data! Returning LmfitResult with None.
ERROR - Chunk 164: No Data! Returning LmfitResult with None.
ERROR - Chunk 165: No Data! Returning LmfitResult with None.
ERROR - Chunk 166: No Data! Returning LmfitResult with None.
ERROR - Chunk 167: No Data! Returning LmfitResult with None.
ERROR - Chunk 168: No Data! Returning LmfitResult with None.
ERROR - Chunk 169: No Data! Returning LmfitResult with None.
ERROR - Chunk 170: No Data! Returning LmfitResult with None.
ERROR - Chunk 171: No Data! Returning LmfitResult with None.
ERROR - Chunk 172: No Data! Returning LmfitResult with None.
ERROR - Chunk 173: No Data! Returning LmfitResult with None.
ERROR - Chunk 174: No Data! Returning LmfitResult with None.
ERROR - Chunk 175: No Data! Returning LmfitResult with None.
ERROR - Chunk 176: No Data! Returning LmfitResult with None.
ERROR - Chunk 177: No Data! Returning LmfitResult with None.
ERROR - Chunk 178: No Data! Returning LmfitResult with None.
ERROR - Chunk 179: No Data! Returning LmfitResult with None.
ERROR - Chunk 180: No Data! Returning LmfitResult with None.
ERROR - Chunk 181: No Data! Returning LmfitResult with None.
ERROR - Chunk 182: No Data! Returning LmfitResult with None.
ERROR - Chunk 183: No Data! Returning LmfitResult with None.
ERROR - Chunk 184: No Data! Returning LmfitResult with None.
ERROR - Chunk 185: No Data! Returning LmfitResult with None.
ERROR - Chunk 186: No Data! Returning LmfitResult with None.
ERROR - Chunk 187: No Data! Returning LmfitResult with None.
ERROR - Chunk 188: No Data! Returning LmfitResult with None.
ERROR - Chunk 189: No Data! Returning LmfitResult with None.
ERROR - Chunk 190: No Data! Returning LmfitResult with None.
ERROR - Chunk 191: No Data! Returning LmfitResult with None.
ERROR - Chunk 192: No Data! Returning LmfitResult with None.
ERROR - Chunk 193: No Data! Returning LmfitResult with None.
ERROR - Chunk 194: No Data! Returning LmfitResult with None.
ERROR - Chunk 195: No Data! Returning LmfitResult with None.
ERROR - Chunk 196: No Data! Returning LmfitResult with None.
ERROR - Chunk 197: No Data! Returning LmfitResult with None.
ERROR - Chunk 198: No Data! Returning LmfitResult with None.
ERROR - Chunk 199: No Data! Returning LmfitResult with None.
ERROR - Chunk 200: No Data! Returning LmfitResult with None.
ERROR - Chunk 201: No Data! Returning LmfitResult with None.
ERROR - Chunk 202: No Data! Returning LmfitResult with None.
ERROR - Chunk 203: No Data! Returning LmfitResult with None.
ERROR - Chunk 204: No Data! Returning LmfitResult with None.
ERROR - Chunk 205: No Data! Returning LmfitResult with None.
ERROR - Chunk 206: No Data! Returning LmfitResult with None.
ERROR - Chunk 207: No Data! Returning LmfitResult with None.
ERROR - Chunk 208: No Data! Returning LmfitResult with None.
ERROR - Chunk 209: No Data! Returning LmfitResult with None.
ERROR - Chunk 210: No Data! Returning LmfitResult with None.
ERROR - Chunk 211: No Data! Returning LmfitResult with None.
ERROR - Chunk 212: No Data! Returning LmfitResult with None.
ERROR - Chunk 213: No Data! Returning LmfitResult with None.
ERROR - Chunk 214: No Data! Returning LmfitResult with None.
ERROR - Chunk 215: No Data! Returning LmfitResult with None.
ERROR - Chunk 216: No Data! Returning LmfitResult with None.
ERROR - Chunk 217: No Data! Returning LmfitResult with None.
ERROR - Chunk 218: No Data! Returning LmfitResult with None.
ERROR - Chunk 219: No Data! Returning LmfitResult with None.
ERROR - Chunk 220: No Data! Returning LmfitResult with None.
ERROR - Chunk 221: No Data! Returning LmfitResult with None.
ERROR - Chunk 222: No Data! Returning LmfitResult with None.
ERROR - Chunk 223: No Data! Returning LmfitResult with None.
ERROR - Chunk 224: No Data! Returning LmfitResult with None.
ERROR - Chunk 225: No Data! Returning LmfitResult with None.
ERROR - Chunk 226: No Data! Returning LmfitResult with None.
ERROR - Chunk 227: No Data! Returning LmfitResult with None.
ERROR - Chunk 228: No Data! Returning LmfitResult with None.
ERROR - Chunk 229: No Data! Returning LmfitResult with None.
ERROR - Chunk 230: No Data! Returning LmfitResult with None.
ERROR - Chunk 231: No Data! Returning LmfitResult with None.
ERROR - Chunk 232: No Data! Returning LmfitResult with None.
ERROR - Chunk 233: No Data! Returning LmfitResult with None.
ERROR - Chunk 234: No Data! Returning LmfitResult with None.
ERROR - Chunk 235: No Data! Returning LmfitResult with None.
ERROR - Chunk 236: No Data! Returning LmfitResult with None.
ERROR - Chunk 237: No Data! Returning LmfitResult with None.
ERROR - Chunk 238: No Data! Returning LmfitResult with None.
ERROR - Chunk 239: No Data! Returning LmfitResult with None.
ERROR - Chunk 240: No Data! Returning LmfitResult with None.
ERROR - Chunk 241: No Data! Returning LmfitResult with None.
ERROR - Chunk 242: No Data! Returning LmfitResult with None.
ERROR - Chunk 243: No Data! Returning LmfitResult with None.
ERROR - Chunk 244: No Data! Returning LmfitResult with None.
ERROR - Chunk 245: No Data! Returning LmfitResult with None.
ERROR - Chunk 246: No Data! Returning LmfitResult with None.
ERROR - Chunk 247: No Data! Returning LmfitResult with None.
ERROR - Chunk 248: No Data! Returning LmfitResult with None.
ERROR - Chunk 249: No Data! Returning LmfitResult with None.
ERROR - Chunk 250: No Data! Returning LmfitResult with None.
ERROR - Chunk 251: No Data! Returning LmfitResult with None.
ERROR - Chunk 252: No Data! Returning LmfitResult with None.
ERROR - Chunk 253: No Data! Returning LmfitResult with None.
ERROR - Chunk 254: No Data! Returning LmfitResult with None.
ERROR - Chunk 255: No Data! Returning LmfitResult with None.
ERROR - Chunk 256: No Data! Returning LmfitResult with None.
ERROR - Chunk 257: No Data! Returning LmfitResult with None.
ERROR - Chunk 258: No Data! Returning LmfitResult with None.
ERROR - Chunk 259: No Data! Returning LmfitResult with None.
ERROR - Chunk 260: No Data! Returning LmfitResult with None.
ERROR - Chunk 261: No Data! Returning LmfitResult with None.
ERROR - Chunk 262: No Data! Returning LmfitResult with None.
ERROR - Chunk 263: No Data! Returning LmfitResult with None.
ERROR - Chunk 264: No Data! Returning LmfitResult with None.
ERROR - Chunk 265: No Data! Returning LmfitResult with None.
ERROR - Chunk 266: No Data! Returning LmfitResult with None.
ERROR - Chunk 267: No Data! Returning LmfitResult with None.
ERROR - Chunk 268: No Data! Returning LmfitResult with None.
ERROR - Chunk 269: No Data! Returning LmfitResult with None.
ERROR - Chunk 270: No Data! Returning LmfitResult with None.
ERROR - Chunk 271: No Data! Returning LmfitResult with None.
ERROR - Chunk 272: No Data! Returning LmfitResult with None.
ERROR - Chunk 273: No Data! Returning LmfitResult with None.
ERROR - Chunk 274: No Data! Returning LmfitResult with None.
ERROR - Chunk 275: No Data! Returning LmfitResult with None.
ERROR - Chunk 276: No Data! Returning LmfitResult with None.
ERROR - Chunk 277: No Data! Returning LmfitResult with None.
ERROR - Chunk 278: No Data! Returning LmfitResult with None.
ERROR - Chunk 279: No Data! Returning LmfitResult with None.
ERROR - Chunk 280: No Data! Returning LmfitResult with None.
INFO - 
INFO - Number of chunks with no uncertainties: 0
INFO - Number of chunks with outliers: 0
INFO - Number of chunks with nan fitted red. Chi2: 281
ERROR - Polynomial fitting failed. Falling back to input values
Traceback (most recent call last):
  File "/Users/jaklusmeyer/SONG/pyodine/pyodine/lib/misc.py", line 529, in fit_polynomial
    pfit, stats = np.polynomial.Polynomial.fit(
  File "/Users/jaklusmeyer/miniconda/envs/pyodine_env/lib/python3.9/site-packages/numpy/polynomial/_polybase.py", line 1036, in fit
    xnew = pu.mapdomain(x, domain, window)
  File "/Users/jaklusmeyer/miniconda/envs/pyodine_env/lib/python3.9/site-packages/numpy/polynomial/polyutils.py", line 371, in mapdomain
    off, scl = mapparms(old, new)
  File "/Users/jaklusmeyer/miniconda/envs/pyodine_env/lib/python3.9/site-packages/numpy/polynomial/polyutils.py", line 303, in mapparms
    off = (old[1]*new[0] - old[0]*new[1])/oldlen
ZeroDivisionError: division by zero
ERROR - Polynomial fitting failed. Falling back to input values
Traceback (most recent call last):
  File "/Users/jaklusmeyer/SONG/pyodine/pyodine/lib/misc.py", line 529, in fit_polynomial
    pfit, stats = np.polynomial.Polynomial.fit(
  File "/Users/jaklusmeyer/miniconda/envs/pyodine_env/lib/python3.9/site-packages/numpy/polynomial/_polybase.py", line 1036, in fit
    xnew = pu.mapdomain(x, domain, window)
  File "/Users/jaklusmeyer/miniconda/envs/pyodine_env/lib/python3.9/site-packages/numpy/polynomial/polyutils.py", line 371, in mapdomain
    off, scl = mapparms(old, new)
  File "/Users/jaklusmeyer/miniconda/envs/pyodine_env/lib/python3.9/site-packages/numpy/polynomial/polyutils.py", line 303, in mapparms
    off = (old[1]*new[0] - old[0]*new[1])/oldlen
ZeroDivisionError: division by zero
ERROR - Polynomial fitting failed. Falling back to input values
Traceback (most recent call last):
  File "/Users/jaklusmeyer/SONG/pyodine/pyodine/lib/misc.py", line 529, in fit_polynomial
    pfit, stats = np.polynomial.Polynomial.fit(
  File "/Users/jaklusmeyer/miniconda/envs/pyodine_env/lib/python3.9/site-packages/numpy/polynomial/_polybase.py", line 1036, in fit
    xnew = pu.mapdomain(x, domain, window)
  File "/Users/jaklusmeyer/miniconda/envs/pyodine_env/lib/python3.9/site-packages/numpy/polynomial/polyutils.py", line 371, in mapdomain
    off, scl = mapparms(old, new)
  File "/Users/jaklusmeyer/miniconda/envs/pyodine_env/lib/python3.9/site-packages/numpy/polynomial/polyutils.py", line 303, in mapparms
    off = (old[1]*new[0] - old[0]*new[1])/oldlen
ZeroDivisionError: division by zero
ERROR - Polynomial fitting failed. Falling back to input values
Traceback (most recent call last):
  File "/Users/jaklusmeyer/SONG/pyodine/pyodine/lib/misc.py", line 529, in fit_polynomial
    pfit, stats = np.polynomial.Polynomial.fit(
  File "/Users/jaklusmeyer/miniconda/envs/pyodine_env/lib/python3.9/site-packages/numpy/polynomial/_polybase.py", line 1036, in fit
    xnew = pu.mapdomain(x, domain, window)
  File "/Users/jaklusmeyer/miniconda/envs/pyodine_env/lib/python3.9/site-packages/numpy/polynomial/polyutils.py", line 371, in mapdomain
    off, scl = mapparms(old, new)
  File "/Users/jaklusmeyer/miniconda/envs/pyodine_env/lib/python3.9/site-packages/numpy/polynomial/polyutils.py", line 303, in mapparms
    off = (old[1]*new[0] - old[0]*new[1])/oldlen
ZeroDivisionError: division by zero
ERROR - Polynomial fitting failed. Falling back to input values
Traceback (most recent call last):
  File "/Users/jaklusmeyer/SONG/pyodine/pyodine/lib/misc.py", line 529, in fit_polynomial
    pfit, stats = np.polynomial.Polynomial.fit(
  File "/Users/jaklusmeyer/miniconda/envs/pyodine_env/lib/python3.9/site-packages/numpy/polynomial/_polybase.py", line 1036, in fit
    xnew = pu.mapdomain(x, domain, window)
  File "/Users/jaklusmeyer/miniconda/envs/pyodine_env/lib/python3.9/site-packages/numpy/polynomial/polyutils.py", line 371, in mapdomain
    off, scl = mapparms(old, new)
  File "/Users/jaklusmeyer/miniconda/envs/pyodine_env/lib/python3.9/site-packages/numpy/polynomial/polyutils.py", line 303, in mapparms
    off = (old[1]*new[0] - old[0]*new[1])/oldlen
ZeroDivisionError: division by zero
ERROR - Polynomial fitting failed. Falling back to input values
Traceback (most recent call last):
  File "/Users/jaklusmeyer/SONG/pyodine/pyodine/lib/misc.py", line 529, in fit_polynomial
    pfit, stats = np.polynomial.Polynomial.fit(
  File "/Users/jaklusmeyer/miniconda/envs/pyodine_env/lib/python3.9/site-packages/numpy/polynomial/_polybase.py", line 1036, in fit
    xnew = pu.mapdomain(x, domain, window)
  File "/Users/jaklusmeyer/miniconda/envs/pyodine_env/lib/python3.9/site-packages/numpy/polynomial/polyutils.py", line 371, in mapdomain
    off, scl = mapparms(old, new)
  File "/Users/jaklusmeyer/miniconda/envs/pyodine_env/lib/python3.9/site-packages/numpy/polynomial/polyutils.py", line 303, in mapparms
    off = (old[1]*new[0] - old[0]*new[1])/oldlen
ZeroDivisionError: division by zero
ERROR - Polynomial fitting failed. Falling back to input values
Traceback (most recent call last):
  File "/Users/jaklusmeyer/SONG/pyodine/pyodine/lib/misc.py", line 529, in fit_polynomial
    pfit, stats = np.polynomial.Polynomial.fit(
  File "/Users/jaklusmeyer/miniconda/envs/pyodine_env/lib/python3.9/site-packages/numpy/polynomial/_polybase.py", line 1036, in fit
    xnew = pu.mapdomain(x, domain, window)
  File "/Users/jaklusmeyer/miniconda/envs/pyodine_env/lib/python3.9/site-packages/numpy/polynomial/polyutils.py", line 371, in mapdomain
    off, scl = mapparms(old, new)
  File "/Users/jaklusmeyer/miniconda/envs/pyodine_env/lib/python3.9/site-packages/numpy/polynomial/polyutils.py", line 303, in mapparms
    off = (old[1]*new[0] - old[0]*new[1])/oldlen
ZeroDivisionError: division by zero
ERROR - Polynomial fitting failed. Falling back to input values
Traceback (most recent call last):
  File "/Users/jaklusmeyer/SONG/pyodine/pyodine/lib/misc.py", line 529, in fit_polynomial
    pfit, stats = np.polynomial.Polynomial.fit(
  File "/Users/jaklusmeyer/miniconda/envs/pyodine_env/lib/python3.9/site-packages/numpy/polynomial/_polybase.py", line 1036, in fit
    xnew = pu.mapdomain(x, domain, window)
  File "/Users/jaklusmeyer/miniconda/envs/pyodine_env/lib/python3.9/site-packages/numpy/polynomial/polyutils.py", line 371, in mapdomain
    off, scl = mapparms(old, new)
  File "/Users/jaklusmeyer/miniconda/envs/pyodine_env/lib/python3.9/site-packages/numpy/polynomial/polyutils.py", line 303, in mapparms
    off = (old[1]*new[0] - old[0]*new[1])/oldlen
ZeroDivisionError: division by zero
ERROR - Polynomial fitting failed. Falling back to input values
Traceback (most recent call last):
  File "/Users/jaklusmeyer/SONG/pyodine/pyodine/lib/misc.py", line 529, in fit_polynomial
    pfit, stats = np.polynomial.Polynomial.fit(
  File "/Users/jaklusmeyer/miniconda/envs/pyodine_env/lib/python3.9/site-packages/numpy/polynomial/_polybase.py", line 1036, in fit
    xnew = pu.mapdomain(x, domain, window)
  File "/Users/jaklusmeyer/miniconda/envs/pyodine_env/lib/python3.9/site-packages/numpy/polynomial/polyutils.py", line 371, in mapdomain
    off, scl = mapparms(old, new)
  File "/Users/jaklusmeyer/miniconda/envs/pyodine_env/lib/python3.9/site-packages/numpy/polynomial/polyutils.py", line 303, in mapparms
    off = (old[1]*new[0] - old[0]*new[1])/oldlen
ZeroDivisionError: division by zero
ERROR - Polynomial fitting failed. Falling back to input values
Traceback (most recent call last):
  File "/Users/jaklusmeyer/SONG/pyodine/pyodine/lib/misc.py", line 529, in fit_polynomial
    pfit, stats = np.polynomial.Polynomial.fit(
  File "/Users/jaklusmeyer/miniconda/envs/pyodine_env/lib/python3.9/site-packages/numpy/polynomial/_polybase.py", line 1036, in fit
    xnew = pu.mapdomain(x, domain, window)
  File "/Users/jaklusmeyer/miniconda/envs/pyodine_env/lib/python3.9/site-packages/numpy/polynomial/polyutils.py", line 371, in mapdomain
    off, scl = mapparms(old, new)
  File "/Users/jaklusmeyer/miniconda/envs/pyodine_env/lib/python3.9/site-packages/numpy/polynomial/polyutils.py", line 303, in mapparms
    off = (old[1]*new[0] - old[0]*new[1])/oldlen
ZeroDivisionError: division by zero
ERROR - Polynomial fitting failed. Falling back to input values
Traceback (most recent call last):
  File "/Users/jaklusmeyer/SONG/pyodine/pyodine/lib/misc.py", line 529, in fit_polynomial
    pfit, stats = np.polynomial.Polynomial.fit(
  File "/Users/jaklusmeyer/miniconda/envs/pyodine_env/lib/python3.9/site-packages/numpy/polynomial/_polybase.py", line 1036, in fit
    xnew = pu.mapdomain(x, domain, window)
  File "/Users/jaklusmeyer/miniconda/envs/pyodine_env/lib/python3.9/site-packages/numpy/polynomial/polyutils.py", line 371, in mapdomain
    off, scl = mapparms(old, new)
  File "/Users/jaklusmeyer/miniconda/envs/pyodine_env/lib/python3.9/site-packages/numpy/polynomial/polyutils.py", line 303, in mapparms
    off = (old[1]*new[0] - old[0]*new[1])/oldlen
ZeroDivisionError: division by zero
ERROR - Polynomial fitting failed. Falling back to input values
Traceback (most recent call last):
  File "/Users/jaklusmeyer/SONG/pyodine/pyodine/lib/misc.py", line 529, in fit_polynomial
    pfit, stats = np.polynomial.Polynomial.fit(
  File "/Users/jaklusmeyer/miniconda/envs/pyodine_env/lib/python3.9/site-packages/numpy/polynomial/_polybase.py", line 1036, in fit
    xnew = pu.mapdomain(x, domain, window)
  File "/Users/jaklusmeyer/miniconda/envs/pyodine_env/lib/python3.9/site-packages/numpy/polynomial/polyutils.py", line 371, in mapdomain
    off, scl = mapparms(old, new)
  File "/Users/jaklusmeyer/miniconda/envs/pyodine_env/lib/python3.9/site-packages/numpy/polynomial/polyutils.py", line 303, in mapparms
    off = (old[1]*new[0] - old[0]*new[1])/oldlen
ZeroDivisionError: division by zero
ERROR - Polynomial fitting failed. Falling back to input values
Traceback (most recent call last):
  File "/Users/jaklusmeyer/SONG/pyodine/pyodine/lib/misc.py", line 529, in fit_polynomial
    pfit, stats = np.polynomial.Polynomial.fit(
  File "/Users/jaklusmeyer/miniconda/envs/pyodine_env/lib/python3.9/site-packages/numpy/polynomial/_polybase.py", line 1036, in fit
    xnew = pu.mapdomain(x, domain, window)
  File "/Users/jaklusmeyer/miniconda/envs/pyodine_env/lib/python3.9/site-packages/numpy/polynomial/polyutils.py", line 371, in mapdomain
    off, scl = mapparms(old, new)
  File "/Users/jaklusmeyer/miniconda/envs/pyodine_env/lib/python3.9/site-packages/numpy/polynomial/polyutils.py", line 303, in mapparms
    off = (old[1]*new[0] - old[0]*new[1])/oldlen
ZeroDivisionError: division by zero
ERROR - Polynomial fitting failed. Falling back to input values
Traceback (most recent call last):
  File "/Users/jaklusmeyer/SONG/pyodine/pyodine/lib/misc.py", line 529, in fit_polynomial
    pfit, stats = np.polynomial.Polynomial.fit(
  File "/Users/jaklusmeyer/miniconda/envs/pyodine_env/lib/python3.9/site-packages/numpy/polynomial/_polybase.py", line 1036, in fit
    xnew = pu.mapdomain(x, domain, window)
  File "/Users/jaklusmeyer/miniconda/envs/pyodine_env/lib/python3.9/site-packages/numpy/polynomial/polyutils.py", line 371, in mapdomain
    off, scl = mapparms(old, new)
  File "/Users/jaklusmeyer/miniconda/envs/pyodine_env/lib/python3.9/site-packages/numpy/polynomial/polyutils.py", line 303, in mapparms
    off = (old[1]*new[0] - old[0]*new[1])/oldlen
ZeroDivisionError: division by zero
INFO - 
INFO - Creating analysis plots...
ERROR - NaN value detected in iodine function.
ERROR - Chunk could not be plotted
Traceback (most recent call last):
  File "/Users/jaklusmeyer/SONG/pyodine/pyodine/plot_lib.py", line 62, in plot_chunkmodel
    sp = fit_results[chunk_nr].fitted_spectrum
  File "/Users/jaklusmeyer/SONG/pyodine/pyodine/fitters/base.py", line 45, in fitted_spectrum
    return self.model.eval_spectrum(self.chunk, self.params, chunk_ind=self.chunk_ind)
  File "/Users/jaklusmeyer/SONG/pyodine/pyodine/models/base.py", line 79, in eval_spectrum
    flux = self.eval(chunk, params, chunk_ind=chunk_ind, **kwargs)
  File "/Users/jaklusmeyer/SONG/pyodine/pyodine/models/spectrum.py", line 138, in eval
    tck = splrep(tem.wave * doppler, flux_tem, s=0)
  File "/Users/jaklusmeyer/miniconda/envs/pyodine_env/lib/python3.9/site-packages/scipy/interpolate/_fitpack_py.py", line 295, in splrep
    res = _impl.splrep(x, y, w, xb, xe, k, task, s, t, full_output, per, quiet)
  File "/Users/jaklusmeyer/miniconda/envs/pyodine_env/lib/python3.9/site-packages/scipy/interpolate/_fitpack_impl.py", line 276, in splrep
    n, c, fp, ier = dfitpack.curfit(task, x, y, w, t, wrk, iwrk,
dfitpack.error: (xb<=x[0]) failed for 1st keyword xb: curfit:xb=nan
ERROR - NaN value detected in iodine function.
ERROR - Chunk could not be plotted
Traceback (most recent call last):
  File "/Users/jaklusmeyer/SONG/pyodine/pyodine/plot_lib.py", line 62, in plot_chunkmodel
    sp = fit_results[chunk_nr].fitted_spectrum
  File "/Users/jaklusmeyer/SONG/pyodine/pyodine/fitters/base.py", line 45, in fitted_spectrum
    return self.model.eval_spectrum(self.chunk, self.params, chunk_ind=self.chunk_ind)
  File "/Users/jaklusmeyer/SONG/pyodine/pyodine/models/base.py", line 79, in eval_spectrum
    flux = self.eval(chunk, params, chunk_ind=chunk_ind, **kwargs)
  File "/Users/jaklusmeyer/SONG/pyodine/pyodine/models/spectrum.py", line 138, in eval
    tck = splrep(tem.wave * doppler, flux_tem, s=0)
  File "/Users/jaklusmeyer/miniconda/envs/pyodine_env/lib/python3.9/site-packages/scipy/interpolate/_fitpack_py.py", line 295, in splrep
    res = _impl.splrep(x, y, w, xb, xe, k, task, s, t, full_output, per, quiet)
  File "/Users/jaklusmeyer/miniconda/envs/pyodine_env/lib/python3.9/site-packages/scipy/interpolate/_fitpack_impl.py", line 276, in splrep
    n, c, fp, ier = dfitpack.curfit(task, x, y, w, t, wrk, iwrk,
dfitpack.error: (xb<=x[0]) failed for 1st keyword xb: curfit:xb=nan
INFO - 
INFO - ----------------------
INFO - RUN 1
INFO - ----------------------
INFO - 
INFO - Constraining parameters for RUN 1
INFO - 
INFO - Fitted LSF parameters:
INFO - <ParameterSet (values: 10)>
    left_1  =  11.30434718582381
    left_2  =  -10.500766119571285
    left_3  =  6.024218462721373
    left_4  =  -2.1842574600632108
    left_5  =  0.6825307914189225
    right1  =  11.304347009523513
    right2  =  -10.500765126593668
    right3  =  6.024217600373309
    right4  =  -2.184256818423937
    right5  =  0.6825305439621369
ERROR - Chunk 0: No Data! Returning LmfitResult with None.
ERROR - Chunk 1: No Data! Returning LmfitResult with None.
ERROR - Chunk 2: No Data! Returning LmfitResult with None.
ERROR - Chunk 3: No Data! Returning LmfitResult with None.
ERROR - Chunk 4: No Data! Returning LmfitResult with None.
ERROR - Chunk 5: No Data! Returning LmfitResult with None.
ERROR - Chunk 6: No Data! Returning LmfitResult with None.
ERROR - Chunk 7: No Data! Returning LmfitResult with None.
ERROR - Chunk 8: No Data! Returning LmfitResult with None.
ERROR - Chunk 9: No Data! Returning LmfitResult with None.
ERROR - Chunk 10: No Data! Returning LmfitResult with None.
ERROR - Chunk 11: No Data! Returning LmfitResult with None.
ERROR - Chunk 12: No Data! Returning LmfitResult with None.
ERROR - Chunk 13: No Data! Returning LmfitResult with None.
ERROR - Chunk 14: No Data! Returning LmfitResult with None.
ERROR - Chunk 15: No Data! Returning LmfitResult with None.
ERROR - Chunk 16: No Data! Returning LmfitResult with None.
ERROR - Chunk 17: No Data! Returning LmfitResult with None.
ERROR - Chunk 18: No Data! Returning LmfitResult with None.
ERROR - Chunk 19: No Data! Returning LmfitResult with None.
ERROR - Chunk 20: No Data! Returning LmfitResult with None.
ERROR - Chunk 21: No Data! Returning LmfitResult with None.
ERROR - Chunk 22: No Data! Returning LmfitResult with None.
ERROR - Chunk 23: No Data! Returning LmfitResult with None.
ERROR - Chunk 24: No Data! Returning LmfitResult with None.
ERROR - Chunk 25: No Data! Returning LmfitResult with None.
ERROR - Chunk 26: No Data! Returning LmfitResult with None.
ERROR - Chunk 27: No Data! Returning LmfitResult with None.
ERROR - Chunk 28: No Data! Returning LmfitResult with None.
ERROR - Chunk 29: No Data! Returning LmfitResult with None.
ERROR - Chunk 30: No Data! Returning LmfitResult with None.
ERROR - Chunk 31: No Data! Returning LmfitResult with None.
ERROR - Chunk 32: No Data! Returning LmfitResult with None.
ERROR - Chunk 33: No Data! Returning LmfitResult with None.
ERROR - Chunk 34: No Data! Returning LmfitResult with None.
ERROR - Chunk 35: No Data! Returning LmfitResult with None.
ERROR - Chunk 36: No Data! Returning LmfitResult with None.
ERROR - Chunk 37: No Data! Returning LmfitResult with None.
ERROR - Chunk 38: No Data! Returning LmfitResult with None.
ERROR - Chunk 39: No Data! Returning LmfitResult with None.
ERROR - Chunk 40: No Data! Returning LmfitResult with None.
ERROR - Chunk 41: No Data! Returning LmfitResult with None.
ERROR - Chunk 42: No Data! Returning LmfitResult with None.
ERROR - Chunk 43: No Data! Returning LmfitResult with None.
ERROR - Chunk 44: No Data! Returning LmfitResult with None.
ERROR - Chunk 45: No Data! Returning LmfitResult with None.
ERROR - Chunk 46: No Data! Returning LmfitResult with None.
ERROR - Chunk 47: No Data! Returning LmfitResult with None.
ERROR - Chunk 48: No Data! Returning LmfitResult with None.
ERROR - Chunk 49: No Data! Returning LmfitResult with None.
ERROR - Chunk 50: No Data! Returning LmfitResult with None.
ERROR - Chunk 51: No Data! Returning LmfitResult with None.
ERROR - Chunk 52: No Data! Returning LmfitResult with None.
ERROR - Chunk 53: No Data! Returning LmfitResult with None.
ERROR - Chunk 54: No Data! Returning LmfitResult with None.
ERROR - Chunk 55: No Data! Returning LmfitResult with None.
ERROR - Chunk 56: No Data! Returning LmfitResult with None.
ERROR - Chunk 57: No Data! Returning LmfitResult with None.
ERROR - Chunk 58: No Data! Returning LmfitResult with None.
ERROR - Chunk 59: No Data! Returning LmfitResult with None.
ERROR - Chunk 60: No Data! Returning LmfitResult with None.
ERROR - Chunk 61: No Data! Returning LmfitResult with None.
ERROR - Chunk 62: No Data! Returning LmfitResult with None.
ERROR - Chunk 63: No Data! Returning LmfitResult with None.
ERROR - Chunk 64: No Data! Returning LmfitResult with None.
ERROR - Chunk 65: No Data! Returning LmfitResult with None.
ERROR - Chunk 66: No Data! Returning LmfitResult with None.
ERROR - Chunk 67: No Data! Returning LmfitResult with None.
ERROR - Chunk 68: No Data! Returning LmfitResult with None.
ERROR - Chunk 69: No Data! Returning LmfitResult with None.
ERROR - Chunk 70: No Data! Returning LmfitResult with None.
ERROR - Chunk 71: No Data! Returning LmfitResult with None.
ERROR - Chunk 72: No Data! Returning LmfitResult with None.
ERROR - Chunk 73: No Data! Returning LmfitResult with None.
ERROR - Chunk 74: No Data! Returning LmfitResult with None.
ERROR - Chunk 75: No Data! Returning LmfitResult with None.
ERROR - Chunk 76: No Data! Returning LmfitResult with None.
ERROR - Chunk 77: No Data! Returning LmfitResult with None.
ERROR - Chunk 78: No Data! Returning LmfitResult with None.
ERROR - Chunk 79: No Data! Returning LmfitResult with None.
ERROR - Chunk 80: No Data! Returning LmfitResult with None.
ERROR - Chunk 81: No Data! Returning LmfitResult with None.
ERROR - Chunk 82: No Data! Returning LmfitResult with None.
ERROR - Chunk 83: No Data! Returning LmfitResult with None.
ERROR - Chunk 84: No Data! Returning LmfitResult with None.
ERROR - Chunk 85: No Data! Returning LmfitResult with None.
ERROR - Chunk 86: No Data! Returning LmfitResult with None.
ERROR - Chunk 87: No Data! Returning LmfitResult with None.
ERROR - Chunk 88: No Data! Returning LmfitResult with None.
ERROR - Chunk 89: No Data! Returning LmfitResult with None.
ERROR - Chunk 90: No Data! Returning LmfitResult with None.
ERROR - Chunk 91: No Data! Returning LmfitResult with None.
ERROR - Chunk 92: No Data! Returning LmfitResult with None.
ERROR - Chunk 93: No Data! Returning LmfitResult with None.
ERROR - Chunk 94: No Data! Returning LmfitResult with None.
ERROR - Chunk 95: No Data! Returning LmfitResult with None.
ERROR - Chunk 96: No Data! Returning LmfitResult with None.
ERROR - Chunk 97: No Data! Returning LmfitResult with None.
ERROR - Chunk 98: No Data! Returning LmfitResult with None.
ERROR - Chunk 99: No Data! Returning LmfitResult with None.
ERROR - Chunk 100: No Data! Returning LmfitResult with None.
ERROR - Chunk 101: No Data! Returning LmfitResult with None.
ERROR - Chunk 102: No Data! Returning LmfitResult with None.
ERROR - Chunk 103: No Data! Returning LmfitResult with None.
ERROR - Chunk 104: No Data! Returning LmfitResult with None.
ERROR - Chunk 105: No Data! Returning LmfitResult with None.
ERROR - Chunk 106: No Data! Returning LmfitResult with None.
ERROR - Chunk 107: No Data! Returning LmfitResult with None.
ERROR - Chunk 108: No Data! Returning LmfitResult with None.
ERROR - Chunk 109: No Data! Returning LmfitResult with None.
ERROR - Chunk 110: No Data! Returning LmfitResult with None.
ERROR - Chunk 111: No Data! Returning LmfitResult with None.
ERROR - Chunk 112: No Data! Returning LmfitResult with None.
ERROR - Chunk 113: No Data! Returning LmfitResult with None.
ERROR - Chunk 114: No Data! Returning LmfitResult with None.
ERROR - Chunk 115: No Data! Returning LmfitResult with None.
ERROR - Chunk 116: No Data! Returning LmfitResult with None.
ERROR - Chunk 117: No Data! Returning LmfitResult with None.
ERROR - Chunk 118: No Data! Returning LmfitResult with None.
ERROR - Chunk 119: No Data! Returning LmfitResult with None.
ERROR - Chunk 120: No Data! Returning LmfitResult with None.
ERROR - Chunk 121: No Data! Returning LmfitResult with None.
ERROR - Chunk 122: No Data! Returning LmfitResult with None.
ERROR - Chunk 123: No Data! Returning LmfitResult with None.
ERROR - Chunk 124: No Data! Returning LmfitResult with None.
ERROR - Chunk 125: No Data! Returning LmfitResult with None.
ERROR - Chunk 126: No Data! Returning LmfitResult with None.
ERROR - Chunk 127: No Data! Returning LmfitResult with None.
ERROR - Chunk 128: No Data! Returning LmfitResult with None.
ERROR - Chunk 129: No Data! Returning LmfitResult with None.
ERROR - Chunk 130: No Data! Returning LmfitResult with None.
ERROR - Chunk 131: No Data! Returning LmfitResult with None.
ERROR - Chunk 132: No Data! Returning LmfitResult with None.
ERROR - Chunk 133: No Data! Returning LmfitResult with None.
ERROR - Chunk 134: No Data! Returning LmfitResult with None.
ERROR - Chunk 135: No Data! Returning LmfitResult with None.
ERROR - Chunk 136: No Data! Returning LmfitResult with None.
ERROR - Chunk 137: No Data! Returning LmfitResult with None.
ERROR - Chunk 138: No Data! Returning LmfitResult with None.
ERROR - Chunk 139: No Data! Returning LmfitResult with None.
ERROR - Chunk 140: No Data! Returning LmfitResult with None.
ERROR - Chunk 141: No Data! Returning LmfitResult with None.
ERROR - Chunk 142: No Data! Returning LmfitResult with None.
ERROR - Chunk 143: No Data! Returning LmfitResult with None.
ERROR - Chunk 144: No Data! Returning LmfitResult with None.
ERROR - Chunk 145: No Data! Returning LmfitResult with None.
ERROR - Chunk 146: No Data! Returning LmfitResult with None.
ERROR - Chunk 147: No Data! Returning LmfitResult with None.
ERROR - Chunk 148: No Data! Returning LmfitResult with None.
ERROR - Chunk 149: No Data! Returning LmfitResult with None.
ERROR - Chunk 150: No Data! Returning LmfitResult with None.
ERROR - Chunk 151: No Data! Returning LmfitResult with None.
ERROR - Chunk 152: No Data! Returning LmfitResult with None.
ERROR - Chunk 153: No Data! Returning LmfitResult with None.
ERROR - Chunk 154: No Data! Returning LmfitResult with None.
ERROR - Chunk 155: No Data! Returning LmfitResult with None.
ERROR - Chunk 156: No Data! Returning LmfitResult with None.
ERROR - Chunk 157: No Data! Returning LmfitResult with None.
ERROR - Chunk 158: No Data! Returning LmfitResult with None.
ERROR - Chunk 159: No Data! Returning LmfitResult with None.
ERROR - Chunk 160: No Data! Returning LmfitResult with None.
ERROR - Chunk 161: No Data! Returning LmfitResult with None.
ERROR - Chunk 162: No Data! Returning LmfitResult with None.
ERROR - Chunk 163: No Data! Returning LmfitResult with None.
ERROR - Chunk 164: No Data! Returning LmfitResult with None.
ERROR - Chunk 165: No Data! Returning LmfitResult with None.
ERROR - Chunk 166: No Data! Returning LmfitResult with None.
ERROR - Chunk 167: No Data! Returning LmfitResult with None.
ERROR - Chunk 168: No Data! Returning LmfitResult with None.
ERROR - Chunk 169: No Data! Returning LmfitResult with None.
ERROR - Chunk 170: No Data! Returning LmfitResult with None.
ERROR - Chunk 171: No Data! Returning LmfitResult with None.
ERROR - Chunk 172: No Data! Returning LmfitResult with None.
ERROR - Chunk 173: No Data! Returning LmfitResult with None.
ERROR - Chunk 174: No Data! Returning LmfitResult with None.
ERROR - Chunk 175: No Data! Returning LmfitResult with None.
ERROR - Chunk 176: No Data! Returning LmfitResult with None.
ERROR - Chunk 177: No Data! Returning LmfitResult with None.
ERROR - Chunk 178: No Data! Returning LmfitResult with None.
ERROR - Chunk 179: No Data! Returning LmfitResult with None.
ERROR - Chunk 180: No Data! Returning LmfitResult with None.
ERROR - Chunk 181: No Data! Returning LmfitResult with None.
ERROR - Chunk 182: No Data! Returning LmfitResult with None.
ERROR - Chunk 183: No Data! Returning LmfitResult with None.
ERROR - Chunk 184: No Data! Returning LmfitResult with None.
ERROR - Chunk 185: No Data! Returning LmfitResult with None.
ERROR - Chunk 186: No Data! Returning LmfitResult with None.
ERROR - Chunk 187: No Data! Returning LmfitResult with None.
ERROR - Chunk 188: No Data! Returning LmfitResult with None.
ERROR - Chunk 189: No Data! Returning LmfitResult with None.
ERROR - Chunk 190: No Data! Returning LmfitResult with None.
ERROR - Chunk 191: No Data! Returning LmfitResult with None.
ERROR - Chunk 192: No Data! Returning LmfitResult with None.
ERROR - Chunk 193: No Data! Returning LmfitResult with None.
ERROR - Chunk 194: No Data! Returning LmfitResult with None.
ERROR - Chunk 195: No Data! Returning LmfitResult with None.
ERROR - Chunk 196: No Data! Returning LmfitResult with None.
ERROR - Chunk 197: No Data! Returning LmfitResult with None.
ERROR - Chunk 198: No Data! Returning LmfitResult with None.
ERROR - Chunk 199: No Data! Returning LmfitResult with None.
ERROR - Chunk 200: No Data! Returning LmfitResult with None.
ERROR - Chunk 201: No Data! Returning LmfitResult with None.
ERROR - Chunk 202: No Data! Returning LmfitResult with None.
ERROR - Chunk 203: No Data! Returning LmfitResult with None.
ERROR - Chunk 204: No Data! Returning LmfitResult with None.
ERROR - Chunk 205: No Data! Returning LmfitResult with None.
ERROR - Chunk 206: No Data! Returning LmfitResult with None.
ERROR - Chunk 207: No Data! Returning LmfitResult with None.
ERROR - Chunk 208: No Data! Returning LmfitResult with None.
ERROR - Chunk 209: No Data! Returning LmfitResult with None.
ERROR - Chunk 210: No Data! Returning LmfitResult with None.
ERROR - Chunk 211: No Data! Returning LmfitResult with None.
ERROR - Chunk 212: No Data! Returning LmfitResult with None.
ERROR - Chunk 213: No Data! Returning LmfitResult with None.
ERROR - Chunk 214: No Data! Returning LmfitResult with None.
ERROR - Chunk 215: No Data! Returning LmfitResult with None.
ERROR - Chunk 216: No Data! Returning LmfitResult with None.
ERROR - Chunk 217: No Data! Returning LmfitResult with None.
ERROR - Chunk 218: No Data! Returning LmfitResult with None.
ERROR - Chunk 219: No Data! Returning LmfitResult with None.
ERROR - Chunk 220: No Data! Returning LmfitResult with None.
ERROR - Chunk 221: No Data! Returning LmfitResult with None.
ERROR - Chunk 222: No Data! Returning LmfitResult with None.
ERROR - Chunk 223: No Data! Returning LmfitResult with None.
ERROR - Chunk 224: No Data! Returning LmfitResult with None.
ERROR - Chunk 225: No Data! Returning LmfitResult with None.
ERROR - Chunk 226: No Data! Returning LmfitResult with None.
ERROR - Chunk 227: No Data! Returning LmfitResult with None.
ERROR - Chunk 228: No Data! Returning LmfitResult with None.
ERROR - Chunk 229: No Data! Returning LmfitResult with None.
ERROR - Chunk 230: No Data! Returning LmfitResult with None.
ERROR - Chunk 231: No Data! Returning LmfitResult with None.
ERROR - Chunk 232: No Data! Returning LmfitResult with None.
ERROR - Chunk 233: No Data! Returning LmfitResult with None.
ERROR - Chunk 234: No Data! Returning LmfitResult with None.
ERROR - Chunk 235: No Data! Returning LmfitResult with None.
ERROR - Chunk 236: No Data! Returning LmfitResult with None.
ERROR - Chunk 237: No Data! Returning LmfitResult with None.
ERROR - Chunk 238: No Data! Returning LmfitResult with None.
ERROR - Chunk 239: No Data! Returning LmfitResult with None.
ERROR - Chunk 240: No Data! Returning LmfitResult with None.
ERROR - Chunk 241: No Data! Returning LmfitResult with None.
ERROR - Chunk 242: No Data! Returning LmfitResult with None.
ERROR - Chunk 243: No Data! Returning LmfitResult with None.
ERROR - Chunk 244: No Data! Returning LmfitResult with None.
ERROR - Chunk 245: No Data! Returning LmfitResult with None.
ERROR - Chunk 246: No Data! Returning LmfitResult with None.
ERROR - Chunk 247: No Data! Returning LmfitResult with None.
ERROR - Chunk 248: No Data! Returning LmfitResult with None.
ERROR - Chunk 249: No Data! Returning LmfitResult with None.
ERROR - Chunk 250: No Data! Returning LmfitResult with None.
ERROR - Chunk 251: No Data! Returning LmfitResult with None.
ERROR - Chunk 252: No Data! Returning LmfitResult with None.
ERROR - Chunk 253: No Data! Returning LmfitResult with None.
ERROR - Chunk 254: No Data! Returning LmfitResult with None.
ERROR - Chunk 255: No Data! Returning LmfitResult with None.
ERROR - Chunk 256: No Data! Returning LmfitResult with None.
ERROR - Chunk 257: No Data! Returning LmfitResult with None.
ERROR - Chunk 258: No Data! Returning LmfitResult with None.
ERROR - Chunk 259: No Data! Returning LmfitResult with None.
ERROR - Chunk 260: No Data! Returning LmfitResult with None.
ERROR - Chunk 261: No Data! Returning LmfitResult with None.
ERROR - Chunk 262: No Data! Returning LmfitResult with None.
ERROR - Chunk 263: No Data! Returning LmfitResult with None.
ERROR - Chunk 264: No Data! Returning LmfitResult with None.
ERROR - Chunk 265: No Data! Returning LmfitResult with None.
ERROR - Chunk 266: No Data! Returning LmfitResult with None.
ERROR - Chunk 267: No Data! Returning LmfitResult with None.
ERROR - Chunk 268: No Data! Returning LmfitResult with None.
ERROR - Chunk 269: No Data! Returning LmfitResult with None.
ERROR - Chunk 270: No Data! Returning LmfitResult with None.
ERROR - Chunk 271: No Data! Returning LmfitResult with None.
ERROR - Chunk 272: No Data! Returning LmfitResult with None.
ERROR - Chunk 273: No Data! Returning LmfitResult with None.
ERROR - Chunk 274: No Data! Returning LmfitResult with None.
ERROR - Chunk 275: No Data! Returning LmfitResult with None.
ERROR - Chunk 276: No Data! Returning LmfitResult with None.
ERROR - Chunk 277: No Data! Returning LmfitResult with None.
ERROR - Chunk 278: No Data! Returning LmfitResult with None.
ERROR - Chunk 279: No Data! Returning LmfitResult with None.
ERROR - Chunk 280: No Data! Returning LmfitResult with None.
ERROR - NaN value detected in oversampled model function.
ERROR - <ParameterSet (values: 17)>
    cont_intercept  =  10718.791347787395
    cont_slope      =  -5.401429245679239
    iod_depth       =  1.3738317955306343
    lsf_left_1      =  2.4133360205239196
    lsf_left_2      =  -13.246626171679331
    lsf_left_3      =  2.1752413298803344
    lsf_left_4      =  -2.6468575322701136
    lsf_left_5      =  0.4098542076825634
    lsf_right1      =  9.152385779914596
    lsf_right2      =  -16.08853255481959
    lsf_right3      =  6.423130235267833
    lsf_right4      =  -3.4749980284472066
    lsf_right5      =  0.35989289754235393
    tem_depth       =  0.9805088248215531
    velocity        =  -25502.350715582157
    wave_intercept  =  4991.5616861418985
    wave_slope      =  0.012649627455565996
ERROR - Evaluated LSF:
ERROR - [nan nan nan nan nan nan nan nan nan nan nan nan nan nan nan nan nan nan
 nan nan nan nan nan nan nan nan nan nan nan nan nan nan nan nan nan nan
 nan nan nan nan nan nan nan nan nan nan nan nan nan nan nan nan nan nan
 nan nan nan nan nan nan nan nan nan nan nan nan nan nan nan nan nan nan
 nan]
WARNING - Chunk 287:
WARNING - NaN values detected in your input data or the output of your objective/model function - fitting algorithms cannot handle this! Please read https://lmfit.github.io/lmfit-py/faq.html#i-get-errors-from-nan-in-my-fit-what-can-i-do for more information.
ERROR - NaN value detected in oversampled model function.
ERROR - <ParameterSet (values: 17)>
    cont_intercept  =  6164.970860700649
    cont_slope      =  6.051849947369796
    iod_depth       =  1.0065028343479496
    lsf_left_1      =  7.761570257640153
    lsf_left_2      =  -18.404609845206693
    lsf_left_3      =  3.705397232257994
    lsf_left_4      =  -2.4831601836192205
    lsf_left_5      =  0.17339255364720607
    lsf_right1      =  5.114136779621303
    lsf_right2      =  -18.88100324944491
    lsf_right3      =  8.962539310192327
    lsf_right4      =  -3.539227226165652
    lsf_right5      =  0.5199361471248173
    tem_depth       =  0.9711497959075911
    velocity        =  -25184.73938361812
    wave_intercept  =  5208.6115263988595
    wave_slope      =  0.016318192051841627
ERROR - Evaluated LSF:
ERROR - [nan nan nan nan nan nan nan nan nan nan nan nan nan nan nan nan nan nan
 nan nan nan nan nan nan nan nan nan nan nan nan nan nan nan nan nan nan
 nan nan nan nan nan nan nan nan nan nan nan nan nan nan nan nan nan nan
 nan nan nan nan nan nan nan nan nan nan nan nan nan nan nan nan nan nan
 nan]
WARNING - Chunk 499:
WARNING - NaN values detected in your input data or the output of your objective/model function - fitting algorithms cannot handle this! Please read https://lmfit.github.io/lmfit-py/faq.html#i-get-errors-from-nan-in-my-fit-what-can-i-do for more information.
ERROR - NaN value detected in oversampled model function.
ERROR - <ParameterSet (values: 17)>
    cont_intercept  =  12979.466400309113
    cont_slope      =  -1.337517310548486
    iod_depth       =  1.021430817954385
    lsf_left_1      =  3.2163558593792527
    lsf_left_2      =  -10.591768752687356
    lsf_left_3      =  7.620346383272645
    lsf_left_4      =  -3.8980446649963527
    lsf_left_5      =  0.5824253810621896
    lsf_right1      =  6.371482655954813
    lsf_right2      =  -14.050110511622702
    lsf_right3      =  3.2302168707857337
    lsf_right4      =  -3.7131249205108423
    lsf_right5      =  1.128449264144267
    tem_depth       =  0.9968838546092805
    velocity        =  -25219.62826245111
    wave_intercept  =  5250.635432740076
    wave_slope      =  0.013032809618207148
ERROR - Evaluated LSF:
ERROR - [nan nan nan nan nan nan nan nan nan nan nan nan nan nan nan nan nan nan
 nan nan nan nan nan nan nan nan nan nan nan nan nan nan nan nan nan nan
 nan nan nan nan nan nan nan nan nan nan nan nan nan nan nan nan nan nan
 nan nan nan nan nan nan nan nan nan nan nan nan nan nan nan nan nan nan
 nan]
WARNING - Chunk 523:
WARNING - NaN values detected in your input data or the output of your objective/model function - fitting algorithms cannot handle this! Please read https://lmfit.github.io/lmfit-py/faq.html#i-get-errors-from-nan-in-my-fit-what-can-i-do for more information.
ERROR - NaN value detected in oversampled model function.
ERROR - <ParameterSet (values: 17)>
    cont_intercept  =  9099.564564089102
    cont_slope      =  4.570144512106588
    iod_depth       =  0.9714438466552074
    lsf_left_1      =  4.284824453224499
    lsf_left_2      =  -11.614641895228761
    lsf_left_3      =  6.060694580535904
    lsf_left_4      =  -3.5520451994510305
    lsf_left_5      =  1.2211153038764704
    lsf_right1      =  2.3893827846284137
    lsf_right2      =  -16.556993953881033
    lsf_right3      =  4.72772119180406
    lsf_right4      =  -3.6178496725422082
    lsf_right5      =  1.2220068288077646
    tem_depth       =  1.0300468533311722
    velocity        =  -25068.903076445687
    wave_intercept  =  5255.489227411079
    wave_slope      =  0.01630691571460456
ERROR - Evaluated LSF:
ERROR - [nan nan nan nan nan nan nan nan nan nan nan nan nan nan nan nan nan nan
 nan nan nan nan nan nan nan nan nan nan nan nan nan nan nan nan nan nan
 nan nan nan nan nan nan nan nan nan nan nan nan nan nan nan nan nan nan
 nan nan nan nan nan nan nan nan nan nan nan nan nan nan nan nan nan nan
 nan]
WARNING - Chunk 539:
WARNING - NaN values detected in your input data or the output of your objective/model function - fitting algorithms cannot handle this! Please read https://lmfit.github.io/lmfit-py/faq.html#i-get-errors-from-nan-in-my-fit-what-can-i-do for more information.
ERROR - NaN value detected in oversampled model function.
ERROR - <ParameterSet (values: 17)>
    cont_intercept  =  18976.04354502943
    cont_slope      =  -11.800461861979162
    iod_depth       =  0.9911937110017024
    lsf_left_1      =  4.358544586517995
    lsf_left_2      =  -14.470852068108055
    lsf_left_3      =  8.574670393596467
    lsf_left_4      =  -3.348414077057948
    lsf_left_5      =  0.4186967616934815
    lsf_right1      =  2.361989669192482
    lsf_right2      =  -15.114243393114782
    lsf_right3      =  10.171737754503935
    lsf_right4      =  -3.784941787500194
    lsf_right5      =  0.22336074920802745
    tem_depth       =  1.0128556700578413
    velocity        =  -25119.630574077488
    wave_intercept  =  5294.316558080971
    wave_slope      =  0.0132660572822062
ERROR - Evaluated LSF:
ERROR - [nan nan nan nan nan nan nan nan nan nan nan nan nan nan nan nan nan nan
 nan nan nan nan nan nan nan nan nan nan nan nan nan nan nan nan nan nan
 nan nan nan nan nan nan nan nan nan nan nan nan nan nan nan nan nan nan
 nan nan nan nan nan nan nan nan nan nan nan nan nan nan nan nan nan nan
 nan]
WARNING - Chunk 561:
WARNING - NaN values detected in your input data or the output of your objective/model function - fitting algorithms cannot handle this! Please read https://lmfit.github.io/lmfit-py/faq.html#i-get-errors-from-nan-in-my-fit-what-can-i-do for more information.
ERROR - NaN value detected in oversampled model function.
ERROR - <ParameterSet (values: 17)>
    cont_intercept  =  15606.65671696263
    cont_slope      =  -5.588337666717725
    iod_depth       =  0.9617427662490302
    lsf_left_1      =  2.3894456781618194
    lsf_left_2      =  -18.785072748697644
    lsf_left_3      =  7.9743569217540875
    lsf_left_4      =  -2.851993120144975
    lsf_left_5      =  0.40328242722027086
    lsf_right1      =  10.821692313642714
    lsf_right2      =  -18.888698036771174
    lsf_right3      =  5.113076018696813
    lsf_right4      =  -2.5271595673267813
    lsf_right5      =  0.16834151550619203
    tem_depth       =  0.9970223964311263
    velocity        =  -25066.838984412345
    wave_intercept  =  5295.903294515115
    wave_slope      =  0.013154615323610008
ERROR - Evaluated LSF:
ERROR - [nan nan nan nan nan nan nan nan nan nan nan nan nan nan nan nan nan nan
 nan nan nan nan nan nan nan nan nan nan nan nan nan nan nan nan nan nan
 nan nan nan nan nan nan nan nan nan nan nan nan nan nan nan nan nan nan
 nan nan nan nan nan nan nan nan nan nan nan nan nan nan nan nan nan nan
 nan]
WARNING - Chunk 562:
WARNING - NaN values detected in your input data or the output of your objective/model function - fitting algorithms cannot handle this! Please read https://lmfit.github.io/lmfit-py/faq.html#i-get-errors-from-nan-in-my-fit-what-can-i-do for more information.
ERROR - NaN value detected in oversampled model function.
ERROR - <ParameterSet (values: 17)>
    cont_intercept  =  29117.378651595718
    cont_slope      =  3.091851784773674
    iod_depth       =  1.0156181361192809
    lsf_left_1      =  6.0308853023027815
    lsf_left_2      =  -12.373138429429481
    lsf_left_3      =  1.8096380094476259
    lsf_left_4      =  -3.7368194355105793
    lsf_left_5      =  0.1705656392430167
    lsf_right1      =  5.782105757216943
    lsf_right2      =  -15.835994338853356
    lsf_right3      =  3.2235986091990445
    lsf_right4      =  -1.9006158319156805
    lsf_right5      =  0.35084157088448276
    tem_depth       =  1.0431269543127826
    velocity        =  -25342.881599425
    wave_intercept  =  5325.308271410745
    wave_slope      =  0.014564185913531395
ERROR - Evaluated LSF:
ERROR - [nan nan nan nan nan nan nan nan nan nan nan nan nan nan nan nan nan nan
 nan nan nan nan nan nan nan nan nan nan nan nan nan nan nan nan nan nan
 nan nan nan nan nan nan nan nan nan nan nan nan nan nan nan nan nan nan
 nan nan nan nan nan nan nan nan nan nan nan nan nan nan nan nan nan nan
 nan]
WARNING - Chunk 591:
WARNING - NaN values detected in your input data or the output of your objective/model function - fitting algorithms cannot handle this! Please read https://lmfit.github.io/lmfit-py/faq.html#i-get-errors-from-nan-in-my-fit-what-can-i-do for more information.
ERROR - NaN value detected in oversampled model function.
ERROR - <ParameterSet (values: 17)>
    cont_intercept  =  22858.694069681587
    cont_slope      =  17.669278236122278
    iod_depth       =  1.058682182082284
    lsf_left_1      =  4.204371721743882
    lsf_left_2      =  -18.243198221941196
    lsf_left_3      =  1.2126177332701076
    lsf_left_4      =  -3.9273739632450617
    lsf_left_5      =  0.9884208849620306
    lsf_right1      =  2.271135164953098
    lsf_right2      =  -17.947702341484757
    lsf_right3      =  2.4056848740953596
    lsf_right4      =  -3.499939090706142
    lsf_right5      =  0.8028289143495825
    tem_depth       =  1.0260377300902108
    velocity        =  -25157.30347073493
    wave_intercept  =  5451.050623856591
    wave_slope      =  0.016283515096716786
ERROR - Evaluated LSF:
ERROR - [nan nan nan nan nan nan nan nan nan nan nan nan nan nan nan nan nan nan
 nan nan nan nan nan nan nan nan nan nan nan nan nan nan nan nan nan nan
 nan nan nan nan nan nan nan nan nan nan nan nan nan nan nan nan nan nan
 nan nan nan nan nan nan nan nan nan nan nan nan nan nan nan nan nan nan
 nan]
WARNING - Chunk 699:
WARNING - NaN values detected in your input data or the output of your objective/model function - fitting algorithms cannot handle this! Please read https://lmfit.github.io/lmfit-py/faq.html#i-get-errors-from-nan-in-my-fit-what-can-i-do for more information.
ERROR - NaN value detected in oversampled model function.
ERROR - <ParameterSet (values: 17)>
    cont_intercept  =  32147.790774375513
    cont_slope      =  3.941461902921783
    iod_depth       =  1.1998135693997432
    lsf_left_1      =  5.452967857816043
    lsf_left_2      =  -18.653473972989353
    lsf_left_3      =  1.2576799572327537
    lsf_left_4      =  -0.4537923955858121
    lsf_left_5      =  0.34062357754721606
    lsf_right1      =  2.405166210353284
    lsf_right2      =  -18.272587398941262
    lsf_right3      =  1.318971827244306
    lsf_right4      =  -1.5451640473649983
    lsf_right5      =  1.070734012597525
    tem_depth       =  1.0539520812366632
    velocity        =  -24926.36901986979
    wave_intercept  =  5467.9486143229315
    wave_slope      =  0.014949872604227128
ERROR - Evaluated LSF:
ERROR - [nan nan nan nan nan nan nan nan nan nan nan nan nan nan nan nan nan nan
 nan nan nan nan nan nan nan nan nan nan nan nan nan nan nan nan nan nan
 nan nan nan nan nan nan nan nan nan nan nan nan nan nan nan nan nan nan
 nan nan nan nan nan nan nan nan nan nan nan nan nan nan nan nan nan nan
 nan]
WARNING - Chunk 708:
WARNING - NaN values detected in your input data or the output of your objective/model function - fitting algorithms cannot handle this! Please read https://lmfit.github.io/lmfit-py/faq.html#i-get-errors-from-nan-in-my-fit-what-can-i-do for more information.
ERROR - NaN value detected in oversampled model function.
ERROR - <ParameterSet (values: 17)>
    cont_intercept  =  30069.07826021172
    cont_slope      =  -12.245323712952255
    iod_depth       =  1.003211308405355
    lsf_left_1      =  10.662383737118873
    lsf_left_2      =  -18.459041734772008
    lsf_left_3      =  4.56536020336528
    lsf_left_4      =  -1.33139421257352
    lsf_left_5      =  0.4395821678421094
    lsf_right1      =  2.429222924944382
    lsf_right2      =  -14.204762805262387
    lsf_right3      =  4.925231733799222
    lsf_right4      =  -1.3682441080564827
    lsf_right5      =  0.14443896501752077
    tem_depth       =  0.9968208145029279
    velocity        =  -24970.93049979149
    wave_intercept  =  5559.937497451798
    wave_slope      =  0.01580040829457801
ERROR - Evaluated LSF:
ERROR - [nan nan nan nan nan nan nan nan nan nan nan nan nan nan nan nan nan nan
 nan nan nan nan nan nan nan nan nan nan nan nan nan nan nan nan nan nan
 nan nan nan nan nan nan nan nan nan nan nan nan nan nan nan nan nan nan
 nan nan nan nan nan nan nan nan nan nan nan nan nan nan nan nan nan nan
 nan]
WARNING - Chunk 782:
WARNING - NaN values detected in your input data or the output of your objective/model function - fitting algorithms cannot handle this! Please read https://lmfit.github.io/lmfit-py/faq.html#i-get-errors-from-nan-in-my-fit-what-can-i-do for more information.
ERROR - NaN value detected in oversampled model function.
ERROR - <ParameterSet (values: 17)>
    cont_intercept  =  33096.171199366785
    cont_slope      =  -11.907464381094341
    iod_depth       =  1.0748353741060244
    lsf_left_1      =  10.495859286442382
    lsf_left_2      =  -18.504478305041918
    lsf_left_3      =  7.008853108363116
    lsf_left_4      =  -3.5035172404161252
    lsf_left_5      =  0.17825939899043303
    lsf_right1      =  2.801859067351407
    lsf_right2      =  -14.56909991006094
    lsf_right3      =  3.1906573614365374
    lsf_right4      =  -3.7370227680022876
    lsf_right5      =  1.208577758730235
    tem_depth       =  1.0174570309016508
    velocity        =  -25280.37728121927
    wave_intercept  =  5625.627770256154
    wave_slope      =  0.014784330587139558
ERROR - Evaluated LSF:
ERROR - [nan nan nan nan nan nan nan nan nan nan nan nan nan nan nan nan nan nan
 nan nan nan nan nan nan nan nan nan nan nan nan nan nan nan nan nan nan
 nan nan nan nan nan nan nan nan nan nan nan nan nan nan nan nan nan nan
 nan nan nan nan nan nan nan nan nan nan nan nan nan nan nan nan nan nan
 nan]
WARNING - Chunk 829:
WARNING - NaN values detected in your input data or the output of your objective/model function - fitting algorithms cannot handle this! Please read https://lmfit.github.io/lmfit-py/faq.html#i-get-errors-from-nan-in-my-fit-what-can-i-do for more information.
ERROR - NaN value detected in oversampled model function.
ERROR - <ParameterSet (values: 17)>
    cont_intercept  =  26585.308626516853
    cont_slope      =  -18.88049186993027
    iod_depth       =  0.9881057215634573
    lsf_left_1      =  6.173961668660763
    lsf_left_2      =  -16.73481240061304
    lsf_left_3      =  3.7845141814393677
    lsf_left_4      =  -3.8806285914091907
    lsf_left_5      =  0.47308363030979056
    lsf_right1      =  3.629316181872589
    lsf_right2      =  -14.15489124737179
    lsf_right3      =  9.330752506995044
    lsf_right4      =  -3.672630972286358
    lsf_right5      =  0.2769686571422645
    tem_depth       =  1.035458476020406
    velocity        =  -25192.52449090564
    wave_intercept  =  5634.314340996984
    wave_slope      =  0.014087185484171713
ERROR - Evaluated LSF:
ERROR - [nan nan nan nan nan nan nan nan nan nan nan nan nan nan nan nan nan nan
 nan nan nan nan nan nan nan nan nan nan nan nan nan nan nan nan nan nan
 nan nan nan nan nan nan nan nan nan nan nan nan nan nan nan nan nan nan
 nan nan nan nan nan nan nan nan nan nan nan nan nan nan nan nan nan nan
 nan]
WARNING - Chunk 834:
WARNING - NaN values detected in your input data or the output of your objective/model function - fitting algorithms cannot handle this! Please read https://lmfit.github.io/lmfit-py/faq.html#i-get-errors-from-nan-in-my-fit-what-can-i-do for more information.
ERROR - NaN value detected in oversampled model function.
ERROR - <ParameterSet (values: 17)>
    cont_intercept  =  36279.390375886906
    cont_slope      =  5.987742671797592
    iod_depth       =  0.982558751636147
    lsf_left_1      =  2.722601999400122
    lsf_left_2      =  -18.205633267101266
    lsf_left_3      =  6.963109250509591
    lsf_left_4      =  -3.253782946448923
    lsf_left_5      =  1.2258642238751993
    lsf_right1      =  5.7702880601685465
    lsf_right2      =  -7.695285040030672
    lsf_right3      =  1.2074934011142584
    lsf_right4      =  -3.718028399810762
    lsf_right5      =  1.093925909533466
    tem_depth       =  1.0075929919821565
    velocity        =  -25585.259425106935
    wave_intercept  =  5666.712227283517
    wave_slope      =  0.01578286183478633
ERROR - Evaluated LSF:
ERROR - [nan nan nan nan nan nan nan nan nan nan nan nan nan nan nan nan nan nan
 nan nan nan nan nan nan nan nan nan nan nan nan nan nan nan nan nan nan
 nan nan nan nan nan nan nan nan nan nan nan nan nan nan nan nan nan nan
 nan nan nan nan nan nan nan nan nan nan nan nan nan nan nan nan nan nan
 nan]
WARNING - Chunk 862:
WARNING - NaN values detected in your input data or the output of your objective/model function - fitting algorithms cannot handle this! Please read https://lmfit.github.io/lmfit-py/faq.html#i-get-errors-from-nan-in-my-fit-what-can-i-do for more information.
ERROR - NaN value detected in oversampled model function.
ERROR - <ParameterSet (values: 17)>
    cont_intercept  =  24691.75440942846
    cont_slope      =  -15.278987753392986
    iod_depth       =  0.9798831263686681
    lsf_left_1      =  2.481423196856987
    lsf_left_2      =  -11.21707593581112
    lsf_left_3      =  3.879155953405576
    lsf_left_4      =  -3.7945972383030644
    lsf_left_5      =  0.9227572173694814
    lsf_right1      =  8.33073377697896
    lsf_right2      =  -16.22766329763226
    lsf_right3      =  3.8376014872065456
    lsf_right4      =  -3.6377963290369717
    lsf_right5      =  1.228488925008288
    tem_depth       =  0.9621500221574707
    velocity        =  -25151.567965572573
    wave_intercept  =  5854.126870024182
    wave_slope      =  0.014224672660291949
ERROR - Evaluated LSF:
ERROR - [nan nan nan nan nan nan nan nan nan nan nan nan nan nan nan nan nan nan
 nan nan nan nan nan nan nan nan nan nan nan nan nan nan nan nan nan nan
 nan nan nan nan nan nan nan nan nan nan nan nan nan nan nan nan nan nan
 nan nan nan nan nan nan nan nan nan nan nan nan nan nan nan nan nan nan
 nan]
WARNING - Chunk 993:
WARNING - NaN values detected in your input data or the output of your objective/model function - fitting algorithms cannot handle this! Please read https://lmfit.github.io/lmfit-py/faq.html#i-get-errors-from-nan-in-my-fit-what-can-i-do for more information.
ERROR - NaN value detected in oversampled model function.
ERROR - <ParameterSet (values: 17)>
    cont_intercept  =  47002.437421457
    cont_slope      =  11.262482134820395
    iod_depth       =  0.9309526945534498
    lsf_left_1      =  2.2765814562185356
    lsf_left_2      =  -5.104221884332652
    lsf_left_3      =  3.810763722263992
    lsf_left_4      =  -1.9133581047349861
    lsf_left_5      =  0.615180919846399
    lsf_right1      =  3.195747554661768
    lsf_right2      =  -18.368447246406344
    lsf_right3      =  5.346012622140001
    lsf_right4      =  -3.408807263795069
    lsf_right5      =  0.7549109802170607
    tem_depth       =  1.0206993070130743
    velocity        =  -25165.436863668838
    wave_intercept  =  5939.80175448219
    wave_slope      =  0.016741126582429197
ERROR - Evaluated LSF:
ERROR - [nan nan nan nan nan nan nan nan nan nan nan nan nan nan nan nan nan nan
 nan nan nan nan nan nan nan nan nan nan nan nan nan nan nan nan nan nan
 nan nan nan nan nan nan nan nan nan nan nan nan nan nan nan nan nan nan
 nan nan nan nan nan nan nan nan nan nan nan nan nan nan nan nan nan nan
 nan]
WARNING - Chunk 1056:
WARNING - NaN values detected in your input data or the output of your objective/model function - fitting algorithms cannot handle this! Please read https://lmfit.github.io/lmfit-py/faq.html#i-get-errors-from-nan-in-my-fit-what-can-i-do for more information.
ERROR - NaN value detected in oversampled model function.
ERROR - <ParameterSet (values: 17)>
    cont_intercept  =  21965.587134651818
    cont_slope      =  29.71692479970536
    iod_depth       =  0.8122889111194455
    lsf_left_1      =  5.502791071250961
    lsf_left_2      =  -18.22796684010555
    lsf_left_3      =  2.361868766584199
    lsf_left_4      =  -0.8933757804601803
    lsf_left_5      =  0.6488312238075132
    lsf_right1      =  2.4121973614195213
    lsf_right2      =  -18.310741880147972
    lsf_right3      =  1.3469782110329869
    lsf_right4      =  -2.3586295981387613
    lsf_right5      =  0.2547591408798294
    tem_depth       =  1.002669192724092
    velocity        =  -25663.964286822993
    wave_intercept  =  6029.245984482305
    wave_slope      =  0.019210603291406357
ERROR - Evaluated LSF:
ERROR - [nan nan nan nan nan nan nan nan nan nan nan nan nan nan nan nan nan nan
 nan nan nan nan nan nan nan nan nan nan nan nan nan nan nan nan nan nan
 nan nan nan nan nan nan nan nan nan nan nan nan nan nan nan nan nan nan
 nan nan nan nan nan nan nan nan nan nan nan nan nan nan nan nan nan nan
 nan]
WARNING - Chunk 1121:
WARNING - NaN values detected in your input data or the output of your objective/model function - fitting algorithms cannot handle this! Please read https://lmfit.github.io/lmfit-py/faq.html#i-get-errors-from-nan-in-my-fit-what-can-i-do for more information.
ERROR - NaN value detected in oversampled model function.
ERROR - <ParameterSet (values: 17)>
    cont_intercept  =  48236.520021663746
    cont_slope      =  11.160851524787704
    iod_depth       =  1.0217532198844121
    lsf_left_1      =  5.5581145659478555
    lsf_left_2      =  -14.007778204631487
    lsf_left_3      =  5.630169828371095
    lsf_left_4      =  -3.9139290360967722
    lsf_left_5      =  1.1100884412018228
    lsf_right1      =  2.8092142514682985
    lsf_right2      =  -17.6302131504294
    lsf_right3      =  1.8419884021732167
    lsf_right4      =  -3.3798495484396462
    lsf_right5      =  1.1733812783368873
    tem_depth       =  0.9928367853378447
    velocity        =  -25196.725221077395
    wave_intercept  =  6053.28903260315
    wave_slope      =  0.01741469462329839
ERROR - Evaluated LSF:
ERROR - [nan nan nan nan nan nan nan nan nan nan nan nan nan nan nan nan nan nan
 nan nan nan nan nan nan nan nan nan nan nan nan nan nan nan nan nan nan
 nan nan nan nan nan nan nan nan nan nan nan nan nan nan nan nan nan nan
 nan nan nan nan nan nan nan nan nan nan nan nan nan nan nan nan nan nan
 nan]
WARNING - Chunk 1132:
WARNING - NaN values detected in your input data or the output of your objective/model function - fitting algorithms cannot handle this! Please read https://lmfit.github.io/lmfit-py/faq.html#i-get-errors-from-nan-in-my-fit-what-can-i-do for more information.
ERROR - NaN value detected in oversampled model function.
ERROR - <ParameterSet (values: 17)>
    cont_intercept  =  23196.20537012401
    cont_slope      =  22.501262350791244
    iod_depth       =  0.8515295332320476
    lsf_left_1      =  3.458476342798683
    lsf_left_2      =  -13.851729374997792
    lsf_left_3      =  1.2126863062828332
    lsf_left_4      =  -3.908368627648073
    lsf_left_5      =  0.3003349528822138
    lsf_right1      =  3.0960693985970735
    lsf_right2      =  -18.38411827788976
    lsf_right3      =  2.2225194518589566
    lsf_right4      =  -3.214462269985284
    lsf_right5      =  0.5600245513920772
    tem_depth       =  0.9645184804492244
    velocity        =  -25224.325192106484
    wave_intercept  =  6091.80401911587
    wave_slope      =  0.019266421045358334
ERROR - Evaluated LSF:
ERROR - [nan nan nan nan nan nan nan nan nan nan nan nan nan nan nan nan nan nan
 nan nan nan nan nan nan nan nan nan nan nan nan nan nan nan nan nan nan
 nan nan nan nan nan nan nan nan nan nan nan nan nan nan nan nan nan nan
 nan nan nan nan nan nan nan nan nan nan nan nan nan nan nan nan nan nan
 nan]
WARNING - Chunk 1161:
WARNING - NaN values detected in your input data or the output of your objective/model function - fitting algorithms cannot handle this! Please read https://lmfit.github.io/lmfit-py/faq.html#i-get-errors-from-nan-in-my-fit-what-can-i-do for more information.
ERROR - NaN value detected in oversampled model function.
ERROR - <ParameterSet (values: 17)>
    cont_intercept  =  42917.860619746614
    cont_slope      =  19.98036697292193
    iod_depth       =  0.8778709602910585
    lsf_left_1      =  2.654070784430879
    lsf_left_2      =  -18.817831223964095
    lsf_left_3      =  6.486980392137997
    lsf_left_4      =  -3.381359019460861
    lsf_left_5      =  1.0852190529517447
    lsf_right1      =  2.2624565848819094
    lsf_right2      =  -18.30742163376778
    lsf_right3      =  7.913588512609885
    lsf_right4      =  -2.696439755311009
    lsf_right5      =  0.47264493323486184
    tem_depth       =  0.9849834392111058
    velocity        =  -25104.16381330576
    wave_intercept  =  6107.447467952214
    wave_slope      =  0.01806401239847966
ERROR - Evaluated LSF:
ERROR - [nan nan nan nan nan nan nan nan nan nan nan nan nan nan nan nan nan nan
 nan nan nan nan nan nan nan nan nan nan nan nan nan nan nan nan nan nan
 nan nan nan nan nan nan nan nan nan nan nan nan nan nan nan nan nan nan
 nan nan nan nan nan nan nan nan nan nan nan nan nan nan nan nan nan nan
 nan]
WARNING - Chunk 1168:
WARNING - NaN values detected in your input data or the output of your objective/model function - fitting algorithms cannot handle this! Please read https://lmfit.github.io/lmfit-py/faq.html#i-get-errors-from-nan-in-my-fit-what-can-i-do for more information.
ERROR - NaN value detected in oversampled model function.
ERROR - <ParameterSet (values: 17)>
    cont_intercept  =  46215.96531613147
    cont_slope      =  2.870488036450062
    iod_depth       =  0.8240867458699683
    lsf_left_1      =  2.3282523750951016
    lsf_left_2      =  -13.486732896719523
    lsf_left_3      =  5.392076599732499
    lsf_left_4      =  -3.736392752721033
    lsf_left_5      =  0.8241365883421811
    lsf_right1      =  2.579666418786814
    lsf_right2      =  -14.717720098698011
    lsf_right3      =  1.2584327814378502
    lsf_right4      =  -1.702476562283826
    lsf_right5      =  0.14833428914426713
    tem_depth       =  0.9882140574499283
    velocity        =  -25170.8000402107
    wave_intercept  =  6120.051118478682
    wave_slope      =  0.017067609665064192
ERROR - Evaluated LSF:
ERROR - [nan nan nan nan nan nan nan nan nan nan nan nan nan nan nan nan nan nan
 nan nan nan nan nan nan nan nan nan nan nan nan nan nan nan nan nan nan
 nan nan nan nan nan nan nan nan nan nan nan nan nan nan nan nan nan nan
 nan nan nan nan nan nan nan nan nan nan nan nan nan nan nan nan nan nan
 nan]
WARNING - Chunk 1174:
WARNING - NaN values detected in your input data or the output of your objective/model function - fitting algorithms cannot handle this! Please read https://lmfit.github.io/lmfit-py/faq.html#i-get-errors-from-nan-in-my-fit-what-can-i-do for more information.
ERROR - NaN value detected in oversampled model function.
ERROR - <ParameterSet (values: 17)>
    cont_intercept  =  11849.134632759418
    cont_slope      =  -10.027602045026978
    iod_depth       =  0.8677760753973127
    lsf_left_1      =  8.549574258420922
    lsf_left_2      =  -16.12760571569862
    lsf_left_3      =  1.4186353434811312
    lsf_left_4      =  -0.8835372535735071
    lsf_left_5      =  0.595352538772492
    lsf_right1      =  6.10769370464735
    lsf_right2      =  -18.724412114110926
    lsf_right3      =  1.2285946933062448
    lsf_right4      =  -3.152338455643144
    lsf_right5      =  1.2145792653306011
    tem_depth       =  0.9730927617809386
    velocity        =  -25103.494055481136
    wave_intercept  =  6162.192301833172
    wave_slope      =  0.01360346501788993
ERROR - Evaluated LSF:
ERROR - [nan nan nan nan nan nan nan nan nan nan nan nan nan nan nan nan nan nan
 nan nan nan nan nan nan nan nan nan nan nan nan nan nan nan nan nan nan
 nan nan nan nan nan nan nan nan nan nan nan nan nan nan nan nan nan nan
 nan nan nan nan nan nan nan nan nan nan nan nan nan nan nan nan nan nan
 nan]
WARNING - Chunk 1197:
WARNING - NaN values detected in your input data or the output of your objective/model function - fitting algorithms cannot handle this! Please read https://lmfit.github.io/lmfit-py/faq.html#i-get-errors-from-nan-in-my-fit-what-can-i-do for more information.
ERROR - NaN value detected in oversampled model function.
ERROR - <ParameterSet (values: 17)>
    cont_intercept  =  21195.87349224294
    cont_slope      =  24.339677536538353
    iod_depth       =  0.16843641049934804
    lsf_left_1      =  3.9152711309942845
    lsf_left_2      =  -12.773976540260936
    lsf_left_3      =  7.560761038763725
    lsf_left_4      =  -1.7613697994305184
    lsf_left_5      =  0.13717661430841296
    lsf_right1      =  7.090863028804135
    lsf_right2      =  -16.38017110198349
    lsf_right3      =  6.046129968608412
    lsf_right4      =  -3.2678901723627676
    lsf_right5      =  0.6379235479838529
    tem_depth       =  0.9575973032222758
    velocity        =  -25485.041545866323
    wave_intercept  =  6151.074434026298
    wave_slope      =  0.020031298490561643
ERROR - Evaluated LSF:
ERROR - [nan nan nan nan nan nan nan nan nan nan nan nan nan nan nan nan nan nan
 nan nan nan nan nan nan nan nan nan nan nan nan nan nan nan nan nan nan
 nan nan nan nan nan nan nan nan nan nan nan nan nan nan nan nan nan nan
 nan nan nan nan nan nan nan nan nan nan nan nan nan nan nan nan nan nan
 nan]
WARNING - Chunk 1199:
WARNING - NaN values detected in your input data or the output of your objective/model function - fitting algorithms cannot handle this! Please read https://lmfit.github.io/lmfit-py/faq.html#i-get-errors-from-nan-in-my-fit-what-can-i-do for more information.
ERROR - NaN value detected in oversampled model function.
ERROR - <ParameterSet (values: 17)>
    cont_intercept  =  27597.3639899279
    cont_slope      =  24.825835185953153
    iod_depth       =  0.9606481740236648
    lsf_left_1      =  4.061415110707807
    lsf_left_2      =  -10.706731822091411
    lsf_left_3      =  6.4213884563534425
    lsf_left_4      =  -3.8650224585616644
    lsf_left_5      =  1.1614073153273115
    lsf_right1      =  5.531004087433725
    lsf_right2      =  -18.26352523608668
    lsf_right3      =  1.4290395692207
    lsf_right4      =  -1.7091986137737591
    lsf_right5      =  0.9098518974077073
    tem_depth       =  1.0015546195998895
    velocity        =  -25271.132268498786
    wave_intercept  =  6155.667912998376
    wave_slope      =  0.01930044893283141
ERROR - Evaluated LSF:
ERROR - [nan nan nan nan nan nan nan nan nan nan nan nan nan nan nan nan nan nan
 nan nan nan nan nan nan nan nan nan nan nan nan nan nan nan nan nan nan
 nan nan nan nan nan nan nan nan nan nan nan nan nan nan nan nan nan nan
 nan nan nan nan nan nan nan nan nan nan nan nan nan nan nan nan nan nan
 nan]
WARNING - Chunk 1201:
WARNING - NaN values detected in your input data or the output of your objective/model function - fitting algorithms cannot handle this! Please read https://lmfit.github.io/lmfit-py/faq.html#i-get-errors-from-nan-in-my-fit-what-can-i-do for more information.
ERROR - NaN value detected in oversampled model function.
ERROR - <ParameterSet (values: 17)>
    cont_intercept  =  27887.80009058086
    cont_slope      =  -16.85509850234652
    iod_depth       =  0.9373107217775456
    lsf_left_1      =  10.143415280723879
    lsf_left_2      =  -17.211986903367123
    lsf_left_3      =  7.025474840887816
    lsf_left_4      =  -3.5049436784314447
    lsf_left_5      =  1.0811677657166539
    lsf_right1      =  2.609661662091779
    lsf_right2      =  -16.135240871156363
    lsf_right3      =  1.3613118972929368
    lsf_right4      =  -2.467815850925423
    lsf_right5      =  0.42678795975520445
    tem_depth       =  0.9831890663799703
    velocity        =  -25125.89042797035
    wave_intercept  =  6210.6889626467655
    wave_slope      =  0.014905419999651606
ERROR - Evaluated LSF:
ERROR - [nan nan nan nan nan nan nan nan nan nan nan nan nan nan nan nan nan nan
 nan nan nan nan nan nan nan nan nan nan nan nan nan nan nan nan nan nan
 nan nan nan nan nan nan nan nan nan nan nan nan nan nan nan nan nan nan
 nan nan nan nan nan nan nan nan nan nan nan nan nan nan nan nan nan nan
 nan]
WARNING - Chunk 1228:
WARNING - NaN values detected in your input data or the output of your objective/model function - fitting algorithms cannot handle this! Please read https://lmfit.github.io/lmfit-py/faq.html#i-get-errors-from-nan-in-my-fit-what-can-i-do for more information.
ERROR - NaN value detected in oversampled model function.
ERROR - <ParameterSet (values: 17)>
    cont_intercept  =  21396.838415620718
    cont_slope      =  -16.002464419680962
    iod_depth       =  0.805358614608353
    lsf_left_1      =  6.341786048148681
    lsf_left_2      =  -11.775881926139302
    lsf_left_3      =  2.7034562994134266
    lsf_left_4      =  -2.2852893504418312
    lsf_left_5      =  0.6017784781681464
    lsf_right1      =  2.263096075060021
    lsf_right2      =  -18.177693667176545
    lsf_right3      =  3.3831463487230047
    lsf_right4      =  -1.4784650081110216
    lsf_right5      =  0.13652611834529765
    tem_depth       =  0.9628914262435032
    velocity        =  -25174.240454224673
    wave_intercept  =  6215.991340032238
    wave_slope      =  0.014473052036594812
ERROR - Evaluated LSF:
ERROR - [nan nan nan nan nan nan nan nan nan nan nan nan nan nan nan nan nan nan
 nan nan nan nan nan nan nan nan nan nan nan nan nan nan nan nan nan nan
 nan nan nan nan nan nan nan nan nan nan nan nan nan nan nan nan nan nan
 nan nan nan nan nan nan nan nan nan nan nan nan nan nan nan nan nan nan
 nan]
WARNING - Chunk 1231:
WARNING - NaN values detected in your input data or the output of your objective/model function - fitting algorithms cannot handle this! Please read https://lmfit.github.io/lmfit-py/faq.html#i-get-errors-from-nan-in-my-fit-what-can-i-do for more information.
ERROR - NaN value detected in oversampled model function.
ERROR - <ParameterSet (values: 17)>
    cont_intercept  =  16041.287581336901
    cont_slope      =  -12.01727766121618
    iod_depth       =  0.7839612721661866
    lsf_left_1      =  2.655808386633988
    lsf_left_2      =  -15.216907353375065
    lsf_left_3      =  3.7800714347430913
    lsf_left_4      =  -1.9491808571288736
    lsf_left_5      =  0.9067049074375679
    lsf_right1      =  4.357833808789445
    lsf_right2      =  -18.430539277253178
    lsf_right3      =  10.291471357716699
    lsf_right4      =  -3.345265452624861
    lsf_right5      =  0.14487827632398306
    tem_depth       =  0.9559956117569937
    velocity        =  -24906.762808856
    wave_intercept  =  6222.793370203887
    wave_slope      =  0.013972139321241904
ERROR - Evaluated LSF:
ERROR - [nan nan nan nan nan nan nan nan nan nan nan nan nan nan nan nan nan nan
 nan nan nan nan nan nan nan nan nan nan nan nan nan nan nan nan nan nan
 nan nan nan nan nan nan nan nan nan nan nan nan nan nan nan nan nan nan
 nan nan nan nan nan nan nan nan nan nan nan nan nan nan nan nan nan nan
 nan]
WARNING - Chunk 1235:
WARNING - NaN values detected in your input data or the output of your objective/model function - fitting algorithms cannot handle this! Please read https://lmfit.github.io/lmfit-py/faq.html#i-get-errors-from-nan-in-my-fit-what-can-i-do for more information.
ERROR - NaN value detected in oversampled model function.
ERROR - <ParameterSet (values: 17)>
    cont_intercept  =  20672.208909064964
    cont_slope      =  18.164835467504194
    iod_depth       =  0.7480639882504295
    lsf_left_1      =  4.168414130531962
    lsf_left_2      =  -14.016224762618645
    lsf_left_3      =  3.6962791338515686
    lsf_left_4      =  -3.160654102800568
    lsf_left_5      =  1.1590548600370933
    lsf_right1      =  4.004322195060357
    lsf_right2      =  -12.959922390498317
    lsf_right3      =  1.2117144054698266
    lsf_right4      =  -1.246841888121312
    lsf_right5      =  0.18881185584738858
    tem_depth       =  0.9986945236788805
    velocity        =  -25374.16924734844
    wave_intercept  =  6213.842492207685
    wave_slope      =  0.01992063362192328
ERROR - Evaluated LSF:
ERROR - [nan nan nan nan nan nan nan nan nan nan nan nan nan nan nan nan nan nan
 nan nan nan nan nan nan nan nan nan nan nan nan nan nan nan nan nan nan
 nan nan nan nan nan nan nan nan nan nan nan nan nan nan nan nan nan nan
 nan nan nan nan nan nan nan nan nan nan nan nan nan nan nan nan nan nan
 nan]
WARNING - Chunk 1238:
WARNING - NaN values detected in your input data or the output of your objective/model function - fitting algorithms cannot handle this! Please read https://lmfit.github.io/lmfit-py/faq.html#i-get-errors-from-nan-in-my-fit-what-can-i-do for more information.
INFO - 
INFO - Number of chunks with no uncertainties: 0
INFO - Number of chunks with outliers: 0
INFO - Number of chunks with nan fitted red. Chi2: 308
ERROR - Polynomial fitting failed. Falling back to input values
Traceback (most recent call last):
  File "/Users/jaklusmeyer/SONG/pyodine/pyodine/lib/misc.py", line 529, in fit_polynomial
    pfit, stats = np.polynomial.Polynomial.fit(
  File "/Users/jaklusmeyer/miniconda/envs/pyodine_env/lib/python3.9/site-packages/numpy/polynomial/_polybase.py", line 1036, in fit
    xnew = pu.mapdomain(x, domain, window)
  File "/Users/jaklusmeyer/miniconda/envs/pyodine_env/lib/python3.9/site-packages/numpy/polynomial/polyutils.py", line 371, in mapdomain
    off, scl = mapparms(old, new)
  File "/Users/jaklusmeyer/miniconda/envs/pyodine_env/lib/python3.9/site-packages/numpy/polynomial/polyutils.py", line 303, in mapparms
    off = (old[1]*new[0] - old[0]*new[1])/oldlen
ZeroDivisionError: division by zero
ERROR - Polynomial fitting failed. Falling back to input values
Traceback (most recent call last):
  File "/Users/jaklusmeyer/SONG/pyodine/pyodine/lib/misc.py", line 529, in fit_polynomial
    pfit, stats = np.polynomial.Polynomial.fit(
  File "/Users/jaklusmeyer/miniconda/envs/pyodine_env/lib/python3.9/site-packages/numpy/polynomial/_polybase.py", line 1036, in fit
    xnew = pu.mapdomain(x, domain, window)
  File "/Users/jaklusmeyer/miniconda/envs/pyodine_env/lib/python3.9/site-packages/numpy/polynomial/polyutils.py", line 371, in mapdomain
    off, scl = mapparms(old, new)
  File "/Users/jaklusmeyer/miniconda/envs/pyodine_env/lib/python3.9/site-packages/numpy/polynomial/polyutils.py", line 303, in mapparms
    off = (old[1]*new[0] - old[0]*new[1])/oldlen
ZeroDivisionError: division by zero
ERROR - Polynomial fitting failed. Falling back to input values
Traceback (most recent call last):
  File "/Users/jaklusmeyer/SONG/pyodine/pyodine/lib/misc.py", line 529, in fit_polynomial
    pfit, stats = np.polynomial.Polynomial.fit(
  File "/Users/jaklusmeyer/miniconda/envs/pyodine_env/lib/python3.9/site-packages/numpy/polynomial/_polybase.py", line 1036, in fit
    xnew = pu.mapdomain(x, domain, window)
  File "/Users/jaklusmeyer/miniconda/envs/pyodine_env/lib/python3.9/site-packages/numpy/polynomial/polyutils.py", line 371, in mapdomain
    off, scl = mapparms(old, new)
  File "/Users/jaklusmeyer/miniconda/envs/pyodine_env/lib/python3.9/site-packages/numpy/polynomial/polyutils.py", line 303, in mapparms
    off = (old[1]*new[0] - old[0]*new[1])/oldlen
ZeroDivisionError: division by zero
ERROR - Polynomial fitting failed. Falling back to input values
Traceback (most recent call last):
  File "/Users/jaklusmeyer/SONG/pyodine/pyodine/lib/misc.py", line 529, in fit_polynomial
    pfit, stats = np.polynomial.Polynomial.fit(
  File "/Users/jaklusmeyer/miniconda/envs/pyodine_env/lib/python3.9/site-packages/numpy/polynomial/_polybase.py", line 1036, in fit
    xnew = pu.mapdomain(x, domain, window)
  File "/Users/jaklusmeyer/miniconda/envs/pyodine_env/lib/python3.9/site-packages/numpy/polynomial/polyutils.py", line 371, in mapdomain
    off, scl = mapparms(old, new)
  File "/Users/jaklusmeyer/miniconda/envs/pyodine_env/lib/python3.9/site-packages/numpy/polynomial/polyutils.py", line 303, in mapparms
    off = (old[1]*new[0] - old[0]*new[1])/oldlen
ZeroDivisionError: division by zero
ERROR - Polynomial fitting failed. Falling back to input values
Traceback (most recent call last):
  File "/Users/jaklusmeyer/SONG/pyodine/pyodine/lib/misc.py", line 529, in fit_polynomial
    pfit, stats = np.polynomial.Polynomial.fit(
  File "/Users/jaklusmeyer/miniconda/envs/pyodine_env/lib/python3.9/site-packages/numpy/polynomial/_polybase.py", line 1036, in fit
    xnew = pu.mapdomain(x, domain, window)
  File "/Users/jaklusmeyer/miniconda/envs/pyodine_env/lib/python3.9/site-packages/numpy/polynomial/polyutils.py", line 371, in mapdomain
    off, scl = mapparms(old, new)
  File "/Users/jaklusmeyer/miniconda/envs/pyodine_env/lib/python3.9/site-packages/numpy/polynomial/polyutils.py", line 303, in mapparms
    off = (old[1]*new[0] - old[0]*new[1])/oldlen
ZeroDivisionError: division by zero
ERROR - Polynomial fitting failed. Falling back to input values
Traceback (most recent call last):
  File "/Users/jaklusmeyer/SONG/pyodine/pyodine/lib/misc.py", line 529, in fit_polynomial
    pfit, stats = np.polynomial.Polynomial.fit(
  File "/Users/jaklusmeyer/miniconda/envs/pyodine_env/lib/python3.9/site-packages/numpy/polynomial/_polybase.py", line 1036, in fit
    xnew = pu.mapdomain(x, domain, window)
  File "/Users/jaklusmeyer/miniconda/envs/pyodine_env/lib/python3.9/site-packages/numpy/polynomial/polyutils.py", line 371, in mapdomain
    off, scl = mapparms(old, new)
  File "/Users/jaklusmeyer/miniconda/envs/pyodine_env/lib/python3.9/site-packages/numpy/polynomial/polyutils.py", line 303, in mapparms
    off = (old[1]*new[0] - old[0]*new[1])/oldlen
ZeroDivisionError: division by zero
ERROR - Polynomial fitting failed. Falling back to input values
Traceback (most recent call last):
  File "/Users/jaklusmeyer/SONG/pyodine/pyodine/lib/misc.py", line 529, in fit_polynomial
    pfit, stats = np.polynomial.Polynomial.fit(
  File "/Users/jaklusmeyer/miniconda/envs/pyodine_env/lib/python3.9/site-packages/numpy/polynomial/_polybase.py", line 1036, in fit
    xnew = pu.mapdomain(x, domain, window)
  File "/Users/jaklusmeyer/miniconda/envs/pyodine_env/lib/python3.9/site-packages/numpy/polynomial/polyutils.py", line 371, in mapdomain
    off, scl = mapparms(old, new)
  File "/Users/jaklusmeyer/miniconda/envs/pyodine_env/lib/python3.9/site-packages/numpy/polynomial/polyutils.py", line 303, in mapparms
    off = (old[1]*new[0] - old[0]*new[1])/oldlen
ZeroDivisionError: division by zero
ERROR - Polynomial fitting failed. Falling back to input values
Traceback (most recent call last):
  File "/Users/jaklusmeyer/SONG/pyodine/pyodine/lib/misc.py", line 529, in fit_polynomial
    pfit, stats = np.polynomial.Polynomial.fit(
  File "/Users/jaklusmeyer/miniconda/envs/pyodine_env/lib/python3.9/site-packages/numpy/polynomial/_polybase.py", line 1036, in fit
    xnew = pu.mapdomain(x, domain, window)
  File "/Users/jaklusmeyer/miniconda/envs/pyodine_env/lib/python3.9/site-packages/numpy/polynomial/polyutils.py", line 371, in mapdomain
    off, scl = mapparms(old, new)
  File "/Users/jaklusmeyer/miniconda/envs/pyodine_env/lib/python3.9/site-packages/numpy/polynomial/polyutils.py", line 303, in mapparms
    off = (old[1]*new[0] - old[0]*new[1])/oldlen
ZeroDivisionError: division by zero
ERROR - Polynomial fitting failed. Falling back to input values
Traceback (most recent call last):
  File "/Users/jaklusmeyer/SONG/pyodine/pyodine/lib/misc.py", line 529, in fit_polynomial
    pfit, stats = np.polynomial.Polynomial.fit(
  File "/Users/jaklusmeyer/miniconda/envs/pyodine_env/lib/python3.9/site-packages/numpy/polynomial/_polybase.py", line 1036, in fit
    xnew = pu.mapdomain(x, domain, window)
  File "/Users/jaklusmeyer/miniconda/envs/pyodine_env/lib/python3.9/site-packages/numpy/polynomial/polyutils.py", line 371, in mapdomain
    off, scl = mapparms(old, new)
  File "/Users/jaklusmeyer/miniconda/envs/pyodine_env/lib/python3.9/site-packages/numpy/polynomial/polyutils.py", line 303, in mapparms
    off = (old[1]*new[0] - old[0]*new[1])/oldlen
ZeroDivisionError: division by zero
ERROR - Polynomial fitting failed. Falling back to input values
Traceback (most recent call last):
  File "/Users/jaklusmeyer/SONG/pyodine/pyodine/lib/misc.py", line 529, in fit_polynomial
    pfit, stats = np.polynomial.Polynomial.fit(
  File "/Users/jaklusmeyer/miniconda/envs/pyodine_env/lib/python3.9/site-packages/numpy/polynomial/_polybase.py", line 1036, in fit
    xnew = pu.mapdomain(x, domain, window)
  File "/Users/jaklusmeyer/miniconda/envs/pyodine_env/lib/python3.9/site-packages/numpy/polynomial/polyutils.py", line 371, in mapdomain
    off, scl = mapparms(old, new)
  File "/Users/jaklusmeyer/miniconda/envs/pyodine_env/lib/python3.9/site-packages/numpy/polynomial/polyutils.py", line 303, in mapparms
    off = (old[1]*new[0] - old[0]*new[1])/oldlen
ZeroDivisionError: division by zero
ERROR - Polynomial fitting failed. Falling back to input values
Traceback (most recent call last):
  File "/Users/jaklusmeyer/SONG/pyodine/pyodine/lib/misc.py", line 529, in fit_polynomial
    pfit, stats = np.polynomial.Polynomial.fit(
  File "/Users/jaklusmeyer/miniconda/envs/pyodine_env/lib/python3.9/site-packages/numpy/polynomial/_polybase.py", line 1036, in fit
    xnew = pu.mapdomain(x, domain, window)
  File "/Users/jaklusmeyer/miniconda/envs/pyodine_env/lib/python3.9/site-packages/numpy/polynomial/polyutils.py", line 371, in mapdomain
    off, scl = mapparms(old, new)
  File "/Users/jaklusmeyer/miniconda/envs/pyodine_env/lib/python3.9/site-packages/numpy/polynomial/polyutils.py", line 303, in mapparms
    off = (old[1]*new[0] - old[0]*new[1])/oldlen
ZeroDivisionError: division by zero
ERROR - Polynomial fitting failed. Falling back to input values
Traceback (most recent call last):
  File "/Users/jaklusmeyer/SONG/pyodine/pyodine/lib/misc.py", line 529, in fit_polynomial
    pfit, stats = np.polynomial.Polynomial.fit(
  File "/Users/jaklusmeyer/miniconda/envs/pyodine_env/lib/python3.9/site-packages/numpy/polynomial/_polybase.py", line 1036, in fit
    xnew = pu.mapdomain(x, domain, window)
  File "/Users/jaklusmeyer/miniconda/envs/pyodine_env/lib/python3.9/site-packages/numpy/polynomial/polyutils.py", line 371, in mapdomain
    off, scl = mapparms(old, new)
  File "/Users/jaklusmeyer/miniconda/envs/pyodine_env/lib/python3.9/site-packages/numpy/polynomial/polyutils.py", line 303, in mapparms
    off = (old[1]*new[0] - old[0]*new[1])/oldlen
ZeroDivisionError: division by zero
ERROR - Polynomial fitting failed. Falling back to input values
Traceback (most recent call last):
  File "/Users/jaklusmeyer/SONG/pyodine/pyodine/lib/misc.py", line 529, in fit_polynomial
    pfit, stats = np.polynomial.Polynomial.fit(
  File "/Users/jaklusmeyer/miniconda/envs/pyodine_env/lib/python3.9/site-packages/numpy/polynomial/_polybase.py", line 1036, in fit
    xnew = pu.mapdomain(x, domain, window)
  File "/Users/jaklusmeyer/miniconda/envs/pyodine_env/lib/python3.9/site-packages/numpy/polynomial/polyutils.py", line 371, in mapdomain
    off, scl = mapparms(old, new)
  File "/Users/jaklusmeyer/miniconda/envs/pyodine_env/lib/python3.9/site-packages/numpy/polynomial/polyutils.py", line 303, in mapparms
    off = (old[1]*new[0] - old[0]*new[1])/oldlen
ZeroDivisionError: division by zero
ERROR - Polynomial fitting failed. Falling back to input values
Traceback (most recent call last):
  File "/Users/jaklusmeyer/SONG/pyodine/pyodine/lib/misc.py", line 529, in fit_polynomial
    pfit, stats = np.polynomial.Polynomial.fit(
  File "/Users/jaklusmeyer/miniconda/envs/pyodine_env/lib/python3.9/site-packages/numpy/polynomial/_polybase.py", line 1036, in fit
    xnew = pu.mapdomain(x, domain, window)
  File "/Users/jaklusmeyer/miniconda/envs/pyodine_env/lib/python3.9/site-packages/numpy/polynomial/polyutils.py", line 371, in mapdomain
    off, scl = mapparms(old, new)
  File "/Users/jaklusmeyer/miniconda/envs/pyodine_env/lib/python3.9/site-packages/numpy/polynomial/polyutils.py", line 303, in mapparms
    off = (old[1]*new[0] - old[0]*new[1])/oldlen
ZeroDivisionError: division by zero
INFO - 
INFO - Creating analysis plots...
ERROR - NaN value detected in iodine function.
ERROR - Chunk could not be plotted
Traceback (most recent call last):
  File "/Users/jaklusmeyer/SONG/pyodine/pyodine/plot_lib.py", line 62, in plot_chunkmodel
    sp = fit_results[chunk_nr].fitted_spectrum
  File "/Users/jaklusmeyer/SONG/pyodine/pyodine/fitters/base.py", line 45, in fitted_spectrum
    return self.model.eval_spectrum(self.chunk, self.params, chunk_ind=self.chunk_ind)
  File "/Users/jaklusmeyer/SONG/pyodine/pyodine/models/base.py", line 79, in eval_spectrum
    flux = self.eval(chunk, params, chunk_ind=chunk_ind, **kwargs)
  File "/Users/jaklusmeyer/SONG/pyodine/pyodine/models/spectrum.py", line 138, in eval
    tck = splrep(tem.wave * doppler, flux_tem, s=0)
  File "/Users/jaklusmeyer/miniconda/envs/pyodine_env/lib/python3.9/site-packages/scipy/interpolate/_fitpack_py.py", line 295, in splrep
    res = _impl.splrep(x, y, w, xb, xe, k, task, s, t, full_output, per, quiet)
  File "/Users/jaklusmeyer/miniconda/envs/pyodine_env/lib/python3.9/site-packages/scipy/interpolate/_fitpack_impl.py", line 276, in splrep
    n, c, fp, ier = dfitpack.curfit(task, x, y, w, t, wrk, iwrk,
dfitpack.error: (xb<=x[0]) failed for 1st keyword xb: curfit:xb=nan
ERROR - NaN value detected in iodine function.
ERROR - Chunk could not be plotted
Traceback (most recent call last):
  File "/Users/jaklusmeyer/SONG/pyodine/pyodine/plot_lib.py", line 62, in plot_chunkmodel
    sp = fit_results[chunk_nr].fitted_spectrum
  File "/Users/jaklusmeyer/SONG/pyodine/pyodine/fitters/base.py", line 45, in fitted_spectrum
    return self.model.eval_spectrum(self.chunk, self.params, chunk_ind=self.chunk_ind)
  File "/Users/jaklusmeyer/SONG/pyodine/pyodine/models/base.py", line 79, in eval_spectrum
    flux = self.eval(chunk, params, chunk_ind=chunk_ind, **kwargs)
  File "/Users/jaklusmeyer/SONG/pyodine/pyodine/models/spectrum.py", line 138, in eval
    tck = splrep(tem.wave * doppler, flux_tem, s=0)
  File "/Users/jaklusmeyer/miniconda/envs/pyodine_env/lib/python3.9/site-packages/scipy/interpolate/_fitpack_py.py", line 295, in splrep
    res = _impl.splrep(x, y, w, xb, xe, k, task, s, t, full_output, per, quiet)
  File "/Users/jaklusmeyer/miniconda/envs/pyodine_env/lib/python3.9/site-packages/scipy/interpolate/_fitpack_impl.py", line 276, in splrep
    n, c, fp, ier = dfitpack.curfit(task, x, y, w, t, wrk, iwrk,
dfitpack.error: (xb<=x[0]) failed for 1st keyword xb: curfit:xb=nan
INFO - Velocity robust mean: -25147.979067336633
INFO - Velocity robust std: 229.59060385884683
INFO - 
INFO - Velocity error robust mean: 109.2465992057012
INFO - Velocity error robust std: 74.0315749972685
INFO - 
INFO - Minimum error: 31.246548915602283 in chunk 565
INFO - Maximum error: 4438.696955990803 in chunk 1082
INFO - 
INFO - Chunks with nan velocities: [   0    1    2    3    4    5    6    7    8    9   10   11   12   13
   14   15   16   17   18   19   20   21   22   23   24   25   26   27
   28   29   30   31   32   33   34   35   36   37   38   39   40   41
   42   43   44   45   46   47   48   49   50   51   52   53   54   55
   56   57   58   59   60   61   62   63   64   65   66   67   68   69
   70   71   72   73   74   75   76   77   78   79   80   81   82   83
   84   85   86   87   88   89   90   91   92   93   94   95   96   97
   98   99  100  101  102  103  104  105  106  107  108  109  110  111
  112  113  114  115  116  117  118  119  120  121  122  123  124  125
  126  127  128  129  130  131  132  133  134  135  136  137  138  139
  140  141  142  143  144  145  146  147  148  149  150  151  152  153
  154  155  156  157  158  159  160  161  162  163  164  165  166  167
  168  169  170  171  172  173  174  175  176  177  178  179  180  181
  182  183  184  185  186  187  188  189  190  191  192  193  194  195
  196  197  198  199  200  201  202  203  204  205  206  207  208  209
  210  211  212  213  214  215  216  217  218  219  220  221  222  223
  224  225  226  227  228  229  230  231  232  233  234  235  236  237
  238  239  240  241  242  243  244  245  246  247  248  249  250  251
  252  253  254  255  256  257  258  259  260  261  262  263  264  265
  266  267  268  269  270  271  272  273  274  275  276  277  278  279
  280  287  499  523  539  561  562  591  699  708  782  829  834  862
  993 1056 1121 1132 1161 1168 1174 1197 1199 1201 1228 1231 1235 1238]
INFO - Chunks with nan velocity errors: [   0    1    2    3    4    5    6    7    8    9   10   11   12   13
   14   15   16   17   18   19   20   21   22   23   24   25   26   27
   28   29   30   31   32   33   34   35   36   37   38   39   40   41
   42   43   44   45   46   47   48   49   50   51   52   53   54   55
   56   57   58   59   60   61   62   63   64   65   66   67   68   69
   70   71   72   73   74   75   76   77   78   79   80   81   82   83
   84   85   86   87   88   89   90   91   92   93   94   95   96   97
   98   99  100  101  102  103  104  105  106  107  108  109  110  111
  112  113  114  115  116  117  118  119  120  121  122  123  124  125
  126  127  128  129  130  131  132  133  134  135  136  137  138  139
  140  141  142  143  144  145  146  147  148  149  150  151  152  153
  154  155  156  157  158  159  160  161  162  163  164  165  166  167
  168  169  170  171  172  173  174  175  176  177  178  179  180  181
  182  183  184  185  186  187  188  189  190  191  192  193  194  195
  196  197  198  199  200  201  202  203  204  205  206  207  208  209
  210  211  212  213  214  215  216  217  218  219  220  221  222  223
  224  225  226  227  228  229  230  231  232  233  234  235  236  237
  238  239  240  241  242  243  244  245  246  247  248  249  250  251
  252  253  254  255  256  257  258  259  260  261  262  263  264  265
  266  267  268  269  270  271  272  273  274  275  276  277  278  279
  280  287  499  523  539  561  562  591  699  708  782  829  834  862
  993 1056 1121 1132 1161 1168 1174 1197 1199 1201 1228 1231 1235 1238]
INFO - Velocity error at percentile 80: 192.9618400395518
INFO - 
INFO - Time to model this observation: 147.66471910476685
