2026-03-10 09:44:48,976 - root - ERROR - Chunk 0: No Data! Returning LmfitResult with None.
2026-03-10 09:44:48,977 - root - ERROR - Chunk 1: No Data! Returning LmfitResult with None.
2026-03-10 09:44:48,981 - root - ERROR - Chunk 2: No Data! Returning LmfitResult with None.
2026-03-10 09:44:49,032 - root - ERROR - Chunk 3: No Data! Returning LmfitResult with None.
2026-03-10 09:44:49,033 - root - ERROR - Chunk 4: No Data! Returning LmfitResult with None.
2026-03-10 09:44:49,034 - root - ERROR - Chunk 5: No Data! Returning LmfitResult with None.
2026-03-10 09:44:49,035 - root - ERROR - Chunk 6: No Data! Returning LmfitResult with None.
2026-03-10 09:44:49,036 - root - ERROR - Chunk 7: No Data! Returning LmfitResult with None.
2026-03-10 09:44:49,037 - root - ERROR - Chunk 8: No Data! Returning LmfitResult with None.
2026-03-10 09:44:49,038 - root - ERROR - Chunk 9: No Data! Returning LmfitResult with None.
2026-03-10 09:44:49,040 - root - ERROR - Chunk 10: No Data! Returning LmfitResult with None.
2026-03-10 09:44:49,041 - root - ERROR - Chunk 11: No Data! Returning LmfitResult with None.
2026-03-10 09:44:49,042 - root - ERROR - Chunk 12: No Data! Returning LmfitResult with None.
2026-03-10 09:44:49,043 - root - ERROR - Chunk 13: No Data! Returning LmfitResult with None.
2026-03-10 09:44:49,048 - root - ERROR - Chunk 14: No Data! Returning LmfitResult with None.
2026-03-10 09:44:49,050 - root - ERROR - Chunk 15: No Data! Returning LmfitResult with None.
2026-03-10 09:44:49,052 - root - ERROR - Chunk 16: No Data! Returning LmfitResult with None.
2026-03-10 09:44:49,053 - root - ERROR - Chunk 17: No Data! Returning LmfitResult with None.
2026-03-10 09:44:49,054 - root - ERROR - Chunk 18: No Data! Returning LmfitResult with None.
2026-03-10 09:44:49,104 - root - ERROR - Chunk 19: No Data! Returning LmfitResult with None.
2026-03-10 09:44:49,106 - root - ERROR - Chunk 20: No Data! Returning LmfitResult with None.
2026-03-10 09:44:49,107 - root - ERROR - Chunk 21: No Data! Returning LmfitResult with None.
2026-03-10 09:44:49,108 - root - ERROR - Chunk 22: No Data! Returning LmfitResult with None.
2026-03-10 09:44:49,109 - root - ERROR - Chunk 23: No Data! Returning LmfitResult with None.
2026-03-10 09:44:49,110 - root - ERROR - Chunk 24: No Data! Returning LmfitResult with None.
2026-03-10 09:44:49,111 - root - ERROR - Chunk 25: No Data! Returning LmfitResult with None.
2026-03-10 09:44:49,112 - root - ERROR - Chunk 26: No Data! Returning LmfitResult with None.
2026-03-10 09:44:49,113 - root - ERROR - Chunk 27: No Data! Returning LmfitResult with None.
2026-03-10 09:44:49,114 - root - ERROR - Chunk 28: No Data! Returning LmfitResult with None.
2026-03-10 09:44:49,115 - root - ERROR - Chunk 29: No Data! Returning LmfitResult with None.
2026-03-10 09:44:49,115 - root - ERROR - Chunk 30: No Data! Returning LmfitResult with None.
2026-03-10 09:44:49,116 - root - ERROR - Chunk 31: No Data! Returning LmfitResult with None.
2026-03-10 09:44:49,119 - root - ERROR - Chunk 32: No Data! Returning LmfitResult with None.
2026-03-10 09:44:49,120 - root - ERROR - Chunk 33: No Data! Returning LmfitResult with None.
2026-03-10 09:44:49,121 - root - ERROR - Chunk 34: No Data! Returning LmfitResult with None.
2026-03-10 09:44:49,122 - root - ERROR - Chunk 35: No Data! Returning LmfitResult with None.
2026-03-10 09:44:49,123 - root - ERROR - Chunk 36: No Data! Returning LmfitResult with None.
2026-03-10 09:44:49,124 - root - ERROR - Chunk 37: No Data! Returning LmfitResult with None.
2026-03-10 09:44:49,125 - root - ERROR - Chunk 38: No Data! Returning LmfitResult with None.
2026-03-10 09:44:49,127 - root - ERROR - Chunk 39: No Data! Returning LmfitResult with None.
2026-03-10 09:44:49,128 - root - ERROR - Chunk 40: No Data! Returning LmfitResult with None.
2026-03-10 09:44:49,129 - root - ERROR - Chunk 41: No Data! Returning LmfitResult with None.
2026-03-10 09:44:49,130 - root - ERROR - Chunk 42: No Data! Returning LmfitResult with None.
2026-03-10 09:44:49,131 - root - ERROR - Chunk 43: No Data! Returning LmfitResult with None.
2026-03-10 09:44:49,132 - root - ERROR - Chunk 44: No Data! Returning LmfitResult with None.
2026-03-10 09:44:49,133 - root - ERROR - Chunk 45: No Data! Returning LmfitResult with None.
2026-03-10 09:44:49,133 - root - ERROR - Chunk 46: No Data! Returning LmfitResult with None.
2026-03-10 09:44:49,135 - root - ERROR - Chunk 47: No Data! Returning LmfitResult with None.
2026-03-10 09:44:49,136 - root - ERROR - Chunk 48: No Data! Returning LmfitResult with None.
2026-03-10 09:44:49,136 - root - ERROR - Chunk 49: No Data! Returning LmfitResult with None.
2026-03-10 09:44:49,137 - root - ERROR - Chunk 50: No Data! Returning LmfitResult with None.
2026-03-10 09:44:49,138 - root - ERROR - Chunk 51: No Data! Returning LmfitResult with None.
2026-03-10 09:44:49,139 - root - ERROR - Chunk 52: No Data! Returning LmfitResult with None.
2026-03-10 09:44:49,140 - root - ERROR - Chunk 53: No Data! Returning LmfitResult with None.
2026-03-10 09:44:49,141 - root - ERROR - Chunk 54: No Data! Returning LmfitResult with None.
2026-03-10 09:44:49,142 - root - ERROR - Chunk 55: No Data! Returning LmfitResult with None.
2026-03-10 09:44:49,143 - root - ERROR - Chunk 56: No Data! Returning LmfitResult with None.
2026-03-10 09:44:49,144 - root - ERROR - Chunk 57: No Data! Returning LmfitResult with None.
2026-03-10 09:44:49,145 - root - ERROR - Chunk 58: No Data! Returning LmfitResult with None.
2026-03-10 09:44:49,147 - root - ERROR - Chunk 59: No Data! Returning LmfitResult with None.
2026-03-10 09:44:49,148 - root - ERROR - Chunk 60: No Data! Returning LmfitResult with None.
2026-03-10 09:44:49,148 - root - ERROR - Chunk 61: No Data! Returning LmfitResult with None.
2026-03-10 09:44:49,149 - root - ERROR - Chunk 62: No Data! Returning LmfitResult with None.
2026-03-10 09:44:49,150 - root - ERROR - Chunk 63: No Data! Returning LmfitResult with None.
2026-03-10 09:44:49,151 - root - ERROR - Chunk 64: No Data! Returning LmfitResult with None.
2026-03-10 09:44:49,152 - root - ERROR - Chunk 65: No Data! Returning LmfitResult with None.
2026-03-10 09:44:49,153 - root - ERROR - Chunk 66: No Data! Returning LmfitResult with None.
2026-03-10 09:44:49,154 - root - ERROR - Chunk 67: No Data! Returning LmfitResult with None.
2026-03-10 09:44:49,155 - root - ERROR - Chunk 68: No Data! Returning LmfitResult with None.
2026-03-10 09:44:49,156 - root - ERROR - Chunk 69: No Data! Returning LmfitResult with None.
2026-03-10 09:44:49,157 - root - ERROR - Chunk 70: No Data! Returning LmfitResult with None.
2026-03-10 09:44:49,158 - root - ERROR - Chunk 71: No Data! Returning LmfitResult with None.
2026-03-10 09:44:49,159 - root - ERROR - Chunk 72: No Data! Returning LmfitResult with None.
2026-03-10 09:44:49,160 - root - ERROR - Chunk 73: No Data! Returning LmfitResult with None.
2026-03-10 09:44:49,161 - root - ERROR - Chunk 74: No Data! Returning LmfitResult with None.
2026-03-10 09:44:49,162 - root - ERROR - Chunk 75: No Data! Returning LmfitResult with None.
2026-03-10 09:44:49,163 - root - ERROR - Chunk 76: No Data! Returning LmfitResult with None.
2026-03-10 09:44:49,164 - root - ERROR - Chunk 77: No Data! Returning LmfitResult with None.
2026-03-10 09:44:49,165 - root - ERROR - Chunk 78: No Data! Returning LmfitResult with None.
2026-03-10 09:44:49,166 - root - ERROR - Chunk 79: No Data! Returning LmfitResult with None.
2026-03-10 09:44:49,177 - root - ERROR - Chunk 80: No Data! Returning LmfitResult with None.
2026-03-10 09:44:49,178 - root - ERROR - Chunk 81: No Data! Returning LmfitResult with None.
2026-03-10 09:44:49,179 - root - ERROR - Chunk 82: No Data! Returning LmfitResult with None.
2026-03-10 09:44:49,180 - root - ERROR - Chunk 83: No Data! Returning LmfitResult with None.
2026-03-10 09:44:49,181 - root - ERROR - Chunk 84: No Data! Returning LmfitResult with None.
2026-03-10 09:44:49,182 - root - ERROR - Chunk 85: No Data! Returning LmfitResult with None.
2026-03-10 09:44:49,183 - root - ERROR - Chunk 86: No Data! Returning LmfitResult with None.
2026-03-10 09:44:49,184 - root - ERROR - Chunk 87: No Data! Returning LmfitResult with None.
2026-03-10 09:44:49,184 - root - ERROR - Chunk 88: No Data! Returning LmfitResult with None.
2026-03-10 09:44:49,185 - root - ERROR - Chunk 89: No Data! Returning LmfitResult with None.
2026-03-10 09:44:49,187 - root - ERROR - Chunk 90: No Data! Returning LmfitResult with None.
2026-03-10 09:44:49,188 - root - ERROR - Chunk 91: No Data! Returning LmfitResult with None.
2026-03-10 09:44:49,189 - root - ERROR - Chunk 92: No Data! Returning LmfitResult with None.
2026-03-10 09:44:49,190 - root - ERROR - Chunk 93: No Data! Returning LmfitResult with None.
2026-03-10 09:44:49,191 - root - ERROR - Chunk 94: No Data! Returning LmfitResult with None.
2026-03-10 09:44:49,192 - root - ERROR - Chunk 95: No Data! Returning LmfitResult with None.
2026-03-10 09:44:49,193 - root - ERROR - Chunk 96: No Data! Returning LmfitResult with None.
2026-03-10 09:44:49,194 - root - ERROR - Chunk 97: No Data! Returning LmfitResult with None.
2026-03-10 09:44:49,195 - root - ERROR - Chunk 98: No Data! Returning LmfitResult with None.
2026-03-10 09:44:49,196 - root - ERROR - Chunk 99: No Data! Returning LmfitResult with None.
2026-03-10 09:44:49,197 - root - ERROR - Chunk 100: No Data! Returning LmfitResult with None.
2026-03-10 09:44:49,198 - root - ERROR - Chunk 101: No Data! Returning LmfitResult with None.
2026-03-10 09:44:49,199 - root - ERROR - Chunk 102: No Data! Returning LmfitResult with None.
2026-03-10 09:44:49,200 - root - ERROR - Chunk 103: No Data! Returning LmfitResult with None.
2026-03-10 09:44:49,201 - root - ERROR - Chunk 104: No Data! Returning LmfitResult with None.
2026-03-10 09:44:49,202 - root - ERROR - Chunk 105: No Data! Returning LmfitResult with None.
2026-03-10 09:44:49,203 - root - ERROR - Chunk 106: No Data! Returning LmfitResult with None.
2026-03-10 09:44:49,203 - root - ERROR - Chunk 107: No Data! Returning LmfitResult with None.
2026-03-10 09:44:49,204 - root - ERROR - Chunk 108: No Data! Returning LmfitResult with None.
2026-03-10 09:44:49,205 - root - ERROR - Chunk 109: No Data! Returning LmfitResult with None.
2026-03-10 09:44:49,207 - root - ERROR - Chunk 110: No Data! Returning LmfitResult with None.
2026-03-10 09:44:49,208 - root - ERROR - Chunk 111: No Data! Returning LmfitResult with None.
2026-03-10 09:44:49,209 - root - ERROR - Chunk 112: No Data! Returning LmfitResult with None.
2026-03-10 09:44:49,209 - root - ERROR - Chunk 113: No Data! Returning LmfitResult with None.
2026-03-10 09:44:49,210 - root - ERROR - Chunk 114: No Data! Returning LmfitResult with None.
2026-03-10 09:44:49,211 - root - ERROR - Chunk 115: No Data! Returning LmfitResult with None.
2026-03-10 09:44:49,213 - root - ERROR - Chunk 116: No Data! Returning LmfitResult with None.
2026-03-10 09:44:49,214 - root - ERROR - Chunk 117: No Data! Returning LmfitResult with None.
2026-03-10 09:44:49,216 - root - ERROR - Chunk 118: No Data! Returning LmfitResult with None.
2026-03-10 09:44:49,216 - root - ERROR - Chunk 119: No Data! Returning LmfitResult with None.
2026-03-10 09:44:49,217 - root - ERROR - Chunk 120: No Data! Returning LmfitResult with None.
2026-03-10 09:44:49,218 - root - ERROR - Chunk 121: No Data! Returning LmfitResult with None.
2026-03-10 09:44:49,219 - root - ERROR - Chunk 122: No Data! Returning LmfitResult with None.
2026-03-10 09:44:49,220 - root - ERROR - Chunk 123: No Data! Returning LmfitResult with None.
2026-03-10 09:44:49,221 - root - ERROR - Chunk 124: No Data! Returning LmfitResult with None.
2026-03-10 09:44:49,222 - root - ERROR - Chunk 125: No Data! Returning LmfitResult with None.
2026-03-10 09:44:49,222 - root - ERROR - Chunk 126: No Data! Returning LmfitResult with None.
2026-03-10 09:44:49,223 - root - ERROR - Chunk 127: No Data! Returning LmfitResult with None.
2026-03-10 09:44:49,224 - root - ERROR - Chunk 128: No Data! Returning LmfitResult with None.
2026-03-10 09:44:49,225 - root - ERROR - Chunk 129: No Data! Returning LmfitResult with None.
2026-03-10 09:44:49,226 - root - ERROR - Chunk 130: No Data! Returning LmfitResult with None.
2026-03-10 09:44:49,227 - root - ERROR - Chunk 131: No Data! Returning LmfitResult with None.
2026-03-10 09:44:49,228 - root - ERROR - Chunk 132: No Data! Returning LmfitResult with None.
2026-03-10 09:44:49,229 - root - ERROR - Chunk 133: No Data! Returning LmfitResult with None.
2026-03-10 09:44:49,230 - root - ERROR - Chunk 134: No Data! Returning LmfitResult with None.
2026-03-10 09:44:49,231 - root - ERROR - Chunk 135: No Data! Returning LmfitResult with None.
2026-03-10 09:44:49,232 - root - ERROR - Chunk 136: No Data! Returning LmfitResult with None.
2026-03-10 09:44:49,233 - root - ERROR - Chunk 137: No Data! Returning LmfitResult with None.
2026-03-10 09:44:49,233 - root - ERROR - Chunk 138: No Data! Returning LmfitResult with None.
2026-03-10 09:44:49,234 - root - ERROR - Chunk 139: No Data! Returning LmfitResult with None.
2026-03-10 09:44:49,235 - root - ERROR - Chunk 140: No Data! Returning LmfitResult with None.
2026-03-10 09:44:49,236 - root - ERROR - Chunk 141: No Data! Returning LmfitResult with None.
2026-03-10 09:44:49,238 - root - ERROR - Chunk 142: No Data! Returning LmfitResult with None.
2026-03-10 09:44:49,241 - root - ERROR - Chunk 143: No Data! Returning LmfitResult with None.
2026-03-10 09:44:49,242 - root - ERROR - Chunk 144: No Data! Returning LmfitResult with None.
2026-03-10 09:44:49,243 - root - ERROR - Chunk 145: No Data! Returning LmfitResult with None.
2026-03-10 09:44:49,244 - root - ERROR - Chunk 146: No Data! Returning LmfitResult with None.
2026-03-10 09:44:49,245 - root - ERROR - Chunk 147: No Data! Returning LmfitResult with None.
2026-03-10 09:44:49,246 - root - ERROR - Chunk 148: No Data! Returning LmfitResult with None.
2026-03-10 09:44:49,247 - root - ERROR - Chunk 149: No Data! Returning LmfitResult with None.
2026-03-10 09:44:49,247 - root - ERROR - Chunk 150: No Data! Returning LmfitResult with None.
2026-03-10 09:44:49,249 - root - ERROR - Chunk 151: No Data! Returning LmfitResult with None.
2026-03-10 09:44:49,250 - root - ERROR - Chunk 152: No Data! Returning LmfitResult with None.
2026-03-10 09:44:49,251 - root - ERROR - Chunk 153: No Data! Returning LmfitResult with None.
2026-03-10 09:44:49,252 - root - ERROR - Chunk 154: No Data! Returning LmfitResult with None.
2026-03-10 09:44:49,253 - root - ERROR - Chunk 155: No Data! Returning LmfitResult with None.
2026-03-10 09:44:49,254 - root - ERROR - Chunk 156: No Data! Returning LmfitResult with None.
2026-03-10 09:44:49,254 - root - ERROR - Chunk 157: No Data! Returning LmfitResult with None.
2026-03-10 09:44:49,255 - root - ERROR - Chunk 158: No Data! Returning LmfitResult with None.
2026-03-10 09:44:49,256 - root - ERROR - Chunk 159: No Data! Returning LmfitResult with None.
2026-03-10 09:44:49,258 - root - ERROR - Chunk 160: No Data! Returning LmfitResult with None.
2026-03-10 09:44:49,258 - root - ERROR - Chunk 161: No Data! Returning LmfitResult with None.
2026-03-10 09:44:49,259 - root - ERROR - Chunk 162: No Data! Returning LmfitResult with None.
2026-03-10 09:44:49,260 - root - ERROR - Chunk 163: No Data! Returning LmfitResult with None.
2026-03-10 09:44:49,261 - root - ERROR - Chunk 164: No Data! Returning LmfitResult with None.
2026-03-10 09:44:49,262 - root - ERROR - Chunk 165: No Data! Returning LmfitResult with None.
2026-03-10 09:44:49,263 - root - ERROR - Chunk 166: No Data! Returning LmfitResult with None.
2026-03-10 09:44:49,264 - root - ERROR - Chunk 167: No Data! Returning LmfitResult with None.
2026-03-10 09:44:49,265 - root - ERROR - Chunk 168: No Data! Returning LmfitResult with None.
2026-03-10 09:44:49,266 - root - ERROR - Chunk 169: No Data! Returning LmfitResult with None.
2026-03-10 09:44:49,267 - root - ERROR - Chunk 170: No Data! Returning LmfitResult with None.
2026-03-10 09:44:49,268 - root - ERROR - Chunk 171: No Data! Returning LmfitResult with None.
2026-03-10 09:44:49,269 - root - ERROR - Chunk 172: No Data! Returning LmfitResult with None.
2026-03-10 09:44:49,270 - root - ERROR - Chunk 173: No Data! Returning LmfitResult with None.
2026-03-10 09:44:49,271 - root - ERROR - Chunk 174: No Data! Returning LmfitResult with None.
2026-03-10 09:44:49,272 - root - ERROR - Chunk 175: No Data! Returning LmfitResult with None.
2026-03-10 09:44:49,274 - root - ERROR - Chunk 176: No Data! Returning LmfitResult with None.
2026-03-10 09:44:49,275 - root - ERROR - Chunk 177: No Data! Returning LmfitResult with None.
2026-03-10 09:44:49,276 - root - ERROR - Chunk 178: No Data! Returning LmfitResult with None.
2026-03-10 09:44:49,277 - root - ERROR - Chunk 179: No Data! Returning LmfitResult with None.
2026-03-10 09:44:49,278 - root - ERROR - Chunk 180: No Data! Returning LmfitResult with None.
2026-03-10 09:44:49,279 - root - ERROR - Chunk 181: No Data! Returning LmfitResult with None.
2026-03-10 09:44:49,280 - root - ERROR - Chunk 182: No Data! Returning LmfitResult with None.
2026-03-10 09:44:49,281 - root - ERROR - Chunk 183: No Data! Returning LmfitResult with None.
2026-03-10 09:44:49,282 - root - ERROR - Chunk 184: No Data! Returning LmfitResult with None.
2026-03-10 09:44:49,283 - root - ERROR - Chunk 185: No Data! Returning LmfitResult with None.
2026-03-10 09:44:49,284 - root - ERROR - Chunk 186: No Data! Returning LmfitResult with None.
2026-03-10 09:44:49,285 - root - ERROR - Chunk 187: No Data! Returning LmfitResult with None.
2026-03-10 09:44:49,286 - root - ERROR - Chunk 188: No Data! Returning LmfitResult with None.
2026-03-10 09:44:49,287 - root - ERROR - Chunk 189: No Data! Returning LmfitResult with None.
2026-03-10 09:44:49,288 - root - ERROR - Chunk 190: No Data! Returning LmfitResult with None.
2026-03-10 09:44:49,289 - root - ERROR - Chunk 191: No Data! Returning LmfitResult with None.
2026-03-10 09:44:49,290 - root - ERROR - Chunk 192: No Data! Returning LmfitResult with None.
2026-03-10 09:44:49,291 - root - ERROR - Chunk 193: No Data! Returning LmfitResult with None.
2026-03-10 09:44:49,292 - root - ERROR - Chunk 194: No Data! Returning LmfitResult with None.
2026-03-10 09:44:49,293 - root - ERROR - Chunk 195: No Data! Returning LmfitResult with None.
2026-03-10 09:44:49,293 - root - ERROR - Chunk 196: No Data! Returning LmfitResult with None.
2026-03-10 09:44:49,294 - root - ERROR - Chunk 197: No Data! Returning LmfitResult with None.
2026-03-10 09:44:49,295 - root - ERROR - Chunk 198: No Data! Returning LmfitResult with None.
2026-03-10 09:44:49,296 - root - ERROR - Chunk 199: No Data! Returning LmfitResult with None.
2026-03-10 09:44:49,297 - root - ERROR - Chunk 200: No Data! Returning LmfitResult with None.
2026-03-10 09:44:49,298 - root - ERROR - Chunk 201: No Data! Returning LmfitResult with None.
2026-03-10 09:44:49,299 - root - ERROR - Chunk 202: No Data! Returning LmfitResult with None.
2026-03-10 09:44:49,300 - root - ERROR - Chunk 203: No Data! Returning LmfitResult with None.
2026-03-10 09:44:49,301 - root - ERROR - Chunk 204: No Data! Returning LmfitResult with None.
2026-03-10 09:44:49,302 - root - ERROR - Chunk 205: No Data! Returning LmfitResult with None.
2026-03-10 09:44:49,303 - root - ERROR - Chunk 206: No Data! Returning LmfitResult with None.
2026-03-10 09:44:49,305 - root - ERROR - Chunk 207: No Data! Returning LmfitResult with None.
2026-03-10 09:44:49,306 - root - ERROR - Chunk 208: No Data! Returning LmfitResult with None.
2026-03-10 09:44:49,308 - root - ERROR - Chunk 209: No Data! Returning LmfitResult with None.
2026-03-10 09:44:49,309 - root - ERROR - Chunk 210: No Data! Returning LmfitResult with None.
2026-03-10 09:44:49,309 - root - ERROR - Chunk 211: No Data! Returning LmfitResult with None.
2026-03-10 09:44:49,310 - root - ERROR - Chunk 212: No Data! Returning LmfitResult with None.
2026-03-10 09:44:49,311 - root - ERROR - Chunk 213: No Data! Returning LmfitResult with None.
2026-03-10 09:44:49,312 - root - ERROR - Chunk 214: No Data! Returning LmfitResult with None.
2026-03-10 09:44:49,313 - root - ERROR - Chunk 215: No Data! Returning LmfitResult with None.
2026-03-10 09:44:49,314 - root - ERROR - Chunk 216: No Data! Returning LmfitResult with None.
2026-03-10 09:44:49,315 - root - ERROR - Chunk 217: No Data! Returning LmfitResult with None.
2026-03-10 09:44:49,316 - root - ERROR - Chunk 218: No Data! Returning LmfitResult with None.
2026-03-10 09:44:49,317 - root - ERROR - Chunk 219: No Data! Returning LmfitResult with None.
2026-03-10 09:44:49,318 - root - ERROR - Chunk 220: No Data! Returning LmfitResult with None.
2026-03-10 09:44:49,319 - root - ERROR - Chunk 221: No Data! Returning LmfitResult with None.
2026-03-10 09:44:49,320 - root - ERROR - Chunk 222: No Data! Returning LmfitResult with None.
2026-03-10 09:44:49,321 - root - ERROR - Chunk 223: No Data! Returning LmfitResult with None.
2026-03-10 09:44:49,322 - root - ERROR - Chunk 224: No Data! Returning LmfitResult with None.
2026-03-10 09:44:49,323 - root - ERROR - Chunk 225: No Data! Returning LmfitResult with None.
2026-03-10 09:44:49,324 - root - ERROR - Chunk 226: No Data! Returning LmfitResult with None.
2026-03-10 09:44:49,325 - root - ERROR - Chunk 227: No Data! Returning LmfitResult with None.
2026-03-10 09:44:49,326 - root - ERROR - Chunk 228: No Data! Returning LmfitResult with None.
2026-03-10 09:44:49,327 - root - ERROR - Chunk 229: No Data! Returning LmfitResult with None.
2026-03-10 09:44:49,328 - root - ERROR - Chunk 230: No Data! Returning LmfitResult with None.
2026-03-10 09:44:49,329 - root - ERROR - Chunk 231: No Data! Returning LmfitResult with None.
2026-03-10 09:44:49,329 - root - ERROR - Chunk 232: No Data! Returning LmfitResult with None.
2026-03-10 09:44:49,330 - root - ERROR - Chunk 233: No Data! Returning LmfitResult with None.
2026-03-10 09:44:49,331 - root - ERROR - Chunk 234: No Data! Returning LmfitResult with None.
2026-03-10 09:44:49,332 - root - ERROR - Chunk 235: No Data! Returning LmfitResult with None.
2026-03-10 09:44:49,333 - root - ERROR - Chunk 236: No Data! Returning LmfitResult with None.
2026-03-10 09:44:49,334 - root - ERROR - Chunk 237: No Data! Returning LmfitResult with None.
2026-03-10 09:44:49,335 - root - ERROR - Chunk 238: No Data! Returning LmfitResult with None.
2026-03-10 09:44:49,336 - root - ERROR - Chunk 239: No Data! Returning LmfitResult with None.
2026-03-10 09:44:49,338 - root - ERROR - Chunk 240: No Data! Returning LmfitResult with None.
2026-03-10 09:44:49,370 - root - ERROR - Chunk 241: No Data! Returning LmfitResult with None.
2026-03-10 09:44:49,378 - root - ERROR - Chunk 242: No Data! Returning LmfitResult with None.
2026-03-10 09:44:49,379 - root - ERROR - Chunk 243: No Data! Returning LmfitResult with None.
2026-03-10 09:44:49,380 - root - ERROR - Chunk 244: No Data! Returning LmfitResult with None.
2026-03-10 09:44:49,381 - root - ERROR - Chunk 245: No Data! Returning LmfitResult with None.
2026-03-10 09:44:49,382 - root - ERROR - Chunk 246: No Data! Returning LmfitResult with None.
2026-03-10 09:44:49,383 - root - ERROR - Chunk 247: No Data! Returning LmfitResult with None.
2026-03-10 09:44:49,384 - root - ERROR - Chunk 248: No Data! Returning LmfitResult with None.
2026-03-10 09:44:49,385 - root - ERROR - Chunk 249: No Data! Returning LmfitResult with None.
2026-03-10 09:44:49,386 - root - ERROR - Chunk 250: No Data! Returning LmfitResult with None.
2026-03-10 09:44:49,387 - root - ERROR - Chunk 251: No Data! Returning LmfitResult with None.
2026-03-10 09:44:49,396 - root - ERROR - Chunk 252: No Data! Returning LmfitResult with None.
2026-03-10 09:44:49,398 - root - ERROR - Chunk 253: No Data! Returning LmfitResult with None.
2026-03-10 09:44:49,401 - root - ERROR - Chunk 254: No Data! Returning LmfitResult with None.
2026-03-10 09:44:49,402 - root - ERROR - Chunk 255: No Data! Returning LmfitResult with None.
2026-03-10 09:44:49,403 - root - ERROR - Chunk 256: No Data! Returning LmfitResult with None.
2026-03-10 09:44:49,404 - root - ERROR - Chunk 257: No Data! Returning LmfitResult with None.
2026-03-10 09:44:49,405 - root - ERROR - Chunk 258: No Data! Returning LmfitResult with None.
2026-03-10 09:44:49,406 - root - ERROR - Chunk 259: No Data! Returning LmfitResult with None.
2026-03-10 09:44:49,407 - root - ERROR - Chunk 260: No Data! Returning LmfitResult with None.
2026-03-10 09:44:49,408 - root - ERROR - Chunk 261: No Data! Returning LmfitResult with None.
2026-03-10 09:44:49,409 - root - ERROR - Chunk 262: No Data! Returning LmfitResult with None.
2026-03-10 09:44:49,410 - root - ERROR - Chunk 263: No Data! Returning LmfitResult with None.
2026-03-10 09:44:49,411 - root - ERROR - Chunk 264: No Data! Returning LmfitResult with None.
2026-03-10 09:44:49,412 - root - ERROR - Chunk 265: No Data! Returning LmfitResult with None.
2026-03-10 09:44:49,413 - root - ERROR - Chunk 266: No Data! Returning LmfitResult with None.
2026-03-10 09:44:49,414 - root - ERROR - Chunk 267: No Data! Returning LmfitResult with None.
2026-03-10 09:44:49,415 - root - ERROR - Chunk 268: No Data! Returning LmfitResult with None.
2026-03-10 09:44:49,416 - root - ERROR - Chunk 269: No Data! Returning LmfitResult with None.
2026-03-10 09:44:49,416 - root - ERROR - Chunk 270: No Data! Returning LmfitResult with None.
2026-03-10 09:44:49,417 - root - ERROR - Chunk 271: No Data! Returning LmfitResult with None.
2026-03-10 09:44:49,418 - root - ERROR - Chunk 272: No Data! Returning LmfitResult with None.
2026-03-10 09:44:49,419 - root - ERROR - Chunk 273: No Data! Returning LmfitResult with None.
2026-03-10 09:44:49,420 - root - ERROR - Chunk 274: No Data! Returning LmfitResult with None.
2026-03-10 09:44:49,421 - root - ERROR - Chunk 275: No Data! Returning LmfitResult with None.
2026-03-10 09:44:49,422 - root - ERROR - Chunk 276: No Data! Returning LmfitResult with None.
2026-03-10 09:44:49,423 - root - ERROR - Chunk 277: No Data! Returning LmfitResult with None.
2026-03-10 09:44:49,424 - root - ERROR - Chunk 278: No Data! Returning LmfitResult with None.
2026-03-10 09:44:49,425 - root - ERROR - Chunk 279: No Data! Returning LmfitResult with None.
2026-03-10 09:44:49,426 - root - ERROR - Chunk 280: No Data! Returning LmfitResult with None.
2026-03-10 09:45:14,805 - root - ERROR - Polynomial fitting failed. Falling back to input values
Traceback (most recent call last):
  File "/Users/jaklusmeyer/SONG/pyodine/pyodine/lib/misc.py", line 529, in fit_polynomial
    pfit, stats = np.polynomial.Polynomial.fit(
  File "/Users/jaklusmeyer/miniconda/envs/pyodine_env/lib/python3.9/site-packages/numpy/polynomial/_polybase.py", line 1036, in fit
    xnew = pu.mapdomain(x, domain, window)
  File "/Users/jaklusmeyer/miniconda/envs/pyodine_env/lib/python3.9/site-packages/numpy/polynomial/polyutils.py", line 371, in mapdomain
    off, scl = mapparms(old, new)
  File "/Users/jaklusmeyer/miniconda/envs/pyodine_env/lib/python3.9/site-packages/numpy/polynomial/polyutils.py", line 303, in mapparms
    off = (old[1]*new[0] - old[0]*new[1])/oldlen
ZeroDivisionError: division by zero
2026-03-10 09:45:14,807 - root - ERROR - Polynomial fitting failed. Falling back to input values
Traceback (most recent call last):
  File "/Users/jaklusmeyer/SONG/pyodine/pyodine/lib/misc.py", line 529, in fit_polynomial
    pfit, stats = np.polynomial.Polynomial.fit(
  File "/Users/jaklusmeyer/miniconda/envs/pyodine_env/lib/python3.9/site-packages/numpy/polynomial/_polybase.py", line 1036, in fit
    xnew = pu.mapdomain(x, domain, window)
  File "/Users/jaklusmeyer/miniconda/envs/pyodine_env/lib/python3.9/site-packages/numpy/polynomial/polyutils.py", line 371, in mapdomain
    off, scl = mapparms(old, new)
  File "/Users/jaklusmeyer/miniconda/envs/pyodine_env/lib/python3.9/site-packages/numpy/polynomial/polyutils.py", line 303, in mapparms
    off = (old[1]*new[0] - old[0]*new[1])/oldlen
ZeroDivisionError: division by zero
2026-03-10 09:45:14,808 - root - ERROR - Polynomial fitting failed. Falling back to input values
Traceback (most recent call last):
  File "/Users/jaklusmeyer/SONG/pyodine/pyodine/lib/misc.py", line 529, in fit_polynomial
    pfit, stats = np.polynomial.Polynomial.fit(
  File "/Users/jaklusmeyer/miniconda/envs/pyodine_env/lib/python3.9/site-packages/numpy/polynomial/_polybase.py", line 1036, in fit
    xnew = pu.mapdomain(x, domain, window)
  File "/Users/jaklusmeyer/miniconda/envs/pyodine_env/lib/python3.9/site-packages/numpy/polynomial/polyutils.py", line 371, in mapdomain
    off, scl = mapparms(old, new)
  File "/Users/jaklusmeyer/miniconda/envs/pyodine_env/lib/python3.9/site-packages/numpy/polynomial/polyutils.py", line 303, in mapparms
    off = (old[1]*new[0] - old[0]*new[1])/oldlen
ZeroDivisionError: division by zero
2026-03-10 09:45:14,809 - root - ERROR - Polynomial fitting failed. Falling back to input values
Traceback (most recent call last):
  File "/Users/jaklusmeyer/SONG/pyodine/pyodine/lib/misc.py", line 529, in fit_polynomial
    pfit, stats = np.polynomial.Polynomial.fit(
  File "/Users/jaklusmeyer/miniconda/envs/pyodine_env/lib/python3.9/site-packages/numpy/polynomial/_polybase.py", line 1036, in fit
    xnew = pu.mapdomain(x, domain, window)
  File "/Users/jaklusmeyer/miniconda/envs/pyodine_env/lib/python3.9/site-packages/numpy/polynomial/polyutils.py", line 371, in mapdomain
    off, scl = mapparms(old, new)
  File "/Users/jaklusmeyer/miniconda/envs/pyodine_env/lib/python3.9/site-packages/numpy/polynomial/polyutils.py", line 303, in mapparms
    off = (old[1]*new[0] - old[0]*new[1])/oldlen
ZeroDivisionError: division by zero
2026-03-10 09:45:14,810 - root - ERROR - Polynomial fitting failed. Falling back to input values
Traceback (most recent call last):
  File "/Users/jaklusmeyer/SONG/pyodine/pyodine/lib/misc.py", line 529, in fit_polynomial
    pfit, stats = np.polynomial.Polynomial.fit(
  File "/Users/jaklusmeyer/miniconda/envs/pyodine_env/lib/python3.9/site-packages/numpy/polynomial/_polybase.py", line 1036, in fit
    xnew = pu.mapdomain(x, domain, window)
  File "/Users/jaklusmeyer/miniconda/envs/pyodine_env/lib/python3.9/site-packages/numpy/polynomial/polyutils.py", line 371, in mapdomain
    off, scl = mapparms(old, new)
  File "/Users/jaklusmeyer/miniconda/envs/pyodine_env/lib/python3.9/site-packages/numpy/polynomial/polyutils.py", line 303, in mapparms
    off = (old[1]*new[0] - old[0]*new[1])/oldlen
ZeroDivisionError: division by zero
2026-03-10 09:45:14,811 - root - ERROR - Polynomial fitting failed. Falling back to input values
Traceback (most recent call last):
  File "/Users/jaklusmeyer/SONG/pyodine/pyodine/lib/misc.py", line 529, in fit_polynomial
    pfit, stats = np.polynomial.Polynomial.fit(
  File "/Users/jaklusmeyer/miniconda/envs/pyodine_env/lib/python3.9/site-packages/numpy/polynomial/_polybase.py", line 1036, in fit
    xnew = pu.mapdomain(x, domain, window)
  File "/Users/jaklusmeyer/miniconda/envs/pyodine_env/lib/python3.9/site-packages/numpy/polynomial/polyutils.py", line 371, in mapdomain
    off, scl = mapparms(old, new)
  File "/Users/jaklusmeyer/miniconda/envs/pyodine_env/lib/python3.9/site-packages/numpy/polynomial/polyutils.py", line 303, in mapparms
    off = (old[1]*new[0] - old[0]*new[1])/oldlen
ZeroDivisionError: division by zero
2026-03-10 09:45:14,812 - root - ERROR - Polynomial fitting failed. Falling back to input values
Traceback (most recent call last):
  File "/Users/jaklusmeyer/SONG/pyodine/pyodine/lib/misc.py", line 529, in fit_polynomial
    pfit, stats = np.polynomial.Polynomial.fit(
  File "/Users/jaklusmeyer/miniconda/envs/pyodine_env/lib/python3.9/site-packages/numpy/polynomial/_polybase.py", line 1036, in fit
    xnew = pu.mapdomain(x, domain, window)
  File "/Users/jaklusmeyer/miniconda/envs/pyodine_env/lib/python3.9/site-packages/numpy/polynomial/polyutils.py", line 371, in mapdomain
    off, scl = mapparms(old, new)
  File "/Users/jaklusmeyer/miniconda/envs/pyodine_env/lib/python3.9/site-packages/numpy/polynomial/polyutils.py", line 303, in mapparms
    off = (old[1]*new[0] - old[0]*new[1])/oldlen
ZeroDivisionError: division by zero
2026-03-10 09:45:14,820 - root - ERROR - Polynomial fitting failed. Falling back to input values
Traceback (most recent call last):
  File "/Users/jaklusmeyer/SONG/pyodine/pyodine/lib/misc.py", line 529, in fit_polynomial
    pfit, stats = np.polynomial.Polynomial.fit(
  File "/Users/jaklusmeyer/miniconda/envs/pyodine_env/lib/python3.9/site-packages/numpy/polynomial/_polybase.py", line 1036, in fit
    xnew = pu.mapdomain(x, domain, window)
  File "/Users/jaklusmeyer/miniconda/envs/pyodine_env/lib/python3.9/site-packages/numpy/polynomial/polyutils.py", line 371, in mapdomain
    off, scl = mapparms(old, new)
  File "/Users/jaklusmeyer/miniconda/envs/pyodine_env/lib/python3.9/site-packages/numpy/polynomial/polyutils.py", line 303, in mapparms
    off = (old[1]*new[0] - old[0]*new[1])/oldlen
ZeroDivisionError: division by zero
2026-03-10 09:45:14,821 - root - ERROR - Polynomial fitting failed. Falling back to input values
Traceback (most recent call last):
  File "/Users/jaklusmeyer/SONG/pyodine/pyodine/lib/misc.py", line 529, in fit_polynomial
    pfit, stats = np.polynomial.Polynomial.fit(
  File "/Users/jaklusmeyer/miniconda/envs/pyodine_env/lib/python3.9/site-packages/numpy/polynomial/_polybase.py", line 1036, in fit
    xnew = pu.mapdomain(x, domain, window)
  File "/Users/jaklusmeyer/miniconda/envs/pyodine_env/lib/python3.9/site-packages/numpy/polynomial/polyutils.py", line 371, in mapdomain
    off, scl = mapparms(old, new)
  File "/Users/jaklusmeyer/miniconda/envs/pyodine_env/lib/python3.9/site-packages/numpy/polynomial/polyutils.py", line 303, in mapparms
    off = (old[1]*new[0] - old[0]*new[1])/oldlen
ZeroDivisionError: division by zero
2026-03-10 09:45:14,822 - root - ERROR - Polynomial fitting failed. Falling back to input values
Traceback (most recent call last):
  File "/Users/jaklusmeyer/SONG/pyodine/pyodine/lib/misc.py", line 529, in fit_polynomial
    pfit, stats = np.polynomial.Polynomial.fit(
  File "/Users/jaklusmeyer/miniconda/envs/pyodine_env/lib/python3.9/site-packages/numpy/polynomial/_polybase.py", line 1036, in fit
    xnew = pu.mapdomain(x, domain, window)
  File "/Users/jaklusmeyer/miniconda/envs/pyodine_env/lib/python3.9/site-packages/numpy/polynomial/polyutils.py", line 371, in mapdomain
    off, scl = mapparms(old, new)
  File "/Users/jaklusmeyer/miniconda/envs/pyodine_env/lib/python3.9/site-packages/numpy/polynomial/polyutils.py", line 303, in mapparms
    off = (old[1]*new[0] - old[0]*new[1])/oldlen
ZeroDivisionError: division by zero
2026-03-10 09:45:14,823 - root - ERROR - Polynomial fitting failed. Falling back to input values
Traceback (most recent call last):
  File "/Users/jaklusmeyer/SONG/pyodine/pyodine/lib/misc.py", line 529, in fit_polynomial
    pfit, stats = np.polynomial.Polynomial.fit(
  File "/Users/jaklusmeyer/miniconda/envs/pyodine_env/lib/python3.9/site-packages/numpy/polynomial/_polybase.py", line 1036, in fit
    xnew = pu.mapdomain(x, domain, window)
  File "/Users/jaklusmeyer/miniconda/envs/pyodine_env/lib/python3.9/site-packages/numpy/polynomial/polyutils.py", line 371, in mapdomain
    off, scl = mapparms(old, new)
  File "/Users/jaklusmeyer/miniconda/envs/pyodine_env/lib/python3.9/site-packages/numpy/polynomial/polyutils.py", line 303, in mapparms
    off = (old[1]*new[0] - old[0]*new[1])/oldlen
ZeroDivisionError: division by zero
2026-03-10 09:45:14,824 - root - ERROR - Polynomial fitting failed. Falling back to input values
Traceback (most recent call last):
  File "/Users/jaklusmeyer/SONG/pyodine/pyodine/lib/misc.py", line 529, in fit_polynomial
    pfit, stats = np.polynomial.Polynomial.fit(
  File "/Users/jaklusmeyer/miniconda/envs/pyodine_env/lib/python3.9/site-packages/numpy/polynomial/_polybase.py", line 1036, in fit
    xnew = pu.mapdomain(x, domain, window)
  File "/Users/jaklusmeyer/miniconda/envs/pyodine_env/lib/python3.9/site-packages/numpy/polynomial/polyutils.py", line 371, in mapdomain
    off, scl = mapparms(old, new)
  File "/Users/jaklusmeyer/miniconda/envs/pyodine_env/lib/python3.9/site-packages/numpy/polynomial/polyutils.py", line 303, in mapparms
    off = (old[1]*new[0] - old[0]*new[1])/oldlen
ZeroDivisionError: division by zero
2026-03-10 09:45:14,825 - root - ERROR - Polynomial fitting failed. Falling back to input values
Traceback (most recent call last):
  File "/Users/jaklusmeyer/SONG/pyodine/pyodine/lib/misc.py", line 529, in fit_polynomial
    pfit, stats = np.polynomial.Polynomial.fit(
  File "/Users/jaklusmeyer/miniconda/envs/pyodine_env/lib/python3.9/site-packages/numpy/polynomial/_polybase.py", line 1036, in fit
    xnew = pu.mapdomain(x, domain, window)
  File "/Users/jaklusmeyer/miniconda/envs/pyodine_env/lib/python3.9/site-packages/numpy/polynomial/polyutils.py", line 371, in mapdomain
    off, scl = mapparms(old, new)
  File "/Users/jaklusmeyer/miniconda/envs/pyodine_env/lib/python3.9/site-packages/numpy/polynomial/polyutils.py", line 303, in mapparms
    off = (old[1]*new[0] - old[0]*new[1])/oldlen
ZeroDivisionError: division by zero
2026-03-10 09:45:14,827 - root - ERROR - Polynomial fitting failed. Falling back to input values
Traceback (most recent call last):
  File "/Users/jaklusmeyer/SONG/pyodine/pyodine/lib/misc.py", line 529, in fit_polynomial
    pfit, stats = np.polynomial.Polynomial.fit(
  File "/Users/jaklusmeyer/miniconda/envs/pyodine_env/lib/python3.9/site-packages/numpy/polynomial/_polybase.py", line 1036, in fit
    xnew = pu.mapdomain(x, domain, window)
  File "/Users/jaklusmeyer/miniconda/envs/pyodine_env/lib/python3.9/site-packages/numpy/polynomial/polyutils.py", line 371, in mapdomain
    off, scl = mapparms(old, new)
  File "/Users/jaklusmeyer/miniconda/envs/pyodine_env/lib/python3.9/site-packages/numpy/polynomial/polyutils.py", line 303, in mapparms
    off = (old[1]*new[0] - old[0]*new[1])/oldlen
ZeroDivisionError: division by zero
2026-03-10 09:45:17,323 - root - ERROR - NaN value detected in iodine function.
2026-03-10 09:45:17,325 - root - ERROR - Chunk could not be plotted
Traceback (most recent call last):
  File "/Users/jaklusmeyer/SONG/pyodine/pyodine/plot_lib.py", line 62, in plot_chunkmodel
    sp = fit_results[chunk_nr].fitted_spectrum
  File "/Users/jaklusmeyer/SONG/pyodine/pyodine/fitters/base.py", line 45, in fitted_spectrum
    return self.model.eval_spectrum(self.chunk, self.params, chunk_ind=self.chunk_ind)
  File "/Users/jaklusmeyer/SONG/pyodine/pyodine/models/base.py", line 79, in eval_spectrum
    flux = self.eval(chunk, params, chunk_ind=chunk_ind, **kwargs)
  File "/Users/jaklusmeyer/SONG/pyodine/pyodine/models/spectrum.py", line 138, in eval
    tck = splrep(tem.wave * doppler, flux_tem, s=0)
  File "/Users/jaklusmeyer/miniconda/envs/pyodine_env/lib/python3.9/site-packages/scipy/interpolate/_fitpack_py.py", line 295, in splrep
    res = _impl.splrep(x, y, w, xb, xe, k, task, s, t, full_output, per, quiet)
  File "/Users/jaklusmeyer/miniconda/envs/pyodine_env/lib/python3.9/site-packages/scipy/interpolate/_fitpack_impl.py", line 276, in splrep
    n, c, fp, ier = dfitpack.curfit(task, x, y, w, t, wrk, iwrk,
dfitpack.error: (xb<=x[0]) failed for 1st keyword xb: curfit:xb=nan
2026-03-10 09:45:17,683 - root - ERROR - NaN value detected in iodine function.
2026-03-10 09:45:17,685 - root - ERROR - Chunk could not be plotted
Traceback (most recent call last):
  File "/Users/jaklusmeyer/SONG/pyodine/pyodine/plot_lib.py", line 62, in plot_chunkmodel
    sp = fit_results[chunk_nr].fitted_spectrum
  File "/Users/jaklusmeyer/SONG/pyodine/pyodine/fitters/base.py", line 45, in fitted_spectrum
    return self.model.eval_spectrum(self.chunk, self.params, chunk_ind=self.chunk_ind)
  File "/Users/jaklusmeyer/SONG/pyodine/pyodine/models/base.py", line 79, in eval_spectrum
    flux = self.eval(chunk, params, chunk_ind=chunk_ind, **kwargs)
  File "/Users/jaklusmeyer/SONG/pyodine/pyodine/models/spectrum.py", line 138, in eval
    tck = splrep(tem.wave * doppler, flux_tem, s=0)
  File "/Users/jaklusmeyer/miniconda/envs/pyodine_env/lib/python3.9/site-packages/scipy/interpolate/_fitpack_py.py", line 295, in splrep
    res = _impl.splrep(x, y, w, xb, xe, k, task, s, t, full_output, per, quiet)
  File "/Users/jaklusmeyer/miniconda/envs/pyodine_env/lib/python3.9/site-packages/scipy/interpolate/_fitpack_impl.py", line 276, in splrep
    n, c, fp, ier = dfitpack.curfit(task, x, y, w, t, wrk, iwrk,
dfitpack.error: (xb<=x[0]) failed for 1st keyword xb: curfit:xb=nan
2026-03-10 09:45:21,480 - root - ERROR - Chunk 0: No Data! Returning LmfitResult with None.
2026-03-10 09:45:21,482 - root - ERROR - Chunk 1: No Data! Returning LmfitResult with None.
2026-03-10 09:45:21,483 - root - ERROR - Chunk 2: No Data! Returning LmfitResult with None.
2026-03-10 09:45:21,484 - root - ERROR - Chunk 3: No Data! Returning LmfitResult with None.
2026-03-10 09:45:21,484 - root - ERROR - Chunk 4: No Data! Returning LmfitResult with None.
2026-03-10 09:45:21,486 - root - ERROR - Chunk 5: No Data! Returning LmfitResult with None.
2026-03-10 09:45:21,487 - root - ERROR - Chunk 6: No Data! Returning LmfitResult with None.
2026-03-10 09:45:21,487 - root - ERROR - Chunk 7: No Data! Returning LmfitResult with None.
2026-03-10 09:45:21,488 - root - ERROR - Chunk 8: No Data! Returning LmfitResult with None.
2026-03-10 09:45:21,489 - root - ERROR - Chunk 9: No Data! Returning LmfitResult with None.
2026-03-10 09:45:21,491 - root - ERROR - Chunk 10: No Data! Returning LmfitResult with None.
2026-03-10 09:45:21,491 - root - ERROR - Chunk 11: No Data! Returning LmfitResult with None.
2026-03-10 09:45:21,492 - root - ERROR - Chunk 12: No Data! Returning LmfitResult with None.
2026-03-10 09:45:21,494 - root - ERROR - Chunk 13: No Data! Returning LmfitResult with None.
2026-03-10 09:45:21,495 - root - ERROR - Chunk 14: No Data! Returning LmfitResult with None.
2026-03-10 09:45:21,496 - root - ERROR - Chunk 15: No Data! Returning LmfitResult with None.
2026-03-10 09:45:21,497 - root - ERROR - Chunk 16: No Data! Returning LmfitResult with None.
2026-03-10 09:45:21,498 - root - ERROR - Chunk 17: No Data! Returning LmfitResult with None.
2026-03-10 09:45:21,499 - root - ERROR - Chunk 18: No Data! Returning LmfitResult with None.
2026-03-10 09:45:21,500 - root - ERROR - Chunk 19: No Data! Returning LmfitResult with None.
2026-03-10 09:45:21,501 - root - ERROR - Chunk 20: No Data! Returning LmfitResult with None.
2026-03-10 09:45:21,502 - root - ERROR - Chunk 21: No Data! Returning LmfitResult with None.
2026-03-10 09:45:21,503 - root - ERROR - Chunk 22: No Data! Returning LmfitResult with None.
2026-03-10 09:45:21,504 - root - ERROR - Chunk 23: No Data! Returning LmfitResult with None.
2026-03-10 09:45:21,505 - root - ERROR - Chunk 24: No Data! Returning LmfitResult with None.
2026-03-10 09:45:21,506 - root - ERROR - Chunk 25: No Data! Returning LmfitResult with None.
2026-03-10 09:45:21,507 - root - ERROR - Chunk 26: No Data! Returning LmfitResult with None.
2026-03-10 09:45:21,508 - root - ERROR - Chunk 27: No Data! Returning LmfitResult with None.
2026-03-10 09:45:21,509 - root - ERROR - Chunk 28: No Data! Returning LmfitResult with None.
2026-03-10 09:45:21,510 - root - ERROR - Chunk 29: No Data! Returning LmfitResult with None.
2026-03-10 09:45:21,510 - root - ERROR - Chunk 30: No Data! Returning LmfitResult with None.
2026-03-10 09:45:21,512 - root - ERROR - Chunk 31: No Data! Returning LmfitResult with None.
2026-03-10 09:45:21,513 - root - ERROR - Chunk 32: No Data! Returning LmfitResult with None.
2026-03-10 09:45:21,514 - root - ERROR - Chunk 33: No Data! Returning LmfitResult with None.
2026-03-10 09:45:21,515 - root - ERROR - Chunk 34: No Data! Returning LmfitResult with None.
2026-03-10 09:45:21,516 - root - ERROR - Chunk 35: No Data! Returning LmfitResult with None.
2026-03-10 09:45:21,517 - root - ERROR - Chunk 36: No Data! Returning LmfitResult with None.
2026-03-10 09:45:21,518 - root - ERROR - Chunk 37: No Data! Returning LmfitResult with None.
2026-03-10 09:45:21,518 - root - ERROR - Chunk 38: No Data! Returning LmfitResult with None.
2026-03-10 09:45:21,519 - root - ERROR - Chunk 39: No Data! Returning LmfitResult with None.
2026-03-10 09:45:21,520 - root - ERROR - Chunk 40: No Data! Returning LmfitResult with None.
2026-03-10 09:45:21,521 - root - ERROR - Chunk 41: No Data! Returning LmfitResult with None.
2026-03-10 09:45:21,522 - root - ERROR - Chunk 42: No Data! Returning LmfitResult with None.
2026-03-10 09:45:21,523 - root - ERROR - Chunk 43: No Data! Returning LmfitResult with None.
2026-03-10 09:45:21,524 - root - ERROR - Chunk 44: No Data! Returning LmfitResult with None.
2026-03-10 09:45:21,525 - root - ERROR - Chunk 45: No Data! Returning LmfitResult with None.
2026-03-10 09:45:21,526 - root - ERROR - Chunk 46: No Data! Returning LmfitResult with None.
2026-03-10 09:45:21,527 - root - ERROR - Chunk 47: No Data! Returning LmfitResult with None.
2026-03-10 09:45:21,527 - root - ERROR - Chunk 48: No Data! Returning LmfitResult with None.
2026-03-10 09:45:21,528 - root - ERROR - Chunk 49: No Data! Returning LmfitResult with None.
2026-03-10 09:45:21,529 - root - ERROR - Chunk 50: No Data! Returning LmfitResult with None.
2026-03-10 09:45:21,530 - root - ERROR - Chunk 51: No Data! Returning LmfitResult with None.
2026-03-10 09:45:21,531 - root - ERROR - Chunk 52: No Data! Returning LmfitResult with None.
2026-03-10 09:45:21,532 - root - ERROR - Chunk 53: No Data! Returning LmfitResult with None.
2026-03-10 09:45:21,533 - root - ERROR - Chunk 54: No Data! Returning LmfitResult with None.
2026-03-10 09:45:21,534 - root - ERROR - Chunk 55: No Data! Returning LmfitResult with None.
2026-03-10 09:45:21,535 - root - ERROR - Chunk 56: No Data! Returning LmfitResult with None.
2026-03-10 09:45:21,537 - root - ERROR - Chunk 57: No Data! Returning LmfitResult with None.
2026-03-10 09:45:21,538 - root - ERROR - Chunk 58: No Data! Returning LmfitResult with None.
2026-03-10 09:45:21,539 - root - ERROR - Chunk 59: No Data! Returning LmfitResult with None.
2026-03-10 09:45:21,540 - root - ERROR - Chunk 60: No Data! Returning LmfitResult with None.
2026-03-10 09:45:21,541 - root - ERROR - Chunk 61: No Data! Returning LmfitResult with None.
2026-03-10 09:45:21,542 - root - ERROR - Chunk 62: No Data! Returning LmfitResult with None.
2026-03-10 09:45:21,543 - root - ERROR - Chunk 63: No Data! Returning LmfitResult with None.
2026-03-10 09:45:21,546 - root - ERROR - Chunk 64: No Data! Returning LmfitResult with None.
2026-03-10 09:45:21,547 - root - ERROR - Chunk 65: No Data! Returning LmfitResult with None.
2026-03-10 09:45:21,549 - root - ERROR - Chunk 66: No Data! Returning LmfitResult with None.
2026-03-10 09:45:21,552 - root - ERROR - Chunk 67: No Data! Returning LmfitResult with None.
2026-03-10 09:45:21,554 - root - ERROR - Chunk 68: No Data! Returning LmfitResult with None.
2026-03-10 09:45:21,555 - root - ERROR - Chunk 69: No Data! Returning LmfitResult with None.
2026-03-10 09:45:21,556 - root - ERROR - Chunk 70: No Data! Returning LmfitResult with None.
2026-03-10 09:45:21,557 - root - ERROR - Chunk 71: No Data! Returning LmfitResult with None.
2026-03-10 09:45:21,558 - root - ERROR - Chunk 72: No Data! Returning LmfitResult with None.
2026-03-10 09:45:21,559 - root - ERROR - Chunk 73: No Data! Returning LmfitResult with None.
2026-03-10 09:45:21,560 - root - ERROR - Chunk 74: No Data! Returning LmfitResult with None.
2026-03-10 09:45:21,561 - root - ERROR - Chunk 75: No Data! Returning LmfitResult with None.
2026-03-10 09:45:21,563 - root - ERROR - Chunk 76: No Data! Returning LmfitResult with None.
2026-03-10 09:45:21,564 - root - ERROR - Chunk 77: No Data! Returning LmfitResult with None.
2026-03-10 09:45:21,565 - root - ERROR - Chunk 78: No Data! Returning LmfitResult with None.
2026-03-10 09:45:21,566 - root - ERROR - Chunk 79: No Data! Returning LmfitResult with None.
2026-03-10 09:45:21,567 - root - ERROR - Chunk 80: No Data! Returning LmfitResult with None.
2026-03-10 09:45:21,568 - root - ERROR - Chunk 81: No Data! Returning LmfitResult with None.
2026-03-10 09:45:21,569 - root - ERROR - Chunk 82: No Data! Returning LmfitResult with None.
2026-03-10 09:45:21,570 - root - ERROR - Chunk 83: No Data! Returning LmfitResult with None.
2026-03-10 09:45:21,571 - root - ERROR - Chunk 84: No Data! Returning LmfitResult with None.
2026-03-10 09:45:21,572 - root - ERROR - Chunk 85: No Data! Returning LmfitResult with None.
2026-03-10 09:45:21,573 - root - ERROR - Chunk 86: No Data! Returning LmfitResult with None.
2026-03-10 09:45:21,574 - root - ERROR - Chunk 87: No Data! Returning LmfitResult with None.
2026-03-10 09:45:21,574 - root - ERROR - Chunk 88: No Data! Returning LmfitResult with None.
2026-03-10 09:45:21,575 - root - ERROR - Chunk 89: No Data! Returning LmfitResult with None.
2026-03-10 09:45:21,576 - root - ERROR - Chunk 90: No Data! Returning LmfitResult with None.
2026-03-10 09:45:21,577 - root - ERROR - Chunk 91: No Data! Returning LmfitResult with None.
2026-03-10 09:45:21,579 - root - ERROR - Chunk 92: No Data! Returning LmfitResult with None.
2026-03-10 09:45:21,580 - root - ERROR - Chunk 93: No Data! Returning LmfitResult with None.
2026-03-10 09:45:21,581 - root - ERROR - Chunk 94: No Data! Returning LmfitResult with None.
2026-03-10 09:45:21,582 - root - ERROR - Chunk 95: No Data! Returning LmfitResult with None.
2026-03-10 09:45:21,583 - root - ERROR - Chunk 96: No Data! Returning LmfitResult with None.
2026-03-10 09:45:21,584 - root - ERROR - Chunk 97: No Data! Returning LmfitResult with None.
2026-03-10 09:45:21,585 - root - ERROR - Chunk 98: No Data! Returning LmfitResult with None.
2026-03-10 09:45:21,586 - root - ERROR - Chunk 99: No Data! Returning LmfitResult with None.
2026-03-10 09:45:21,610 - root - ERROR - Chunk 100: No Data! Returning LmfitResult with None.
2026-03-10 09:45:21,629 - root - ERROR - Chunk 101: No Data! Returning LmfitResult with None.
2026-03-10 09:45:21,631 - root - ERROR - Chunk 102: No Data! Returning LmfitResult with None.
2026-03-10 09:45:21,632 - root - ERROR - Chunk 103: No Data! Returning LmfitResult with None.
2026-03-10 09:45:21,633 - root - ERROR - Chunk 104: No Data! Returning LmfitResult with None.
2026-03-10 09:45:21,635 - root - ERROR - Chunk 105: No Data! Returning LmfitResult with None.
2026-03-10 09:45:21,636 - root - ERROR - Chunk 106: No Data! Returning LmfitResult with None.
2026-03-10 09:45:21,648 - root - ERROR - Chunk 107: No Data! Returning LmfitResult with None.
2026-03-10 09:45:21,649 - root - ERROR - Chunk 108: No Data! Returning LmfitResult with None.
2026-03-10 09:45:21,651 - root - ERROR - Chunk 109: No Data! Returning LmfitResult with None.
2026-03-10 09:45:21,652 - root - ERROR - Chunk 110: No Data! Returning LmfitResult with None.
2026-03-10 09:45:21,652 - root - ERROR - Chunk 111: No Data! Returning LmfitResult with None.
2026-03-10 09:45:21,653 - root - ERROR - Chunk 112: No Data! Returning LmfitResult with None.
2026-03-10 09:45:21,654 - root - ERROR - Chunk 113: No Data! Returning LmfitResult with None.
2026-03-10 09:45:21,655 - root - ERROR - Chunk 114: No Data! Returning LmfitResult with None.
2026-03-10 09:45:21,656 - root - ERROR - Chunk 115: No Data! Returning LmfitResult with None.
2026-03-10 09:45:21,657 - root - ERROR - Chunk 116: No Data! Returning LmfitResult with None.
2026-03-10 09:45:21,658 - root - ERROR - Chunk 117: No Data! Returning LmfitResult with None.
2026-03-10 09:45:21,659 - root - ERROR - Chunk 118: No Data! Returning LmfitResult with None.
2026-03-10 09:45:21,660 - root - ERROR - Chunk 119: No Data! Returning LmfitResult with None.
2026-03-10 09:45:21,661 - root - ERROR - Chunk 120: No Data! Returning LmfitResult with None.
2026-03-10 09:45:21,662 - root - ERROR - Chunk 121: No Data! Returning LmfitResult with None.
2026-03-10 09:45:21,663 - root - ERROR - Chunk 122: No Data! Returning LmfitResult with None.
2026-03-10 09:45:21,664 - root - ERROR - Chunk 123: No Data! Returning LmfitResult with None.
2026-03-10 09:45:21,665 - root - ERROR - Chunk 124: No Data! Returning LmfitResult with None.
2026-03-10 09:45:21,666 - root - ERROR - Chunk 125: No Data! Returning LmfitResult with None.
2026-03-10 09:45:21,667 - root - ERROR - Chunk 126: No Data! Returning LmfitResult with None.
2026-03-10 09:45:21,668 - root - ERROR - Chunk 127: No Data! Returning LmfitResult with None.
2026-03-10 09:45:21,673 - root - ERROR - Chunk 128: No Data! Returning LmfitResult with None.
2026-03-10 09:45:21,674 - root - ERROR - Chunk 129: No Data! Returning LmfitResult with None.
2026-03-10 09:45:21,675 - root - ERROR - Chunk 130: No Data! Returning LmfitResult with None.
2026-03-10 09:45:21,676 - root - ERROR - Chunk 131: No Data! Returning LmfitResult with None.
2026-03-10 09:45:21,677 - root - ERROR - Chunk 132: No Data! Returning LmfitResult with None.
2026-03-10 09:45:21,678 - root - ERROR - Chunk 133: No Data! Returning LmfitResult with None.
2026-03-10 09:45:21,679 - root - ERROR - Chunk 134: No Data! Returning LmfitResult with None.
2026-03-10 09:45:21,680 - root - ERROR - Chunk 135: No Data! Returning LmfitResult with None.
2026-03-10 09:45:21,681 - root - ERROR - Chunk 136: No Data! Returning LmfitResult with None.
2026-03-10 09:45:21,682 - root - ERROR - Chunk 137: No Data! Returning LmfitResult with None.
2026-03-10 09:45:21,684 - root - ERROR - Chunk 138: No Data! Returning LmfitResult with None.
2026-03-10 09:45:21,685 - root - ERROR - Chunk 139: No Data! Returning LmfitResult with None.
2026-03-10 09:45:21,686 - root - ERROR - Chunk 140: No Data! Returning LmfitResult with None.
2026-03-10 09:45:21,687 - root - ERROR - Chunk 141: No Data! Returning LmfitResult with None.
2026-03-10 09:45:21,688 - root - ERROR - Chunk 142: No Data! Returning LmfitResult with None.
2026-03-10 09:45:21,689 - root - ERROR - Chunk 143: No Data! Returning LmfitResult with None.
2026-03-10 09:45:21,691 - root - ERROR - Chunk 144: No Data! Returning LmfitResult with None.
2026-03-10 09:45:21,692 - root - ERROR - Chunk 145: No Data! Returning LmfitResult with None.
2026-03-10 09:45:21,694 - root - ERROR - Chunk 146: No Data! Returning LmfitResult with None.
2026-03-10 09:45:21,695 - root - ERROR - Chunk 147: No Data! Returning LmfitResult with None.
2026-03-10 09:45:21,696 - root - ERROR - Chunk 148: No Data! Returning LmfitResult with None.
2026-03-10 09:45:21,697 - root - ERROR - Chunk 149: No Data! Returning LmfitResult with None.
2026-03-10 09:45:21,699 - root - ERROR - Chunk 150: No Data! Returning LmfitResult with None.
2026-03-10 09:45:21,700 - root - ERROR - Chunk 151: No Data! Returning LmfitResult with None.
2026-03-10 09:45:21,701 - root - ERROR - Chunk 152: No Data! Returning LmfitResult with None.
2026-03-10 09:45:21,702 - root - ERROR - Chunk 153: No Data! Returning LmfitResult with None.
2026-03-10 09:45:21,703 - root - ERROR - Chunk 154: No Data! Returning LmfitResult with None.
2026-03-10 09:45:21,704 - root - ERROR - Chunk 155: No Data! Returning LmfitResult with None.
2026-03-10 09:45:21,726 - root - ERROR - Chunk 156: No Data! Returning LmfitResult with None.
2026-03-10 09:45:21,750 - root - ERROR - Chunk 157: No Data! Returning LmfitResult with None.
2026-03-10 09:45:21,751 - root - ERROR - Chunk 158: No Data! Returning LmfitResult with None.
2026-03-10 09:45:21,753 - root - ERROR - Chunk 159: No Data! Returning LmfitResult with None.
2026-03-10 09:45:21,754 - root - ERROR - Chunk 160: No Data! Returning LmfitResult with None.
2026-03-10 09:45:21,755 - root - ERROR - Chunk 161: No Data! Returning LmfitResult with None.
2026-03-10 09:45:21,767 - root - ERROR - Chunk 162: No Data! Returning LmfitResult with None.
2026-03-10 09:45:21,768 - root - ERROR - Chunk 163: No Data! Returning LmfitResult with None.
2026-03-10 09:45:21,769 - root - ERROR - Chunk 164: No Data! Returning LmfitResult with None.
2026-03-10 09:45:21,770 - root - ERROR - Chunk 165: No Data! Returning LmfitResult with None.
2026-03-10 09:45:21,772 - root - ERROR - Chunk 166: No Data! Returning LmfitResult with None.
2026-03-10 09:45:21,773 - root - ERROR - Chunk 167: No Data! Returning LmfitResult with None.
2026-03-10 09:45:21,774 - root - ERROR - Chunk 168: No Data! Returning LmfitResult with None.
2026-03-10 09:45:21,775 - root - ERROR - Chunk 169: No Data! Returning LmfitResult with None.
2026-03-10 09:45:21,776 - root - ERROR - Chunk 170: No Data! Returning LmfitResult with None.
2026-03-10 09:45:21,777 - root - ERROR - Chunk 171: No Data! Returning LmfitResult with None.
2026-03-10 09:45:21,778 - root - ERROR - Chunk 172: No Data! Returning LmfitResult with None.
2026-03-10 09:45:21,779 - root - ERROR - Chunk 173: No Data! Returning LmfitResult with None.
2026-03-10 09:45:21,780 - root - ERROR - Chunk 174: No Data! Returning LmfitResult with None.
2026-03-10 09:45:21,781 - root - ERROR - Chunk 175: No Data! Returning LmfitResult with None.
2026-03-10 09:45:21,782 - root - ERROR - Chunk 176: No Data! Returning LmfitResult with None.
2026-03-10 09:45:21,785 - root - ERROR - Chunk 177: No Data! Returning LmfitResult with None.
2026-03-10 09:45:21,794 - root - ERROR - Chunk 178: No Data! Returning LmfitResult with None.
2026-03-10 09:45:21,795 - root - ERROR - Chunk 179: No Data! Returning LmfitResult with None.
2026-03-10 09:45:21,797 - root - ERROR - Chunk 180: No Data! Returning LmfitResult with None.
2026-03-10 09:45:21,798 - root - ERROR - Chunk 181: No Data! Returning LmfitResult with None.
2026-03-10 09:45:21,799 - root - ERROR - Chunk 182: No Data! Returning LmfitResult with None.
2026-03-10 09:45:21,804 - root - ERROR - Chunk 183: No Data! Returning LmfitResult with None.
2026-03-10 09:45:21,805 - root - ERROR - Chunk 184: No Data! Returning LmfitResult with None.
2026-03-10 09:45:21,806 - root - ERROR - Chunk 185: No Data! Returning LmfitResult with None.
2026-03-10 09:45:21,807 - root - ERROR - Chunk 186: No Data! Returning LmfitResult with None.
2026-03-10 09:45:21,808 - root - ERROR - Chunk 187: No Data! Returning LmfitResult with None.
2026-03-10 09:45:21,810 - root - ERROR - Chunk 188: No Data! Returning LmfitResult with None.
2026-03-10 09:45:21,811 - root - ERROR - Chunk 189: No Data! Returning LmfitResult with None.
2026-03-10 09:45:21,812 - root - ERROR - Chunk 190: No Data! Returning LmfitResult with None.
2026-03-10 09:45:21,815 - root - ERROR - Chunk 191: No Data! Returning LmfitResult with None.
2026-03-10 09:45:21,816 - root - ERROR - Chunk 192: No Data! Returning LmfitResult with None.
2026-03-10 09:45:21,817 - root - ERROR - Chunk 193: No Data! Returning LmfitResult with None.
2026-03-10 09:45:21,818 - root - ERROR - Chunk 194: No Data! Returning LmfitResult with None.
2026-03-10 09:45:21,819 - root - ERROR - Chunk 195: No Data! Returning LmfitResult with None.
2026-03-10 09:45:21,820 - root - ERROR - Chunk 196: No Data! Returning LmfitResult with None.
2026-03-10 09:45:21,821 - root - ERROR - Chunk 197: No Data! Returning LmfitResult with None.
2026-03-10 09:45:21,822 - root - ERROR - Chunk 198: No Data! Returning LmfitResult with None.
2026-03-10 09:45:21,823 - root - ERROR - Chunk 199: No Data! Returning LmfitResult with None.
2026-03-10 09:45:21,824 - root - ERROR - Chunk 200: No Data! Returning LmfitResult with None.
2026-03-10 09:45:21,825 - root - ERROR - Chunk 201: No Data! Returning LmfitResult with None.
2026-03-10 09:45:21,826 - root - ERROR - Chunk 202: No Data! Returning LmfitResult with None.
2026-03-10 09:45:21,828 - root - ERROR - Chunk 203: No Data! Returning LmfitResult with None.
2026-03-10 09:45:21,829 - root - ERROR - Chunk 204: No Data! Returning LmfitResult with None.
2026-03-10 09:45:21,830 - root - ERROR - Chunk 205: No Data! Returning LmfitResult with None.
2026-03-10 09:45:21,831 - root - ERROR - Chunk 206: No Data! Returning LmfitResult with None.
2026-03-10 09:45:21,832 - root - ERROR - Chunk 207: No Data! Returning LmfitResult with None.
2026-03-10 09:45:21,833 - root - ERROR - Chunk 208: No Data! Returning LmfitResult with None.
2026-03-10 09:45:21,834 - root - ERROR - Chunk 209: No Data! Returning LmfitResult with None.
2026-03-10 09:45:21,835 - root - ERROR - Chunk 210: No Data! Returning LmfitResult with None.
2026-03-10 09:45:21,836 - root - ERROR - Chunk 211: No Data! Returning LmfitResult with None.
2026-03-10 09:45:21,837 - root - ERROR - Chunk 212: No Data! Returning LmfitResult with None.
2026-03-10 09:45:21,838 - root - ERROR - Chunk 213: No Data! Returning LmfitResult with None.
2026-03-10 09:45:21,839 - root - ERROR - Chunk 214: No Data! Returning LmfitResult with None.
2026-03-10 09:45:21,840 - root - ERROR - Chunk 215: No Data! Returning LmfitResult with None.
2026-03-10 09:45:21,841 - root - ERROR - Chunk 216: No Data! Returning LmfitResult with None.
2026-03-10 09:45:21,842 - root - ERROR - Chunk 217: No Data! Returning LmfitResult with None.
2026-03-10 09:45:21,843 - root - ERROR - Chunk 218: No Data! Returning LmfitResult with None.
2026-03-10 09:45:21,844 - root - ERROR - Chunk 219: No Data! Returning LmfitResult with None.
2026-03-10 09:45:21,845 - root - ERROR - Chunk 220: No Data! Returning LmfitResult with None.
2026-03-10 09:45:21,846 - root - ERROR - Chunk 221: No Data! Returning LmfitResult with None.
2026-03-10 09:45:21,847 - root - ERROR - Chunk 222: No Data! Returning LmfitResult with None.
2026-03-10 09:45:21,848 - root - ERROR - Chunk 223: No Data! Returning LmfitResult with None.
2026-03-10 09:45:21,850 - root - ERROR - Chunk 224: No Data! Returning LmfitResult with None.
2026-03-10 09:45:21,851 - root - ERROR - Chunk 225: No Data! Returning LmfitResult with None.
2026-03-10 09:45:21,852 - root - ERROR - Chunk 226: No Data! Returning LmfitResult with None.
2026-03-10 09:45:21,853 - root - ERROR - Chunk 227: No Data! Returning LmfitResult with None.
2026-03-10 09:45:21,854 - root - ERROR - Chunk 228: No Data! Returning LmfitResult with None.
2026-03-10 09:45:21,855 - root - ERROR - Chunk 229: No Data! Returning LmfitResult with None.
2026-03-10 09:45:21,856 - root - ERROR - Chunk 230: No Data! Returning LmfitResult with None.
2026-03-10 09:45:21,857 - root - ERROR - Chunk 231: No Data! Returning LmfitResult with None.
2026-03-10 09:45:21,859 - root - ERROR - Chunk 232: No Data! Returning LmfitResult with None.
2026-03-10 09:45:21,860 - root - ERROR - Chunk 233: No Data! Returning LmfitResult with None.
2026-03-10 09:45:21,861 - root - ERROR - Chunk 234: No Data! Returning LmfitResult with None.
2026-03-10 09:45:21,879 - root - ERROR - Chunk 235: No Data! Returning LmfitResult with None.
2026-03-10 09:45:21,890 - root - ERROR - Chunk 236: No Data! Returning LmfitResult with None.
2026-03-10 09:45:21,892 - root - ERROR - Chunk 237: No Data! Returning LmfitResult with None.
2026-03-10 09:45:21,893 - root - ERROR - Chunk 238: No Data! Returning LmfitResult with None.
2026-03-10 09:45:21,896 - root - ERROR - Chunk 239: No Data! Returning LmfitResult with None.
2026-03-10 09:45:21,897 - root - ERROR - Chunk 240: No Data! Returning LmfitResult with None.
2026-03-10 09:45:21,899 - root - ERROR - Chunk 241: No Data! Returning LmfitResult with None.
2026-03-10 09:45:21,900 - root - ERROR - Chunk 242: No Data! Returning LmfitResult with None.
2026-03-10 09:45:21,901 - root - ERROR - Chunk 243: No Data! Returning LmfitResult with None.
2026-03-10 09:45:21,902 - root - ERROR - Chunk 244: No Data! Returning LmfitResult with None.
2026-03-10 09:45:21,903 - root - ERROR - Chunk 245: No Data! Returning LmfitResult with None.
2026-03-10 09:45:21,904 - root - ERROR - Chunk 246: No Data! Returning LmfitResult with None.
2026-03-10 09:45:21,905 - root - ERROR - Chunk 247: No Data! Returning LmfitResult with None.
2026-03-10 09:45:21,906 - root - ERROR - Chunk 248: No Data! Returning LmfitResult with None.
2026-03-10 09:45:21,907 - root - ERROR - Chunk 249: No Data! Returning LmfitResult with None.
2026-03-10 09:45:21,945 - root - ERROR - Chunk 250: No Data! Returning LmfitResult with None.
2026-03-10 09:45:21,947 - root - ERROR - Chunk 251: No Data! Returning LmfitResult with None.
2026-03-10 09:45:21,953 - root - ERROR - Chunk 252: No Data! Returning LmfitResult with None.
2026-03-10 09:45:21,963 - root - ERROR - Chunk 253: No Data! Returning LmfitResult with None.
2026-03-10 09:45:21,966 - root - ERROR - Chunk 254: No Data! Returning LmfitResult with None.
2026-03-10 09:45:21,968 - root - ERROR - Chunk 255: No Data! Returning LmfitResult with None.
2026-03-10 09:45:21,969 - root - ERROR - Chunk 256: No Data! Returning LmfitResult with None.
2026-03-10 09:45:21,970 - root - ERROR - Chunk 257: No Data! Returning LmfitResult with None.
2026-03-10 09:45:21,971 - root - ERROR - Chunk 258: No Data! Returning LmfitResult with None.
2026-03-10 09:45:21,972 - root - ERROR - Chunk 259: No Data! Returning LmfitResult with None.
2026-03-10 09:45:21,973 - root - ERROR - Chunk 260: No Data! Returning LmfitResult with None.
2026-03-10 09:45:21,974 - root - ERROR - Chunk 261: No Data! Returning LmfitResult with None.
2026-03-10 09:45:21,976 - root - ERROR - Chunk 262: No Data! Returning LmfitResult with None.
2026-03-10 09:45:21,977 - root - ERROR - Chunk 263: No Data! Returning LmfitResult with None.
2026-03-10 09:45:21,978 - root - ERROR - Chunk 264: No Data! Returning LmfitResult with None.
2026-03-10 09:45:21,979 - root - ERROR - Chunk 265: No Data! Returning LmfitResult with None.
2026-03-10 09:45:21,980 - root - ERROR - Chunk 266: No Data! Returning LmfitResult with None.
2026-03-10 09:45:21,981 - root - ERROR - Chunk 267: No Data! Returning LmfitResult with None.
2026-03-10 09:45:21,982 - root - ERROR - Chunk 268: No Data! Returning LmfitResult with None.
2026-03-10 09:45:21,983 - root - ERROR - Chunk 269: No Data! Returning LmfitResult with None.
2026-03-10 09:45:21,985 - root - ERROR - Chunk 270: No Data! Returning LmfitResult with None.
2026-03-10 09:45:21,986 - root - ERROR - Chunk 271: No Data! Returning LmfitResult with None.
2026-03-10 09:45:21,987 - root - ERROR - Chunk 272: No Data! Returning LmfitResult with None.
2026-03-10 09:45:21,989 - root - ERROR - Chunk 273: No Data! Returning LmfitResult with None.
2026-03-10 09:45:21,990 - root - ERROR - Chunk 274: No Data! Returning LmfitResult with None.
2026-03-10 09:45:21,991 - root - ERROR - Chunk 275: No Data! Returning LmfitResult with None.
2026-03-10 09:45:21,992 - root - ERROR - Chunk 276: No Data! Returning LmfitResult with None.
2026-03-10 09:45:21,993 - root - ERROR - Chunk 277: No Data! Returning LmfitResult with None.
2026-03-10 09:45:21,994 - root - ERROR - Chunk 278: No Data! Returning LmfitResult with None.
2026-03-10 09:45:21,995 - root - ERROR - Chunk 279: No Data! Returning LmfitResult with None.
2026-03-10 09:45:21,996 - root - ERROR - Chunk 280: No Data! Returning LmfitResult with None.
2026-03-10 09:45:22,687 - root - ERROR - NaN value detected in oversampled model function.
2026-03-10 09:45:22,713 - root - ERROR - <ParameterSet (values: 17)>
    cont_intercept  =  17057.602119636736
    cont_slope      =  -12.332662529586347
    iod_depth       =  0.7528469266682191
    lsf_left_1      =  3.1679027211653406
    lsf_left_2      =  -17.860311778756707
    lsf_left_3      =  3.437869785858632
    lsf_left_4      =  -3.014132085799484
    lsf_left_5      =  1.0727732943863766
    lsf_right1      =  7.172370206288573
    lsf_right2      =  -11.590224919346806
    lsf_right3      =  1.8937163984272327
    lsf_right4      =  -1.6037999416186213
    lsf_right5      =  0.6629257002850623
    tem_depth       =  0.9878050894935241
    velocity        =  -25619.29882148762
    wave_intercept  =  4994.523698649291
    wave_slope      =  0.012398714984296405
2026-03-10 09:45:22,714 - root - ERROR - Evaluated LSF:
2026-03-10 09:45:22,716 - root - ERROR - [nan nan nan nan nan nan nan nan nan nan nan nan nan nan nan nan nan nan
 nan nan nan nan nan nan nan nan nan nan nan nan nan nan nan nan nan nan
 nan nan nan nan nan nan nan nan nan nan nan nan nan nan nan nan nan nan
 nan nan nan nan nan nan nan nan nan nan nan nan nan nan nan nan nan nan
 nan]
2026-03-10 09:45:22,735 - root - ERROR - NaN value detected in oversampled model function.
2026-03-10 09:45:22,737 - root - ERROR - <ParameterSet (values: 17)>
    cont_intercept  =  15878.633509165247
    cont_slope      =  -9.910135771971825
    iod_depth       =  0.9599831010120152
    lsf_left_1      =  2.677217971059001
    lsf_left_2      =  -14.080509687965884
    lsf_left_3      =  9.776965213134325
    lsf_left_4      =  -3.0258133424291676
    lsf_left_5      =  0.2356217523127927
    lsf_right1      =  2.6687667578601246
    lsf_right2      =  -4.383295202369499
    lsf_right3      =  1.4025674513173163
    lsf_right4      =  -3.5766113913877926
    lsf_right5      =  0.3879676296255261
    tem_depth       =  0.9773865629543637
    velocity        =  -25493.456385279387
    wave_intercept  =  4996.0019996076235
    wave_slope      =  0.012272936037558671
2026-03-10 09:45:22,738 - root - ERROR - Evaluated LSF:
2026-03-10 09:45:22,739 - root - ERROR - [nan nan nan nan nan nan nan nan nan nan nan nan nan nan nan nan nan nan
 nan nan nan nan nan nan nan nan nan nan nan nan nan nan nan nan nan nan
 nan nan nan nan nan nan nan nan nan nan nan nan nan nan nan nan nan nan
 nan nan nan nan nan nan nan nan nan nan nan nan nan nan nan nan nan nan
 nan]
2026-03-10 09:45:23,978 - root - ERROR - NaN value detected in oversampled model function.
2026-03-10 09:45:23,979 - root - ERROR - <ParameterSet (values: 17)>
    cont_intercept  =  10820.292480696791
    cont_slope      =  12.080263878293996
    iod_depth       =  0.9348639803178773
    lsf_left_1      =  3.464049869416358
    lsf_left_2      =  -14.345731926189746
    lsf_left_3      =  2.9650421826838524
    lsf_left_4      =  -3.598968623369528
    lsf_left_5      =  0.15658722575400408
    lsf_right1      =  2.665528775861919
    lsf_right2      =  -11.938463005056962
    lsf_right3      =  6.191135536722116
    lsf_right4      =  -3.2762894897333124
    lsf_right5      =  1.1055084516460028
    tem_depth       =  0.9733441922889111
    velocity        =  -25595.36115328107
    wave_intercept  =  4996.971067920938
    wave_slope      =  0.01552939988516295
2026-03-10 09:45:23,981 - root - ERROR - Evaluated LSF:
2026-03-10 09:45:23,981 - root - ERROR - [nan nan nan nan nan nan nan nan nan nan nan nan nan nan nan nan nan nan
 nan nan nan nan nan nan nan nan nan nan nan nan nan nan nan nan nan nan
 nan nan nan nan nan nan nan nan nan nan nan nan nan nan nan nan nan nan
 nan nan nan nan nan nan nan nan nan nan nan nan nan nan nan nan nan nan
 nan]
2026-03-10 09:45:27,241 - root - ERROR - NaN value detected in oversampled model function.
2026-03-10 09:45:27,243 - root - ERROR - <ParameterSet (values: 17)>
    cont_intercept  =  11059.673684325047
    cont_slope      =  12.55291555160841
    iod_depth       =  1.0071146734015348
    lsf_left_1      =  11.399593547456627
    lsf_left_2      =  -18.763104017455124
    lsf_left_3      =  1.570421974496358
    lsf_left_4      =  -2.6207464152511237
    lsf_left_5      =  0.6983712936314391
    lsf_right1      =  5.777364390217327
    lsf_right2      =  -17.68302383355941
    lsf_right3      =  1.7394227946466225
    lsf_right4      =  -2.805375970536133
    lsf_right5      =  1.1303092452827626
    tem_depth       =  0.977676378651993
    velocity        =  -25330.340635055614
    wave_intercept  =  5038.302037001785
    wave_slope      =  0.015655546128473193
2026-03-10 09:45:27,244 - root - ERROR - Evaluated LSF:
2026-03-10 09:45:27,245 - root - ERROR - [nan nan nan nan nan nan nan nan nan nan nan nan nan nan nan nan nan nan
 nan nan nan nan nan nan nan nan nan nan nan nan nan nan nan nan nan nan
 nan nan nan nan nan nan nan nan nan nan nan nan nan nan nan nan nan nan
 nan nan nan nan nan nan nan nan nan nan nan nan nan nan nan nan nan nan
 nan]
2026-03-10 09:45:36,587 - root - ERROR - NaN value detected in oversampled model function.
2026-03-10 09:45:36,588 - root - ERROR - <ParameterSet (values: 17)>
    cont_intercept  =  27776.299325708616
    cont_slope      =  16.959029066986993
    iod_depth       =  0.9969709494500104
    lsf_left_1      =  12.07228537088917
    lsf_left_2      =  -18.770298600448868
    lsf_left_3      =  1.2458027583490723
    lsf_left_4      =  -0.9023045663801597
    lsf_left_5      =  0.14954690616071856
    lsf_right1      =  2.306208919363414
    lsf_right2      =  -17.028577306574384
    lsf_right3      =  6.286905299893165
    lsf_right4      =  -1.7118807134329703
    lsf_right5      =  0.228627428731961
    tem_depth       =  1.0445407729928937
    velocity        =  -25808.699796858626
    wave_intercept  =  5137.662874505889
    wave_slope      =  0.014786603668617634
2026-03-10 09:45:36,589 - root - ERROR - Evaluated LSF:
2026-03-10 09:45:36,590 - root - ERROR - [nan nan nan nan nan nan nan nan nan nan nan nan nan nan nan nan nan nan
 nan nan nan nan nan nan nan nan nan nan nan nan nan nan nan nan nan nan
 nan nan nan nan nan nan nan nan nan nan nan nan nan nan nan nan nan nan
 nan nan nan nan nan nan nan nan nan nan nan nan nan nan nan nan nan nan
 nan]
2026-03-10 09:45:40,859 - root - ERROR - NaN value detected in oversampled model function.
2026-03-10 09:45:40,860 - root - ERROR - <ParameterSet (values: 17)>
    cont_intercept  =  36804.53286735978
    cont_slope      =  9.325079141952152
    iod_depth       =  1.0593184752085336
    lsf_left_1      =  4.4992260978680285
    lsf_left_2      =  -13.870631643921797
    lsf_left_3      =  1.6789117486512661
    lsf_left_4      =  -2.398185648306586
    lsf_left_5      =  0.7208446516509508
    lsf_right1      =  7.2446386904761075
    lsf_right2      =  -18.655320628088468
    lsf_right3      =  9.320480473764903
    lsf_right4      =  -3.239552003920419
    lsf_right5      =  0.9590735685549971
    tem_depth       =  1.003149783767705
    velocity        =  -25000.30544093589
    wave_intercept  =  5188.208047539767
    wave_slope      =  0.01431801611924337
2026-03-10 09:45:40,862 - root - ERROR - Evaluated LSF:
2026-03-10 09:45:40,863 - root - ERROR - [nan nan nan nan nan nan nan nan nan nan nan nan nan nan nan nan nan nan
 nan nan nan nan nan nan nan nan nan nan nan nan nan nan nan nan nan nan
 nan nan nan nan nan nan nan nan nan nan nan nan nan nan nan nan nan nan
 nan nan nan nan nan nan nan nan nan nan nan nan nan nan nan nan nan nan
 nan]
2026-03-10 09:45:56,427 - root - ERROR - NaN value detected in oversampled model function.
2026-03-10 09:45:56,429 - root - ERROR - <ParameterSet (values: 17)>
    cont_intercept  =  32912.79501525984
    cont_slope      =  -25.584939224868265
    iod_depth       =  0.9904177044248463
    lsf_left_1      =  2.302067060052345
    lsf_left_2      =  -11.522577551731427
    lsf_left_3      =  3.322005799429545
    lsf_left_4      =  -3.8276023298592636
    lsf_left_5      =  0.9704021562087439
    lsf_right1      =  2.919946868766226
    lsf_right2      =  -18.231076945246834
    lsf_right3      =  7.890594419761892
    lsf_right4      =  -2.8556224907951675
    lsf_right5      =  0.6109761380123193
    tem_depth       =  0.9830305622066234
    velocity        =  -25315.18770380395
    wave_intercept  =  5345.097562846131
    wave_slope      =  0.013005854490118577
2026-03-10 09:45:56,431 - root - ERROR - Evaluated LSF:
2026-03-10 09:45:56,432 - root - ERROR - [nan nan nan nan nan nan nan nan nan nan nan nan nan nan nan nan nan nan
 nan nan nan nan nan nan nan nan nan nan nan nan nan nan nan nan nan nan
 nan nan nan nan nan nan nan nan nan nan nan nan nan nan nan nan nan nan
 nan nan nan nan nan nan nan nan nan nan nan nan nan nan nan nan nan nan
 nan]
2026-03-10 09:45:57,134 - root - ERROR - NaN value detected in oversampled model function.
2026-03-10 09:45:57,135 - root - ERROR - <ParameterSet (values: 17)>
    cont_intercept  =  18222.29635843138
    cont_slope      =  -15.290753908587218
    iod_depth       =  0.9686100040828275
    lsf_left_1      =  2.7244026575160643
    lsf_left_2      =  -10.84135500163601
    lsf_left_3      =  1.4302906164728335
    lsf_left_4      =  -3.0563766635641767
    lsf_left_5      =  1.166809685630079
    lsf_right1      =  3.4276154888154924
    lsf_right2      =  -7.152211876252302
    lsf_right3      =  1.4516966457646987
    lsf_right4      =  -2.7555146679723515
    lsf_right5      =  0.4430506631763222
    tem_depth       =  1.0509834840532968
    velocity        =  -25336.711747939615
    wave_intercept  =  5355.608217343859
    wave_slope      =  0.0121172925423505
2026-03-10 09:45:57,136 - root - ERROR - Evaluated LSF:
2026-03-10 09:45:57,138 - root - ERROR - [nan nan nan nan nan nan nan nan nan nan nan nan nan nan nan nan nan nan
 nan nan nan nan nan nan nan nan nan nan nan nan nan nan nan nan nan nan
 nan nan nan nan nan nan nan nan nan nan nan nan nan nan nan nan nan nan
 nan nan nan nan nan nan nan nan nan nan nan nan nan nan nan nan nan nan
 nan]
2026-03-10 09:45:58,956 - root - ERROR - NaN value detected in oversampled model function.
2026-03-10 09:45:58,958 - root - ERROR - <ParameterSet (values: 17)>
    cont_intercept  =  50560.36066515544
    cont_slope      =  16.955613855702712
    iod_depth       =  1.099458912682278
    lsf_left_1      =  4.9423155217726205
    lsf_left_2      =  -17.525348597924097
    lsf_left_3      =  1.4631794818966135
    lsf_left_4      =  -2.6828105050096958
    lsf_left_5      =  1.1059462639912292
    lsf_right1      =  3.774248150060756
    lsf_right2      =  -17.100819622096854
    lsf_right3      =  5.691448187133667
    lsf_right4      =  -3.908752751731474
    lsf_right5      =  0.3481233700924595
    tem_depth       =  1.0552646915565445
    velocity        =  -25590.891735399662
    wave_intercept  =  5359.291667329752
    wave_slope      =  0.015690758822847456
2026-03-10 09:45:58,959 - root - ERROR - Evaluated LSF:
2026-03-10 09:45:58,960 - root - ERROR - [nan nan nan nan nan nan nan nan nan nan nan nan nan nan nan nan nan nan
 nan nan nan nan nan nan nan nan nan nan nan nan nan nan nan nan nan nan
 nan nan nan nan nan nan nan nan nan nan nan nan nan nan nan nan nan nan
 nan nan nan nan nan nan nan nan nan nan nan nan nan nan nan nan nan nan
 nan]
2026-03-10 09:46:20,888 - root - ERROR - NaN value detected in oversampled model function.
2026-03-10 09:46:20,889 - root - ERROR - <ParameterSet (values: 17)>
    cont_intercept  =  23470.354153086046
    cont_slope      =  35.74642169781245
    iod_depth       =  0.9855831058835359
    lsf_left_1      =  2.3422665084675978
    lsf_left_2      =  -7.192539623802977
    lsf_left_3      =  5.231189860046749
    lsf_left_4      =  -3.707932057407003
    lsf_left_5      =  0.14425194225865237
    lsf_right1      =  2.4250998789787457
    lsf_right2      =  -9.114355609646047
    lsf_right3      =  1.3181806148210802
    lsf_right4      =  -3.0403173996455237
    lsf_right5      =  1.115115980248322
    tem_depth       =  0.9815140413447861
    velocity        =  -25327.439383559133
    wave_intercept  =  5588.798237320972
    wave_slope      =  0.01768343522371948
2026-03-10 09:46:20,890 - root - ERROR - Evaluated LSF:
2026-03-10 09:46:20,891 - root - ERROR - [nan nan nan nan nan nan nan nan nan nan nan nan nan nan nan nan nan nan
 nan nan nan nan nan nan nan nan nan nan nan nan nan nan nan nan nan nan
 nan nan nan nan nan nan nan nan nan nan nan nan nan nan nan nan nan nan
 nan nan nan nan nan nan nan nan nan nan nan nan nan nan nan nan nan nan
 nan]
2026-03-10 09:46:29,857 - root - ERROR - NaN value detected in oversampled model function.
2026-03-10 09:46:29,858 - root - ERROR - <ParameterSet (values: 17)>
    cont_intercept  =  24914.25009667659
    cont_slope      =  -22.059670399233745
    iod_depth       =  0.9357885690253853
    lsf_left_1      =  2.300075790265615
    lsf_left_2      =  -17.759601159029504
    lsf_left_3      =  5.223523756866924
    lsf_left_4      =  -2.8570086802359023
    lsf_left_5      =  0.4470953877997749
    lsf_right1      =  3.8886613461048913
    lsf_right2      =  -15.370398723157045
    lsf_right3      =  1.2818732278247291
    lsf_right4      =  -1.152375464342406
    lsf_right5      =  0.1807552941881495
    tem_depth       =  0.9772481670493409
    velocity        =  -25328.94292531773
    wave_intercept  =  5702.70120658317
    wave_slope      =  0.012898089012948833
2026-03-10 09:46:29,859 - root - ERROR - Evaluated LSF:
2026-03-10 09:46:29,860 - root - ERROR - [nan nan nan nan nan nan nan nan nan nan nan nan nan nan nan nan nan nan
 nan nan nan nan nan nan nan nan nan nan nan nan nan nan nan nan nan nan
 nan nan nan nan nan nan nan nan nan nan nan nan nan nan nan nan nan nan
 nan nan nan nan nan nan nan nan nan nan nan nan nan nan nan nan nan nan
 nan]
2026-03-10 09:46:31,791 - root - ERROR - NaN value detected in oversampled model function.
2026-03-10 09:46:31,792 - root - ERROR - <ParameterSet (values: 17)>
    cont_intercept  =  63593.67896250277
    cont_slope      =  14.413033616643828
    iod_depth       =  1.0006405704083041
    lsf_left_1      =  3.5661355698194943
    lsf_left_2      =  -14.853355076410834
    lsf_left_3      =  2.5465000146663357
    lsf_left_4      =  -3.640486044263877
    lsf_left_5      =  0.6626850639843985
    lsf_right1      =  3.196207872034278
    lsf_right2      =  -18.169000412446692
    lsf_right3      =  2.8726501480061284
    lsf_right4      =  -3.911300215981826
    lsf_right5      =  0.17425896661318047
    tem_depth       =  1.0300154414019767
    velocity        =  -25738.759868709214
    wave_intercept  =  5711.873074439236
    wave_slope      =  0.016602311871556332
2026-03-10 09:46:31,793 - root - ERROR - Evaluated LSF:
2026-03-10 09:46:31,794 - root - ERROR - [nan nan nan nan nan nan nan nan nan nan nan nan nan nan nan nan nan nan
 nan nan nan nan nan nan nan nan nan nan nan nan nan nan nan nan nan nan
 nan nan nan nan nan nan nan nan nan nan nan nan nan nan nan nan nan nan
 nan nan nan nan nan nan nan nan nan nan nan nan nan nan nan nan nan nan
 nan]
2026-03-10 09:46:57,792 - root - ERROR - NaN value detected in oversampled model function.
2026-03-10 09:46:57,794 - root - ERROR - <ParameterSet (values: 17)>
    cont_intercept  =  120634.33826052539
    cont_slope      =  -20.329967139639756
    iod_depth       =  0.9089005561662272
    lsf_left_1      =  3.5912765208588495
    lsf_left_2      =  -14.926524512601597
    lsf_left_3      =  8.105710700896854
    lsf_left_4      =  -3.0596180463953138
    lsf_left_5      =  0.8737369017710678
    lsf_right1      =  3.50404455644187
    lsf_right2      =  -17.938222937673693
    lsf_right3      =  1.3051027198992389
    lsf_right4      =  -1.7585938396684733
    lsf_right5      =  1.0199268122857896
    tem_depth       =  0.8326620801289926
    velocity        =  -25533.01610476486
    wave_intercept  =  6067.368988133962
    wave_slope      =  0.016311486064259275
2026-03-10 09:46:57,796 - root - ERROR - Evaluated LSF:
2026-03-10 09:46:57,797 - root - ERROR - [nan nan nan nan nan nan nan nan nan nan nan nan nan nan nan nan nan nan
 nan nan nan nan nan nan nan nan nan nan nan nan nan nan nan nan nan nan
 nan nan nan nan nan nan nan nan nan nan nan nan nan nan nan nan nan nan
 nan nan nan nan nan nan nan nan nan nan nan nan nan nan nan nan nan nan
 nan]
2026-03-10 09:46:59,617 - root - ERROR - NaN value detected in oversampled model function.
2026-03-10 09:46:59,619 - root - ERROR - <ParameterSet (values: 17)>
    cont_intercept  =  41935.64492126078
    cont_slope      =  -29.571071966206862
    iod_depth       =  0.7994227370163615
    lsf_left_1      =  5.499263244018895
    lsf_left_2      =  -13.709633526913084
    lsf_left_3      =  6.848752951410389
    lsf_left_4      =  -2.4649528862508667
    lsf_left_5      =  0.29673524682303914
    lsf_right1      =  2.66552817495654
    lsf_right2      =  -14.556428177748849
    lsf_right3      =  10.160069097388806
    lsf_right4      =  -3.876060866374385
    lsf_right5      =  0.390230315488276
    tem_depth       =  0.996095832633134
    velocity        =  -25232.42282904239
    wave_intercept  =  6096.264611094446
    wave_slope      =  0.013959774174368054
2026-03-10 09:46:59,620 - root - ERROR - Evaluated LSF:
2026-03-10 09:46:59,621 - root - ERROR - [nan nan nan nan nan nan nan nan nan nan nan nan nan nan nan nan nan nan
 nan nan nan nan nan nan nan nan nan nan nan nan nan nan nan nan nan nan
 nan nan nan nan nan nan nan nan nan nan nan nan nan nan nan nan nan nan
 nan nan nan nan nan nan nan nan nan nan nan nan nan nan nan nan nan nan
 nan]
2026-03-10 09:47:04,364 - root - ERROR - NaN value detected in oversampled model function.
2026-03-10 09:47:04,366 - root - ERROR - <ParameterSet (values: 17)>
    cont_intercept  =  49266.32423252203
    cont_slope      =  64.30872200028907
    iod_depth       =  0.0938388948581407
    lsf_left_1      =  5.052143380076327
    lsf_left_2      =  -7.529145562029532
    lsf_left_3      =  1.287201145946778
    lsf_left_4      =  -1.6216137993910542
    lsf_left_5      =  0.1889175845903951
    lsf_right1      =  2.4122506034403983
    lsf_right2      =  -18.798667736425767
    lsf_right3      =  5.317963518591158
    lsf_right4      =  -2.4247516335386727
    lsf_right5      =  0.7838900215260434
    tem_depth       =  0.9475810649078075
    velocity        =  -26239.860328027793
    wave_intercept  =  6151.053048092327
    wave_slope      =  0.019519011243809135
2026-03-10 09:47:04,367 - root - ERROR - Evaluated LSF:
2026-03-10 09:47:04,368 - root - ERROR - [nan nan nan nan nan nan nan nan nan nan nan nan nan nan nan nan nan nan
 nan nan nan nan nan nan nan nan nan nan nan nan nan nan nan nan nan nan
 nan nan nan nan nan nan nan nan nan nan nan nan nan nan nan nan nan nan
 nan nan nan nan nan nan nan nan nan nan nan nan nan nan nan nan nan nan
 nan]
2026-03-10 09:47:11,956 - root - ERROR - Polynomial fitting failed. Falling back to input values
Traceback (most recent call last):
  File "/Users/jaklusmeyer/SONG/pyodine/pyodine/lib/misc.py", line 529, in fit_polynomial
    pfit, stats = np.polynomial.Polynomial.fit(
  File "/Users/jaklusmeyer/miniconda/envs/pyodine_env/lib/python3.9/site-packages/numpy/polynomial/_polybase.py", line 1036, in fit
    xnew = pu.mapdomain(x, domain, window)
  File "/Users/jaklusmeyer/miniconda/envs/pyodine_env/lib/python3.9/site-packages/numpy/polynomial/polyutils.py", line 371, in mapdomain
    off, scl = mapparms(old, new)
  File "/Users/jaklusmeyer/miniconda/envs/pyodine_env/lib/python3.9/site-packages/numpy/polynomial/polyutils.py", line 303, in mapparms
    off = (old[1]*new[0] - old[0]*new[1])/oldlen
ZeroDivisionError: division by zero
2026-03-10 09:47:11,959 - root - ERROR - Polynomial fitting failed. Falling back to input values
Traceback (most recent call last):
  File "/Users/jaklusmeyer/SONG/pyodine/pyodine/lib/misc.py", line 529, in fit_polynomial
    pfit, stats = np.polynomial.Polynomial.fit(
  File "/Users/jaklusmeyer/miniconda/envs/pyodine_env/lib/python3.9/site-packages/numpy/polynomial/_polybase.py", line 1036, in fit
    xnew = pu.mapdomain(x, domain, window)
  File "/Users/jaklusmeyer/miniconda/envs/pyodine_env/lib/python3.9/site-packages/numpy/polynomial/polyutils.py", line 371, in mapdomain
    off, scl = mapparms(old, new)
  File "/Users/jaklusmeyer/miniconda/envs/pyodine_env/lib/python3.9/site-packages/numpy/polynomial/polyutils.py", line 303, in mapparms
    off = (old[1]*new[0] - old[0]*new[1])/oldlen
ZeroDivisionError: division by zero
2026-03-10 09:47:11,961 - root - ERROR - Polynomial fitting failed. Falling back to input values
Traceback (most recent call last):
  File "/Users/jaklusmeyer/SONG/pyodine/pyodine/lib/misc.py", line 529, in fit_polynomial
    pfit, stats = np.polynomial.Polynomial.fit(
  File "/Users/jaklusmeyer/miniconda/envs/pyodine_env/lib/python3.9/site-packages/numpy/polynomial/_polybase.py", line 1036, in fit
    xnew = pu.mapdomain(x, domain, window)
  File "/Users/jaklusmeyer/miniconda/envs/pyodine_env/lib/python3.9/site-packages/numpy/polynomial/polyutils.py", line 371, in mapdomain
    off, scl = mapparms(old, new)
  File "/Users/jaklusmeyer/miniconda/envs/pyodine_env/lib/python3.9/site-packages/numpy/polynomial/polyutils.py", line 303, in mapparms
    off = (old[1]*new[0] - old[0]*new[1])/oldlen
ZeroDivisionError: division by zero
2026-03-10 09:47:11,962 - root - ERROR - Polynomial fitting failed. Falling back to input values
Traceback (most recent call last):
  File "/Users/jaklusmeyer/SONG/pyodine/pyodine/lib/misc.py", line 529, in fit_polynomial
    pfit, stats = np.polynomial.Polynomial.fit(
  File "/Users/jaklusmeyer/miniconda/envs/pyodine_env/lib/python3.9/site-packages/numpy/polynomial/_polybase.py", line 1036, in fit
    xnew = pu.mapdomain(x, domain, window)
  File "/Users/jaklusmeyer/miniconda/envs/pyodine_env/lib/python3.9/site-packages/numpy/polynomial/polyutils.py", line 371, in mapdomain
    off, scl = mapparms(old, new)
  File "/Users/jaklusmeyer/miniconda/envs/pyodine_env/lib/python3.9/site-packages/numpy/polynomial/polyutils.py", line 303, in mapparms
    off = (old[1]*new[0] - old[0]*new[1])/oldlen
ZeroDivisionError: division by zero
2026-03-10 09:47:11,963 - root - ERROR - Polynomial fitting failed. Falling back to input values
Traceback (most recent call last):
  File "/Users/jaklusmeyer/SONG/pyodine/pyodine/lib/misc.py", line 529, in fit_polynomial
    pfit, stats = np.polynomial.Polynomial.fit(
  File "/Users/jaklusmeyer/miniconda/envs/pyodine_env/lib/python3.9/site-packages/numpy/polynomial/_polybase.py", line 1036, in fit
    xnew = pu.mapdomain(x, domain, window)
  File "/Users/jaklusmeyer/miniconda/envs/pyodine_env/lib/python3.9/site-packages/numpy/polynomial/polyutils.py", line 371, in mapdomain
    off, scl = mapparms(old, new)
  File "/Users/jaklusmeyer/miniconda/envs/pyodine_env/lib/python3.9/site-packages/numpy/polynomial/polyutils.py", line 303, in mapparms
    off = (old[1]*new[0] - old[0]*new[1])/oldlen
ZeroDivisionError: division by zero
2026-03-10 09:47:11,965 - root - ERROR - Polynomial fitting failed. Falling back to input values
Traceback (most recent call last):
  File "/Users/jaklusmeyer/SONG/pyodine/pyodine/lib/misc.py", line 529, in fit_polynomial
    pfit, stats = np.polynomial.Polynomial.fit(
  File "/Users/jaklusmeyer/miniconda/envs/pyodine_env/lib/python3.9/site-packages/numpy/polynomial/_polybase.py", line 1036, in fit
    xnew = pu.mapdomain(x, domain, window)
  File "/Users/jaklusmeyer/miniconda/envs/pyodine_env/lib/python3.9/site-packages/numpy/polynomial/polyutils.py", line 371, in mapdomain
    off, scl = mapparms(old, new)
  File "/Users/jaklusmeyer/miniconda/envs/pyodine_env/lib/python3.9/site-packages/numpy/polynomial/polyutils.py", line 303, in mapparms
    off = (old[1]*new[0] - old[0]*new[1])/oldlen
ZeroDivisionError: division by zero
2026-03-10 09:47:11,966 - root - ERROR - Polynomial fitting failed. Falling back to input values
Traceback (most recent call last):
  File "/Users/jaklusmeyer/SONG/pyodine/pyodine/lib/misc.py", line 529, in fit_polynomial
    pfit, stats = np.polynomial.Polynomial.fit(
  File "/Users/jaklusmeyer/miniconda/envs/pyodine_env/lib/python3.9/site-packages/numpy/polynomial/_polybase.py", line 1036, in fit
    xnew = pu.mapdomain(x, domain, window)
  File "/Users/jaklusmeyer/miniconda/envs/pyodine_env/lib/python3.9/site-packages/numpy/polynomial/polyutils.py", line 371, in mapdomain
    off, scl = mapparms(old, new)
  File "/Users/jaklusmeyer/miniconda/envs/pyodine_env/lib/python3.9/site-packages/numpy/polynomial/polyutils.py", line 303, in mapparms
    off = (old[1]*new[0] - old[0]*new[1])/oldlen
ZeroDivisionError: division by zero
2026-03-10 09:47:11,976 - root - ERROR - Polynomial fitting failed. Falling back to input values
Traceback (most recent call last):
  File "/Users/jaklusmeyer/SONG/pyodine/pyodine/lib/misc.py", line 529, in fit_polynomial
    pfit, stats = np.polynomial.Polynomial.fit(
  File "/Users/jaklusmeyer/miniconda/envs/pyodine_env/lib/python3.9/site-packages/numpy/polynomial/_polybase.py", line 1036, in fit
    xnew = pu.mapdomain(x, domain, window)
  File "/Users/jaklusmeyer/miniconda/envs/pyodine_env/lib/python3.9/site-packages/numpy/polynomial/polyutils.py", line 371, in mapdomain
    off, scl = mapparms(old, new)
  File "/Users/jaklusmeyer/miniconda/envs/pyodine_env/lib/python3.9/site-packages/numpy/polynomial/polyutils.py", line 303, in mapparms
    off = (old[1]*new[0] - old[0]*new[1])/oldlen
ZeroDivisionError: division by zero
2026-03-10 09:47:11,978 - root - ERROR - Polynomial fitting failed. Falling back to input values
Traceback (most recent call last):
  File "/Users/jaklusmeyer/SONG/pyodine/pyodine/lib/misc.py", line 529, in fit_polynomial
    pfit, stats = np.polynomial.Polynomial.fit(
  File "/Users/jaklusmeyer/miniconda/envs/pyodine_env/lib/python3.9/site-packages/numpy/polynomial/_polybase.py", line 1036, in fit
    xnew = pu.mapdomain(x, domain, window)
  File "/Users/jaklusmeyer/miniconda/envs/pyodine_env/lib/python3.9/site-packages/numpy/polynomial/polyutils.py", line 371, in mapdomain
    off, scl = mapparms(old, new)
  File "/Users/jaklusmeyer/miniconda/envs/pyodine_env/lib/python3.9/site-packages/numpy/polynomial/polyutils.py", line 303, in mapparms
    off = (old[1]*new[0] - old[0]*new[1])/oldlen
ZeroDivisionError: division by zero
2026-03-10 09:47:11,979 - root - ERROR - Polynomial fitting failed. Falling back to input values
Traceback (most recent call last):
  File "/Users/jaklusmeyer/SONG/pyodine/pyodine/lib/misc.py", line 529, in fit_polynomial
    pfit, stats = np.polynomial.Polynomial.fit(
  File "/Users/jaklusmeyer/miniconda/envs/pyodine_env/lib/python3.9/site-packages/numpy/polynomial/_polybase.py", line 1036, in fit
    xnew = pu.mapdomain(x, domain, window)
  File "/Users/jaklusmeyer/miniconda/envs/pyodine_env/lib/python3.9/site-packages/numpy/polynomial/polyutils.py", line 371, in mapdomain
    off, scl = mapparms(old, new)
  File "/Users/jaklusmeyer/miniconda/envs/pyodine_env/lib/python3.9/site-packages/numpy/polynomial/polyutils.py", line 303, in mapparms
    off = (old[1]*new[0] - old[0]*new[1])/oldlen
ZeroDivisionError: division by zero
2026-03-10 09:47:11,981 - root - ERROR - Polynomial fitting failed. Falling back to input values
Traceback (most recent call last):
  File "/Users/jaklusmeyer/SONG/pyodine/pyodine/lib/misc.py", line 529, in fit_polynomial
    pfit, stats = np.polynomial.Polynomial.fit(
  File "/Users/jaklusmeyer/miniconda/envs/pyodine_env/lib/python3.9/site-packages/numpy/polynomial/_polybase.py", line 1036, in fit
    xnew = pu.mapdomain(x, domain, window)
  File "/Users/jaklusmeyer/miniconda/envs/pyodine_env/lib/python3.9/site-packages/numpy/polynomial/polyutils.py", line 371, in mapdomain
    off, scl = mapparms(old, new)
  File "/Users/jaklusmeyer/miniconda/envs/pyodine_env/lib/python3.9/site-packages/numpy/polynomial/polyutils.py", line 303, in mapparms
    off = (old[1]*new[0] - old[0]*new[1])/oldlen
ZeroDivisionError: division by zero
2026-03-10 09:47:11,982 - root - ERROR - Polynomial fitting failed. Falling back to input values
Traceback (most recent call last):
  File "/Users/jaklusmeyer/SONG/pyodine/pyodine/lib/misc.py", line 529, in fit_polynomial
    pfit, stats = np.polynomial.Polynomial.fit(
  File "/Users/jaklusmeyer/miniconda/envs/pyodine_env/lib/python3.9/site-packages/numpy/polynomial/_polybase.py", line 1036, in fit
    xnew = pu.mapdomain(x, domain, window)
  File "/Users/jaklusmeyer/miniconda/envs/pyodine_env/lib/python3.9/site-packages/numpy/polynomial/polyutils.py", line 371, in mapdomain
    off, scl = mapparms(old, new)
  File "/Users/jaklusmeyer/miniconda/envs/pyodine_env/lib/python3.9/site-packages/numpy/polynomial/polyutils.py", line 303, in mapparms
    off = (old[1]*new[0] - old[0]*new[1])/oldlen
ZeroDivisionError: division by zero
2026-03-10 09:47:11,984 - root - ERROR - Polynomial fitting failed. Falling back to input values
Traceback (most recent call last):
  File "/Users/jaklusmeyer/SONG/pyodine/pyodine/lib/misc.py", line 529, in fit_polynomial
    pfit, stats = np.polynomial.Polynomial.fit(
  File "/Users/jaklusmeyer/miniconda/envs/pyodine_env/lib/python3.9/site-packages/numpy/polynomial/_polybase.py", line 1036, in fit
    xnew = pu.mapdomain(x, domain, window)
  File "/Users/jaklusmeyer/miniconda/envs/pyodine_env/lib/python3.9/site-packages/numpy/polynomial/polyutils.py", line 371, in mapdomain
    off, scl = mapparms(old, new)
  File "/Users/jaklusmeyer/miniconda/envs/pyodine_env/lib/python3.9/site-packages/numpy/polynomial/polyutils.py", line 303, in mapparms
    off = (old[1]*new[0] - old[0]*new[1])/oldlen
ZeroDivisionError: division by zero
2026-03-10 09:47:11,985 - root - ERROR - Polynomial fitting failed. Falling back to input values
Traceback (most recent call last):
  File "/Users/jaklusmeyer/SONG/pyodine/pyodine/lib/misc.py", line 529, in fit_polynomial
    pfit, stats = np.polynomial.Polynomial.fit(
  File "/Users/jaklusmeyer/miniconda/envs/pyodine_env/lib/python3.9/site-packages/numpy/polynomial/_polybase.py", line 1036, in fit
    xnew = pu.mapdomain(x, domain, window)
  File "/Users/jaklusmeyer/miniconda/envs/pyodine_env/lib/python3.9/site-packages/numpy/polynomial/polyutils.py", line 371, in mapdomain
    off, scl = mapparms(old, new)
  File "/Users/jaklusmeyer/miniconda/envs/pyodine_env/lib/python3.9/site-packages/numpy/polynomial/polyutils.py", line 303, in mapparms
    off = (old[1]*new[0] - old[0]*new[1])/oldlen
ZeroDivisionError: division by zero
2026-03-10 09:47:14,679 - root - ERROR - NaN value detected in iodine function.
2026-03-10 09:47:14,680 - root - ERROR - Chunk could not be plotted
Traceback (most recent call last):
  File "/Users/jaklusmeyer/SONG/pyodine/pyodine/plot_lib.py", line 62, in plot_chunkmodel
    sp = fit_results[chunk_nr].fitted_spectrum
  File "/Users/jaklusmeyer/SONG/pyodine/pyodine/fitters/base.py", line 45, in fitted_spectrum
    return self.model.eval_spectrum(self.chunk, self.params, chunk_ind=self.chunk_ind)
  File "/Users/jaklusmeyer/SONG/pyodine/pyodine/models/base.py", line 79, in eval_spectrum
    flux = self.eval(chunk, params, chunk_ind=chunk_ind, **kwargs)
  File "/Users/jaklusmeyer/SONG/pyodine/pyodine/models/spectrum.py", line 138, in eval
    tck = splrep(tem.wave * doppler, flux_tem, s=0)
  File "/Users/jaklusmeyer/miniconda/envs/pyodine_env/lib/python3.9/site-packages/scipy/interpolate/_fitpack_py.py", line 295, in splrep
    res = _impl.splrep(x, y, w, xb, xe, k, task, s, t, full_output, per, quiet)
  File "/Users/jaklusmeyer/miniconda/envs/pyodine_env/lib/python3.9/site-packages/scipy/interpolate/_fitpack_impl.py", line 276, in splrep
    n, c, fp, ier = dfitpack.curfit(task, x, y, w, t, wrk, iwrk,
dfitpack.error: (xb<=x[0]) failed for 1st keyword xb: curfit:xb=nan
2026-03-10 09:47:15,024 - root - ERROR - NaN value detected in iodine function.
2026-03-10 09:47:15,026 - root - ERROR - Chunk could not be plotted
Traceback (most recent call last):
  File "/Users/jaklusmeyer/SONG/pyodine/pyodine/plot_lib.py", line 62, in plot_chunkmodel
    sp = fit_results[chunk_nr].fitted_spectrum
  File "/Users/jaklusmeyer/SONG/pyodine/pyodine/fitters/base.py", line 45, in fitted_spectrum
    return self.model.eval_spectrum(self.chunk, self.params, chunk_ind=self.chunk_ind)
  File "/Users/jaklusmeyer/SONG/pyodine/pyodine/models/base.py", line 79, in eval_spectrum
    flux = self.eval(chunk, params, chunk_ind=chunk_ind, **kwargs)
  File "/Users/jaklusmeyer/SONG/pyodine/pyodine/models/spectrum.py", line 138, in eval
    tck = splrep(tem.wave * doppler, flux_tem, s=0)
  File "/Users/jaklusmeyer/miniconda/envs/pyodine_env/lib/python3.9/site-packages/scipy/interpolate/_fitpack_py.py", line 295, in splrep
    res = _impl.splrep(x, y, w, xb, xe, k, task, s, t, full_output, per, quiet)
  File "/Users/jaklusmeyer/miniconda/envs/pyodine_env/lib/python3.9/site-packages/scipy/interpolate/_fitpack_impl.py", line 276, in splrep
    n, c, fp, ier = dfitpack.curfit(task, x, y, w, t, wrk, iwrk,
dfitpack.error: (xb<=x[0]) failed for 1st keyword xb: curfit:xb=nan
