2026-02-16 14:32:01,238 - root - ERROR - Chunk 0: No Data! Returning LmfitResult with None.
2026-02-16 14:32:01,239 - root - ERROR - Chunk 1: No Data! Returning LmfitResult with None.
2026-02-16 14:32:01,241 - root - ERROR - Chunk 2: No Data! Returning LmfitResult with None.
2026-02-16 14:32:01,242 - root - ERROR - Chunk 3: No Data! Returning LmfitResult with None.
2026-02-16 14:32:01,243 - root - ERROR - Chunk 4: No Data! Returning LmfitResult with None.
2026-02-16 14:32:01,244 - root - ERROR - Chunk 5: No Data! Returning LmfitResult with None.
2026-02-16 14:32:01,245 - root - ERROR - Chunk 6: No Data! Returning LmfitResult with None.
2026-02-16 14:32:01,247 - root - ERROR - Chunk 7: No Data! Returning LmfitResult with None.
2026-02-16 14:32:01,248 - root - ERROR - Chunk 8: No Data! Returning LmfitResult with None.
2026-02-16 14:32:01,250 - root - ERROR - Chunk 9: No Data! Returning LmfitResult with None.
2026-02-16 14:32:01,252 - root - ERROR - Chunk 10: No Data! Returning LmfitResult with None.
2026-02-16 14:32:01,253 - root - ERROR - Chunk 11: No Data! Returning LmfitResult with None.
2026-02-16 14:32:01,255 - root - ERROR - Chunk 12: No Data! Returning LmfitResult with None.
2026-02-16 14:32:01,257 - root - ERROR - Chunk 13: No Data! Returning LmfitResult with None.
2026-02-16 14:32:01,259 - root - ERROR - Chunk 14: No Data! Returning LmfitResult with None.
2026-02-16 14:32:01,261 - root - ERROR - Chunk 15: No Data! Returning LmfitResult with None.
2026-02-16 14:32:01,262 - root - ERROR - Chunk 16: No Data! Returning LmfitResult with None.
2026-02-16 14:32:01,263 - root - ERROR - Chunk 17: No Data! Returning LmfitResult with None.
2026-02-16 14:32:01,265 - root - ERROR - Chunk 18: No Data! Returning LmfitResult with None.
2026-02-16 14:32:01,266 - root - ERROR - Chunk 19: No Data! Returning LmfitResult with None.
2026-02-16 14:32:01,268 - root - ERROR - Chunk 20: No Data! Returning LmfitResult with None.
2026-02-16 14:32:01,269 - root - ERROR - Chunk 21: No Data! Returning LmfitResult with None.
2026-02-16 14:32:01,271 - root - ERROR - Chunk 22: No Data! Returning LmfitResult with None.
2026-02-16 14:32:01,272 - root - ERROR - Chunk 23: No Data! Returning LmfitResult with None.
2026-02-16 14:32:01,273 - root - ERROR - Chunk 24: No Data! Returning LmfitResult with None.
2026-02-16 14:32:01,276 - root - ERROR - Chunk 25: No Data! Returning LmfitResult with None.
2026-02-16 14:32:01,277 - root - ERROR - Chunk 26: No Data! Returning LmfitResult with None.
2026-02-16 14:32:01,279 - root - ERROR - Chunk 27: No Data! Returning LmfitResult with None.
2026-02-16 14:32:01,280 - root - ERROR - Chunk 28: No Data! Returning LmfitResult with None.
2026-02-16 14:32:01,281 - root - ERROR - Chunk 29: No Data! Returning LmfitResult with None.
2026-02-16 14:32:01,283 - root - ERROR - Chunk 30: No Data! Returning LmfitResult with None.
2026-02-16 14:32:01,285 - root - ERROR - Chunk 31: No Data! Returning LmfitResult with None.
2026-02-16 14:32:01,286 - root - ERROR - Chunk 32: No Data! Returning LmfitResult with None.
2026-02-16 14:32:01,287 - root - ERROR - Chunk 33: No Data! Returning LmfitResult with None.
2026-02-16 14:32:01,289 - root - ERROR - Chunk 34: No Data! Returning LmfitResult with None.
2026-02-16 14:32:01,290 - root - ERROR - Chunk 35: No Data! Returning LmfitResult with None.
2026-02-16 14:32:01,291 - root - ERROR - Chunk 36: No Data! Returning LmfitResult with None.
2026-02-16 14:32:01,293 - root - ERROR - Chunk 37: No Data! Returning LmfitResult with None.
2026-02-16 14:32:01,294 - root - ERROR - Chunk 38: No Data! Returning LmfitResult with None.
2026-02-16 14:32:01,295 - root - ERROR - Chunk 39: No Data! Returning LmfitResult with None.
2026-02-16 14:32:01,296 - root - ERROR - Chunk 40: No Data! Returning LmfitResult with None.
2026-02-16 14:32:01,298 - root - ERROR - Chunk 41: No Data! Returning LmfitResult with None.
2026-02-16 14:32:01,299 - root - ERROR - Chunk 42: No Data! Returning LmfitResult with None.
2026-02-16 14:32:01,300 - root - ERROR - Chunk 43: No Data! Returning LmfitResult with None.
2026-02-16 14:32:01,302 - root - ERROR - Chunk 44: No Data! Returning LmfitResult with None.
2026-02-16 14:32:01,304 - root - ERROR - Chunk 45: No Data! Returning LmfitResult with None.
2026-02-16 14:32:01,306 - root - ERROR - Chunk 46: No Data! Returning LmfitResult with None.
2026-02-16 14:32:01,307 - root - ERROR - Chunk 47: No Data! Returning LmfitResult with None.
2026-02-16 14:32:01,312 - root - ERROR - Chunk 48: No Data! Returning LmfitResult with None.
2026-02-16 14:32:01,313 - root - ERROR - Chunk 49: No Data! Returning LmfitResult with None.
2026-02-16 14:32:01,314 - root - ERROR - Chunk 50: No Data! Returning LmfitResult with None.
2026-02-16 14:32:01,315 - root - ERROR - Chunk 51: No Data! Returning LmfitResult with None.
2026-02-16 14:32:01,317 - root - ERROR - Chunk 52: No Data! Returning LmfitResult with None.
2026-02-16 14:32:01,318 - root - ERROR - Chunk 53: No Data! Returning LmfitResult with None.
2026-02-16 14:32:01,320 - root - ERROR - Chunk 54: No Data! Returning LmfitResult with None.
2026-02-16 14:32:01,321 - root - ERROR - Chunk 55: No Data! Returning LmfitResult with None.
2026-02-16 14:32:01,323 - root - ERROR - Chunk 56: No Data! Returning LmfitResult with None.
2026-02-16 14:32:01,325 - root - ERROR - Chunk 57: No Data! Returning LmfitResult with None.
2026-02-16 14:32:01,350 - root - ERROR - Chunk 58: No Data! Returning LmfitResult with None.
2026-02-16 14:32:01,353 - root - ERROR - Chunk 59: No Data! Returning LmfitResult with None.
2026-02-16 14:32:01,355 - root - ERROR - Chunk 60: No Data! Returning LmfitResult with None.
2026-02-16 14:32:01,356 - root - ERROR - Chunk 61: No Data! Returning LmfitResult with None.
2026-02-16 14:32:01,358 - root - ERROR - Chunk 62: No Data! Returning LmfitResult with None.
2026-02-16 14:32:01,360 - root - ERROR - Chunk 63: No Data! Returning LmfitResult with None.
2026-02-16 14:32:01,366 - root - ERROR - Chunk 64: No Data! Returning LmfitResult with None.
2026-02-16 14:32:01,368 - root - ERROR - Chunk 65: No Data! Returning LmfitResult with None.
2026-02-16 14:32:01,370 - root - ERROR - Chunk 66: No Data! Returning LmfitResult with None.
2026-02-16 14:32:01,372 - root - ERROR - Chunk 67: No Data! Returning LmfitResult with None.
2026-02-16 14:32:01,374 - root - ERROR - Chunk 68: No Data! Returning LmfitResult with None.
2026-02-16 14:32:01,376 - root - ERROR - Chunk 69: No Data! Returning LmfitResult with None.
2026-02-16 14:32:01,377 - root - ERROR - Chunk 70: No Data! Returning LmfitResult with None.
2026-02-16 14:32:01,379 - root - ERROR - Chunk 71: No Data! Returning LmfitResult with None.
2026-02-16 14:32:01,382 - root - ERROR - Chunk 72: No Data! Returning LmfitResult with None.
2026-02-16 14:32:01,384 - root - ERROR - Chunk 73: No Data! Returning LmfitResult with None.
2026-02-16 14:32:01,386 - root - ERROR - Chunk 74: No Data! Returning LmfitResult with None.
2026-02-16 14:32:01,387 - root - ERROR - Chunk 75: No Data! Returning LmfitResult with None.
2026-02-16 14:32:01,389 - root - ERROR - Chunk 76: No Data! Returning LmfitResult with None.
2026-02-16 14:32:01,390 - root - ERROR - Chunk 77: No Data! Returning LmfitResult with None.
2026-02-16 14:32:01,391 - root - ERROR - Chunk 78: No Data! Returning LmfitResult with None.
2026-02-16 14:32:01,393 - root - ERROR - Chunk 79: No Data! Returning LmfitResult with None.
2026-02-16 14:32:01,394 - root - ERROR - Chunk 80: No Data! Returning LmfitResult with None.
2026-02-16 14:32:01,395 - root - ERROR - Chunk 81: No Data! Returning LmfitResult with None.
2026-02-16 14:32:01,397 - root - ERROR - Chunk 82: No Data! Returning LmfitResult with None.
2026-02-16 14:32:01,398 - root - ERROR - Chunk 83: No Data! Returning LmfitResult with None.
2026-02-16 14:32:01,399 - root - ERROR - Chunk 84: No Data! Returning LmfitResult with None.
2026-02-16 14:32:01,401 - root - ERROR - Chunk 85: No Data! Returning LmfitResult with None.
2026-02-16 14:32:01,402 - root - ERROR - Chunk 86: No Data! Returning LmfitResult with None.
2026-02-16 14:32:01,403 - root - ERROR - Chunk 87: No Data! Returning LmfitResult with None.
2026-02-16 14:32:01,405 - root - ERROR - Chunk 88: No Data! Returning LmfitResult with None.
2026-02-16 14:32:01,406 - root - ERROR - Chunk 89: No Data! Returning LmfitResult with None.
2026-02-16 14:32:01,407 - root - ERROR - Chunk 90: No Data! Returning LmfitResult with None.
2026-02-16 14:32:01,409 - root - ERROR - Chunk 91: No Data! Returning LmfitResult with None.
2026-02-16 14:32:01,410 - root - ERROR - Chunk 92: No Data! Returning LmfitResult with None.
2026-02-16 14:32:01,411 - root - ERROR - Chunk 93: No Data! Returning LmfitResult with None.
2026-02-16 14:32:01,412 - root - ERROR - Chunk 94: No Data! Returning LmfitResult with None.
2026-02-16 14:32:01,413 - root - ERROR - Chunk 95: No Data! Returning LmfitResult with None.
2026-02-16 14:32:01,417 - root - ERROR - Chunk 96: No Data! Returning LmfitResult with None.
2026-02-16 14:32:01,418 - root - ERROR - Chunk 97: No Data! Returning LmfitResult with None.
2026-02-16 14:32:01,420 - root - ERROR - Chunk 98: No Data! Returning LmfitResult with None.
2026-02-16 14:32:01,421 - root - ERROR - Chunk 99: No Data! Returning LmfitResult with None.
2026-02-16 14:32:01,422 - root - ERROR - Chunk 100: No Data! Returning LmfitResult with None.
2026-02-16 14:32:01,424 - root - ERROR - Chunk 101: No Data! Returning LmfitResult with None.
2026-02-16 14:32:01,426 - root - ERROR - Chunk 102: No Data! Returning LmfitResult with None.
2026-02-16 14:32:01,427 - root - ERROR - Chunk 103: No Data! Returning LmfitResult with None.
2026-02-16 14:32:01,428 - root - ERROR - Chunk 104: No Data! Returning LmfitResult with None.
2026-02-16 14:32:01,429 - root - ERROR - Chunk 105: No Data! Returning LmfitResult with None.
2026-02-16 14:32:01,431 - root - ERROR - Chunk 106: No Data! Returning LmfitResult with None.
2026-02-16 14:32:01,433 - root - ERROR - Chunk 107: No Data! Returning LmfitResult with None.
2026-02-16 14:32:01,434 - root - ERROR - Chunk 108: No Data! Returning LmfitResult with None.
2026-02-16 14:32:01,438 - root - ERROR - Chunk 109: No Data! Returning LmfitResult with None.
2026-02-16 14:32:01,440 - root - ERROR - Chunk 110: No Data! Returning LmfitResult with None.
2026-02-16 14:32:01,441 - root - ERROR - Chunk 111: No Data! Returning LmfitResult with None.
2026-02-16 14:32:01,443 - root - ERROR - Chunk 112: No Data! Returning LmfitResult with None.
2026-02-16 14:32:01,444 - root - ERROR - Chunk 113: No Data! Returning LmfitResult with None.
2026-02-16 14:32:01,445 - root - ERROR - Chunk 114: No Data! Returning LmfitResult with None.
2026-02-16 14:32:01,446 - root - ERROR - Chunk 115: No Data! Returning LmfitResult with None.
2026-02-16 14:32:01,447 - root - ERROR - Chunk 116: No Data! Returning LmfitResult with None.
2026-02-16 14:32:01,449 - root - ERROR - Chunk 117: No Data! Returning LmfitResult with None.
2026-02-16 14:32:01,451 - root - ERROR - Chunk 118: No Data! Returning LmfitResult with None.
2026-02-16 14:32:01,452 - root - ERROR - Chunk 119: No Data! Returning LmfitResult with None.
2026-02-16 14:32:01,454 - root - ERROR - Chunk 120: No Data! Returning LmfitResult with None.
2026-02-16 14:32:01,455 - root - ERROR - Chunk 121: No Data! Returning LmfitResult with None.
2026-02-16 14:32:01,456 - root - ERROR - Chunk 122: No Data! Returning LmfitResult with None.
2026-02-16 14:32:01,458 - root - ERROR - Chunk 123: No Data! Returning LmfitResult with None.
2026-02-16 14:32:01,459 - root - ERROR - Chunk 124: No Data! Returning LmfitResult with None.
2026-02-16 14:32:01,460 - root - ERROR - Chunk 125: No Data! Returning LmfitResult with None.
2026-02-16 14:32:01,462 - root - ERROR - Chunk 126: No Data! Returning LmfitResult with None.
2026-02-16 14:32:01,463 - root - ERROR - Chunk 127: No Data! Returning LmfitResult with None.
2026-02-16 14:32:01,464 - root - ERROR - Chunk 128: No Data! Returning LmfitResult with None.
2026-02-16 14:32:01,465 - root - ERROR - Chunk 129: No Data! Returning LmfitResult with None.
2026-02-16 14:32:01,467 - root - ERROR - Chunk 130: No Data! Returning LmfitResult with None.
2026-02-16 14:32:01,468 - root - ERROR - Chunk 131: No Data! Returning LmfitResult with None.
2026-02-16 14:32:01,470 - root - ERROR - Chunk 132: No Data! Returning LmfitResult with None.
2026-02-16 14:32:01,471 - root - ERROR - Chunk 133: No Data! Returning LmfitResult with None.
2026-02-16 14:32:01,472 - root - ERROR - Chunk 134: No Data! Returning LmfitResult with None.
2026-02-16 14:32:01,474 - root - ERROR - Chunk 135: No Data! Returning LmfitResult with None.
2026-02-16 14:32:01,475 - root - ERROR - Chunk 136: No Data! Returning LmfitResult with None.
2026-02-16 14:32:01,476 - root - ERROR - Chunk 137: No Data! Returning LmfitResult with None.
2026-02-16 14:32:01,477 - root - ERROR - Chunk 138: No Data! Returning LmfitResult with None.
2026-02-16 14:32:01,478 - root - ERROR - Chunk 139: No Data! Returning LmfitResult with None.
2026-02-16 14:32:01,480 - root - ERROR - Chunk 140: No Data! Returning LmfitResult with None.
2026-02-16 14:32:01,481 - root - ERROR - Chunk 141: No Data! Returning LmfitResult with None.
2026-02-16 14:32:01,483 - root - ERROR - Chunk 142: No Data! Returning LmfitResult with None.
2026-02-16 14:32:01,487 - root - ERROR - Chunk 143: No Data! Returning LmfitResult with None.
2026-02-16 14:32:01,488 - root - ERROR - Chunk 144: No Data! Returning LmfitResult with None.
2026-02-16 14:32:01,489 - root - ERROR - Chunk 145: No Data! Returning LmfitResult with None.
2026-02-16 14:32:01,490 - root - ERROR - Chunk 146: No Data! Returning LmfitResult with None.
2026-02-16 14:32:01,492 - root - ERROR - Chunk 147: No Data! Returning LmfitResult with None.
2026-02-16 14:32:01,494 - root - ERROR - Chunk 148: No Data! Returning LmfitResult with None.
2026-02-16 14:32:01,496 - root - ERROR - Chunk 149: No Data! Returning LmfitResult with None.
2026-02-16 14:32:01,498 - root - ERROR - Chunk 150: No Data! Returning LmfitResult with None.
2026-02-16 14:32:01,500 - root - ERROR - Chunk 151: No Data! Returning LmfitResult with None.
2026-02-16 14:32:01,501 - root - ERROR - Chunk 152: No Data! Returning LmfitResult with None.
2026-02-16 14:32:01,503 - root - ERROR - Chunk 153: No Data! Returning LmfitResult with None.
2026-02-16 14:32:01,505 - root - ERROR - Chunk 154: No Data! Returning LmfitResult with None.
2026-02-16 14:32:01,506 - root - ERROR - Chunk 155: No Data! Returning LmfitResult with None.
2026-02-16 14:32:01,509 - root - ERROR - Chunk 156: No Data! Returning LmfitResult with None.
2026-02-16 14:32:01,511 - root - ERROR - Chunk 157: No Data! Returning LmfitResult with None.
2026-02-16 14:32:01,513 - root - ERROR - Chunk 158: No Data! Returning LmfitResult with None.
2026-02-16 14:32:01,515 - root - ERROR - Chunk 159: No Data! Returning LmfitResult with None.
2026-02-16 14:32:01,516 - root - ERROR - Chunk 160: No Data! Returning LmfitResult with None.
2026-02-16 14:32:01,518 - root - ERROR - Chunk 161: No Data! Returning LmfitResult with None.
2026-02-16 14:32:01,519 - root - ERROR - Chunk 162: No Data! Returning LmfitResult with None.
2026-02-16 14:32:01,521 - root - ERROR - Chunk 163: No Data! Returning LmfitResult with None.
2026-02-16 14:32:01,522 - root - ERROR - Chunk 164: No Data! Returning LmfitResult with None.
2026-02-16 14:32:01,523 - root - ERROR - Chunk 165: No Data! Returning LmfitResult with None.
2026-02-16 14:32:01,525 - root - ERROR - Chunk 166: No Data! Returning LmfitResult with None.
2026-02-16 14:32:01,526 - root - ERROR - Chunk 167: No Data! Returning LmfitResult with None.
2026-02-16 14:32:01,527 - root - ERROR - Chunk 168: No Data! Returning LmfitResult with None.
2026-02-16 14:32:01,528 - root - ERROR - Chunk 169: No Data! Returning LmfitResult with None.
2026-02-16 14:32:01,530 - root - ERROR - Chunk 170: No Data! Returning LmfitResult with None.
2026-02-16 14:32:01,531 - root - ERROR - Chunk 171: No Data! Returning LmfitResult with None.
2026-02-16 14:32:01,532 - root - ERROR - Chunk 172: No Data! Returning LmfitResult with None.
2026-02-16 14:32:01,534 - root - ERROR - Chunk 173: No Data! Returning LmfitResult with None.
2026-02-16 14:32:01,535 - root - ERROR - Chunk 174: No Data! Returning LmfitResult with None.
2026-02-16 14:32:01,539 - root - ERROR - Chunk 175: No Data! Returning LmfitResult with None.
2026-02-16 14:32:01,541 - root - ERROR - Chunk 176: No Data! Returning LmfitResult with None.
2026-02-16 14:32:01,542 - root - ERROR - Chunk 177: No Data! Returning LmfitResult with None.
2026-02-16 14:32:01,543 - root - ERROR - Chunk 178: No Data! Returning LmfitResult with None.
2026-02-16 14:32:01,545 - root - ERROR - Chunk 179: No Data! Returning LmfitResult with None.
2026-02-16 14:32:01,547 - root - ERROR - Chunk 180: No Data! Returning LmfitResult with None.
2026-02-16 14:32:01,549 - root - ERROR - Chunk 181: No Data! Returning LmfitResult with None.
2026-02-16 14:32:01,551 - root - ERROR - Chunk 182: No Data! Returning LmfitResult with None.
2026-02-16 14:32:01,552 - root - ERROR - Chunk 183: No Data! Returning LmfitResult with None.
2026-02-16 14:32:01,553 - root - ERROR - Chunk 184: No Data! Returning LmfitResult with None.
2026-02-16 14:32:01,555 - root - ERROR - Chunk 185: No Data! Returning LmfitResult with None.
2026-02-16 14:32:01,556 - root - ERROR - Chunk 186: No Data! Returning LmfitResult with None.
2026-02-16 14:32:01,559 - root - ERROR - Chunk 187: No Data! Returning LmfitResult with None.
2026-02-16 14:32:01,560 - root - ERROR - Chunk 188: No Data! Returning LmfitResult with None.
2026-02-16 14:32:01,562 - root - ERROR - Chunk 189: No Data! Returning LmfitResult with None.
2026-02-16 14:32:01,563 - root - ERROR - Chunk 190: No Data! Returning LmfitResult with None.
2026-02-16 14:32:01,565 - root - ERROR - Chunk 191: No Data! Returning LmfitResult with None.
2026-02-16 14:32:01,567 - root - ERROR - Chunk 192: No Data! Returning LmfitResult with None.
2026-02-16 14:32:01,569 - root - ERROR - Chunk 193: No Data! Returning LmfitResult with None.
2026-02-16 14:32:01,570 - root - ERROR - Chunk 194: No Data! Returning LmfitResult with None.
2026-02-16 14:32:01,571 - root - ERROR - Chunk 195: No Data! Returning LmfitResult with None.
2026-02-16 14:32:01,572 - root - ERROR - Chunk 196: No Data! Returning LmfitResult with None.
2026-02-16 14:32:01,574 - root - ERROR - Chunk 197: No Data! Returning LmfitResult with None.
2026-02-16 14:32:01,575 - root - ERROR - Chunk 198: No Data! Returning LmfitResult with None.
2026-02-16 14:32:01,576 - root - ERROR - Chunk 199: No Data! Returning LmfitResult with None.
2026-02-16 14:32:01,578 - root - ERROR - Chunk 200: No Data! Returning LmfitResult with None.
2026-02-16 14:32:01,579 - root - ERROR - Chunk 201: No Data! Returning LmfitResult with None.
2026-02-16 14:32:01,581 - root - ERROR - Chunk 202: No Data! Returning LmfitResult with None.
2026-02-16 14:32:01,582 - root - ERROR - Chunk 203: No Data! Returning LmfitResult with None.
2026-02-16 14:32:01,584 - root - ERROR - Chunk 204: No Data! Returning LmfitResult with None.
2026-02-16 14:32:01,586 - root - ERROR - Chunk 205: No Data! Returning LmfitResult with None.
2026-02-16 14:32:01,587 - root - ERROR - Chunk 206: No Data! Returning LmfitResult with None.
2026-02-16 14:32:01,588 - root - ERROR - Chunk 207: No Data! Returning LmfitResult with None.
2026-02-16 14:32:01,589 - root - ERROR - Chunk 208: No Data! Returning LmfitResult with None.
2026-02-16 14:32:01,590 - root - ERROR - Chunk 209: No Data! Returning LmfitResult with None.
2026-02-16 14:32:01,591 - root - ERROR - Chunk 210: No Data! Returning LmfitResult with None.
2026-02-16 14:32:01,593 - root - ERROR - Chunk 211: No Data! Returning LmfitResult with None.
2026-02-16 14:32:01,594 - root - ERROR - Chunk 212: No Data! Returning LmfitResult with None.
2026-02-16 14:32:01,596 - root - ERROR - Chunk 213: No Data! Returning LmfitResult with None.
2026-02-16 14:32:01,598 - root - ERROR - Chunk 214: No Data! Returning LmfitResult with None.
2026-02-16 14:32:01,600 - root - ERROR - Chunk 215: No Data! Returning LmfitResult with None.
2026-02-16 14:32:01,602 - root - ERROR - Chunk 216: No Data! Returning LmfitResult with None.
2026-02-16 14:32:01,603 - root - ERROR - Chunk 217: No Data! Returning LmfitResult with None.
2026-02-16 14:32:01,605 - root - ERROR - Chunk 218: No Data! Returning LmfitResult with None.
2026-02-16 14:32:01,607 - root - ERROR - Chunk 219: No Data! Returning LmfitResult with None.
2026-02-16 14:32:01,609 - root - ERROR - Chunk 220: No Data! Returning LmfitResult with None.
2026-02-16 14:32:01,611 - root - ERROR - Chunk 221: No Data! Returning LmfitResult with None.
2026-02-16 14:32:01,612 - root - ERROR - Chunk 222: No Data! Returning LmfitResult with None.
2026-02-16 14:32:01,616 - root - ERROR - Chunk 223: No Data! Returning LmfitResult with None.
2026-02-16 14:32:01,618 - root - ERROR - Chunk 224: No Data! Returning LmfitResult with None.
2026-02-16 14:32:01,620 - root - ERROR - Chunk 225: No Data! Returning LmfitResult with None.
2026-02-16 14:32:01,621 - root - ERROR - Chunk 226: No Data! Returning LmfitResult with None.
2026-02-16 14:32:01,622 - root - ERROR - Chunk 227: No Data! Returning LmfitResult with None.
2026-02-16 14:32:01,624 - root - ERROR - Chunk 228: No Data! Returning LmfitResult with None.
2026-02-16 14:32:01,625 - root - ERROR - Chunk 229: No Data! Returning LmfitResult with None.
2026-02-16 14:32:01,627 - root - ERROR - Chunk 230: No Data! Returning LmfitResult with None.
2026-02-16 14:32:01,629 - root - ERROR - Chunk 231: No Data! Returning LmfitResult with None.
2026-02-16 14:32:01,631 - root - ERROR - Chunk 232: No Data! Returning LmfitResult with None.
2026-02-16 14:32:01,633 - root - ERROR - Chunk 233: No Data! Returning LmfitResult with None.
2026-02-16 14:32:01,634 - root - ERROR - Chunk 234: No Data! Returning LmfitResult with None.
2026-02-16 14:32:01,635 - root - ERROR - Chunk 235: No Data! Returning LmfitResult with None.
2026-02-16 14:32:01,637 - root - ERROR - Chunk 236: No Data! Returning LmfitResult with None.
2026-02-16 14:32:01,638 - root - ERROR - Chunk 237: No Data! Returning LmfitResult with None.
2026-02-16 14:32:01,639 - root - ERROR - Chunk 238: No Data! Returning LmfitResult with None.
2026-02-16 14:32:01,641 - root - ERROR - Chunk 239: No Data! Returning LmfitResult with None.
2026-02-16 14:32:01,642 - root - ERROR - Chunk 240: No Data! Returning LmfitResult with None.
2026-02-16 14:32:01,643 - root - ERROR - Chunk 241: No Data! Returning LmfitResult with None.
2026-02-16 14:32:01,645 - root - ERROR - Chunk 242: No Data! Returning LmfitResult with None.
2026-02-16 14:32:01,646 - root - ERROR - Chunk 243: No Data! Returning LmfitResult with None.
2026-02-16 14:32:01,647 - root - ERROR - Chunk 244: No Data! Returning LmfitResult with None.
2026-02-16 14:32:01,648 - root - ERROR - Chunk 245: No Data! Returning LmfitResult with None.
2026-02-16 14:32:01,650 - root - ERROR - Chunk 246: No Data! Returning LmfitResult with None.
2026-02-16 14:32:01,651 - root - ERROR - Chunk 247: No Data! Returning LmfitResult with None.
2026-02-16 14:32:01,653 - root - ERROR - Chunk 248: No Data! Returning LmfitResult with None.
2026-02-16 14:32:01,654 - root - ERROR - Chunk 249: No Data! Returning LmfitResult with None.
2026-02-16 14:32:01,656 - root - ERROR - Chunk 250: No Data! Returning LmfitResult with None.
2026-02-16 14:32:01,657 - root - ERROR - Chunk 251: No Data! Returning LmfitResult with None.
2026-02-16 14:32:01,658 - root - ERROR - Chunk 252: No Data! Returning LmfitResult with None.
2026-02-16 14:32:01,659 - root - ERROR - Chunk 253: No Data! Returning LmfitResult with None.
2026-02-16 14:32:01,660 - root - ERROR - Chunk 254: No Data! Returning LmfitResult with None.
2026-02-16 14:32:01,661 - root - ERROR - Chunk 255: No Data! Returning LmfitResult with None.
2026-02-16 14:32:01,663 - root - ERROR - Chunk 256: No Data! Returning LmfitResult with None.
2026-02-16 14:32:01,664 - root - ERROR - Chunk 257: No Data! Returning LmfitResult with None.
2026-02-16 14:32:01,666 - root - ERROR - Chunk 258: No Data! Returning LmfitResult with None.
2026-02-16 14:32:01,668 - root - ERROR - Chunk 259: No Data! Returning LmfitResult with None.
2026-02-16 14:32:01,671 - root - ERROR - Chunk 260: No Data! Returning LmfitResult with None.
2026-02-16 14:32:01,672 - root - ERROR - Chunk 261: No Data! Returning LmfitResult with None.
2026-02-16 14:32:01,674 - root - ERROR - Chunk 262: No Data! Returning LmfitResult with None.
2026-02-16 14:32:01,675 - root - ERROR - Chunk 263: No Data! Returning LmfitResult with None.
2026-02-16 14:32:01,677 - root - ERROR - Chunk 264: No Data! Returning LmfitResult with None.
2026-02-16 14:32:01,679 - root - ERROR - Chunk 265: No Data! Returning LmfitResult with None.
2026-02-16 14:32:01,680 - root - ERROR - Chunk 266: No Data! Returning LmfitResult with None.
2026-02-16 14:32:01,682 - root - ERROR - Chunk 267: No Data! Returning LmfitResult with None.
2026-02-16 14:32:01,683 - root - ERROR - Chunk 268: No Data! Returning LmfitResult with None.
2026-02-16 14:32:01,685 - root - ERROR - Chunk 269: No Data! Returning LmfitResult with None.
2026-02-16 14:32:01,688 - root - ERROR - Chunk 270: No Data! Returning LmfitResult with None.
2026-02-16 14:32:01,690 - root - ERROR - Chunk 271: No Data! Returning LmfitResult with None.
2026-02-16 14:32:01,691 - root - ERROR - Chunk 272: No Data! Returning LmfitResult with None.
2026-02-16 14:32:01,692 - root - ERROR - Chunk 273: No Data! Returning LmfitResult with None.
2026-02-16 14:32:01,693 - root - ERROR - Chunk 274: No Data! Returning LmfitResult with None.
2026-02-16 14:32:01,695 - root - ERROR - Chunk 275: No Data! Returning LmfitResult with None.
2026-02-16 14:32:01,697 - root - ERROR - Chunk 276: No Data! Returning LmfitResult with None.
2026-02-16 14:32:01,698 - root - ERROR - Chunk 277: No Data! Returning LmfitResult with None.
2026-02-16 14:32:01,699 - root - ERROR - Chunk 278: No Data! Returning LmfitResult with None.
2026-02-16 14:32:01,701 - root - ERROR - Chunk 279: No Data! Returning LmfitResult with None.
2026-02-16 14:32:01,703 - root - ERROR - Chunk 280: No Data! Returning LmfitResult with None.
2026-02-16 14:32:26,481 - root - ERROR - Polynomial fitting failed. Falling back to input values
Traceback (most recent call last):
  File "/Users/jaklusmeyer/SONG/pyodine/pyodine/lib/misc.py", line 529, in fit_polynomial
    pfit, stats = np.polynomial.Polynomial.fit(
  File "/Users/jaklusmeyer/miniconda/envs/pyodine_env/lib/python3.9/site-packages/numpy/polynomial/_polybase.py", line 1036, in fit
    xnew = pu.mapdomain(x, domain, window)
  File "/Users/jaklusmeyer/miniconda/envs/pyodine_env/lib/python3.9/site-packages/numpy/polynomial/polyutils.py", line 371, in mapdomain
    off, scl = mapparms(old, new)
  File "/Users/jaklusmeyer/miniconda/envs/pyodine_env/lib/python3.9/site-packages/numpy/polynomial/polyutils.py", line 303, in mapparms
    off = (old[1]*new[0] - old[0]*new[1])/oldlen
ZeroDivisionError: division by zero
2026-02-16 14:32:26,484 - root - ERROR - Polynomial fitting failed. Falling back to input values
Traceback (most recent call last):
  File "/Users/jaklusmeyer/SONG/pyodine/pyodine/lib/misc.py", line 529, in fit_polynomial
    pfit, stats = np.polynomial.Polynomial.fit(
  File "/Users/jaklusmeyer/miniconda/envs/pyodine_env/lib/python3.9/site-packages/numpy/polynomial/_polybase.py", line 1036, in fit
    xnew = pu.mapdomain(x, domain, window)
  File "/Users/jaklusmeyer/miniconda/envs/pyodine_env/lib/python3.9/site-packages/numpy/polynomial/polyutils.py", line 371, in mapdomain
    off, scl = mapparms(old, new)
  File "/Users/jaklusmeyer/miniconda/envs/pyodine_env/lib/python3.9/site-packages/numpy/polynomial/polyutils.py", line 303, in mapparms
    off = (old[1]*new[0] - old[0]*new[1])/oldlen
ZeroDivisionError: division by zero
2026-02-16 14:32:26,486 - root - ERROR - Polynomial fitting failed. Falling back to input values
Traceback (most recent call last):
  File "/Users/jaklusmeyer/SONG/pyodine/pyodine/lib/misc.py", line 529, in fit_polynomial
    pfit, stats = np.polynomial.Polynomial.fit(
  File "/Users/jaklusmeyer/miniconda/envs/pyodine_env/lib/python3.9/site-packages/numpy/polynomial/_polybase.py", line 1036, in fit
    xnew = pu.mapdomain(x, domain, window)
  File "/Users/jaklusmeyer/miniconda/envs/pyodine_env/lib/python3.9/site-packages/numpy/polynomial/polyutils.py", line 371, in mapdomain
    off, scl = mapparms(old, new)
  File "/Users/jaklusmeyer/miniconda/envs/pyodine_env/lib/python3.9/site-packages/numpy/polynomial/polyutils.py", line 303, in mapparms
    off = (old[1]*new[0] - old[0]*new[1])/oldlen
ZeroDivisionError: division by zero
2026-02-16 14:32:26,487 - root - ERROR - Polynomial fitting failed. Falling back to input values
Traceback (most recent call last):
  File "/Users/jaklusmeyer/SONG/pyodine/pyodine/lib/misc.py", line 529, in fit_polynomial
    pfit, stats = np.polynomial.Polynomial.fit(
  File "/Users/jaklusmeyer/miniconda/envs/pyodine_env/lib/python3.9/site-packages/numpy/polynomial/_polybase.py", line 1036, in fit
    xnew = pu.mapdomain(x, domain, window)
  File "/Users/jaklusmeyer/miniconda/envs/pyodine_env/lib/python3.9/site-packages/numpy/polynomial/polyutils.py", line 371, in mapdomain
    off, scl = mapparms(old, new)
  File "/Users/jaklusmeyer/miniconda/envs/pyodine_env/lib/python3.9/site-packages/numpy/polynomial/polyutils.py", line 303, in mapparms
    off = (old[1]*new[0] - old[0]*new[1])/oldlen
ZeroDivisionError: division by zero
2026-02-16 14:32:26,488 - root - ERROR - Polynomial fitting failed. Falling back to input values
Traceback (most recent call last):
  File "/Users/jaklusmeyer/SONG/pyodine/pyodine/lib/misc.py", line 529, in fit_polynomial
    pfit, stats = np.polynomial.Polynomial.fit(
  File "/Users/jaklusmeyer/miniconda/envs/pyodine_env/lib/python3.9/site-packages/numpy/polynomial/_polybase.py", line 1036, in fit
    xnew = pu.mapdomain(x, domain, window)
  File "/Users/jaklusmeyer/miniconda/envs/pyodine_env/lib/python3.9/site-packages/numpy/polynomial/polyutils.py", line 371, in mapdomain
    off, scl = mapparms(old, new)
  File "/Users/jaklusmeyer/miniconda/envs/pyodine_env/lib/python3.9/site-packages/numpy/polynomial/polyutils.py", line 303, in mapparms
    off = (old[1]*new[0] - old[0]*new[1])/oldlen
ZeroDivisionError: division by zero
2026-02-16 14:32:26,490 - root - ERROR - Polynomial fitting failed. Falling back to input values
Traceback (most recent call last):
  File "/Users/jaklusmeyer/SONG/pyodine/pyodine/lib/misc.py", line 529, in fit_polynomial
    pfit, stats = np.polynomial.Polynomial.fit(
  File "/Users/jaklusmeyer/miniconda/envs/pyodine_env/lib/python3.9/site-packages/numpy/polynomial/_polybase.py", line 1036, in fit
    xnew = pu.mapdomain(x, domain, window)
  File "/Users/jaklusmeyer/miniconda/envs/pyodine_env/lib/python3.9/site-packages/numpy/polynomial/polyutils.py", line 371, in mapdomain
    off, scl = mapparms(old, new)
  File "/Users/jaklusmeyer/miniconda/envs/pyodine_env/lib/python3.9/site-packages/numpy/polynomial/polyutils.py", line 303, in mapparms
    off = (old[1]*new[0] - old[0]*new[1])/oldlen
ZeroDivisionError: division by zero
2026-02-16 14:32:26,491 - root - ERROR - Polynomial fitting failed. Falling back to input values
Traceback (most recent call last):
  File "/Users/jaklusmeyer/SONG/pyodine/pyodine/lib/misc.py", line 529, in fit_polynomial
    pfit, stats = np.polynomial.Polynomial.fit(
  File "/Users/jaklusmeyer/miniconda/envs/pyodine_env/lib/python3.9/site-packages/numpy/polynomial/_polybase.py", line 1036, in fit
    xnew = pu.mapdomain(x, domain, window)
  File "/Users/jaklusmeyer/miniconda/envs/pyodine_env/lib/python3.9/site-packages/numpy/polynomial/polyutils.py", line 371, in mapdomain
    off, scl = mapparms(old, new)
  File "/Users/jaklusmeyer/miniconda/envs/pyodine_env/lib/python3.9/site-packages/numpy/polynomial/polyutils.py", line 303, in mapparms
    off = (old[1]*new[0] - old[0]*new[1])/oldlen
ZeroDivisionError: division by zero
2026-02-16 14:32:26,500 - root - ERROR - Polynomial fitting failed. Falling back to input values
Traceback (most recent call last):
  File "/Users/jaklusmeyer/SONG/pyodine/pyodine/lib/misc.py", line 529, in fit_polynomial
    pfit, stats = np.polynomial.Polynomial.fit(
  File "/Users/jaklusmeyer/miniconda/envs/pyodine_env/lib/python3.9/site-packages/numpy/polynomial/_polybase.py", line 1036, in fit
    xnew = pu.mapdomain(x, domain, window)
  File "/Users/jaklusmeyer/miniconda/envs/pyodine_env/lib/python3.9/site-packages/numpy/polynomial/polyutils.py", line 371, in mapdomain
    off, scl = mapparms(old, new)
  File "/Users/jaklusmeyer/miniconda/envs/pyodine_env/lib/python3.9/site-packages/numpy/polynomial/polyutils.py", line 303, in mapparms
    off = (old[1]*new[0] - old[0]*new[1])/oldlen
ZeroDivisionError: division by zero
2026-02-16 14:32:26,501 - root - ERROR - Polynomial fitting failed. Falling back to input values
Traceback (most recent call last):
  File "/Users/jaklusmeyer/SONG/pyodine/pyodine/lib/misc.py", line 529, in fit_polynomial
    pfit, stats = np.polynomial.Polynomial.fit(
  File "/Users/jaklusmeyer/miniconda/envs/pyodine_env/lib/python3.9/site-packages/numpy/polynomial/_polybase.py", line 1036, in fit
    xnew = pu.mapdomain(x, domain, window)
  File "/Users/jaklusmeyer/miniconda/envs/pyodine_env/lib/python3.9/site-packages/numpy/polynomial/polyutils.py", line 371, in mapdomain
    off, scl = mapparms(old, new)
  File "/Users/jaklusmeyer/miniconda/envs/pyodine_env/lib/python3.9/site-packages/numpy/polynomial/polyutils.py", line 303, in mapparms
    off = (old[1]*new[0] - old[0]*new[1])/oldlen
ZeroDivisionError: division by zero
2026-02-16 14:32:26,503 - root - ERROR - Polynomial fitting failed. Falling back to input values
Traceback (most recent call last):
  File "/Users/jaklusmeyer/SONG/pyodine/pyodine/lib/misc.py", line 529, in fit_polynomial
    pfit, stats = np.polynomial.Polynomial.fit(
  File "/Users/jaklusmeyer/miniconda/envs/pyodine_env/lib/python3.9/site-packages/numpy/polynomial/_polybase.py", line 1036, in fit
    xnew = pu.mapdomain(x, domain, window)
  File "/Users/jaklusmeyer/miniconda/envs/pyodine_env/lib/python3.9/site-packages/numpy/polynomial/polyutils.py", line 371, in mapdomain
    off, scl = mapparms(old, new)
  File "/Users/jaklusmeyer/miniconda/envs/pyodine_env/lib/python3.9/site-packages/numpy/polynomial/polyutils.py", line 303, in mapparms
    off = (old[1]*new[0] - old[0]*new[1])/oldlen
ZeroDivisionError: division by zero
2026-02-16 14:32:26,505 - root - ERROR - Polynomial fitting failed. Falling back to input values
Traceback (most recent call last):
  File "/Users/jaklusmeyer/SONG/pyodine/pyodine/lib/misc.py", line 529, in fit_polynomial
    pfit, stats = np.polynomial.Polynomial.fit(
  File "/Users/jaklusmeyer/miniconda/envs/pyodine_env/lib/python3.9/site-packages/numpy/polynomial/_polybase.py", line 1036, in fit
    xnew = pu.mapdomain(x, domain, window)
  File "/Users/jaklusmeyer/miniconda/envs/pyodine_env/lib/python3.9/site-packages/numpy/polynomial/polyutils.py", line 371, in mapdomain
    off, scl = mapparms(old, new)
  File "/Users/jaklusmeyer/miniconda/envs/pyodine_env/lib/python3.9/site-packages/numpy/polynomial/polyutils.py", line 303, in mapparms
    off = (old[1]*new[0] - old[0]*new[1])/oldlen
ZeroDivisionError: division by zero
2026-02-16 14:32:26,506 - root - ERROR - Polynomial fitting failed. Falling back to input values
Traceback (most recent call last):
  File "/Users/jaklusmeyer/SONG/pyodine/pyodine/lib/misc.py", line 529, in fit_polynomial
    pfit, stats = np.polynomial.Polynomial.fit(
  File "/Users/jaklusmeyer/miniconda/envs/pyodine_env/lib/python3.9/site-packages/numpy/polynomial/_polybase.py", line 1036, in fit
    xnew = pu.mapdomain(x, domain, window)
  File "/Users/jaklusmeyer/miniconda/envs/pyodine_env/lib/python3.9/site-packages/numpy/polynomial/polyutils.py", line 371, in mapdomain
    off, scl = mapparms(old, new)
  File "/Users/jaklusmeyer/miniconda/envs/pyodine_env/lib/python3.9/site-packages/numpy/polynomial/polyutils.py", line 303, in mapparms
    off = (old[1]*new[0] - old[0]*new[1])/oldlen
ZeroDivisionError: division by zero
2026-02-16 14:32:26,508 - root - ERROR - Polynomial fitting failed. Falling back to input values
Traceback (most recent call last):
  File "/Users/jaklusmeyer/SONG/pyodine/pyodine/lib/misc.py", line 529, in fit_polynomial
    pfit, stats = np.polynomial.Polynomial.fit(
  File "/Users/jaklusmeyer/miniconda/envs/pyodine_env/lib/python3.9/site-packages/numpy/polynomial/_polybase.py", line 1036, in fit
    xnew = pu.mapdomain(x, domain, window)
  File "/Users/jaklusmeyer/miniconda/envs/pyodine_env/lib/python3.9/site-packages/numpy/polynomial/polyutils.py", line 371, in mapdomain
    off, scl = mapparms(old, new)
  File "/Users/jaklusmeyer/miniconda/envs/pyodine_env/lib/python3.9/site-packages/numpy/polynomial/polyutils.py", line 303, in mapparms
    off = (old[1]*new[0] - old[0]*new[1])/oldlen
ZeroDivisionError: division by zero
2026-02-16 14:32:26,509 - root - ERROR - Polynomial fitting failed. Falling back to input values
Traceback (most recent call last):
  File "/Users/jaklusmeyer/SONG/pyodine/pyodine/lib/misc.py", line 529, in fit_polynomial
    pfit, stats = np.polynomial.Polynomial.fit(
  File "/Users/jaklusmeyer/miniconda/envs/pyodine_env/lib/python3.9/site-packages/numpy/polynomial/_polybase.py", line 1036, in fit
    xnew = pu.mapdomain(x, domain, window)
  File "/Users/jaklusmeyer/miniconda/envs/pyodine_env/lib/python3.9/site-packages/numpy/polynomial/polyutils.py", line 371, in mapdomain
    off, scl = mapparms(old, new)
  File "/Users/jaklusmeyer/miniconda/envs/pyodine_env/lib/python3.9/site-packages/numpy/polynomial/polyutils.py", line 303, in mapparms
    off = (old[1]*new[0] - old[0]*new[1])/oldlen
ZeroDivisionError: division by zero
2026-02-16 14:32:29,566 - root - ERROR - NaN value detected in iodine function.
2026-02-16 14:32:29,568 - root - ERROR - Chunk could not be plotted
Traceback (most recent call last):
  File "/Users/jaklusmeyer/SONG/pyodine/pyodine/plot_lib.py", line 62, in plot_chunkmodel
    sp = fit_results[chunk_nr].fitted_spectrum
  File "/Users/jaklusmeyer/SONG/pyodine/pyodine/fitters/base.py", line 45, in fitted_spectrum
    return self.model.eval_spectrum(self.chunk, self.params, chunk_ind=self.chunk_ind)
  File "/Users/jaklusmeyer/SONG/pyodine/pyodine/models/base.py", line 79, in eval_spectrum
    flux = self.eval(chunk, params, chunk_ind=chunk_ind, **kwargs)
  File "/Users/jaklusmeyer/SONG/pyodine/pyodine/models/spectrum.py", line 138, in eval
    tck = splrep(tem.wave * doppler, flux_tem, s=0)
  File "/Users/jaklusmeyer/miniconda/envs/pyodine_env/lib/python3.9/site-packages/scipy/interpolate/_fitpack_py.py", line 295, in splrep
    res = _impl.splrep(x, y, w, xb, xe, k, task, s, t, full_output, per, quiet)
  File "/Users/jaklusmeyer/miniconda/envs/pyodine_env/lib/python3.9/site-packages/scipy/interpolate/_fitpack_impl.py", line 276, in splrep
    n, c, fp, ier = dfitpack.curfit(task, x, y, w, t, wrk, iwrk,
dfitpack.error: (xb<=x[0]) failed for 1st keyword xb: curfit:xb=nan
2026-02-16 14:32:29,834 - root - ERROR - NaN value detected in iodine function.
2026-02-16 14:32:29,836 - root - ERROR - Chunk could not be plotted
Traceback (most recent call last):
  File "/Users/jaklusmeyer/SONG/pyodine/pyodine/plot_lib.py", line 62, in plot_chunkmodel
    sp = fit_results[chunk_nr].fitted_spectrum
  File "/Users/jaklusmeyer/SONG/pyodine/pyodine/fitters/base.py", line 45, in fitted_spectrum
    return self.model.eval_spectrum(self.chunk, self.params, chunk_ind=self.chunk_ind)
  File "/Users/jaklusmeyer/SONG/pyodine/pyodine/models/base.py", line 79, in eval_spectrum
    flux = self.eval(chunk, params, chunk_ind=chunk_ind, **kwargs)
  File "/Users/jaklusmeyer/SONG/pyodine/pyodine/models/spectrum.py", line 138, in eval
    tck = splrep(tem.wave * doppler, flux_tem, s=0)
  File "/Users/jaklusmeyer/miniconda/envs/pyodine_env/lib/python3.9/site-packages/scipy/interpolate/_fitpack_py.py", line 295, in splrep
    res = _impl.splrep(x, y, w, xb, xe, k, task, s, t, full_output, per, quiet)
  File "/Users/jaklusmeyer/miniconda/envs/pyodine_env/lib/python3.9/site-packages/scipy/interpolate/_fitpack_impl.py", line 276, in splrep
    n, c, fp, ier = dfitpack.curfit(task, x, y, w, t, wrk, iwrk,
dfitpack.error: (xb<=x[0]) failed for 1st keyword xb: curfit:xb=nan
2026-02-16 14:32:32,726 - root - ERROR - Chunk 0: No Data! Returning LmfitResult with None.
2026-02-16 14:32:32,728 - root - ERROR - Chunk 1: No Data! Returning LmfitResult with None.
2026-02-16 14:32:32,729 - root - ERROR - Chunk 2: No Data! Returning LmfitResult with None.
2026-02-16 14:32:32,731 - root - ERROR - Chunk 3: No Data! Returning LmfitResult with None.
2026-02-16 14:32:32,732 - root - ERROR - Chunk 4: No Data! Returning LmfitResult with None.
2026-02-16 14:32:32,733 - root - ERROR - Chunk 5: No Data! Returning LmfitResult with None.
2026-02-16 14:32:32,734 - root - ERROR - Chunk 6: No Data! Returning LmfitResult with None.
2026-02-16 14:32:32,735 - root - ERROR - Chunk 7: No Data! Returning LmfitResult with None.
2026-02-16 14:32:32,736 - root - ERROR - Chunk 8: No Data! Returning LmfitResult with None.
2026-02-16 14:32:32,737 - root - ERROR - Chunk 9: No Data! Returning LmfitResult with None.
2026-02-16 14:32:32,739 - root - ERROR - Chunk 10: No Data! Returning LmfitResult with None.
2026-02-16 14:32:32,740 - root - ERROR - Chunk 11: No Data! Returning LmfitResult with None.
2026-02-16 14:32:32,741 - root - ERROR - Chunk 12: No Data! Returning LmfitResult with None.
2026-02-16 14:32:32,753 - root - ERROR - Chunk 13: No Data! Returning LmfitResult with None.
2026-02-16 14:32:32,764 - root - ERROR - Chunk 14: No Data! Returning LmfitResult with None.
2026-02-16 14:32:32,767 - root - ERROR - Chunk 15: No Data! Returning LmfitResult with None.
2026-02-16 14:32:32,773 - root - ERROR - Chunk 16: No Data! Returning LmfitResult with None.
2026-02-16 14:32:32,781 - root - ERROR - Chunk 17: No Data! Returning LmfitResult with None.
2026-02-16 14:32:32,787 - root - ERROR - Chunk 18: No Data! Returning LmfitResult with None.
2026-02-16 14:32:32,789 - root - ERROR - Chunk 19: No Data! Returning LmfitResult with None.
2026-02-16 14:32:32,790 - root - ERROR - Chunk 20: No Data! Returning LmfitResult with None.
2026-02-16 14:32:32,791 - root - ERROR - Chunk 21: No Data! Returning LmfitResult with None.
2026-02-16 14:32:32,793 - root - ERROR - Chunk 22: No Data! Returning LmfitResult with None.
2026-02-16 14:32:32,794 - root - ERROR - Chunk 23: No Data! Returning LmfitResult with None.
2026-02-16 14:32:32,796 - root - ERROR - Chunk 24: No Data! Returning LmfitResult with None.
2026-02-16 14:32:32,797 - root - ERROR - Chunk 25: No Data! Returning LmfitResult with None.
2026-02-16 14:32:32,801 - root - ERROR - Chunk 26: No Data! Returning LmfitResult with None.
2026-02-16 14:32:32,808 - root - ERROR - Chunk 27: No Data! Returning LmfitResult with None.
2026-02-16 14:32:32,810 - root - ERROR - Chunk 28: No Data! Returning LmfitResult with None.
2026-02-16 14:32:32,812 - root - ERROR - Chunk 29: No Data! Returning LmfitResult with None.
2026-02-16 14:32:32,813 - root - ERROR - Chunk 30: No Data! Returning LmfitResult with None.
2026-02-16 14:32:32,814 - root - ERROR - Chunk 31: No Data! Returning LmfitResult with None.
2026-02-16 14:32:32,818 - root - ERROR - Chunk 32: No Data! Returning LmfitResult with None.
2026-02-16 14:32:32,819 - root - ERROR - Chunk 33: No Data! Returning LmfitResult with None.
2026-02-16 14:32:32,820 - root - ERROR - Chunk 34: No Data! Returning LmfitResult with None.
2026-02-16 14:32:32,821 - root - ERROR - Chunk 35: No Data! Returning LmfitResult with None.
2026-02-16 14:32:32,822 - root - ERROR - Chunk 36: No Data! Returning LmfitResult with None.
2026-02-16 14:32:32,824 - root - ERROR - Chunk 37: No Data! Returning LmfitResult with None.
2026-02-16 14:32:32,825 - root - ERROR - Chunk 38: No Data! Returning LmfitResult with None.
2026-02-16 14:32:32,826 - root - ERROR - Chunk 39: No Data! Returning LmfitResult with None.
2026-02-16 14:32:32,828 - root - ERROR - Chunk 40: No Data! Returning LmfitResult with None.
2026-02-16 14:32:32,829 - root - ERROR - Chunk 41: No Data! Returning LmfitResult with None.
2026-02-16 14:32:32,830 - root - ERROR - Chunk 42: No Data! Returning LmfitResult with None.
2026-02-16 14:32:32,831 - root - ERROR - Chunk 43: No Data! Returning LmfitResult with None.
2026-02-16 14:32:32,832 - root - ERROR - Chunk 44: No Data! Returning LmfitResult with None.
2026-02-16 14:32:32,834 - root - ERROR - Chunk 45: No Data! Returning LmfitResult with None.
2026-02-16 14:32:32,835 - root - ERROR - Chunk 46: No Data! Returning LmfitResult with None.
2026-02-16 14:32:32,836 - root - ERROR - Chunk 47: No Data! Returning LmfitResult with None.
2026-02-16 14:32:32,838 - root - ERROR - Chunk 48: No Data! Returning LmfitResult with None.
2026-02-16 14:32:32,839 - root - ERROR - Chunk 49: No Data! Returning LmfitResult with None.
2026-02-16 14:32:32,840 - root - ERROR - Chunk 50: No Data! Returning LmfitResult with None.
2026-02-16 14:32:32,841 - root - ERROR - Chunk 51: No Data! Returning LmfitResult with None.
2026-02-16 14:32:32,842 - root - ERROR - Chunk 52: No Data! Returning LmfitResult with None.
2026-02-16 14:32:32,843 - root - ERROR - Chunk 53: No Data! Returning LmfitResult with None.
2026-02-16 14:32:32,844 - root - ERROR - Chunk 54: No Data! Returning LmfitResult with None.
2026-02-16 14:32:32,845 - root - ERROR - Chunk 55: No Data! Returning LmfitResult with None.
2026-02-16 14:32:32,847 - root - ERROR - Chunk 56: No Data! Returning LmfitResult with None.
2026-02-16 14:32:32,848 - root - ERROR - Chunk 57: No Data! Returning LmfitResult with None.
2026-02-16 14:32:32,849 - root - ERROR - Chunk 58: No Data! Returning LmfitResult with None.
2026-02-16 14:32:32,850 - root - ERROR - Chunk 59: No Data! Returning LmfitResult with None.
2026-02-16 14:32:32,851 - root - ERROR - Chunk 60: No Data! Returning LmfitResult with None.
2026-02-16 14:32:32,852 - root - ERROR - Chunk 61: No Data! Returning LmfitResult with None.
2026-02-16 14:32:32,853 - root - ERROR - Chunk 62: No Data! Returning LmfitResult with None.
2026-02-16 14:32:32,854 - root - ERROR - Chunk 63: No Data! Returning LmfitResult with None.
2026-02-16 14:32:32,855 - root - ERROR - Chunk 64: No Data! Returning LmfitResult with None.
2026-02-16 14:32:32,856 - root - ERROR - Chunk 65: No Data! Returning LmfitResult with None.
2026-02-16 14:32:32,858 - root - ERROR - Chunk 66: No Data! Returning LmfitResult with None.
2026-02-16 14:32:32,859 - root - ERROR - Chunk 67: No Data! Returning LmfitResult with None.
2026-02-16 14:32:32,860 - root - ERROR - Chunk 68: No Data! Returning LmfitResult with None.
2026-02-16 14:32:32,861 - root - ERROR - Chunk 69: No Data! Returning LmfitResult with None.
2026-02-16 14:32:32,862 - root - ERROR - Chunk 70: No Data! Returning LmfitResult with None.
2026-02-16 14:32:32,863 - root - ERROR - Chunk 71: No Data! Returning LmfitResult with None.
2026-02-16 14:32:32,864 - root - ERROR - Chunk 72: No Data! Returning LmfitResult with None.
2026-02-16 14:32:32,866 - root - ERROR - Chunk 73: No Data! Returning LmfitResult with None.
2026-02-16 14:32:32,867 - root - ERROR - Chunk 74: No Data! Returning LmfitResult with None.
2026-02-16 14:32:32,868 - root - ERROR - Chunk 75: No Data! Returning LmfitResult with None.
2026-02-16 14:32:32,870 - root - ERROR - Chunk 76: No Data! Returning LmfitResult with None.
2026-02-16 14:32:32,871 - root - ERROR - Chunk 77: No Data! Returning LmfitResult with None.
2026-02-16 14:32:32,872 - root - ERROR - Chunk 78: No Data! Returning LmfitResult with None.
2026-02-16 14:32:32,873 - root - ERROR - Chunk 79: No Data! Returning LmfitResult with None.
2026-02-16 14:32:32,876 - root - ERROR - Chunk 80: No Data! Returning LmfitResult with None.
2026-02-16 14:32:32,877 - root - ERROR - Chunk 81: No Data! Returning LmfitResult with None.
2026-02-16 14:32:32,878 - root - ERROR - Chunk 82: No Data! Returning LmfitResult with None.
2026-02-16 14:32:32,880 - root - ERROR - Chunk 83: No Data! Returning LmfitResult with None.
2026-02-16 14:32:32,881 - root - ERROR - Chunk 84: No Data! Returning LmfitResult with None.
2026-02-16 14:32:32,882 - root - ERROR - Chunk 85: No Data! Returning LmfitResult with None.
2026-02-16 14:32:32,883 - root - ERROR - Chunk 86: No Data! Returning LmfitResult with None.
2026-02-16 14:32:32,884 - root - ERROR - Chunk 87: No Data! Returning LmfitResult with None.
2026-02-16 14:32:32,886 - root - ERROR - Chunk 88: No Data! Returning LmfitResult with None.
2026-02-16 14:32:32,887 - root - ERROR - Chunk 89: No Data! Returning LmfitResult with None.
2026-02-16 14:32:32,888 - root - ERROR - Chunk 90: No Data! Returning LmfitResult with None.
2026-02-16 14:32:32,890 - root - ERROR - Chunk 91: No Data! Returning LmfitResult with None.
2026-02-16 14:32:32,891 - root - ERROR - Chunk 92: No Data! Returning LmfitResult with None.
2026-02-16 14:32:32,893 - root - ERROR - Chunk 93: No Data! Returning LmfitResult with None.
2026-02-16 14:32:32,894 - root - ERROR - Chunk 94: No Data! Returning LmfitResult with None.
2026-02-16 14:32:32,895 - root - ERROR - Chunk 95: No Data! Returning LmfitResult with None.
2026-02-16 14:32:32,896 - root - ERROR - Chunk 96: No Data! Returning LmfitResult with None.
2026-02-16 14:32:32,897 - root - ERROR - Chunk 97: No Data! Returning LmfitResult with None.
2026-02-16 14:32:32,898 - root - ERROR - Chunk 98: No Data! Returning LmfitResult with None.
2026-02-16 14:32:32,900 - root - ERROR - Chunk 99: No Data! Returning LmfitResult with None.
2026-02-16 14:32:32,901 - root - ERROR - Chunk 100: No Data! Returning LmfitResult with None.
2026-02-16 14:32:32,902 - root - ERROR - Chunk 101: No Data! Returning LmfitResult with None.
2026-02-16 14:32:32,903 - root - ERROR - Chunk 102: No Data! Returning LmfitResult with None.
2026-02-16 14:32:32,905 - root - ERROR - Chunk 103: No Data! Returning LmfitResult with None.
2026-02-16 14:32:32,906 - root - ERROR - Chunk 104: No Data! Returning LmfitResult with None.
2026-02-16 14:32:32,907 - root - ERROR - Chunk 105: No Data! Returning LmfitResult with None.
2026-02-16 14:32:32,908 - root - ERROR - Chunk 106: No Data! Returning LmfitResult with None.
2026-02-16 14:32:32,909 - root - ERROR - Chunk 107: No Data! Returning LmfitResult with None.
2026-02-16 14:32:32,911 - root - ERROR - Chunk 108: No Data! Returning LmfitResult with None.
2026-02-16 14:32:32,912 - root - ERROR - Chunk 109: No Data! Returning LmfitResult with None.
2026-02-16 14:32:32,913 - root - ERROR - Chunk 110: No Data! Returning LmfitResult with None.
2026-02-16 14:32:32,914 - root - ERROR - Chunk 111: No Data! Returning LmfitResult with None.
2026-02-16 14:32:32,915 - root - ERROR - Chunk 112: No Data! Returning LmfitResult with None.
2026-02-16 14:32:32,916 - root - ERROR - Chunk 113: No Data! Returning LmfitResult with None.
2026-02-16 14:32:32,918 - root - ERROR - Chunk 114: No Data! Returning LmfitResult with None.
2026-02-16 14:32:32,919 - root - ERROR - Chunk 115: No Data! Returning LmfitResult with None.
2026-02-16 14:32:32,920 - root - ERROR - Chunk 116: No Data! Returning LmfitResult with None.
2026-02-16 14:32:32,921 - root - ERROR - Chunk 117: No Data! Returning LmfitResult with None.
2026-02-16 14:32:32,922 - root - ERROR - Chunk 118: No Data! Returning LmfitResult with None.
2026-02-16 14:32:32,924 - root - ERROR - Chunk 119: No Data! Returning LmfitResult with None.
2026-02-16 14:32:32,926 - root - ERROR - Chunk 120: No Data! Returning LmfitResult with None.
2026-02-16 14:32:32,927 - root - ERROR - Chunk 121: No Data! Returning LmfitResult with None.
2026-02-16 14:32:32,928 - root - ERROR - Chunk 122: No Data! Returning LmfitResult with None.
2026-02-16 14:32:32,929 - root - ERROR - Chunk 123: No Data! Returning LmfitResult with None.
2026-02-16 14:32:32,930 - root - ERROR - Chunk 124: No Data! Returning LmfitResult with None.
2026-02-16 14:32:32,932 - root - ERROR - Chunk 125: No Data! Returning LmfitResult with None.
2026-02-16 14:32:32,933 - root - ERROR - Chunk 126: No Data! Returning LmfitResult with None.
2026-02-16 14:32:32,937 - root - ERROR - Chunk 127: No Data! Returning LmfitResult with None.
2026-02-16 14:32:32,939 - root - ERROR - Chunk 128: No Data! Returning LmfitResult with None.
2026-02-16 14:32:32,940 - root - ERROR - Chunk 129: No Data! Returning LmfitResult with None.
2026-02-16 14:32:32,941 - root - ERROR - Chunk 130: No Data! Returning LmfitResult with None.
2026-02-16 14:32:32,942 - root - ERROR - Chunk 131: No Data! Returning LmfitResult with None.
2026-02-16 14:32:32,944 - root - ERROR - Chunk 132: No Data! Returning LmfitResult with None.
2026-02-16 14:32:32,945 - root - ERROR - Chunk 133: No Data! Returning LmfitResult with None.
2026-02-16 14:32:32,947 - root - ERROR - Chunk 134: No Data! Returning LmfitResult with None.
2026-02-16 14:32:32,949 - root - ERROR - Chunk 135: No Data! Returning LmfitResult with None.
2026-02-16 14:32:32,950 - root - ERROR - Chunk 136: No Data! Returning LmfitResult with None.
2026-02-16 14:32:32,951 - root - ERROR - Chunk 137: No Data! Returning LmfitResult with None.
2026-02-16 14:32:32,952 - root - ERROR - Chunk 138: No Data! Returning LmfitResult with None.
2026-02-16 14:32:32,953 - root - ERROR - Chunk 139: No Data! Returning LmfitResult with None.
2026-02-16 14:32:32,954 - root - ERROR - Chunk 140: No Data! Returning LmfitResult with None.
2026-02-16 14:32:32,956 - root - ERROR - Chunk 141: No Data! Returning LmfitResult with None.
2026-02-16 14:32:32,957 - root - ERROR - Chunk 142: No Data! Returning LmfitResult with None.
2026-02-16 14:32:32,959 - root - ERROR - Chunk 143: No Data! Returning LmfitResult with None.
2026-02-16 14:32:32,960 - root - ERROR - Chunk 144: No Data! Returning LmfitResult with None.
2026-02-16 14:32:32,961 - root - ERROR - Chunk 145: No Data! Returning LmfitResult with None.
2026-02-16 14:32:32,962 - root - ERROR - Chunk 146: No Data! Returning LmfitResult with None.
2026-02-16 14:32:32,963 - root - ERROR - Chunk 147: No Data! Returning LmfitResult with None.
2026-02-16 14:32:32,964 - root - ERROR - Chunk 148: No Data! Returning LmfitResult with None.
2026-02-16 14:32:32,965 - root - ERROR - Chunk 149: No Data! Returning LmfitResult with None.
2026-02-16 14:32:32,966 - root - ERROR - Chunk 150: No Data! Returning LmfitResult with None.
2026-02-16 14:32:32,968 - root - ERROR - Chunk 151: No Data! Returning LmfitResult with None.
2026-02-16 14:32:32,969 - root - ERROR - Chunk 152: No Data! Returning LmfitResult with None.
2026-02-16 14:32:32,970 - root - ERROR - Chunk 153: No Data! Returning LmfitResult with None.
2026-02-16 14:32:32,971 - root - ERROR - Chunk 154: No Data! Returning LmfitResult with None.
2026-02-16 14:32:32,972 - root - ERROR - Chunk 155: No Data! Returning LmfitResult with None.
2026-02-16 14:32:32,973 - root - ERROR - Chunk 156: No Data! Returning LmfitResult with None.
2026-02-16 14:32:32,974 - root - ERROR - Chunk 157: No Data! Returning LmfitResult with None.
2026-02-16 14:32:32,976 - root - ERROR - Chunk 158: No Data! Returning LmfitResult with None.
2026-02-16 14:32:32,977 - root - ERROR - Chunk 159: No Data! Returning LmfitResult with None.
2026-02-16 14:32:32,978 - root - ERROR - Chunk 160: No Data! Returning LmfitResult with None.
2026-02-16 14:32:32,979 - root - ERROR - Chunk 161: No Data! Returning LmfitResult with None.
2026-02-16 14:32:32,980 - root - ERROR - Chunk 162: No Data! Returning LmfitResult with None.
2026-02-16 14:32:32,981 - root - ERROR - Chunk 163: No Data! Returning LmfitResult with None.
2026-02-16 14:32:32,982 - root - ERROR - Chunk 164: No Data! Returning LmfitResult with None.
2026-02-16 14:32:32,983 - root - ERROR - Chunk 165: No Data! Returning LmfitResult with None.
2026-02-16 14:32:32,984 - root - ERROR - Chunk 166: No Data! Returning LmfitResult with None.
2026-02-16 14:32:32,986 - root - ERROR - Chunk 167: No Data! Returning LmfitResult with None.
2026-02-16 14:32:32,987 - root - ERROR - Chunk 168: No Data! Returning LmfitResult with None.
2026-02-16 14:32:32,988 - root - ERROR - Chunk 169: No Data! Returning LmfitResult with None.
2026-02-16 14:32:32,989 - root - ERROR - Chunk 170: No Data! Returning LmfitResult with None.
2026-02-16 14:32:32,990 - root - ERROR - Chunk 171: No Data! Returning LmfitResult with None.
2026-02-16 14:32:32,991 - root - ERROR - Chunk 172: No Data! Returning LmfitResult with None.
2026-02-16 14:32:32,993 - root - ERROR - Chunk 173: No Data! Returning LmfitResult with None.
2026-02-16 14:32:32,994 - root - ERROR - Chunk 174: No Data! Returning LmfitResult with None.
2026-02-16 14:32:32,997 - root - ERROR - Chunk 175: No Data! Returning LmfitResult with None.
2026-02-16 14:32:32,998 - root - ERROR - Chunk 176: No Data! Returning LmfitResult with None.
2026-02-16 14:32:32,999 - root - ERROR - Chunk 177: No Data! Returning LmfitResult with None.
2026-02-16 14:32:33,001 - root - ERROR - Chunk 178: No Data! Returning LmfitResult with None.
2026-02-16 14:32:33,002 - root - ERROR - Chunk 179: No Data! Returning LmfitResult with None.
2026-02-16 14:32:33,004 - root - ERROR - Chunk 180: No Data! Returning LmfitResult with None.
2026-02-16 14:32:33,005 - root - ERROR - Chunk 181: No Data! Returning LmfitResult with None.
2026-02-16 14:32:33,007 - root - ERROR - Chunk 182: No Data! Returning LmfitResult with None.
2026-02-16 14:32:33,009 - root - ERROR - Chunk 183: No Data! Returning LmfitResult with None.
2026-02-16 14:32:33,010 - root - ERROR - Chunk 184: No Data! Returning LmfitResult with None.
2026-02-16 14:32:33,012 - root - ERROR - Chunk 185: No Data! Returning LmfitResult with None.
2026-02-16 14:32:33,013 - root - ERROR - Chunk 186: No Data! Returning LmfitResult with None.
2026-02-16 14:32:33,014 - root - ERROR - Chunk 187: No Data! Returning LmfitResult with None.
2026-02-16 14:32:33,015 - root - ERROR - Chunk 188: No Data! Returning LmfitResult with None.
2026-02-16 14:32:33,017 - root - ERROR - Chunk 189: No Data! Returning LmfitResult with None.
2026-02-16 14:32:33,018 - root - ERROR - Chunk 190: No Data! Returning LmfitResult with None.
2026-02-16 14:32:33,019 - root - ERROR - Chunk 191: No Data! Returning LmfitResult with None.
2026-02-16 14:32:33,020 - root - ERROR - Chunk 192: No Data! Returning LmfitResult with None.
2026-02-16 14:32:33,021 - root - ERROR - Chunk 193: No Data! Returning LmfitResult with None.
2026-02-16 14:32:33,023 - root - ERROR - Chunk 194: No Data! Returning LmfitResult with None.
2026-02-16 14:32:33,024 - root - ERROR - Chunk 195: No Data! Returning LmfitResult with None.
2026-02-16 14:32:33,026 - root - ERROR - Chunk 196: No Data! Returning LmfitResult with None.
2026-02-16 14:32:33,027 - root - ERROR - Chunk 197: No Data! Returning LmfitResult with None.
2026-02-16 14:32:33,028 - root - ERROR - Chunk 198: No Data! Returning LmfitResult with None.
2026-02-16 14:32:33,029 - root - ERROR - Chunk 199: No Data! Returning LmfitResult with None.
2026-02-16 14:32:33,030 - root - ERROR - Chunk 200: No Data! Returning LmfitResult with None.
2026-02-16 14:32:33,031 - root - ERROR - Chunk 201: No Data! Returning LmfitResult with None.
2026-02-16 14:32:33,033 - root - ERROR - Chunk 202: No Data! Returning LmfitResult with None.
2026-02-16 14:32:33,034 - root - ERROR - Chunk 203: No Data! Returning LmfitResult with None.
2026-02-16 14:32:33,036 - root - ERROR - Chunk 204: No Data! Returning LmfitResult with None.
2026-02-16 14:32:33,037 - root - ERROR - Chunk 205: No Data! Returning LmfitResult with None.
2026-02-16 14:32:33,040 - root - ERROR - Chunk 206: No Data! Returning LmfitResult with None.
2026-02-16 14:32:33,041 - root - ERROR - Chunk 207: No Data! Returning LmfitResult with None.
2026-02-16 14:32:33,042 - root - ERROR - Chunk 208: No Data! Returning LmfitResult with None.
2026-02-16 14:32:33,043 - root - ERROR - Chunk 209: No Data! Returning LmfitResult with None.
2026-02-16 14:32:33,045 - root - ERROR - Chunk 210: No Data! Returning LmfitResult with None.
2026-02-16 14:32:33,046 - root - ERROR - Chunk 211: No Data! Returning LmfitResult with None.
2026-02-16 14:32:33,047 - root - ERROR - Chunk 212: No Data! Returning LmfitResult with None.
2026-02-16 14:32:33,048 - root - ERROR - Chunk 213: No Data! Returning LmfitResult with None.
2026-02-16 14:32:33,049 - root - ERROR - Chunk 214: No Data! Returning LmfitResult with None.
2026-02-16 14:32:33,050 - root - ERROR - Chunk 215: No Data! Returning LmfitResult with None.
2026-02-16 14:32:33,052 - root - ERROR - Chunk 216: No Data! Returning LmfitResult with None.
2026-02-16 14:32:33,053 - root - ERROR - Chunk 217: No Data! Returning LmfitResult with None.
2026-02-16 14:32:33,054 - root - ERROR - Chunk 218: No Data! Returning LmfitResult with None.
2026-02-16 14:32:33,055 - root - ERROR - Chunk 219: No Data! Returning LmfitResult with None.
2026-02-16 14:32:33,057 - root - ERROR - Chunk 220: No Data! Returning LmfitResult with None.
2026-02-16 14:32:33,058 - root - ERROR - Chunk 221: No Data! Returning LmfitResult with None.
2026-02-16 14:32:33,059 - root - ERROR - Chunk 222: No Data! Returning LmfitResult with None.
2026-02-16 14:32:33,063 - root - ERROR - Chunk 223: No Data! Returning LmfitResult with None.
2026-02-16 14:32:33,064 - root - ERROR - Chunk 224: No Data! Returning LmfitResult with None.
2026-02-16 14:32:33,065 - root - ERROR - Chunk 225: No Data! Returning LmfitResult with None.
2026-02-16 14:32:33,066 - root - ERROR - Chunk 226: No Data! Returning LmfitResult with None.
2026-02-16 14:32:33,067 - root - ERROR - Chunk 227: No Data! Returning LmfitResult with None.
2026-02-16 14:32:33,068 - root - ERROR - Chunk 228: No Data! Returning LmfitResult with None.
2026-02-16 14:32:33,070 - root - ERROR - Chunk 229: No Data! Returning LmfitResult with None.
2026-02-16 14:32:33,071 - root - ERROR - Chunk 230: No Data! Returning LmfitResult with None.
2026-02-16 14:32:33,074 - root - ERROR - Chunk 231: No Data! Returning LmfitResult with None.
2026-02-16 14:32:33,075 - root - ERROR - Chunk 232: No Data! Returning LmfitResult with None.
2026-02-16 14:32:33,077 - root - ERROR - Chunk 233: No Data! Returning LmfitResult with None.
2026-02-16 14:32:33,078 - root - ERROR - Chunk 234: No Data! Returning LmfitResult with None.
2026-02-16 14:32:33,079 - root - ERROR - Chunk 235: No Data! Returning LmfitResult with None.
2026-02-16 14:32:33,081 - root - ERROR - Chunk 236: No Data! Returning LmfitResult with None.
2026-02-16 14:32:33,082 - root - ERROR - Chunk 237: No Data! Returning LmfitResult with None.
2026-02-16 14:32:33,083 - root - ERROR - Chunk 238: No Data! Returning LmfitResult with None.
2026-02-16 14:32:33,084 - root - ERROR - Chunk 239: No Data! Returning LmfitResult with None.
2026-02-16 14:32:33,086 - root - ERROR - Chunk 240: No Data! Returning LmfitResult with None.
2026-02-16 14:32:33,087 - root - ERROR - Chunk 241: No Data! Returning LmfitResult with None.
2026-02-16 14:32:33,088 - root - ERROR - Chunk 242: No Data! Returning LmfitResult with None.
2026-02-16 14:32:33,089 - root - ERROR - Chunk 243: No Data! Returning LmfitResult with None.
2026-02-16 14:32:33,090 - root - ERROR - Chunk 244: No Data! Returning LmfitResult with None.
2026-02-16 14:32:33,091 - root - ERROR - Chunk 245: No Data! Returning LmfitResult with None.
2026-02-16 14:32:33,093 - root - ERROR - Chunk 246: No Data! Returning LmfitResult with None.
2026-02-16 14:32:33,094 - root - ERROR - Chunk 247: No Data! Returning LmfitResult with None.
2026-02-16 14:32:33,095 - root - ERROR - Chunk 248: No Data! Returning LmfitResult with None.
2026-02-16 14:32:33,096 - root - ERROR - Chunk 249: No Data! Returning LmfitResult with None.
2026-02-16 14:32:33,098 - root - ERROR - Chunk 250: No Data! Returning LmfitResult with None.
2026-02-16 14:32:33,099 - root - ERROR - Chunk 251: No Data! Returning LmfitResult with None.
2026-02-16 14:32:33,100 - root - ERROR - Chunk 252: No Data! Returning LmfitResult with None.
2026-02-16 14:32:33,101 - root - ERROR - Chunk 253: No Data! Returning LmfitResult with None.
2026-02-16 14:32:33,102 - root - ERROR - Chunk 254: No Data! Returning LmfitResult with None.
2026-02-16 14:32:33,103 - root - ERROR - Chunk 255: No Data! Returning LmfitResult with None.
2026-02-16 14:32:33,105 - root - ERROR - Chunk 256: No Data! Returning LmfitResult with None.
2026-02-16 14:32:33,106 - root - ERROR - Chunk 257: No Data! Returning LmfitResult with None.
2026-02-16 14:32:33,107 - root - ERROR - Chunk 258: No Data! Returning LmfitResult with None.
2026-02-16 14:32:33,108 - root - ERROR - Chunk 259: No Data! Returning LmfitResult with None.
2026-02-16 14:32:33,109 - root - ERROR - Chunk 260: No Data! Returning LmfitResult with None.
2026-02-16 14:32:33,110 - root - ERROR - Chunk 261: No Data! Returning LmfitResult with None.
2026-02-16 14:32:33,111 - root - ERROR - Chunk 262: No Data! Returning LmfitResult with None.
2026-02-16 14:32:33,112 - root - ERROR - Chunk 263: No Data! Returning LmfitResult with None.
2026-02-16 14:32:33,113 - root - ERROR - Chunk 264: No Data! Returning LmfitResult with None.
2026-02-16 14:32:33,114 - root - ERROR - Chunk 265: No Data! Returning LmfitResult with None.
2026-02-16 14:32:33,116 - root - ERROR - Chunk 266: No Data! Returning LmfitResult with None.
2026-02-16 14:32:33,117 - root - ERROR - Chunk 267: No Data! Returning LmfitResult with None.
2026-02-16 14:32:33,118 - root - ERROR - Chunk 268: No Data! Returning LmfitResult with None.
2026-02-16 14:32:33,119 - root - ERROR - Chunk 269: No Data! Returning LmfitResult with None.
2026-02-16 14:32:33,122 - root - ERROR - Chunk 270: No Data! Returning LmfitResult with None.
2026-02-16 14:32:33,123 - root - ERROR - Chunk 271: No Data! Returning LmfitResult with None.
2026-02-16 14:32:33,125 - root - ERROR - Chunk 272: No Data! Returning LmfitResult with None.
2026-02-16 14:32:33,126 - root - ERROR - Chunk 273: No Data! Returning LmfitResult with None.
2026-02-16 14:32:33,127 - root - ERROR - Chunk 274: No Data! Returning LmfitResult with None.
2026-02-16 14:32:33,128 - root - ERROR - Chunk 275: No Data! Returning LmfitResult with None.
2026-02-16 14:32:33,129 - root - ERROR - Chunk 276: No Data! Returning LmfitResult with None.
2026-02-16 14:32:33,131 - root - ERROR - Chunk 277: No Data! Returning LmfitResult with None.
2026-02-16 14:32:33,132 - root - ERROR - Chunk 278: No Data! Returning LmfitResult with None.
2026-02-16 14:32:33,133 - root - ERROR - Chunk 279: No Data! Returning LmfitResult with None.
2026-02-16 14:32:33,134 - root - ERROR - Chunk 280: No Data! Returning LmfitResult with None.
2026-02-16 14:32:33,239 - root - ERROR - NaN value detected in oversampled model function.
2026-02-16 14:32:33,240 - root - ERROR - <ParameterSet (values: 17)>
    cont_intercept  =  18369.642669019144
    cont_slope      =  -1.2009328065760005
    iod_depth       =  -2.144949395608354
    lsf_left_1      =  2.8427178292035773
    lsf_left_2      =  -10.152204814338246
    lsf_left_3      =  7.039046996829038
    lsf_left_4      =  -2.3624645475665593
    lsf_left_5      =  0.14727785575850383
    lsf_right1      =  3.1116656060609733
    lsf_right2      =  -9.448180557003516
    lsf_right3      =  6.626687372013955
    lsf_right4      =  -2.3443699469266415
    lsf_right5      =  0.46593606549476335
    tem_depth       =  0.9992870106204892
    velocity        =  -27089.2202541001
    wave_intercept  =  4985.283365598003
    wave_slope      =  0.013127406640272059
2026-02-16 14:32:33,242 - root - ERROR - Evaluated LSF:
2026-02-16 14:32:33,243 - root - ERROR - [nan nan nan nan nan nan nan nan nan nan nan nan nan nan nan nan nan nan
 nan nan nan nan nan nan nan nan nan nan nan nan nan nan nan nan nan nan
 nan nan nan nan nan nan nan nan nan nan nan nan nan nan nan nan nan nan
 nan nan nan nan nan nan nan nan nan nan nan nan nan nan nan nan nan nan
 nan]
2026-02-16 14:32:33,374 - root - ERROR - NaN value detected in oversampled model function.
2026-02-16 14:32:33,375 - root - ERROR - <ParameterSet (values: 17)>
    cont_intercept  =  16049.645860878574
    cont_slope      =  -9.882041273419734
    iod_depth       =  0.8765009451757925
    lsf_left_1      =  2.6135940172550205
    lsf_left_2      =  -10.735046724897844
    lsf_left_3      =  8.557671266491038
    lsf_left_4      =  -3.7702856471454216
    lsf_left_5      =  0.18840356353092697
    lsf_right1      =  4.873368718129353
    lsf_right2      =  -12.948469319008648
    lsf_right3      =  6.174291873538046
    lsf_right4      =  -2.4931665594268257
    lsf_right5      =  0.6588504033031295
    tem_depth       =  0.9856368812786173
    velocity        =  -25557.745036723652
    wave_intercept  =  4990.042443124479
    wave_slope      =  0.012767127737601741
2026-02-16 14:32:33,377 - root - ERROR - Evaluated LSF:
2026-02-16 14:32:33,378 - root - ERROR - [nan nan nan nan nan nan nan nan nan nan nan nan nan nan nan nan nan nan
 nan nan nan nan nan nan nan nan nan nan nan nan nan nan nan nan nan nan
 nan nan nan nan nan nan nan nan nan nan nan nan nan nan nan nan nan nan
 nan nan nan nan nan nan nan nan nan nan nan nan nan nan nan nan nan nan
 nan]
2026-02-16 14:32:35,314 - root - ERROR - NaN value detected in oversampled model function.
2026-02-16 14:32:35,316 - root - ERROR - <ParameterSet (values: 17)>
    cont_intercept  =  15695.83824605044
    cont_slope      =  9.728869913302496
    iod_depth       =  1.0417855964892009
    lsf_left_1      =  2.5273034682119007
    lsf_left_2      =  -17.525749857235738
    lsf_left_3      =  8.633311197581865
    lsf_left_4      =  -3.67227721267887
    lsf_left_5      =  0.3215673706624413
    lsf_right1      =  2.317551813615259
    lsf_right2      =  -12.64062997772212
    lsf_right3      =  1.4910517059193928
    lsf_right4      =  -2.565196784694269
    lsf_right5      =  0.1412841261505078
    tem_depth       =  0.9885947815224798
    velocity        =  -26982.153572038762
    wave_intercept  =  5007.820188001917
    wave_slope      =  0.01473289522308846
2026-02-16 14:32:35,317 - root - ERROR - Evaluated LSF:
2026-02-16 14:32:35,318 - root - ERROR - [nan nan nan nan nan nan nan nan nan nan nan nan nan nan nan nan nan nan
 nan nan nan nan nan nan nan nan nan nan nan nan nan nan nan nan nan nan
 nan nan nan nan nan nan nan nan nan nan nan nan nan nan nan nan nan nan
 nan nan nan nan nan nan nan nan nan nan nan nan nan nan nan nan nan nan
 nan]
2026-02-16 14:32:35,655 - root - ERROR - NaN value detected in oversampled model function.
2026-02-16 14:32:35,660 - root - ERROR - <ParameterSet (values: 17)>
    cont_intercept  =  16148.806988754097
    cont_slope      =  4.863267898999016
    iod_depth       =  0.9881663380842426
    lsf_left_1      =  3.85416148654814
    lsf_left_2      =  -18.810993611222028
    lsf_left_3      =  1.7981136311562902
    lsf_left_4      =  -3.8057902104758004
    lsf_left_5      =  0.9159578356496032
    lsf_right1      =  3.3407211519904294
    lsf_right2      =  -15.746163091787551
    lsf_right3      =  7.175134827496805
    lsf_right4      =  -3.453906943252102
    lsf_right5      =  0.4770444333654239
    tem_depth       =  0.9950105616009511
    velocity        =  -26855.344251972623
    wave_intercept  =  5014.736580222014
    wave_slope      =  0.014151244346746977
2026-02-16 14:32:35,662 - root - ERROR - Evaluated LSF:
2026-02-16 14:32:35,663 - root - ERROR - [nan nan nan nan nan nan nan nan nan nan nan nan nan nan nan nan nan nan
 nan nan nan nan nan nan nan nan nan nan nan nan nan nan nan nan nan nan
 nan nan nan nan nan nan nan nan nan nan nan nan nan nan nan nan nan nan
 nan nan nan nan nan nan nan nan nan nan nan nan nan nan nan nan nan nan
 nan]
2026-02-16 14:32:44,009 - root - ERROR - NaN value detected in oversampled model function.
2026-02-16 14:32:44,011 - root - ERROR - <ParameterSet (values: 17)>
    cont_intercept  =  22644.007972806383
    cont_slope      =  -9.14425630592138
    iod_depth       =  1.0627747256995657
    lsf_left_1      =  3.709614637373927
    lsf_left_2      =  -18.478758640364205
    lsf_left_3      =  4.9335849543199854
    lsf_left_4      =  -1.7465770277064179
    lsf_left_5      =  0.37753656384303635
    lsf_right1      =  7.198428679625857
    lsf_right2      =  -16.603678269713
    lsf_right3      =  6.625929942773831
    lsf_right4      =  -2.16184932152388
    lsf_right5      =  0.18011534662707931
    tem_depth       =  0.9939491896833201
    velocity        =  -27021.83427104915
    wave_intercept  =  5111.519844275581
    wave_slope      =  0.013335535618337216
2026-02-16 14:32:44,013 - root - ERROR - Evaluated LSF:
2026-02-16 14:32:44,014 - root - ERROR - [nan nan nan nan nan nan nan nan nan nan nan nan nan nan nan nan nan nan
 nan nan nan nan nan nan nan nan nan nan nan nan nan nan nan nan nan nan
 nan nan nan nan nan nan nan nan nan nan nan nan nan nan nan nan nan nan
 nan nan nan nan nan nan nan nan nan nan nan nan nan nan nan nan nan nan
 nan]
2026-02-16 14:32:45,536 - root - ERROR - NaN value detected in oversampled model function.
2026-02-16 14:32:45,538 - root - ERROR - <ParameterSet (values: 17)>
    cont_intercept  =  7255.217829725402
    cont_slope      =  -6.463913903209642
    iod_depth       =  1.0019806496948966
    lsf_left_1      =  6.262299566488762
    lsf_left_2      =  -18.748781450116315
    lsf_left_3      =  7.027949511116782
    lsf_left_4      =  -3.844835210003209
    lsf_left_5      =  1.0088529538961895
    lsf_right1      =  2.333347906225423
    lsf_right2      =  -9.22553041330934
    lsf_right3      =  1.923850047425395
    lsf_right4      =  -1.5203333579330653
    lsf_right5      =  0.3273224956818788
    tem_depth       =  1.0187761725663698
    velocity        =  -26761.327597583404
    wave_intercept  =  5132.45304090989
    wave_slope      =  0.01161646697442269
2026-02-16 14:32:45,539 - root - ERROR - Evaluated LSF:
2026-02-16 14:32:45,540 - root - ERROR - [nan nan nan nan nan nan nan nan nan nan nan nan nan nan nan nan nan nan
 nan nan nan nan nan nan nan nan nan nan nan nan nan nan nan nan nan nan
 nan nan nan nan nan nan nan nan nan nan nan nan nan nan nan nan nan nan
 nan nan nan nan nan nan nan nan nan nan nan nan nan nan nan nan nan nan
 nan]
2026-02-16 14:32:46,218 - root - ERROR - NaN value detected in oversampled model function.
2026-02-16 14:32:46,220 - root - ERROR - <ParameterSet (values: 17)>
    cont_intercept  =  11961.072335754789
    cont_slope      =  8.307280593671345
    iod_depth       =  1.1613581965363395
    lsf_left_1      =  7.469476240484098
    lsf_left_2      =  -16.23575958073721
    lsf_left_3      =  1.2522715212622213
    lsf_left_4      =  -1.1205463017659887
    lsf_left_5      =  0.16598248629813223
    lsf_right1      =  5.958218824222456
    lsf_right2      =  -18.09994154026422
    lsf_right3      =  1.6980507834703522
    lsf_right4      =  -3.3377716075353305
    lsf_right5      =  0.41373372333215275
    tem_depth       =  1.0348789968394507
    velocity        =  -26833.630302986418
    wave_intercept  =  5126.714852676258
    wave_slope      =  0.01563798087331043
2026-02-16 14:32:46,221 - root - ERROR - Evaluated LSF:
2026-02-16 14:32:46,222 - root - ERROR - [nan nan nan nan nan nan nan nan nan nan nan nan nan nan nan nan nan nan
 nan nan nan nan nan nan nan nan nan nan nan nan nan nan nan nan nan nan
 nan nan nan nan nan nan nan nan nan nan nan nan nan nan nan nan nan nan
 nan nan nan nan nan nan nan nan nan nan nan nan nan nan nan nan nan nan
 nan]
2026-02-16 14:32:46,630 - root - ERROR - NaN value detected in oversampled model function.
2026-02-16 14:32:46,631 - root - ERROR - <ParameterSet (values: 17)>
    cont_intercept  =  20494.433233978973
    cont_slope      =  9.07091942629343
    iod_depth       =  1.057870340201642
    lsf_left_1      =  2.4192718218600704
    lsf_left_2      =  -17.418115389752586
    lsf_left_3      =  1.2634088490803574
    lsf_left_4      =  -2.1248267985718736
    lsf_left_5      =  1.1400438483272777
    lsf_right1      =  3.939245197266337
    lsf_right2      =  -18.738881324441188
    lsf_right3      =  10.97103768331481
    lsf_right4      =  -3.9181481833088965
    lsf_right5      =  0.86851118512516
    tem_depth       =  0.9988243788830538
    velocity        =  -27208.043950201434
    wave_intercept  =  5135.860049515108
    wave_slope      =  0.014903404150189403
2026-02-16 14:32:46,633 - root - ERROR - Evaluated LSF:
2026-02-16 14:32:46,634 - root - ERROR - [nan nan nan nan nan nan nan nan nan nan nan nan nan nan nan nan nan nan
 nan nan nan nan nan nan nan nan nan nan nan nan nan nan nan nan nan nan
 nan nan nan nan nan nan nan nan nan nan nan nan nan nan nan nan nan nan
 nan nan nan nan nan nan nan nan nan nan nan nan nan nan nan nan nan nan
 nan]
2026-02-16 14:32:46,907 - root - ERROR - NaN value detected in oversampled model function.
2026-02-16 14:32:46,908 - root - ERROR - <ParameterSet (values: 17)>
    cont_intercept  =  20684.17619896482
    cont_slope      =  -8.40709544426281
    iod_depth       =  1.1987209900777824
    lsf_left_1      =  8.67422309741967
    lsf_left_2      =  -16.262337711646257
    lsf_left_3      =  2.1128336760964532
    lsf_left_4      =  -1.6211597582090231
    lsf_left_5      =  0.652374282604302
    lsf_right1      =  3.306440260631275
    lsf_right2      =  -18.76912026136732
    lsf_right3      =  10.826242910430727
    lsf_right4      =  -3.9154454079773036
    lsf_right5      =  0.17711054505024632
    tem_depth       =  1.0197055452998203
    velocity        =  -26992.390798441622
    wave_intercept  =  5142.873127374899
    wave_slope      =  0.014366223464577494
2026-02-16 14:32:46,909 - root - ERROR - Evaluated LSF:
2026-02-16 14:32:46,910 - root - ERROR - [nan nan nan nan nan nan nan nan nan nan nan nan nan nan nan nan nan nan
 nan nan nan nan nan nan nan nan nan nan nan nan nan nan nan nan nan nan
 nan nan nan nan nan nan nan nan nan nan nan nan nan nan nan nan nan nan
 nan nan nan nan nan nan nan nan nan nan nan nan nan nan nan nan nan nan
 nan]
2026-02-16 14:32:55,512 - root - ERROR - NaN value detected in oversampled model function.
2026-02-16 14:32:55,514 - root - ERROR - <ParameterSet (values: 17)>
    cont_intercept  =  18360.299924098443
    cont_slope      =  14.045035033309498
    iod_depth       =  1.1516864127583275
    lsf_left_1      =  2.599010751731
    lsf_left_2      =  -14.226250372370735
    lsf_left_3      =  1.9394899543368491
    lsf_left_4      =  -3.3192799891807985
    lsf_left_5      =  0.40463641538252487
    lsf_right1      =  6.152082274478788
    lsf_right2      =  -18.75231012238079
    lsf_right3      =  1.2657260027837656
    lsf_right4      =  -3.4670771002017275
    lsf_right5      =  1.0453511923163614
    tem_depth       =  1.009525420132866
    velocity        =  -26576.395834916988
    wave_intercept  =  5216.26744007543
    wave_slope      =  0.01575655232811153
2026-02-16 14:32:55,515 - root - ERROR - Evaluated LSF:
2026-02-16 14:32:55,516 - root - ERROR - [nan nan nan nan nan nan nan nan nan nan nan nan nan nan nan nan nan nan
 nan nan nan nan nan nan nan nan nan nan nan nan nan nan nan nan nan nan
 nan nan nan nan nan nan nan nan nan nan nan nan nan nan nan nan nan nan
 nan nan nan nan nan nan nan nan nan nan nan nan nan nan nan nan nan nan
 nan]
2026-02-16 14:33:06,440 - root - ERROR - NaN value detected in oversampled model function.
2026-02-16 14:33:06,441 - root - ERROR - <ParameterSet (values: 17)>
    cont_intercept  =  30518.725097312614
    cont_slope      =  -11.318852190429533
    iod_depth       =  1.0680147195051415
    lsf_left_1      =  6.1417159071075424
    lsf_left_2      =  -13.129153806553703
    lsf_left_3      =  5.9736107373383645
    lsf_left_4      =  -3.891780240382986
    lsf_left_5      =  1.0313938116490102
    lsf_right1      =  3.8044594594220618
    lsf_right2      =  -18.795391508493072
    lsf_right3      =  1.3212040368239104
    lsf_right4      =  -3.7204383999202038
    lsf_right5      =  0.6815574748594603
    tem_depth       =  1.0341371602054894
    velocity        =  -26596.772331679607
    wave_intercept  =  5338.724881592236
    wave_slope      =  0.013527892782704472
2026-02-16 14:33:06,443 - root - ERROR - Evaluated LSF:
2026-02-16 14:33:06,444 - root - ERROR - [nan nan nan nan nan nan nan nan nan nan nan nan nan nan nan nan nan nan
 nan nan nan nan nan nan nan nan nan nan nan nan nan nan nan nan nan nan
 nan nan nan nan nan nan nan nan nan nan nan nan nan nan nan nan nan nan
 nan nan nan nan nan nan nan nan nan nan nan nan nan nan nan nan nan nan
 nan]
2026-02-16 14:33:28,832 - root - ERROR - NaN value detected in oversampled model function.
2026-02-16 14:33:28,834 - root - ERROR - <ParameterSet (values: 17)>
    cont_intercept  =  34787.30899272339
    cont_slope      =  -24.78614313968477
    iod_depth       =  1.0046089319978673
    lsf_left_1      =  2.3039032833623643
    lsf_left_2      =  -13.889407322471126
    lsf_left_3      =  9.547447698330217
    lsf_left_4      =  -3.408358566432037
    lsf_left_5      =  0.8437570290091774
    lsf_right1      =  4.711550559720708
    lsf_right2      =  -17.21393102404368
    lsf_right3      =  6.335424060301813
    lsf_right4      =  -3.7484162489393453
    lsf_right5      =  0.3632668730577064
    tem_depth       =  1.0292870068176951
    velocity        =  -26777.06060876454
    wave_intercept  =  5584.724329535466
    wave_slope      =  0.013844620488279781
2026-02-16 14:33:28,835 - root - ERROR - Evaluated LSF:
2026-02-16 14:33:28,836 - root - ERROR - [nan nan nan nan nan nan nan nan nan nan nan nan nan nan nan nan nan nan
 nan nan nan nan nan nan nan nan nan nan nan nan nan nan nan nan nan nan
 nan nan nan nan nan nan nan nan nan nan nan nan nan nan nan nan nan nan
 nan nan nan nan nan nan nan nan nan nan nan nan nan nan nan nan nan nan
 nan]
2026-02-16 14:33:37,727 - root - ERROR - NaN value detected in oversampled model function.
2026-02-16 14:33:37,728 - root - ERROR - <ParameterSet (values: 17)>
    cont_intercept  =  57090.64429641081
    cont_slope      =  -12.773389158982962
    iod_depth       =  1.1625135616976268
    lsf_left_1      =  5.7938494762907515
    lsf_left_2      =  -18.621554781188838
    lsf_left_3      =  7.57248761143091
    lsf_left_4      =  -3.285503548959648
    lsf_left_5      =  0.9293175898716548
    lsf_right1      =  4.262702412020939
    lsf_right2      =  -9.997724024535556
    lsf_right3      =  4.5338484670970445
    lsf_right4      =  -2.957009050826298
    lsf_right5      =  0.3623501464443277
    tem_depth       =  1.0309141778229844
    velocity        =  -26913.44181182041
    wave_intercept  =  5674.1006823137795
    wave_slope      =  0.015189685688722246
2026-02-16 14:33:37,729 - root - ERROR - Evaluated LSF:
2026-02-16 14:33:37,730 - root - ERROR - [nan nan nan nan nan nan nan nan nan nan nan nan nan nan nan nan nan nan
 nan nan nan nan nan nan nan nan nan nan nan nan nan nan nan nan nan nan
 nan nan nan nan nan nan nan nan nan nan nan nan nan nan nan nan nan nan
 nan nan nan nan nan nan nan nan nan nan nan nan nan nan nan nan nan nan
 nan]
2026-02-16 14:33:44,265 - root - ERROR - NaN value detected in oversampled model function.
2026-02-16 14:33:44,269 - root - ERROR - <ParameterSet (values: 17)>
    cont_intercept  =  22514.161259625856
    cont_slope      =  18.07266024810707
    iod_depth       =  0.8722341589753821
    lsf_left_1      =  9.108820006457357
    lsf_left_2      =  -18.26260939223435
    lsf_left_3      =  1.774273962613969
    lsf_left_4      =  -0.970107265217325
    lsf_left_5      =  0.6503518345798845
    lsf_right1      =  2.294953992042999
    lsf_right2      =  -12.08747884853909
    lsf_right3      =  3.3974260118852353
    lsf_right4      =  -2.6669968175802836
    lsf_right5      =  0.7029760938282702
    tem_depth       =  1.6398125355133235
    velocity        =  -25327.703764913545
    wave_intercept  =  5744.848802674468
    wave_slope      =  0.018285360885932026
2026-02-16 14:33:44,271 - root - ERROR - Evaluated LSF:
2026-02-16 14:33:44,274 - root - ERROR - [nan nan nan nan nan nan nan nan nan nan nan nan nan nan nan nan nan nan
 nan nan nan nan nan nan nan nan nan nan nan nan nan nan nan nan nan nan
 nan nan nan nan nan nan nan nan nan nan nan nan nan nan nan nan nan nan
 nan nan nan nan nan nan nan nan nan nan nan nan nan nan nan nan nan nan
 nan]
2026-02-16 14:33:45,627 - root - ERROR - NaN value detected in oversampled model function.
2026-02-16 14:33:45,632 - root - ERROR - <ParameterSet (values: 17)>
    cont_intercept  =  43478.89534367632
    cont_slope      =  27.658434973518467
    iod_depth       =  1.0501374479404335
    lsf_left_1      =  2.607527461882939
    lsf_left_2      =  -14.310189824227077
    lsf_left_3      =  1.3642057210016636
    lsf_left_4      =  -1.8583962194932435
    lsf_left_5      =  0.4302364975419934
    lsf_right1      =  4.1864474726610945
    lsf_right2      =  -14.84527896666045
    lsf_right3      =  2.4232134087134716
    lsf_right4      =  -0.44400113484877446
    lsf_right5      =  0.3320437521836221
    tem_depth       =  1.0372085720579982
    velocity        =  -26841.844257577948
    wave_intercept  =  5759.648517146426
    wave_slope      =  0.01718496729663853
2026-02-16 14:33:45,634 - root - ERROR - Evaluated LSF:
2026-02-16 14:33:45,635 - root - ERROR - [nan nan nan nan nan nan nan nan nan nan nan nan nan nan nan nan nan nan
 nan nan nan nan nan nan nan nan nan nan nan nan nan nan nan nan nan nan
 nan nan nan nan nan nan nan nan nan nan nan nan nan nan nan nan nan nan
 nan nan nan nan nan nan nan nan nan nan nan nan nan nan nan nan nan nan
 nan]
2026-02-16 14:33:47,799 - root - ERROR - NaN value detected in oversampled model function.
2026-02-16 14:33:47,800 - root - ERROR - <ParameterSet (values: 17)>
    cont_intercept  =  35944.81588017553
    cont_slope      =  -22.984587794291226
    iod_depth       =  0.9722084704225692
    lsf_left_1      =  2.894352107626193
    lsf_left_2      =  -11.684852305235115
    lsf_left_3      =  1.4021853484799367
    lsf_left_4      =  -1.4690886073328748
    lsf_left_5      =  0.6551140489321026
    lsf_right1      =  6.898003129431391
    lsf_right2      =  -16.89138345536737
    lsf_right3      =  2.680293261698808
    lsf_right4      =  -1.1819161849242783
    lsf_right5      =  0.6448103019051683
    tem_depth       =  1.0323967656777324
    velocity        =  -26754.092360730345
    wave_intercept  =  5800.542280670226
    wave_slope      =  0.01395136960791518
2026-02-16 14:33:47,801 - root - ERROR - Evaluated LSF:
2026-02-16 14:33:47,803 - root - ERROR - [nan nan nan nan nan nan nan nan nan nan nan nan nan nan nan nan nan nan
 nan nan nan nan nan nan nan nan nan nan nan nan nan nan nan nan nan nan
 nan nan nan nan nan nan nan nan nan nan nan nan nan nan nan nan nan nan
 nan nan nan nan nan nan nan nan nan nan nan nan nan nan nan nan nan nan
 nan]
2026-02-16 14:33:53,655 - root - ERROR - NaN value detected in oversampled model function.
2026-02-16 14:33:53,657 - root - ERROR - <ParameterSet (values: 17)>
    cont_intercept  =  48319.33014799945
    cont_slope      =  31.08674964045246
    iod_depth       =  1.0563874286469588
    lsf_left_1      =  3.762587207740246
    lsf_left_2      =  -17.30531722830862
    lsf_left_3      =  5.900744677123963
    lsf_left_4      =  -2.983594407724857
    lsf_left_5      =  1.140058821045558
    lsf_right1      =  4.9135206581186255
    lsf_right2      =  -18.55840131293545
    lsf_right3      =  1.2781475259013482
    lsf_right4      =  -2.7666536124664347
    lsf_right5      =  0.1400942856635589
    tem_depth       =  0.9116181589122544
    velocity        =  -27059.722201303404
    wave_intercept  =  5868.307268952105
    wave_slope      =  0.017664120888614625
2026-02-16 14:33:53,658 - root - ERROR - Evaluated LSF:
2026-02-16 14:33:53,659 - root - ERROR - [nan nan nan nan nan nan nan nan nan nan nan nan nan nan nan nan nan nan
 nan nan nan nan nan nan nan nan nan nan nan nan nan nan nan nan nan nan
 nan nan nan nan nan nan nan nan nan nan nan nan nan nan nan nan nan nan
 nan nan nan nan nan nan nan nan nan nan nan nan nan nan nan nan nan nan
 nan]
2026-02-16 14:34:02,840 - root - ERROR - NaN value detected in oversampled model function.
2026-02-16 14:34:02,841 - root - ERROR - <ParameterSet (values: 17)>
    cont_intercept  =  64892.18716456456
    cont_slope      =  9.078891996852871
    iod_depth       =  0.8965880863851776
    lsf_left_1      =  3.1063704675236044
    lsf_left_2      =  -17.87289550930918
    lsf_left_3      =  1.950179620368342
    lsf_left_4      =  -3.91551748802437
    lsf_left_5      =  1.137513510208889
    lsf_right1      =  5.661215187670285
    lsf_right2      =  -11.993393195198877
    lsf_right3      =  7.099368255734263
    lsf_right4      =  -3.9123636114567764
    lsf_right5      =  0.3396965315666255
    tem_depth       =  0.9887469072456925
    velocity        =  -26722.14769383419
    wave_intercept  =  6001.998139515026
    wave_slope      =  0.01660300335637003
2026-02-16 14:34:02,843 - root - ERROR - Evaluated LSF:
2026-02-16 14:34:02,844 - root - ERROR - [nan nan nan nan nan nan nan nan nan nan nan nan nan nan nan nan nan nan
 nan nan nan nan nan nan nan nan nan nan nan nan nan nan nan nan nan nan
 nan nan nan nan nan nan nan nan nan nan nan nan nan nan nan nan nan nan
 nan nan nan nan nan nan nan nan nan nan nan nan nan nan nan nan nan nan
 nan]
2026-02-16 14:34:05,103 - root - ERROR - NaN value detected in oversampled model function.
2026-02-16 14:34:05,105 - root - ERROR - <ParameterSet (values: 17)>
    cont_intercept  =  31177.073801407416
    cont_slope      =  41.296860286219
    iod_depth       =  0.3488129412134526
    lsf_left_1      =  2.878711941160747
    lsf_left_2      =  -18.816571009066067
    lsf_left_3      =  1.250567782805916
    lsf_left_4      =  -2.9289552889754997
    lsf_left_5      =  0.23435085236398534
    lsf_right1      =  12.77187835513694
    lsf_right2      =  -18.819719083659532
    lsf_right3      =  1.4480617993882356
    lsf_right4      =  -3.918364167794084
    lsf_right5      =  0.14058201998652095
    tem_depth       =  0.8709666172791282
    velocity        =  -26830.82238093634
    wave_intercept  =  6029.241859402763
    wave_slope      =  0.019510051544324787
2026-02-16 14:34:05,107 - root - ERROR - Evaluated LSF:
2026-02-16 14:34:05,108 - root - ERROR - [nan nan nan nan nan nan nan nan nan nan nan nan nan nan nan nan nan nan
 nan nan nan nan nan nan nan nan nan nan nan nan nan nan nan nan nan nan
 nan nan nan nan nan nan nan nan nan nan nan nan nan nan nan nan nan nan
 nan nan nan nan nan nan nan nan nan nan nan nan nan nan nan nan nan nan
 nan]
2026-02-16 14:34:07,806 - root - ERROR - NaN value detected in oversampled model function.
2026-02-16 14:34:07,807 - root - ERROR - <ParameterSet (values: 17)>
    cont_intercept  =  44438.46100410287
    cont_slope      =  -26.726242645476262
    iod_depth       =  0.8982729941673737
    lsf_left_1      =  2.445129557115789
    lsf_left_2      =  -17.89378867562147
    lsf_left_3      =  1.9204119516058495
    lsf_left_4      =  -3.6451939760700425
    lsf_left_5      =  0.640619443552982
    lsf_right1      =  2.394303184964622
    lsf_right2      =  -18.748831296370668
    lsf_right3      =  1.724238261520828
    lsf_right4      =  -2.591527456286165
    lsf_right5      =  0.251756937291819
    tem_depth       =  0.9916551049635004
    velocity        =  -26673.630728894957
    wave_intercept  =  6084.152786962034
    wave_slope      =  0.014955885106988042
2026-02-16 14:34:07,809 - root - ERROR - Evaluated LSF:
2026-02-16 14:34:07,810 - root - ERROR - [nan nan nan nan nan nan nan nan nan nan nan nan nan nan nan nan nan nan
 nan nan nan nan nan nan nan nan nan nan nan nan nan nan nan nan nan nan
 nan nan nan nan nan nan nan nan nan nan nan nan nan nan nan nan nan nan
 nan nan nan nan nan nan nan nan nan nan nan nan nan nan nan nan nan nan
 nan]
2026-02-16 14:34:12,493 - root - ERROR - NaN value detected in oversampled model function.
2026-02-16 14:34:12,494 - root - ERROR - <ParameterSet (values: 17)>
    cont_intercept  =  30282.746617017616
    cont_slope      =  35.13053357981513
    iod_depth       =  0.21923860679526186
    lsf_left_1      =  4.413600066683069
    lsf_left_2      =  -14.00973317669408
    lsf_left_3      =  3.728687634060375
    lsf_left_4      =  -3.3707804817840654
    lsf_left_5      =  0.25551672690010946
    lsf_right1      =  2.2865128992397428
    lsf_right2      =  -18.81979319706146
    lsf_right3      =  9.72333570196456
    lsf_right4      =  -2.4317155168946085
    lsf_right5      =  0.44042679122840245
    tem_depth       =  0.9711827164785909
    velocity        =  -26901.47145813396
    wave_intercept  =  6151.064070875085
    wave_slope      =  0.020276537164204297
2026-02-16 14:34:12,495 - root - ERROR - Evaluated LSF:
2026-02-16 14:34:12,496 - root - ERROR - [nan nan nan nan nan nan nan nan nan nan nan nan nan nan nan nan nan nan
 nan nan nan nan nan nan nan nan nan nan nan nan nan nan nan nan nan nan
 nan nan nan nan nan nan nan nan nan nan nan nan nan nan nan nan nan nan
 nan nan nan nan nan nan nan nan nan nan nan nan nan nan nan nan nan nan
 nan]
2026-02-16 14:34:13,946 - root - ERROR - NaN value detected in oversampled model function.
2026-02-16 14:34:13,948 - root - ERROR - <ParameterSet (values: 17)>
    cont_intercept  =  69325.20206573457
    cont_slope      =  -9.542478332625155
    iod_depth       =  0.8793894203706167
    lsf_left_1      =  2.75278164851613
    lsf_left_2      =  -9.346201962004299
    lsf_left_3      =  6.475522459097605
    lsf_left_4      =  -3.493200768439455
    lsf_left_5      =  0.15122283883001642
    lsf_right1      =  2.587938802334099
    lsf_right2      =  -16.765936849513828
    lsf_right3      =  6.290897998818728
    lsf_right4      =  -1.4476399592925744
    lsf_right5      =  0.15391249152442735
    tem_depth       =  0.9855481737945293
    velocity        =  -26879.079830074617
    wave_intercept  =  6187.930332302234
    wave_slope      =  0.016750197997157754
2026-02-16 14:34:13,950 - root - ERROR - Evaluated LSF:
2026-02-16 14:34:13,951 - root - ERROR - [nan nan nan nan nan nan nan nan nan nan nan nan nan nan nan nan nan nan
 nan nan nan nan nan nan nan nan nan nan nan nan nan nan nan nan nan nan
 nan nan nan nan nan nan nan nan nan nan nan nan nan nan nan nan nan nan
 nan nan nan nan nan nan nan nan nan nan nan nan nan nan nan nan nan nan
 nan]
2026-02-16 14:34:16,101 - root - ERROR - NaN value detected in oversampled model function.
2026-02-16 14:34:16,103 - root - ERROR - <ParameterSet (values: 17)>
    cont_intercept  =  34801.575152801975
    cont_slope      =  29.37673068485805
    iod_depth       =  0.9112436206458032
    lsf_left_1      =  2.8308245876524865
    lsf_left_2      =  -10.638422929684733
    lsf_left_3      =  2.675744043638441
    lsf_left_4      =  -0.7530097503389537
    lsf_left_5      =  0.28134461054011217
    lsf_right1      =  8.47849844788674
    lsf_right2      =  -18.405434056576294
    lsf_right3      =  3.847941112595672
    lsf_right4      =  -3.8154861194824163
    lsf_right5      =  0.24962075611665877
    tem_depth       =  0.9758993985347217
    velocity        =  -27066.799787340566
    wave_intercept  =  6216.124451221365
    wave_slope      =  0.01961902774825982
2026-02-16 14:34:16,105 - root - ERROR - Evaluated LSF:
2026-02-16 14:34:16,107 - root - ERROR - [nan nan nan nan nan nan nan nan nan nan nan nan nan nan nan nan nan nan
 nan nan nan nan nan nan nan nan nan nan nan nan nan nan nan nan nan nan
 nan nan nan nan nan nan nan nan nan nan nan nan nan nan nan nan nan nan
 nan nan nan nan nan nan nan nan nan nan nan nan nan nan nan nan nan nan
 nan]
2026-02-16 14:34:16,714 - root - ERROR - NaN value detected in oversampled model function.
2026-02-16 14:34:16,716 - root - ERROR - <ParameterSet (values: 17)>
    cont_intercept  =  52404.8990099712
    cont_slope      =  24.882123614616397
    iod_depth       =  0.9014199845029608
    lsf_left_1      =  4.189046724028244
    lsf_left_2      =  -18.205488087981593
    lsf_left_3      =  7.059709515381226
    lsf_left_4      =  -3.0879009478816837
    lsf_left_5      =  0.599847166824365
    lsf_right1      =  6.98222640025606
    lsf_right2      =  -14.891285047951442
    lsf_right3      =  5.1844913682609555
    lsf_right4      =  -2.7755506179391034
    lsf_right5      =  0.8307459572074986
    tem_depth       =  0.9851128338681272
    velocity        =  -26924.30293656353
    wave_intercept  =  6229.833669942116
    wave_slope      =  0.018598529877337355
2026-02-16 14:34:16,717 - root - ERROR - Evaluated LSF:
2026-02-16 14:34:16,719 - root - ERROR - [nan nan nan nan nan nan nan nan nan nan nan nan nan nan nan nan nan nan
 nan nan nan nan nan nan nan nan nan nan nan nan nan nan nan nan nan nan
 nan nan nan nan nan nan nan nan nan nan nan nan nan nan nan nan nan nan
 nan nan nan nan nan nan nan nan nan nan nan nan nan nan nan nan nan nan
 nan]
2026-02-16 14:34:16,929 - root - ERROR - NaN value detected in oversampled model function.
2026-02-16 14:34:16,930 - root - ERROR - <ParameterSet (values: 17)>
    cont_intercept  =  69207.04898172672
    cont_slope      =  18.808738942878414
    iod_depth       =  0.9043493654236122
    lsf_left_1      =  6.8895342537414646
    lsf_left_2      =  -16.15096331997579
    lsf_left_3      =  1.6972033577358794
    lsf_left_4      =  -3.2607683341843723
    lsf_left_5      =  0.5399077843267167
    lsf_right1      =  5.204094880063037
    lsf_right2      =  -18.618775916189193
    lsf_right3      =  7.994899241893281
    lsf_right4      =  -3.386137956024088
    lsf_right5      =  0.17128470979319227
    tem_depth       =  0.9964630717024039
    velocity        =  -26769.331752952836
    wave_intercept  =  6236.410432883757
    wave_slope      =  0.018071594747351455
2026-02-16 14:34:16,932 - root - ERROR - Evaluated LSF:
2026-02-16 14:34:16,934 - root - ERROR - [nan nan nan nan nan nan nan nan nan nan nan nan nan nan nan nan nan nan
 nan nan nan nan nan nan nan nan nan nan nan nan nan nan nan nan nan nan
 nan nan nan nan nan nan nan nan nan nan nan nan nan nan nan nan nan nan
 nan nan nan nan nan nan nan nan nan nan nan nan nan nan nan nan nan nan
 nan]
2026-02-16 14:34:17,248 - root - ERROR - NaN value detected in oversampled model function.
2026-02-16 14:34:17,250 - root - ERROR - <ParameterSet (values: 17)>
    cont_intercept  =  67051.43409038399
    cont_slope      =  -1.4117801253264808
    iod_depth       =  0.8588999384655234
    lsf_left_1      =  3.1659033749016476
    lsf_left_2      =  -18.580744900287964
    lsf_left_3      =  3.6003459809784966
    lsf_left_4      =  -2.0989633029592536
    lsf_left_5      =  1.0065268940561256
    lsf_right1      =  3.263859473604633
    lsf_right2      =  -15.556463211754984
    lsf_right3      =  10.662454140430407
    lsf_right4      =  -3.8541010958938466
    lsf_right5      =  0.9454483964449816
    tem_depth       =  0.9949224396041487
    velocity        =  -26659.215536627733
    wave_intercept  =  6244.904125835439
    wave_slope      =  0.017415055176440562
2026-02-16 14:34:17,252 - root - ERROR - Evaluated LSF:
2026-02-16 14:34:17,253 - root - ERROR - [nan nan nan nan nan nan nan nan nan nan nan nan nan nan nan nan nan nan
 nan nan nan nan nan nan nan nan nan nan nan nan nan nan nan nan nan nan
 nan nan nan nan nan nan nan nan nan nan nan nan nan nan nan nan nan nan
 nan nan nan nan nan nan nan nan nan nan nan nan nan nan nan nan nan nan
 nan]
2026-02-16 14:34:18,810 - root - ERROR - Polynomial fitting failed. Falling back to input values
Traceback (most recent call last):
  File "/Users/jaklusmeyer/SONG/pyodine/pyodine/lib/misc.py", line 529, in fit_polynomial
    pfit, stats = np.polynomial.Polynomial.fit(
  File "/Users/jaklusmeyer/miniconda/envs/pyodine_env/lib/python3.9/site-packages/numpy/polynomial/_polybase.py", line 1036, in fit
    xnew = pu.mapdomain(x, domain, window)
  File "/Users/jaklusmeyer/miniconda/envs/pyodine_env/lib/python3.9/site-packages/numpy/polynomial/polyutils.py", line 371, in mapdomain
    off, scl = mapparms(old, new)
  File "/Users/jaklusmeyer/miniconda/envs/pyodine_env/lib/python3.9/site-packages/numpy/polynomial/polyutils.py", line 303, in mapparms
    off = (old[1]*new[0] - old[0]*new[1])/oldlen
ZeroDivisionError: division by zero
2026-02-16 14:34:18,812 - root - ERROR - Polynomial fitting failed. Falling back to input values
Traceback (most recent call last):
  File "/Users/jaklusmeyer/SONG/pyodine/pyodine/lib/misc.py", line 529, in fit_polynomial
    pfit, stats = np.polynomial.Polynomial.fit(
  File "/Users/jaklusmeyer/miniconda/envs/pyodine_env/lib/python3.9/site-packages/numpy/polynomial/_polybase.py", line 1036, in fit
    xnew = pu.mapdomain(x, domain, window)
  File "/Users/jaklusmeyer/miniconda/envs/pyodine_env/lib/python3.9/site-packages/numpy/polynomial/polyutils.py", line 371, in mapdomain
    off, scl = mapparms(old, new)
  File "/Users/jaklusmeyer/miniconda/envs/pyodine_env/lib/python3.9/site-packages/numpy/polynomial/polyutils.py", line 303, in mapparms
    off = (old[1]*new[0] - old[0]*new[1])/oldlen
ZeroDivisionError: division by zero
2026-02-16 14:34:18,814 - root - ERROR - Polynomial fitting failed. Falling back to input values
Traceback (most recent call last):
  File "/Users/jaklusmeyer/SONG/pyodine/pyodine/lib/misc.py", line 529, in fit_polynomial
    pfit, stats = np.polynomial.Polynomial.fit(
  File "/Users/jaklusmeyer/miniconda/envs/pyodine_env/lib/python3.9/site-packages/numpy/polynomial/_polybase.py", line 1036, in fit
    xnew = pu.mapdomain(x, domain, window)
  File "/Users/jaklusmeyer/miniconda/envs/pyodine_env/lib/python3.9/site-packages/numpy/polynomial/polyutils.py", line 371, in mapdomain
    off, scl = mapparms(old, new)
  File "/Users/jaklusmeyer/miniconda/envs/pyodine_env/lib/python3.9/site-packages/numpy/polynomial/polyutils.py", line 303, in mapparms
    off = (old[1]*new[0] - old[0]*new[1])/oldlen
ZeroDivisionError: division by zero
2026-02-16 14:34:18,815 - root - ERROR - Polynomial fitting failed. Falling back to input values
Traceback (most recent call last):
  File "/Users/jaklusmeyer/SONG/pyodine/pyodine/lib/misc.py", line 529, in fit_polynomial
    pfit, stats = np.polynomial.Polynomial.fit(
  File "/Users/jaklusmeyer/miniconda/envs/pyodine_env/lib/python3.9/site-packages/numpy/polynomial/_polybase.py", line 1036, in fit
    xnew = pu.mapdomain(x, domain, window)
  File "/Users/jaklusmeyer/miniconda/envs/pyodine_env/lib/python3.9/site-packages/numpy/polynomial/polyutils.py", line 371, in mapdomain
    off, scl = mapparms(old, new)
  File "/Users/jaklusmeyer/miniconda/envs/pyodine_env/lib/python3.9/site-packages/numpy/polynomial/polyutils.py", line 303, in mapparms
    off = (old[1]*new[0] - old[0]*new[1])/oldlen
ZeroDivisionError: division by zero
2026-02-16 14:34:18,817 - root - ERROR - Polynomial fitting failed. Falling back to input values
Traceback (most recent call last):
  File "/Users/jaklusmeyer/SONG/pyodine/pyodine/lib/misc.py", line 529, in fit_polynomial
    pfit, stats = np.polynomial.Polynomial.fit(
  File "/Users/jaklusmeyer/miniconda/envs/pyodine_env/lib/python3.9/site-packages/numpy/polynomial/_polybase.py", line 1036, in fit
    xnew = pu.mapdomain(x, domain, window)
  File "/Users/jaklusmeyer/miniconda/envs/pyodine_env/lib/python3.9/site-packages/numpy/polynomial/polyutils.py", line 371, in mapdomain
    off, scl = mapparms(old, new)
  File "/Users/jaklusmeyer/miniconda/envs/pyodine_env/lib/python3.9/site-packages/numpy/polynomial/polyutils.py", line 303, in mapparms
    off = (old[1]*new[0] - old[0]*new[1])/oldlen
ZeroDivisionError: division by zero
2026-02-16 14:34:18,818 - root - ERROR - Polynomial fitting failed. Falling back to input values
Traceback (most recent call last):
  File "/Users/jaklusmeyer/SONG/pyodine/pyodine/lib/misc.py", line 529, in fit_polynomial
    pfit, stats = np.polynomial.Polynomial.fit(
  File "/Users/jaklusmeyer/miniconda/envs/pyodine_env/lib/python3.9/site-packages/numpy/polynomial/_polybase.py", line 1036, in fit
    xnew = pu.mapdomain(x, domain, window)
  File "/Users/jaklusmeyer/miniconda/envs/pyodine_env/lib/python3.9/site-packages/numpy/polynomial/polyutils.py", line 371, in mapdomain
    off, scl = mapparms(old, new)
  File "/Users/jaklusmeyer/miniconda/envs/pyodine_env/lib/python3.9/site-packages/numpy/polynomial/polyutils.py", line 303, in mapparms
    off = (old[1]*new[0] - old[0]*new[1])/oldlen
ZeroDivisionError: division by zero
2026-02-16 14:34:18,820 - root - ERROR - Polynomial fitting failed. Falling back to input values
Traceback (most recent call last):
  File "/Users/jaklusmeyer/SONG/pyodine/pyodine/lib/misc.py", line 529, in fit_polynomial
    pfit, stats = np.polynomial.Polynomial.fit(
  File "/Users/jaklusmeyer/miniconda/envs/pyodine_env/lib/python3.9/site-packages/numpy/polynomial/_polybase.py", line 1036, in fit
    xnew = pu.mapdomain(x, domain, window)
  File "/Users/jaklusmeyer/miniconda/envs/pyodine_env/lib/python3.9/site-packages/numpy/polynomial/polyutils.py", line 371, in mapdomain
    off, scl = mapparms(old, new)
  File "/Users/jaklusmeyer/miniconda/envs/pyodine_env/lib/python3.9/site-packages/numpy/polynomial/polyutils.py", line 303, in mapparms
    off = (old[1]*new[0] - old[0]*new[1])/oldlen
ZeroDivisionError: division by zero
2026-02-16 14:34:18,830 - root - ERROR - Polynomial fitting failed. Falling back to input values
Traceback (most recent call last):
  File "/Users/jaklusmeyer/SONG/pyodine/pyodine/lib/misc.py", line 529, in fit_polynomial
    pfit, stats = np.polynomial.Polynomial.fit(
  File "/Users/jaklusmeyer/miniconda/envs/pyodine_env/lib/python3.9/site-packages/numpy/polynomial/_polybase.py", line 1036, in fit
    xnew = pu.mapdomain(x, domain, window)
  File "/Users/jaklusmeyer/miniconda/envs/pyodine_env/lib/python3.9/site-packages/numpy/polynomial/polyutils.py", line 371, in mapdomain
    off, scl = mapparms(old, new)
  File "/Users/jaklusmeyer/miniconda/envs/pyodine_env/lib/python3.9/site-packages/numpy/polynomial/polyutils.py", line 303, in mapparms
    off = (old[1]*new[0] - old[0]*new[1])/oldlen
ZeroDivisionError: division by zero
2026-02-16 14:34:18,832 - root - ERROR - Polynomial fitting failed. Falling back to input values
Traceback (most recent call last):
  File "/Users/jaklusmeyer/SONG/pyodine/pyodine/lib/misc.py", line 529, in fit_polynomial
    pfit, stats = np.polynomial.Polynomial.fit(
  File "/Users/jaklusmeyer/miniconda/envs/pyodine_env/lib/python3.9/site-packages/numpy/polynomial/_polybase.py", line 1036, in fit
    xnew = pu.mapdomain(x, domain, window)
  File "/Users/jaklusmeyer/miniconda/envs/pyodine_env/lib/python3.9/site-packages/numpy/polynomial/polyutils.py", line 371, in mapdomain
    off, scl = mapparms(old, new)
  File "/Users/jaklusmeyer/miniconda/envs/pyodine_env/lib/python3.9/site-packages/numpy/polynomial/polyutils.py", line 303, in mapparms
    off = (old[1]*new[0] - old[0]*new[1])/oldlen
ZeroDivisionError: division by zero
2026-02-16 14:34:18,834 - root - ERROR - Polynomial fitting failed. Falling back to input values
Traceback (most recent call last):
  File "/Users/jaklusmeyer/SONG/pyodine/pyodine/lib/misc.py", line 529, in fit_polynomial
    pfit, stats = np.polynomial.Polynomial.fit(
  File "/Users/jaklusmeyer/miniconda/envs/pyodine_env/lib/python3.9/site-packages/numpy/polynomial/_polybase.py", line 1036, in fit
    xnew = pu.mapdomain(x, domain, window)
  File "/Users/jaklusmeyer/miniconda/envs/pyodine_env/lib/python3.9/site-packages/numpy/polynomial/polyutils.py", line 371, in mapdomain
    off, scl = mapparms(old, new)
  File "/Users/jaklusmeyer/miniconda/envs/pyodine_env/lib/python3.9/site-packages/numpy/polynomial/polyutils.py", line 303, in mapparms
    off = (old[1]*new[0] - old[0]*new[1])/oldlen
ZeroDivisionError: division by zero
2026-02-16 14:34:18,836 - root - ERROR - Polynomial fitting failed. Falling back to input values
Traceback (most recent call last):
  File "/Users/jaklusmeyer/SONG/pyodine/pyodine/lib/misc.py", line 529, in fit_polynomial
    pfit, stats = np.polynomial.Polynomial.fit(
  File "/Users/jaklusmeyer/miniconda/envs/pyodine_env/lib/python3.9/site-packages/numpy/polynomial/_polybase.py", line 1036, in fit
    xnew = pu.mapdomain(x, domain, window)
  File "/Users/jaklusmeyer/miniconda/envs/pyodine_env/lib/python3.9/site-packages/numpy/polynomial/polyutils.py", line 371, in mapdomain
    off, scl = mapparms(old, new)
  File "/Users/jaklusmeyer/miniconda/envs/pyodine_env/lib/python3.9/site-packages/numpy/polynomial/polyutils.py", line 303, in mapparms
    off = (old[1]*new[0] - old[0]*new[1])/oldlen
ZeroDivisionError: division by zero
2026-02-16 14:34:18,837 - root - ERROR - Polynomial fitting failed. Falling back to input values
Traceback (most recent call last):
  File "/Users/jaklusmeyer/SONG/pyodine/pyodine/lib/misc.py", line 529, in fit_polynomial
    pfit, stats = np.polynomial.Polynomial.fit(
  File "/Users/jaklusmeyer/miniconda/envs/pyodine_env/lib/python3.9/site-packages/numpy/polynomial/_polybase.py", line 1036, in fit
    xnew = pu.mapdomain(x, domain, window)
  File "/Users/jaklusmeyer/miniconda/envs/pyodine_env/lib/python3.9/site-packages/numpy/polynomial/polyutils.py", line 371, in mapdomain
    off, scl = mapparms(old, new)
  File "/Users/jaklusmeyer/miniconda/envs/pyodine_env/lib/python3.9/site-packages/numpy/polynomial/polyutils.py", line 303, in mapparms
    off = (old[1]*new[0] - old[0]*new[1])/oldlen
ZeroDivisionError: division by zero
2026-02-16 14:34:18,839 - root - ERROR - Polynomial fitting failed. Falling back to input values
Traceback (most recent call last):
  File "/Users/jaklusmeyer/SONG/pyodine/pyodine/lib/misc.py", line 529, in fit_polynomial
    pfit, stats = np.polynomial.Polynomial.fit(
  File "/Users/jaklusmeyer/miniconda/envs/pyodine_env/lib/python3.9/site-packages/numpy/polynomial/_polybase.py", line 1036, in fit
    xnew = pu.mapdomain(x, domain, window)
  File "/Users/jaklusmeyer/miniconda/envs/pyodine_env/lib/python3.9/site-packages/numpy/polynomial/polyutils.py", line 371, in mapdomain
    off, scl = mapparms(old, new)
  File "/Users/jaklusmeyer/miniconda/envs/pyodine_env/lib/python3.9/site-packages/numpy/polynomial/polyutils.py", line 303, in mapparms
    off = (old[1]*new[0] - old[0]*new[1])/oldlen
ZeroDivisionError: division by zero
2026-02-16 14:34:18,840 - root - ERROR - Polynomial fitting failed. Falling back to input values
Traceback (most recent call last):
  File "/Users/jaklusmeyer/SONG/pyodine/pyodine/lib/misc.py", line 529, in fit_polynomial
    pfit, stats = np.polynomial.Polynomial.fit(
  File "/Users/jaklusmeyer/miniconda/envs/pyodine_env/lib/python3.9/site-packages/numpy/polynomial/_polybase.py", line 1036, in fit
    xnew = pu.mapdomain(x, domain, window)
  File "/Users/jaklusmeyer/miniconda/envs/pyodine_env/lib/python3.9/site-packages/numpy/polynomial/polyutils.py", line 371, in mapdomain
    off, scl = mapparms(old, new)
  File "/Users/jaklusmeyer/miniconda/envs/pyodine_env/lib/python3.9/site-packages/numpy/polynomial/polyutils.py", line 303, in mapparms
    off = (old[1]*new[0] - old[0]*new[1])/oldlen
ZeroDivisionError: division by zero
2026-02-16 14:34:21,503 - root - ERROR - NaN value detected in iodine function.
2026-02-16 14:34:21,505 - root - ERROR - Chunk could not be plotted
Traceback (most recent call last):
  File "/Users/jaklusmeyer/SONG/pyodine/pyodine/plot_lib.py", line 62, in plot_chunkmodel
    sp = fit_results[chunk_nr].fitted_spectrum
  File "/Users/jaklusmeyer/SONG/pyodine/pyodine/fitters/base.py", line 45, in fitted_spectrum
    return self.model.eval_spectrum(self.chunk, self.params, chunk_ind=self.chunk_ind)
  File "/Users/jaklusmeyer/SONG/pyodine/pyodine/models/base.py", line 79, in eval_spectrum
    flux = self.eval(chunk, params, chunk_ind=chunk_ind, **kwargs)
  File "/Users/jaklusmeyer/SONG/pyodine/pyodine/models/spectrum.py", line 138, in eval
    tck = splrep(tem.wave * doppler, flux_tem, s=0)
  File "/Users/jaklusmeyer/miniconda/envs/pyodine_env/lib/python3.9/site-packages/scipy/interpolate/_fitpack_py.py", line 295, in splrep
    res = _impl.splrep(x, y, w, xb, xe, k, task, s, t, full_output, per, quiet)
  File "/Users/jaklusmeyer/miniconda/envs/pyodine_env/lib/python3.9/site-packages/scipy/interpolate/_fitpack_impl.py", line 276, in splrep
    n, c, fp, ier = dfitpack.curfit(task, x, y, w, t, wrk, iwrk,
dfitpack.error: (xb<=x[0]) failed for 1st keyword xb: curfit:xb=nan
2026-02-16 14:34:21,770 - root - ERROR - NaN value detected in iodine function.
2026-02-16 14:34:21,772 - root - ERROR - Chunk could not be plotted
Traceback (most recent call last):
  File "/Users/jaklusmeyer/SONG/pyodine/pyodine/plot_lib.py", line 62, in plot_chunkmodel
    sp = fit_results[chunk_nr].fitted_spectrum
  File "/Users/jaklusmeyer/SONG/pyodine/pyodine/fitters/base.py", line 45, in fitted_spectrum
    return self.model.eval_spectrum(self.chunk, self.params, chunk_ind=self.chunk_ind)
  File "/Users/jaklusmeyer/SONG/pyodine/pyodine/models/base.py", line 79, in eval_spectrum
    flux = self.eval(chunk, params, chunk_ind=chunk_ind, **kwargs)
  File "/Users/jaklusmeyer/SONG/pyodine/pyodine/models/spectrum.py", line 138, in eval
    tck = splrep(tem.wave * doppler, flux_tem, s=0)
  File "/Users/jaklusmeyer/miniconda/envs/pyodine_env/lib/python3.9/site-packages/scipy/interpolate/_fitpack_py.py", line 295, in splrep
    res = _impl.splrep(x, y, w, xb, xe, k, task, s, t, full_output, per, quiet)
  File "/Users/jaklusmeyer/miniconda/envs/pyodine_env/lib/python3.9/site-packages/scipy/interpolate/_fitpack_impl.py", line 276, in splrep
    n, c, fp, ier = dfitpack.curfit(task, x, y, w, t, wrk, iwrk,
dfitpack.error: (xb<=x[0]) failed for 1st keyword xb: curfit:xb=nan
