2026-03-10 10:14:22,487 - root - ERROR - Chunk 0: No Data! Returning LmfitResult with None.
2026-03-10 10:14:22,488 - root - ERROR - Chunk 1: No Data! Returning LmfitResult with None.
2026-03-10 10:14:22,489 - root - ERROR - Chunk 2: No Data! Returning LmfitResult with None.
2026-03-10 10:14:22,490 - root - ERROR - Chunk 3: No Data! Returning LmfitResult with None.
2026-03-10 10:14:22,491 - root - ERROR - Chunk 4: No Data! Returning LmfitResult with None.
2026-03-10 10:14:22,492 - root - ERROR - Chunk 5: No Data! Returning LmfitResult with None.
2026-03-10 10:14:22,493 - root - ERROR - Chunk 6: No Data! Returning LmfitResult with None.
2026-03-10 10:14:22,496 - root - ERROR - Chunk 7: No Data! Returning LmfitResult with None.
2026-03-10 10:14:22,501 - root - ERROR - Chunk 8: No Data! Returning LmfitResult with None.
2026-03-10 10:14:22,522 - root - ERROR - Chunk 9: No Data! Returning LmfitResult with None.
2026-03-10 10:14:22,543 - root - ERROR - Chunk 10: No Data! Returning LmfitResult with None.
2026-03-10 10:14:22,548 - root - ERROR - Chunk 11: No Data! Returning LmfitResult with None.
2026-03-10 10:14:22,549 - root - ERROR - Chunk 12: No Data! Returning LmfitResult with None.
2026-03-10 10:14:22,550 - root - ERROR - Chunk 13: No Data! Returning LmfitResult with None.
2026-03-10 10:14:22,551 - root - ERROR - Chunk 14: No Data! Returning LmfitResult with None.
2026-03-10 10:14:22,552 - root - ERROR - Chunk 15: No Data! Returning LmfitResult with None.
2026-03-10 10:14:22,598 - root - ERROR - Chunk 16: No Data! Returning LmfitResult with None.
2026-03-10 10:14:22,606 - root - ERROR - Chunk 17: No Data! Returning LmfitResult with None.
2026-03-10 10:14:22,607 - root - ERROR - Chunk 18: No Data! Returning LmfitResult with None.
2026-03-10 10:14:22,610 - root - ERROR - Chunk 19: No Data! Returning LmfitResult with None.
2026-03-10 10:14:22,618 - root - ERROR - Chunk 20: No Data! Returning LmfitResult with None.
2026-03-10 10:14:22,619 - root - ERROR - Chunk 21: No Data! Returning LmfitResult with None.
2026-03-10 10:14:22,620 - root - ERROR - Chunk 22: No Data! Returning LmfitResult with None.
2026-03-10 10:14:22,621 - root - ERROR - Chunk 23: No Data! Returning LmfitResult with None.
2026-03-10 10:14:22,622 - root - ERROR - Chunk 24: No Data! Returning LmfitResult with None.
2026-03-10 10:14:22,625 - root - ERROR - Chunk 25: No Data! Returning LmfitResult with None.
2026-03-10 10:14:22,626 - root - ERROR - Chunk 26: No Data! Returning LmfitResult with None.
2026-03-10 10:14:22,627 - root - ERROR - Chunk 27: No Data! Returning LmfitResult with None.
2026-03-10 10:14:22,628 - root - ERROR - Chunk 28: No Data! Returning LmfitResult with None.
2026-03-10 10:14:22,629 - root - ERROR - Chunk 29: No Data! Returning LmfitResult with None.
2026-03-10 10:14:22,629 - root - ERROR - Chunk 30: No Data! Returning LmfitResult with None.
2026-03-10 10:14:22,630 - root - ERROR - Chunk 31: No Data! Returning LmfitResult with None.
2026-03-10 10:14:22,633 - root - ERROR - Chunk 32: No Data! Returning LmfitResult with None.
2026-03-10 10:14:22,634 - root - ERROR - Chunk 33: No Data! Returning LmfitResult with None.
2026-03-10 10:14:22,635 - root - ERROR - Chunk 34: No Data! Returning LmfitResult with None.
2026-03-10 10:14:22,636 - root - ERROR - Chunk 35: No Data! Returning LmfitResult with None.
2026-03-10 10:14:22,637 - root - ERROR - Chunk 36: No Data! Returning LmfitResult with None.
2026-03-10 10:14:22,638 - root - ERROR - Chunk 37: No Data! Returning LmfitResult with None.
2026-03-10 10:14:22,639 - root - ERROR - Chunk 38: No Data! Returning LmfitResult with None.
2026-03-10 10:14:22,640 - root - ERROR - Chunk 39: No Data! Returning LmfitResult with None.
2026-03-10 10:14:22,641 - root - ERROR - Chunk 40: No Data! Returning LmfitResult with None.
2026-03-10 10:14:22,642 - root - ERROR - Chunk 41: No Data! Returning LmfitResult with None.
2026-03-10 10:14:22,642 - root - ERROR - Chunk 42: No Data! Returning LmfitResult with None.
2026-03-10 10:14:22,643 - root - ERROR - Chunk 43: No Data! Returning LmfitResult with None.
2026-03-10 10:14:22,644 - root - ERROR - Chunk 44: No Data! Returning LmfitResult with None.
2026-03-10 10:14:22,645 - root - ERROR - Chunk 45: No Data! Returning LmfitResult with None.
2026-03-10 10:14:22,646 - root - ERROR - Chunk 46: No Data! Returning LmfitResult with None.
2026-03-10 10:14:22,647 - root - ERROR - Chunk 47: No Data! Returning LmfitResult with None.
2026-03-10 10:14:22,648 - root - ERROR - Chunk 48: No Data! Returning LmfitResult with None.
2026-03-10 10:14:22,649 - root - ERROR - Chunk 49: No Data! Returning LmfitResult with None.
2026-03-10 10:14:22,650 - root - ERROR - Chunk 50: No Data! Returning LmfitResult with None.
2026-03-10 10:14:22,652 - root - ERROR - Chunk 51: No Data! Returning LmfitResult with None.
2026-03-10 10:14:22,653 - root - ERROR - Chunk 52: No Data! Returning LmfitResult with None.
2026-03-10 10:14:22,654 - root - ERROR - Chunk 53: No Data! Returning LmfitResult with None.
2026-03-10 10:14:22,655 - root - ERROR - Chunk 54: No Data! Returning LmfitResult with None.
2026-03-10 10:14:22,656 - root - ERROR - Chunk 55: No Data! Returning LmfitResult with None.
2026-03-10 10:14:22,657 - root - ERROR - Chunk 56: No Data! Returning LmfitResult with None.
2026-03-10 10:14:22,657 - root - ERROR - Chunk 57: No Data! Returning LmfitResult with None.
2026-03-10 10:14:22,658 - root - ERROR - Chunk 58: No Data! Returning LmfitResult with None.
2026-03-10 10:14:22,659 - root - ERROR - Chunk 59: No Data! Returning LmfitResult with None.
2026-03-10 10:14:22,660 - root - ERROR - Chunk 60: No Data! Returning LmfitResult with None.
2026-03-10 10:14:22,661 - root - ERROR - Chunk 61: No Data! Returning LmfitResult with None.
2026-03-10 10:14:22,662 - root - ERROR - Chunk 62: No Data! Returning LmfitResult with None.
2026-03-10 10:14:22,663 - root - ERROR - Chunk 63: No Data! Returning LmfitResult with None.
2026-03-10 10:14:22,664 - root - ERROR - Chunk 64: No Data! Returning LmfitResult with None.
2026-03-10 10:14:22,665 - root - ERROR - Chunk 65: No Data! Returning LmfitResult with None.
2026-03-10 10:14:22,666 - root - ERROR - Chunk 66: No Data! Returning LmfitResult with None.
2026-03-10 10:14:22,667 - root - ERROR - Chunk 67: No Data! Returning LmfitResult with None.
2026-03-10 10:14:22,669 - root - ERROR - Chunk 68: No Data! Returning LmfitResult with None.
2026-03-10 10:14:22,670 - root - ERROR - Chunk 69: No Data! Returning LmfitResult with None.
2026-03-10 10:14:22,671 - root - ERROR - Chunk 70: No Data! Returning LmfitResult with None.
2026-03-10 10:14:22,672 - root - ERROR - Chunk 71: No Data! Returning LmfitResult with None.
2026-03-10 10:14:22,675 - root - ERROR - Chunk 72: No Data! Returning LmfitResult with None.
2026-03-10 10:14:22,676 - root - ERROR - Chunk 73: No Data! Returning LmfitResult with None.
2026-03-10 10:14:22,677 - root - ERROR - Chunk 74: No Data! Returning LmfitResult with None.
2026-03-10 10:14:22,677 - root - ERROR - Chunk 75: No Data! Returning LmfitResult with None.
2026-03-10 10:14:22,678 - root - ERROR - Chunk 76: No Data! Returning LmfitResult with None.
2026-03-10 10:14:22,679 - root - ERROR - Chunk 77: No Data! Returning LmfitResult with None.
2026-03-10 10:14:22,680 - root - ERROR - Chunk 78: No Data! Returning LmfitResult with None.
2026-03-10 10:14:22,681 - root - ERROR - Chunk 79: No Data! Returning LmfitResult with None.
2026-03-10 10:14:22,699 - root - ERROR - Chunk 80: No Data! Returning LmfitResult with None.
2026-03-10 10:14:22,712 - root - ERROR - Chunk 81: No Data! Returning LmfitResult with None.
2026-03-10 10:14:22,730 - root - ERROR - Chunk 82: No Data! Returning LmfitResult with None.
2026-03-10 10:14:22,732 - root - ERROR - Chunk 83: No Data! Returning LmfitResult with None.
2026-03-10 10:14:22,734 - root - ERROR - Chunk 84: No Data! Returning LmfitResult with None.
2026-03-10 10:14:22,735 - root - ERROR - Chunk 85: No Data! Returning LmfitResult with None.
2026-03-10 10:14:22,736 - root - ERROR - Chunk 86: No Data! Returning LmfitResult with None.
2026-03-10 10:14:22,737 - root - ERROR - Chunk 87: No Data! Returning LmfitResult with None.
2026-03-10 10:14:22,738 - root - ERROR - Chunk 88: No Data! Returning LmfitResult with None.
2026-03-10 10:14:22,738 - root - ERROR - Chunk 89: No Data! Returning LmfitResult with None.
2026-03-10 10:14:22,739 - root - ERROR - Chunk 90: No Data! Returning LmfitResult with None.
2026-03-10 10:14:22,740 - root - ERROR - Chunk 91: No Data! Returning LmfitResult with None.
2026-03-10 10:14:22,741 - root - ERROR - Chunk 92: No Data! Returning LmfitResult with None.
2026-03-10 10:14:22,742 - root - ERROR - Chunk 93: No Data! Returning LmfitResult with None.
2026-03-10 10:14:22,743 - root - ERROR - Chunk 94: No Data! Returning LmfitResult with None.
2026-03-10 10:14:22,744 - root - ERROR - Chunk 95: No Data! Returning LmfitResult with None.
2026-03-10 10:14:22,747 - root - ERROR - Chunk 96: No Data! Returning LmfitResult with None.
2026-03-10 10:14:22,748 - root - ERROR - Chunk 97: No Data! Returning LmfitResult with None.
2026-03-10 10:14:22,749 - root - ERROR - Chunk 98: No Data! Returning LmfitResult with None.
2026-03-10 10:14:22,750 - root - ERROR - Chunk 99: No Data! Returning LmfitResult with None.
2026-03-10 10:14:22,750 - root - ERROR - Chunk 100: No Data! Returning LmfitResult with None.
2026-03-10 10:14:22,751 - root - ERROR - Chunk 101: No Data! Returning LmfitResult with None.
2026-03-10 10:14:22,752 - root - ERROR - Chunk 102: No Data! Returning LmfitResult with None.
2026-03-10 10:14:22,753 - root - ERROR - Chunk 103: No Data! Returning LmfitResult with None.
2026-03-10 10:14:22,754 - root - ERROR - Chunk 104: No Data! Returning LmfitResult with None.
2026-03-10 10:14:22,755 - root - ERROR - Chunk 105: No Data! Returning LmfitResult with None.
2026-03-10 10:14:22,756 - root - ERROR - Chunk 106: No Data! Returning LmfitResult with None.
2026-03-10 10:14:22,757 - root - ERROR - Chunk 107: No Data! Returning LmfitResult with None.
2026-03-10 10:14:22,758 - root - ERROR - Chunk 108: No Data! Returning LmfitResult with None.
2026-03-10 10:14:22,759 - root - ERROR - Chunk 109: No Data! Returning LmfitResult with None.
2026-03-10 10:14:22,760 - root - ERROR - Chunk 110: No Data! Returning LmfitResult with None.
2026-03-10 10:14:22,761 - root - ERROR - Chunk 111: No Data! Returning LmfitResult with None.
2026-03-10 10:14:22,762 - root - ERROR - Chunk 112: No Data! Returning LmfitResult with None.
2026-03-10 10:14:22,763 - root - ERROR - Chunk 113: No Data! Returning LmfitResult with None.
2026-03-10 10:14:22,763 - root - ERROR - Chunk 114: No Data! Returning LmfitResult with None.
2026-03-10 10:14:22,765 - root - ERROR - Chunk 115: No Data! Returning LmfitResult with None.
2026-03-10 10:14:22,765 - root - ERROR - Chunk 116: No Data! Returning LmfitResult with None.
2026-03-10 10:14:22,766 - root - ERROR - Chunk 117: No Data! Returning LmfitResult with None.
2026-03-10 10:14:22,767 - root - ERROR - Chunk 118: No Data! Returning LmfitResult with None.
2026-03-10 10:14:22,768 - root - ERROR - Chunk 119: No Data! Returning LmfitResult with None.
2026-03-10 10:14:22,769 - root - ERROR - Chunk 120: No Data! Returning LmfitResult with None.
2026-03-10 10:14:22,771 - root - ERROR - Chunk 121: No Data! Returning LmfitResult with None.
2026-03-10 10:14:22,772 - root - ERROR - Chunk 122: No Data! Returning LmfitResult with None.
2026-03-10 10:14:22,773 - root - ERROR - Chunk 123: No Data! Returning LmfitResult with None.
2026-03-10 10:14:22,774 - root - ERROR - Chunk 124: No Data! Returning LmfitResult with None.
2026-03-10 10:14:22,775 - root - ERROR - Chunk 125: No Data! Returning LmfitResult with None.
2026-03-10 10:14:22,776 - root - ERROR - Chunk 126: No Data! Returning LmfitResult with None.
2026-03-10 10:14:22,776 - root - ERROR - Chunk 127: No Data! Returning LmfitResult with None.
2026-03-10 10:14:22,777 - root - ERROR - Chunk 128: No Data! Returning LmfitResult with None.
2026-03-10 10:14:22,779 - root - ERROR - Chunk 129: No Data! Returning LmfitResult with None.
2026-03-10 10:14:22,779 - root - ERROR - Chunk 130: No Data! Returning LmfitResult with None.
2026-03-10 10:14:22,780 - root - ERROR - Chunk 131: No Data! Returning LmfitResult with None.
2026-03-10 10:14:22,781 - root - ERROR - Chunk 132: No Data! Returning LmfitResult with None.
2026-03-10 10:14:22,782 - root - ERROR - Chunk 133: No Data! Returning LmfitResult with None.
2026-03-10 10:14:22,783 - root - ERROR - Chunk 134: No Data! Returning LmfitResult with None.
2026-03-10 10:14:22,784 - root - ERROR - Chunk 135: No Data! Returning LmfitResult with None.
2026-03-10 10:14:22,785 - root - ERROR - Chunk 136: No Data! Returning LmfitResult with None.
2026-03-10 10:14:22,786 - root - ERROR - Chunk 137: No Data! Returning LmfitResult with None.
2026-03-10 10:14:22,787 - root - ERROR - Chunk 138: No Data! Returning LmfitResult with None.
2026-03-10 10:14:22,788 - root - ERROR - Chunk 139: No Data! Returning LmfitResult with None.
2026-03-10 10:14:22,789 - root - ERROR - Chunk 140: No Data! Returning LmfitResult with None.
2026-03-10 10:14:22,790 - root - ERROR - Chunk 141: No Data! Returning LmfitResult with None.
2026-03-10 10:14:22,791 - root - ERROR - Chunk 142: No Data! Returning LmfitResult with None.
2026-03-10 10:14:22,792 - root - ERROR - Chunk 143: No Data! Returning LmfitResult with None.
2026-03-10 10:14:22,793 - root - ERROR - Chunk 144: No Data! Returning LmfitResult with None.
2026-03-10 10:14:22,794 - root - ERROR - Chunk 145: No Data! Returning LmfitResult with None.
2026-03-10 10:14:22,795 - root - ERROR - Chunk 146: No Data! Returning LmfitResult with None.
2026-03-10 10:14:22,796 - root - ERROR - Chunk 147: No Data! Returning LmfitResult with None.
2026-03-10 10:14:22,797 - root - ERROR - Chunk 148: No Data! Returning LmfitResult with None.
2026-03-10 10:14:22,798 - root - ERROR - Chunk 149: No Data! Returning LmfitResult with None.
2026-03-10 10:14:22,799 - root - ERROR - Chunk 150: No Data! Returning LmfitResult with None.
2026-03-10 10:14:22,800 - root - ERROR - Chunk 151: No Data! Returning LmfitResult with None.
2026-03-10 10:14:22,801 - root - ERROR - Chunk 152: No Data! Returning LmfitResult with None.
2026-03-10 10:14:22,802 - root - ERROR - Chunk 153: No Data! Returning LmfitResult with None.
2026-03-10 10:14:22,802 - root - ERROR - Chunk 154: No Data! Returning LmfitResult with None.
2026-03-10 10:14:22,803 - root - ERROR - Chunk 155: No Data! Returning LmfitResult with None.
2026-03-10 10:14:22,804 - root - ERROR - Chunk 156: No Data! Returning LmfitResult with None.
2026-03-10 10:14:22,805 - root - ERROR - Chunk 157: No Data! Returning LmfitResult with None.
2026-03-10 10:14:22,806 - root - ERROR - Chunk 158: No Data! Returning LmfitResult with None.
2026-03-10 10:14:22,808 - root - ERROR - Chunk 159: No Data! Returning LmfitResult with None.
2026-03-10 10:14:22,809 - root - ERROR - Chunk 160: No Data! Returning LmfitResult with None.
2026-03-10 10:14:22,810 - root - ERROR - Chunk 161: No Data! Returning LmfitResult with None.
2026-03-10 10:14:22,811 - root - ERROR - Chunk 162: No Data! Returning LmfitResult with None.
2026-03-10 10:14:22,812 - root - ERROR - Chunk 163: No Data! Returning LmfitResult with None.
2026-03-10 10:14:22,813 - root - ERROR - Chunk 164: No Data! Returning LmfitResult with None.
2026-03-10 10:14:22,814 - root - ERROR - Chunk 165: No Data! Returning LmfitResult with None.
2026-03-10 10:14:22,815 - root - ERROR - Chunk 166: No Data! Returning LmfitResult with None.
2026-03-10 10:14:22,816 - root - ERROR - Chunk 167: No Data! Returning LmfitResult with None.
2026-03-10 10:14:22,817 - root - ERROR - Chunk 168: No Data! Returning LmfitResult with None.
2026-03-10 10:14:22,818 - root - ERROR - Chunk 169: No Data! Returning LmfitResult with None.
2026-03-10 10:14:22,819 - root - ERROR - Chunk 170: No Data! Returning LmfitResult with None.
2026-03-10 10:14:22,820 - root - ERROR - Chunk 171: No Data! Returning LmfitResult with None.
2026-03-10 10:14:22,821 - root - ERROR - Chunk 172: No Data! Returning LmfitResult with None.
2026-03-10 10:14:22,821 - root - ERROR - Chunk 173: No Data! Returning LmfitResult with None.
2026-03-10 10:14:22,822 - root - ERROR - Chunk 174: No Data! Returning LmfitResult with None.
2026-03-10 10:14:22,823 - root - ERROR - Chunk 175: No Data! Returning LmfitResult with None.
2026-03-10 10:14:22,824 - root - ERROR - Chunk 176: No Data! Returning LmfitResult with None.
2026-03-10 10:14:22,825 - root - ERROR - Chunk 177: No Data! Returning LmfitResult with None.
2026-03-10 10:14:22,826 - root - ERROR - Chunk 178: No Data! Returning LmfitResult with None.
2026-03-10 10:14:22,827 - root - ERROR - Chunk 179: No Data! Returning LmfitResult with None.
2026-03-10 10:14:22,828 - root - ERROR - Chunk 180: No Data! Returning LmfitResult with None.
2026-03-10 10:14:22,829 - root - ERROR - Chunk 181: No Data! Returning LmfitResult with None.
2026-03-10 10:14:22,830 - root - ERROR - Chunk 182: No Data! Returning LmfitResult with None.
2026-03-10 10:14:22,831 - root - ERROR - Chunk 183: No Data! Returning LmfitResult with None.
2026-03-10 10:14:22,832 - root - ERROR - Chunk 184: No Data! Returning LmfitResult with None.
2026-03-10 10:14:22,833 - root - ERROR - Chunk 185: No Data! Returning LmfitResult with None.
2026-03-10 10:14:22,834 - root - ERROR - Chunk 186: No Data! Returning LmfitResult with None.
2026-03-10 10:14:22,834 - root - ERROR - Chunk 187: No Data! Returning LmfitResult with None.
2026-03-10 10:14:22,835 - root - ERROR - Chunk 188: No Data! Returning LmfitResult with None.
2026-03-10 10:14:22,836 - root - ERROR - Chunk 189: No Data! Returning LmfitResult with None.
2026-03-10 10:14:22,837 - root - ERROR - Chunk 190: No Data! Returning LmfitResult with None.
2026-03-10 10:14:22,838 - root - ERROR - Chunk 191: No Data! Returning LmfitResult with None.
2026-03-10 10:14:22,839 - root - ERROR - Chunk 192: No Data! Returning LmfitResult with None.
2026-03-10 10:14:22,840 - root - ERROR - Chunk 193: No Data! Returning LmfitResult with None.
2026-03-10 10:14:22,841 - root - ERROR - Chunk 194: No Data! Returning LmfitResult with None.
2026-03-10 10:14:22,842 - root - ERROR - Chunk 195: No Data! Returning LmfitResult with None.
2026-03-10 10:14:22,843 - root - ERROR - Chunk 196: No Data! Returning LmfitResult with None.
2026-03-10 10:14:22,844 - root - ERROR - Chunk 197: No Data! Returning LmfitResult with None.
2026-03-10 10:14:22,845 - root - ERROR - Chunk 198: No Data! Returning LmfitResult with None.
2026-03-10 10:14:22,846 - root - ERROR - Chunk 199: No Data! Returning LmfitResult with None.
2026-03-10 10:14:22,846 - root - ERROR - Chunk 200: No Data! Returning LmfitResult with None.
2026-03-10 10:14:22,847 - root - ERROR - Chunk 201: No Data! Returning LmfitResult with None.
2026-03-10 10:14:22,848 - root - ERROR - Chunk 202: No Data! Returning LmfitResult with None.
2026-03-10 10:14:22,849 - root - ERROR - Chunk 203: No Data! Returning LmfitResult with None.
2026-03-10 10:14:22,850 - root - ERROR - Chunk 204: No Data! Returning LmfitResult with None.
2026-03-10 10:14:22,851 - root - ERROR - Chunk 205: No Data! Returning LmfitResult with None.
2026-03-10 10:14:22,852 - root - ERROR - Chunk 206: No Data! Returning LmfitResult with None.
2026-03-10 10:14:22,853 - root - ERROR - Chunk 207: No Data! Returning LmfitResult with None.
2026-03-10 10:14:22,854 - root - ERROR - Chunk 208: No Data! Returning LmfitResult with None.
2026-03-10 10:14:22,855 - root - ERROR - Chunk 209: No Data! Returning LmfitResult with None.
2026-03-10 10:14:22,856 - root - ERROR - Chunk 210: No Data! Returning LmfitResult with None.
2026-03-10 10:14:22,856 - root - ERROR - Chunk 211: No Data! Returning LmfitResult with None.
2026-03-10 10:14:22,857 - root - ERROR - Chunk 212: No Data! Returning LmfitResult with None.
2026-03-10 10:14:22,858 - root - ERROR - Chunk 213: No Data! Returning LmfitResult with None.
2026-03-10 10:14:22,860 - root - ERROR - Chunk 214: No Data! Returning LmfitResult with None.
2026-03-10 10:14:22,861 - root - ERROR - Chunk 215: No Data! Returning LmfitResult with None.
2026-03-10 10:14:22,862 - root - ERROR - Chunk 216: No Data! Returning LmfitResult with None.
2026-03-10 10:14:22,863 - root - ERROR - Chunk 217: No Data! Returning LmfitResult with None.
2026-03-10 10:14:22,864 - root - ERROR - Chunk 218: No Data! Returning LmfitResult with None.
2026-03-10 10:14:22,864 - root - ERROR - Chunk 219: No Data! Returning LmfitResult with None.
2026-03-10 10:14:22,865 - root - ERROR - Chunk 220: No Data! Returning LmfitResult with None.
2026-03-10 10:14:22,866 - root - ERROR - Chunk 221: No Data! Returning LmfitResult with None.
2026-03-10 10:14:22,867 - root - ERROR - Chunk 222: No Data! Returning LmfitResult with None.
2026-03-10 10:14:22,870 - root - ERROR - Chunk 223: No Data! Returning LmfitResult with None.
2026-03-10 10:14:22,871 - root - ERROR - Chunk 224: No Data! Returning LmfitResult with None.
2026-03-10 10:14:22,872 - root - ERROR - Chunk 225: No Data! Returning LmfitResult with None.
2026-03-10 10:14:22,872 - root - ERROR - Chunk 226: No Data! Returning LmfitResult with None.
2026-03-10 10:14:22,873 - root - ERROR - Chunk 227: No Data! Returning LmfitResult with None.
2026-03-10 10:14:22,874 - root - ERROR - Chunk 228: No Data! Returning LmfitResult with None.
2026-03-10 10:14:22,875 - root - ERROR - Chunk 229: No Data! Returning LmfitResult with None.
2026-03-10 10:14:22,876 - root - ERROR - Chunk 230: No Data! Returning LmfitResult with None.
2026-03-10 10:14:22,877 - root - ERROR - Chunk 231: No Data! Returning LmfitResult with None.
2026-03-10 10:14:22,878 - root - ERROR - Chunk 232: No Data! Returning LmfitResult with None.
2026-03-10 10:14:22,879 - root - ERROR - Chunk 233: No Data! Returning LmfitResult with None.
2026-03-10 10:14:22,880 - root - ERROR - Chunk 234: No Data! Returning LmfitResult with None.
2026-03-10 10:14:22,881 - root - ERROR - Chunk 235: No Data! Returning LmfitResult with None.
2026-03-10 10:14:22,882 - root - ERROR - Chunk 236: No Data! Returning LmfitResult with None.
2026-03-10 10:14:22,883 - root - ERROR - Chunk 237: No Data! Returning LmfitResult with None.
2026-03-10 10:14:22,884 - root - ERROR - Chunk 238: No Data! Returning LmfitResult with None.
2026-03-10 10:14:22,885 - root - ERROR - Chunk 239: No Data! Returning LmfitResult with None.
2026-03-10 10:14:22,886 - root - ERROR - Chunk 240: No Data! Returning LmfitResult with None.
2026-03-10 10:14:22,887 - root - ERROR - Chunk 241: No Data! Returning LmfitResult with None.
2026-03-10 10:14:22,888 - root - ERROR - Chunk 242: No Data! Returning LmfitResult with None.
2026-03-10 10:14:22,889 - root - ERROR - Chunk 243: No Data! Returning LmfitResult with None.
2026-03-10 10:14:22,890 - root - ERROR - Chunk 244: No Data! Returning LmfitResult with None.
2026-03-10 10:14:22,891 - root - ERROR - Chunk 245: No Data! Returning LmfitResult with None.
2026-03-10 10:14:22,892 - root - ERROR - Chunk 246: No Data! Returning LmfitResult with None.
2026-03-10 10:14:22,893 - root - ERROR - Chunk 247: No Data! Returning LmfitResult with None.
2026-03-10 10:14:22,894 - root - ERROR - Chunk 248: No Data! Returning LmfitResult with None.
2026-03-10 10:14:22,895 - root - ERROR - Chunk 249: No Data! Returning LmfitResult with None.
2026-03-10 10:14:22,896 - root - ERROR - Chunk 250: No Data! Returning LmfitResult with None.
2026-03-10 10:14:22,897 - root - ERROR - Chunk 251: No Data! Returning LmfitResult with None.
2026-03-10 10:14:22,898 - root - ERROR - Chunk 252: No Data! Returning LmfitResult with None.
2026-03-10 10:14:22,899 - root - ERROR - Chunk 253: No Data! Returning LmfitResult with None.
2026-03-10 10:14:22,899 - root - ERROR - Chunk 254: No Data! Returning LmfitResult with None.
2026-03-10 10:14:22,900 - root - ERROR - Chunk 255: No Data! Returning LmfitResult with None.
2026-03-10 10:14:22,901 - root - ERROR - Chunk 256: No Data! Returning LmfitResult with None.
2026-03-10 10:14:22,902 - root - ERROR - Chunk 257: No Data! Returning LmfitResult with None.
2026-03-10 10:14:22,903 - root - ERROR - Chunk 258: No Data! Returning LmfitResult with None.
2026-03-10 10:14:22,904 - root - ERROR - Chunk 259: No Data! Returning LmfitResult with None.
2026-03-10 10:14:22,905 - root - ERROR - Chunk 260: No Data! Returning LmfitResult with None.
2026-03-10 10:14:22,906 - root - ERROR - Chunk 261: No Data! Returning LmfitResult with None.
2026-03-10 10:14:22,907 - root - ERROR - Chunk 262: No Data! Returning LmfitResult with None.
2026-03-10 10:14:22,908 - root - ERROR - Chunk 263: No Data! Returning LmfitResult with None.
2026-03-10 10:14:22,909 - root - ERROR - Chunk 264: No Data! Returning LmfitResult with None.
2026-03-10 10:14:22,910 - root - ERROR - Chunk 265: No Data! Returning LmfitResult with None.
2026-03-10 10:14:22,911 - root - ERROR - Chunk 266: No Data! Returning LmfitResult with None.
2026-03-10 10:14:22,912 - root - ERROR - Chunk 267: No Data! Returning LmfitResult with None.
2026-03-10 10:14:22,913 - root - ERROR - Chunk 268: No Data! Returning LmfitResult with None.
2026-03-10 10:14:22,914 - root - ERROR - Chunk 269: No Data! Returning LmfitResult with None.
2026-03-10 10:14:22,914 - root - ERROR - Chunk 270: No Data! Returning LmfitResult with None.
2026-03-10 10:14:22,915 - root - ERROR - Chunk 271: No Data! Returning LmfitResult with None.
2026-03-10 10:14:22,916 - root - ERROR - Chunk 272: No Data! Returning LmfitResult with None.
2026-03-10 10:14:22,917 - root - ERROR - Chunk 273: No Data! Returning LmfitResult with None.
2026-03-10 10:14:22,918 - root - ERROR - Chunk 274: No Data! Returning LmfitResult with None.
2026-03-10 10:14:22,919 - root - ERROR - Chunk 275: No Data! Returning LmfitResult with None.
2026-03-10 10:14:22,920 - root - ERROR - Chunk 276: No Data! Returning LmfitResult with None.
2026-03-10 10:14:22,921 - root - ERROR - Chunk 277: No Data! Returning LmfitResult with None.
2026-03-10 10:14:22,922 - root - ERROR - Chunk 278: No Data! Returning LmfitResult with None.
2026-03-10 10:14:22,923 - root - ERROR - Chunk 279: No Data! Returning LmfitResult with None.
2026-03-10 10:14:22,924 - root - ERROR - Chunk 280: No Data! Returning LmfitResult with None.
2026-03-10 10:14:48,198 - root - ERROR - Polynomial fitting failed. Falling back to input values
Traceback (most recent call last):
  File "/Users/jaklusmeyer/SONG/pyodine/pyodine/lib/misc.py", line 529, in fit_polynomial
    pfit, stats = np.polynomial.Polynomial.fit(
  File "/Users/jaklusmeyer/miniconda/envs/pyodine_env/lib/python3.9/site-packages/numpy/polynomial/_polybase.py", line 1036, in fit
    xnew = pu.mapdomain(x, domain, window)
  File "/Users/jaklusmeyer/miniconda/envs/pyodine_env/lib/python3.9/site-packages/numpy/polynomial/polyutils.py", line 371, in mapdomain
    off, scl = mapparms(old, new)
  File "/Users/jaklusmeyer/miniconda/envs/pyodine_env/lib/python3.9/site-packages/numpy/polynomial/polyutils.py", line 303, in mapparms
    off = (old[1]*new[0] - old[0]*new[1])/oldlen
ZeroDivisionError: division by zero
2026-03-10 10:14:48,200 - root - ERROR - Polynomial fitting failed. Falling back to input values
Traceback (most recent call last):
  File "/Users/jaklusmeyer/SONG/pyodine/pyodine/lib/misc.py", line 529, in fit_polynomial
    pfit, stats = np.polynomial.Polynomial.fit(
  File "/Users/jaklusmeyer/miniconda/envs/pyodine_env/lib/python3.9/site-packages/numpy/polynomial/_polybase.py", line 1036, in fit
    xnew = pu.mapdomain(x, domain, window)
  File "/Users/jaklusmeyer/miniconda/envs/pyodine_env/lib/python3.9/site-packages/numpy/polynomial/polyutils.py", line 371, in mapdomain
    off, scl = mapparms(old, new)
  File "/Users/jaklusmeyer/miniconda/envs/pyodine_env/lib/python3.9/site-packages/numpy/polynomial/polyutils.py", line 303, in mapparms
    off = (old[1]*new[0] - old[0]*new[1])/oldlen
ZeroDivisionError: division by zero
2026-03-10 10:14:48,201 - root - ERROR - Polynomial fitting failed. Falling back to input values
Traceback (most recent call last):
  File "/Users/jaklusmeyer/SONG/pyodine/pyodine/lib/misc.py", line 529, in fit_polynomial
    pfit, stats = np.polynomial.Polynomial.fit(
  File "/Users/jaklusmeyer/miniconda/envs/pyodine_env/lib/python3.9/site-packages/numpy/polynomial/_polybase.py", line 1036, in fit
    xnew = pu.mapdomain(x, domain, window)
  File "/Users/jaklusmeyer/miniconda/envs/pyodine_env/lib/python3.9/site-packages/numpy/polynomial/polyutils.py", line 371, in mapdomain
    off, scl = mapparms(old, new)
  File "/Users/jaklusmeyer/miniconda/envs/pyodine_env/lib/python3.9/site-packages/numpy/polynomial/polyutils.py", line 303, in mapparms
    off = (old[1]*new[0] - old[0]*new[1])/oldlen
ZeroDivisionError: division by zero
2026-03-10 10:14:48,202 - root - ERROR - Polynomial fitting failed. Falling back to input values
Traceback (most recent call last):
  File "/Users/jaklusmeyer/SONG/pyodine/pyodine/lib/misc.py", line 529, in fit_polynomial
    pfit, stats = np.polynomial.Polynomial.fit(
  File "/Users/jaklusmeyer/miniconda/envs/pyodine_env/lib/python3.9/site-packages/numpy/polynomial/_polybase.py", line 1036, in fit
    xnew = pu.mapdomain(x, domain, window)
  File "/Users/jaklusmeyer/miniconda/envs/pyodine_env/lib/python3.9/site-packages/numpy/polynomial/polyutils.py", line 371, in mapdomain
    off, scl = mapparms(old, new)
  File "/Users/jaklusmeyer/miniconda/envs/pyodine_env/lib/python3.9/site-packages/numpy/polynomial/polyutils.py", line 303, in mapparms
    off = (old[1]*new[0] - old[0]*new[1])/oldlen
ZeroDivisionError: division by zero
2026-03-10 10:14:48,203 - root - ERROR - Polynomial fitting failed. Falling back to input values
Traceback (most recent call last):
  File "/Users/jaklusmeyer/SONG/pyodine/pyodine/lib/misc.py", line 529, in fit_polynomial
    pfit, stats = np.polynomial.Polynomial.fit(
  File "/Users/jaklusmeyer/miniconda/envs/pyodine_env/lib/python3.9/site-packages/numpy/polynomial/_polybase.py", line 1036, in fit
    xnew = pu.mapdomain(x, domain, window)
  File "/Users/jaklusmeyer/miniconda/envs/pyodine_env/lib/python3.9/site-packages/numpy/polynomial/polyutils.py", line 371, in mapdomain
    off, scl = mapparms(old, new)
  File "/Users/jaklusmeyer/miniconda/envs/pyodine_env/lib/python3.9/site-packages/numpy/polynomial/polyutils.py", line 303, in mapparms
    off = (old[1]*new[0] - old[0]*new[1])/oldlen
ZeroDivisionError: division by zero
2026-03-10 10:14:48,205 - root - ERROR - Polynomial fitting failed. Falling back to input values
Traceback (most recent call last):
  File "/Users/jaklusmeyer/SONG/pyodine/pyodine/lib/misc.py", line 529, in fit_polynomial
    pfit, stats = np.polynomial.Polynomial.fit(
  File "/Users/jaklusmeyer/miniconda/envs/pyodine_env/lib/python3.9/site-packages/numpy/polynomial/_polybase.py", line 1036, in fit
    xnew = pu.mapdomain(x, domain, window)
  File "/Users/jaklusmeyer/miniconda/envs/pyodine_env/lib/python3.9/site-packages/numpy/polynomial/polyutils.py", line 371, in mapdomain
    off, scl = mapparms(old, new)
  File "/Users/jaklusmeyer/miniconda/envs/pyodine_env/lib/python3.9/site-packages/numpy/polynomial/polyutils.py", line 303, in mapparms
    off = (old[1]*new[0] - old[0]*new[1])/oldlen
ZeroDivisionError: division by zero
2026-03-10 10:14:48,206 - root - ERROR - Polynomial fitting failed. Falling back to input values
Traceback (most recent call last):
  File "/Users/jaklusmeyer/SONG/pyodine/pyodine/lib/misc.py", line 529, in fit_polynomial
    pfit, stats = np.polynomial.Polynomial.fit(
  File "/Users/jaklusmeyer/miniconda/envs/pyodine_env/lib/python3.9/site-packages/numpy/polynomial/_polybase.py", line 1036, in fit
    xnew = pu.mapdomain(x, domain, window)
  File "/Users/jaklusmeyer/miniconda/envs/pyodine_env/lib/python3.9/site-packages/numpy/polynomial/polyutils.py", line 371, in mapdomain
    off, scl = mapparms(old, new)
  File "/Users/jaklusmeyer/miniconda/envs/pyodine_env/lib/python3.9/site-packages/numpy/polynomial/polyutils.py", line 303, in mapparms
    off = (old[1]*new[0] - old[0]*new[1])/oldlen
ZeroDivisionError: division by zero
2026-03-10 10:14:48,213 - root - ERROR - Polynomial fitting failed. Falling back to input values
Traceback (most recent call last):
  File "/Users/jaklusmeyer/SONG/pyodine/pyodine/lib/misc.py", line 529, in fit_polynomial
    pfit, stats = np.polynomial.Polynomial.fit(
  File "/Users/jaklusmeyer/miniconda/envs/pyodine_env/lib/python3.9/site-packages/numpy/polynomial/_polybase.py", line 1036, in fit
    xnew = pu.mapdomain(x, domain, window)
  File "/Users/jaklusmeyer/miniconda/envs/pyodine_env/lib/python3.9/site-packages/numpy/polynomial/polyutils.py", line 371, in mapdomain
    off, scl = mapparms(old, new)
  File "/Users/jaklusmeyer/miniconda/envs/pyodine_env/lib/python3.9/site-packages/numpy/polynomial/polyutils.py", line 303, in mapparms
    off = (old[1]*new[0] - old[0]*new[1])/oldlen
ZeroDivisionError: division by zero
2026-03-10 10:14:48,214 - root - ERROR - Polynomial fitting failed. Falling back to input values
Traceback (most recent call last):
  File "/Users/jaklusmeyer/SONG/pyodine/pyodine/lib/misc.py", line 529, in fit_polynomial
    pfit, stats = np.polynomial.Polynomial.fit(
  File "/Users/jaklusmeyer/miniconda/envs/pyodine_env/lib/python3.9/site-packages/numpy/polynomial/_polybase.py", line 1036, in fit
    xnew = pu.mapdomain(x, domain, window)
  File "/Users/jaklusmeyer/miniconda/envs/pyodine_env/lib/python3.9/site-packages/numpy/polynomial/polyutils.py", line 371, in mapdomain
    off, scl = mapparms(old, new)
  File "/Users/jaklusmeyer/miniconda/envs/pyodine_env/lib/python3.9/site-packages/numpy/polynomial/polyutils.py", line 303, in mapparms
    off = (old[1]*new[0] - old[0]*new[1])/oldlen
ZeroDivisionError: division by zero
2026-03-10 10:14:48,216 - root - ERROR - Polynomial fitting failed. Falling back to input values
Traceback (most recent call last):
  File "/Users/jaklusmeyer/SONG/pyodine/pyodine/lib/misc.py", line 529, in fit_polynomial
    pfit, stats = np.polynomial.Polynomial.fit(
  File "/Users/jaklusmeyer/miniconda/envs/pyodine_env/lib/python3.9/site-packages/numpy/polynomial/_polybase.py", line 1036, in fit
    xnew = pu.mapdomain(x, domain, window)
  File "/Users/jaklusmeyer/miniconda/envs/pyodine_env/lib/python3.9/site-packages/numpy/polynomial/polyutils.py", line 371, in mapdomain
    off, scl = mapparms(old, new)
  File "/Users/jaklusmeyer/miniconda/envs/pyodine_env/lib/python3.9/site-packages/numpy/polynomial/polyutils.py", line 303, in mapparms
    off = (old[1]*new[0] - old[0]*new[1])/oldlen
ZeroDivisionError: division by zero
2026-03-10 10:14:48,217 - root - ERROR - Polynomial fitting failed. Falling back to input values
Traceback (most recent call last):
  File "/Users/jaklusmeyer/SONG/pyodine/pyodine/lib/misc.py", line 529, in fit_polynomial
    pfit, stats = np.polynomial.Polynomial.fit(
  File "/Users/jaklusmeyer/miniconda/envs/pyodine_env/lib/python3.9/site-packages/numpy/polynomial/_polybase.py", line 1036, in fit
    xnew = pu.mapdomain(x, domain, window)
  File "/Users/jaklusmeyer/miniconda/envs/pyodine_env/lib/python3.9/site-packages/numpy/polynomial/polyutils.py", line 371, in mapdomain
    off, scl = mapparms(old, new)
  File "/Users/jaklusmeyer/miniconda/envs/pyodine_env/lib/python3.9/site-packages/numpy/polynomial/polyutils.py", line 303, in mapparms
    off = (old[1]*new[0] - old[0]*new[1])/oldlen
ZeroDivisionError: division by zero
2026-03-10 10:14:48,218 - root - ERROR - Polynomial fitting failed. Falling back to input values
Traceback (most recent call last):
  File "/Users/jaklusmeyer/SONG/pyodine/pyodine/lib/misc.py", line 529, in fit_polynomial
    pfit, stats = np.polynomial.Polynomial.fit(
  File "/Users/jaklusmeyer/miniconda/envs/pyodine_env/lib/python3.9/site-packages/numpy/polynomial/_polybase.py", line 1036, in fit
    xnew = pu.mapdomain(x, domain, window)
  File "/Users/jaklusmeyer/miniconda/envs/pyodine_env/lib/python3.9/site-packages/numpy/polynomial/polyutils.py", line 371, in mapdomain
    off, scl = mapparms(old, new)
  File "/Users/jaklusmeyer/miniconda/envs/pyodine_env/lib/python3.9/site-packages/numpy/polynomial/polyutils.py", line 303, in mapparms
    off = (old[1]*new[0] - old[0]*new[1])/oldlen
ZeroDivisionError: division by zero
2026-03-10 10:14:48,219 - root - ERROR - Polynomial fitting failed. Falling back to input values
Traceback (most recent call last):
  File "/Users/jaklusmeyer/SONG/pyodine/pyodine/lib/misc.py", line 529, in fit_polynomial
    pfit, stats = np.polynomial.Polynomial.fit(
  File "/Users/jaklusmeyer/miniconda/envs/pyodine_env/lib/python3.9/site-packages/numpy/polynomial/_polybase.py", line 1036, in fit
    xnew = pu.mapdomain(x, domain, window)
  File "/Users/jaklusmeyer/miniconda/envs/pyodine_env/lib/python3.9/site-packages/numpy/polynomial/polyutils.py", line 371, in mapdomain
    off, scl = mapparms(old, new)
  File "/Users/jaklusmeyer/miniconda/envs/pyodine_env/lib/python3.9/site-packages/numpy/polynomial/polyutils.py", line 303, in mapparms
    off = (old[1]*new[0] - old[0]*new[1])/oldlen
ZeroDivisionError: division by zero
2026-03-10 10:14:48,220 - root - ERROR - Polynomial fitting failed. Falling back to input values
Traceback (most recent call last):
  File "/Users/jaklusmeyer/SONG/pyodine/pyodine/lib/misc.py", line 529, in fit_polynomial
    pfit, stats = np.polynomial.Polynomial.fit(
  File "/Users/jaklusmeyer/miniconda/envs/pyodine_env/lib/python3.9/site-packages/numpy/polynomial/_polybase.py", line 1036, in fit
    xnew = pu.mapdomain(x, domain, window)
  File "/Users/jaklusmeyer/miniconda/envs/pyodine_env/lib/python3.9/site-packages/numpy/polynomial/polyutils.py", line 371, in mapdomain
    off, scl = mapparms(old, new)
  File "/Users/jaklusmeyer/miniconda/envs/pyodine_env/lib/python3.9/site-packages/numpy/polynomial/polyutils.py", line 303, in mapparms
    off = (old[1]*new[0] - old[0]*new[1])/oldlen
ZeroDivisionError: division by zero
2026-03-10 10:14:51,067 - root - ERROR - NaN value detected in iodine function.
2026-03-10 10:14:51,069 - root - ERROR - Chunk could not be plotted
Traceback (most recent call last):
  File "/Users/jaklusmeyer/SONG/pyodine/pyodine/plot_lib.py", line 62, in plot_chunkmodel
    sp = fit_results[chunk_nr].fitted_spectrum
  File "/Users/jaklusmeyer/SONG/pyodine/pyodine/fitters/base.py", line 45, in fitted_spectrum
    return self.model.eval_spectrum(self.chunk, self.params, chunk_ind=self.chunk_ind)
  File "/Users/jaklusmeyer/SONG/pyodine/pyodine/models/base.py", line 79, in eval_spectrum
    flux = self.eval(chunk, params, chunk_ind=chunk_ind, **kwargs)
  File "/Users/jaklusmeyer/SONG/pyodine/pyodine/models/spectrum.py", line 138, in eval
    tck = splrep(tem.wave * doppler, flux_tem, s=0)
  File "/Users/jaklusmeyer/miniconda/envs/pyodine_env/lib/python3.9/site-packages/scipy/interpolate/_fitpack_py.py", line 295, in splrep
    res = _impl.splrep(x, y, w, xb, xe, k, task, s, t, full_output, per, quiet)
  File "/Users/jaklusmeyer/miniconda/envs/pyodine_env/lib/python3.9/site-packages/scipy/interpolate/_fitpack_impl.py", line 276, in splrep
    n, c, fp, ier = dfitpack.curfit(task, x, y, w, t, wrk, iwrk,
dfitpack.error: (xb<=x[0]) failed for 1st keyword xb: curfit:xb=nan
2026-03-10 10:14:51,495 - root - ERROR - NaN value detected in iodine function.
2026-03-10 10:14:51,498 - root - ERROR - Chunk could not be plotted
Traceback (most recent call last):
  File "/Users/jaklusmeyer/SONG/pyodine/pyodine/plot_lib.py", line 62, in plot_chunkmodel
    sp = fit_results[chunk_nr].fitted_spectrum
  File "/Users/jaklusmeyer/SONG/pyodine/pyodine/fitters/base.py", line 45, in fitted_spectrum
    return self.model.eval_spectrum(self.chunk, self.params, chunk_ind=self.chunk_ind)
  File "/Users/jaklusmeyer/SONG/pyodine/pyodine/models/base.py", line 79, in eval_spectrum
    flux = self.eval(chunk, params, chunk_ind=chunk_ind, **kwargs)
  File "/Users/jaklusmeyer/SONG/pyodine/pyodine/models/spectrum.py", line 138, in eval
    tck = splrep(tem.wave * doppler, flux_tem, s=0)
  File "/Users/jaklusmeyer/miniconda/envs/pyodine_env/lib/python3.9/site-packages/scipy/interpolate/_fitpack_py.py", line 295, in splrep
    res = _impl.splrep(x, y, w, xb, xe, k, task, s, t, full_output, per, quiet)
  File "/Users/jaklusmeyer/miniconda/envs/pyodine_env/lib/python3.9/site-packages/scipy/interpolate/_fitpack_impl.py", line 276, in splrep
    n, c, fp, ier = dfitpack.curfit(task, x, y, w, t, wrk, iwrk,
dfitpack.error: (xb<=x[0]) failed for 1st keyword xb: curfit:xb=nan
2026-03-10 10:14:55,007 - root - ERROR - Chunk 0: No Data! Returning LmfitResult with None.
2026-03-10 10:14:55,008 - root - ERROR - Chunk 1: No Data! Returning LmfitResult with None.
2026-03-10 10:14:55,009 - root - ERROR - Chunk 2: No Data! Returning LmfitResult with None.
2026-03-10 10:14:55,010 - root - ERROR - Chunk 3: No Data! Returning LmfitResult with None.
2026-03-10 10:14:55,012 - root - ERROR - Chunk 4: No Data! Returning LmfitResult with None.
2026-03-10 10:14:55,013 - root - ERROR - Chunk 5: No Data! Returning LmfitResult with None.
2026-03-10 10:14:55,015 - root - ERROR - Chunk 6: No Data! Returning LmfitResult with None.
2026-03-10 10:14:55,016 - root - ERROR - Chunk 7: No Data! Returning LmfitResult with None.
2026-03-10 10:14:55,017 - root - ERROR - Chunk 8: No Data! Returning LmfitResult with None.
2026-03-10 10:14:55,018 - root - ERROR - Chunk 9: No Data! Returning LmfitResult with None.
2026-03-10 10:14:55,019 - root - ERROR - Chunk 10: No Data! Returning LmfitResult with None.
2026-03-10 10:14:55,021 - root - ERROR - Chunk 11: No Data! Returning LmfitResult with None.
2026-03-10 10:14:55,022 - root - ERROR - Chunk 12: No Data! Returning LmfitResult with None.
2026-03-10 10:14:55,023 - root - ERROR - Chunk 13: No Data! Returning LmfitResult with None.
2026-03-10 10:14:55,024 - root - ERROR - Chunk 14: No Data! Returning LmfitResult with None.
2026-03-10 10:14:55,025 - root - ERROR - Chunk 15: No Data! Returning LmfitResult with None.
2026-03-10 10:14:55,026 - root - ERROR - Chunk 16: No Data! Returning LmfitResult with None.
2026-03-10 10:14:55,027 - root - ERROR - Chunk 17: No Data! Returning LmfitResult with None.
2026-03-10 10:14:55,028 - root - ERROR - Chunk 18: No Data! Returning LmfitResult with None.
2026-03-10 10:14:55,029 - root - ERROR - Chunk 19: No Data! Returning LmfitResult with None.
2026-03-10 10:14:55,030 - root - ERROR - Chunk 20: No Data! Returning LmfitResult with None.
2026-03-10 10:14:55,031 - root - ERROR - Chunk 21: No Data! Returning LmfitResult with None.
2026-03-10 10:14:55,033 - root - ERROR - Chunk 22: No Data! Returning LmfitResult with None.
2026-03-10 10:14:55,034 - root - ERROR - Chunk 23: No Data! Returning LmfitResult with None.
2026-03-10 10:14:55,035 - root - ERROR - Chunk 24: No Data! Returning LmfitResult with None.
2026-03-10 10:14:55,036 - root - ERROR - Chunk 25: No Data! Returning LmfitResult with None.
2026-03-10 10:14:55,037 - root - ERROR - Chunk 26: No Data! Returning LmfitResult with None.
2026-03-10 10:14:55,038 - root - ERROR - Chunk 27: No Data! Returning LmfitResult with None.
2026-03-10 10:14:55,039 - root - ERROR - Chunk 28: No Data! Returning LmfitResult with None.
2026-03-10 10:14:55,040 - root - ERROR - Chunk 29: No Data! Returning LmfitResult with None.
2026-03-10 10:14:55,041 - root - ERROR - Chunk 30: No Data! Returning LmfitResult with None.
2026-03-10 10:14:55,042 - root - ERROR - Chunk 31: No Data! Returning LmfitResult with None.
2026-03-10 10:14:55,043 - root - ERROR - Chunk 32: No Data! Returning LmfitResult with None.
2026-03-10 10:14:55,044 - root - ERROR - Chunk 33: No Data! Returning LmfitResult with None.
2026-03-10 10:14:55,045 - root - ERROR - Chunk 34: No Data! Returning LmfitResult with None.
2026-03-10 10:14:55,047 - root - ERROR - Chunk 35: No Data! Returning LmfitResult with None.
2026-03-10 10:14:55,048 - root - ERROR - Chunk 36: No Data! Returning LmfitResult with None.
2026-03-10 10:14:55,049 - root - ERROR - Chunk 37: No Data! Returning LmfitResult with None.
2026-03-10 10:14:55,051 - root - ERROR - Chunk 38: No Data! Returning LmfitResult with None.
2026-03-10 10:14:55,052 - root - ERROR - Chunk 39: No Data! Returning LmfitResult with None.
2026-03-10 10:14:55,053 - root - ERROR - Chunk 40: No Data! Returning LmfitResult with None.
2026-03-10 10:14:55,054 - root - ERROR - Chunk 41: No Data! Returning LmfitResult with None.
2026-03-10 10:14:55,055 - root - ERROR - Chunk 42: No Data! Returning LmfitResult with None.
2026-03-10 10:14:55,056 - root - ERROR - Chunk 43: No Data! Returning LmfitResult with None.
2026-03-10 10:14:55,057 - root - ERROR - Chunk 44: No Data! Returning LmfitResult with None.
2026-03-10 10:14:55,059 - root - ERROR - Chunk 45: No Data! Returning LmfitResult with None.
2026-03-10 10:14:55,060 - root - ERROR - Chunk 46: No Data! Returning LmfitResult with None.
2026-03-10 10:14:55,061 - root - ERROR - Chunk 47: No Data! Returning LmfitResult with None.
2026-03-10 10:14:55,064 - root - ERROR - Chunk 48: No Data! Returning LmfitResult with None.
2026-03-10 10:14:55,065 - root - ERROR - Chunk 49: No Data! Returning LmfitResult with None.
2026-03-10 10:14:55,066 - root - ERROR - Chunk 50: No Data! Returning LmfitResult with None.
2026-03-10 10:14:55,067 - root - ERROR - Chunk 51: No Data! Returning LmfitResult with None.
2026-03-10 10:14:55,068 - root - ERROR - Chunk 52: No Data! Returning LmfitResult with None.
2026-03-10 10:14:55,069 - root - ERROR - Chunk 53: No Data! Returning LmfitResult with None.
2026-03-10 10:14:55,071 - root - ERROR - Chunk 54: No Data! Returning LmfitResult with None.
2026-03-10 10:14:55,072 - root - ERROR - Chunk 55: No Data! Returning LmfitResult with None.
2026-03-10 10:14:55,073 - root - ERROR - Chunk 56: No Data! Returning LmfitResult with None.
2026-03-10 10:14:55,074 - root - ERROR - Chunk 57: No Data! Returning LmfitResult with None.
2026-03-10 10:14:55,075 - root - ERROR - Chunk 58: No Data! Returning LmfitResult with None.
2026-03-10 10:14:55,076 - root - ERROR - Chunk 59: No Data! Returning LmfitResult with None.
2026-03-10 10:14:55,077 - root - ERROR - Chunk 60: No Data! Returning LmfitResult with None.
2026-03-10 10:14:55,078 - root - ERROR - Chunk 61: No Data! Returning LmfitResult with None.
2026-03-10 10:14:55,079 - root - ERROR - Chunk 62: No Data! Returning LmfitResult with None.
2026-03-10 10:14:55,080 - root - ERROR - Chunk 63: No Data! Returning LmfitResult with None.
2026-03-10 10:14:55,081 - root - ERROR - Chunk 64: No Data! Returning LmfitResult with None.
2026-03-10 10:14:55,082 - root - ERROR - Chunk 65: No Data! Returning LmfitResult with None.
2026-03-10 10:14:55,083 - root - ERROR - Chunk 66: No Data! Returning LmfitResult with None.
2026-03-10 10:14:55,084 - root - ERROR - Chunk 67: No Data! Returning LmfitResult with None.
2026-03-10 10:14:55,086 - root - ERROR - Chunk 68: No Data! Returning LmfitResult with None.
2026-03-10 10:14:55,087 - root - ERROR - Chunk 69: No Data! Returning LmfitResult with None.
2026-03-10 10:14:55,088 - root - ERROR - Chunk 70: No Data! Returning LmfitResult with None.
2026-03-10 10:14:55,091 - root - ERROR - Chunk 71: No Data! Returning LmfitResult with None.
2026-03-10 10:14:55,092 - root - ERROR - Chunk 72: No Data! Returning LmfitResult with None.
2026-03-10 10:14:55,093 - root - ERROR - Chunk 73: No Data! Returning LmfitResult with None.
2026-03-10 10:14:55,094 - root - ERROR - Chunk 74: No Data! Returning LmfitResult with None.
2026-03-10 10:14:55,095 - root - ERROR - Chunk 75: No Data! Returning LmfitResult with None.
2026-03-10 10:14:55,096 - root - ERROR - Chunk 76: No Data! Returning LmfitResult with None.
2026-03-10 10:14:55,097 - root - ERROR - Chunk 77: No Data! Returning LmfitResult with None.
2026-03-10 10:14:55,098 - root - ERROR - Chunk 78: No Data! Returning LmfitResult with None.
2026-03-10 10:14:55,099 - root - ERROR - Chunk 79: No Data! Returning LmfitResult with None.
2026-03-10 10:14:55,100 - root - ERROR - Chunk 80: No Data! Returning LmfitResult with None.
2026-03-10 10:14:55,101 - root - ERROR - Chunk 81: No Data! Returning LmfitResult with None.
2026-03-10 10:14:55,102 - root - ERROR - Chunk 82: No Data! Returning LmfitResult with None.
2026-03-10 10:14:55,103 - root - ERROR - Chunk 83: No Data! Returning LmfitResult with None.
2026-03-10 10:14:55,104 - root - ERROR - Chunk 84: No Data! Returning LmfitResult with None.
2026-03-10 10:14:55,105 - root - ERROR - Chunk 85: No Data! Returning LmfitResult with None.
2026-03-10 10:14:55,106 - root - ERROR - Chunk 86: No Data! Returning LmfitResult with None.
2026-03-10 10:14:55,107 - root - ERROR - Chunk 87: No Data! Returning LmfitResult with None.
2026-03-10 10:14:55,108 - root - ERROR - Chunk 88: No Data! Returning LmfitResult with None.
2026-03-10 10:14:55,109 - root - ERROR - Chunk 89: No Data! Returning LmfitResult with None.
2026-03-10 10:14:55,110 - root - ERROR - Chunk 90: No Data! Returning LmfitResult with None.
2026-03-10 10:14:55,111 - root - ERROR - Chunk 91: No Data! Returning LmfitResult with None.
2026-03-10 10:14:55,112 - root - ERROR - Chunk 92: No Data! Returning LmfitResult with None.
2026-03-10 10:14:55,113 - root - ERROR - Chunk 93: No Data! Returning LmfitResult with None.
2026-03-10 10:14:55,114 - root - ERROR - Chunk 94: No Data! Returning LmfitResult with None.
2026-03-10 10:14:55,115 - root - ERROR - Chunk 95: No Data! Returning LmfitResult with None.
2026-03-10 10:14:55,130 - root - ERROR - Chunk 96: No Data! Returning LmfitResult with None.
2026-03-10 10:14:55,160 - root - ERROR - Chunk 97: No Data! Returning LmfitResult with None.
2026-03-10 10:14:55,162 - root - ERROR - Chunk 98: No Data! Returning LmfitResult with None.
2026-03-10 10:14:55,163 - root - ERROR - Chunk 99: No Data! Returning LmfitResult with None.
2026-03-10 10:14:55,164 - root - ERROR - Chunk 100: No Data! Returning LmfitResult with None.
2026-03-10 10:14:55,165 - root - ERROR - Chunk 101: No Data! Returning LmfitResult with None.
2026-03-10 10:14:55,167 - root - ERROR - Chunk 102: No Data! Returning LmfitResult with None.
2026-03-10 10:14:55,168 - root - ERROR - Chunk 103: No Data! Returning LmfitResult with None.
2026-03-10 10:14:55,176 - root - ERROR - Chunk 104: No Data! Returning LmfitResult with None.
2026-03-10 10:14:55,180 - root - ERROR - Chunk 105: No Data! Returning LmfitResult with None.
2026-03-10 10:14:55,181 - root - ERROR - Chunk 106: No Data! Returning LmfitResult with None.
2026-03-10 10:14:55,182 - root - ERROR - Chunk 107: No Data! Returning LmfitResult with None.
2026-03-10 10:14:55,183 - root - ERROR - Chunk 108: No Data! Returning LmfitResult with None.
2026-03-10 10:14:55,184 - root - ERROR - Chunk 109: No Data! Returning LmfitResult with None.
2026-03-10 10:14:55,186 - root - ERROR - Chunk 110: No Data! Returning LmfitResult with None.
2026-03-10 10:14:55,187 - root - ERROR - Chunk 111: No Data! Returning LmfitResult with None.
2026-03-10 10:14:55,190 - root - ERROR - Chunk 112: No Data! Returning LmfitResult with None.
2026-03-10 10:14:55,191 - root - ERROR - Chunk 113: No Data! Returning LmfitResult with None.
2026-03-10 10:14:55,192 - root - ERROR - Chunk 114: No Data! Returning LmfitResult with None.
2026-03-10 10:14:55,194 - root - ERROR - Chunk 115: No Data! Returning LmfitResult with None.
2026-03-10 10:14:55,195 - root - ERROR - Chunk 116: No Data! Returning LmfitResult with None.
2026-03-10 10:14:55,196 - root - ERROR - Chunk 117: No Data! Returning LmfitResult with None.
2026-03-10 10:14:55,197 - root - ERROR - Chunk 118: No Data! Returning LmfitResult with None.
2026-03-10 10:14:55,198 - root - ERROR - Chunk 119: No Data! Returning LmfitResult with None.
2026-03-10 10:14:55,200 - root - ERROR - Chunk 120: No Data! Returning LmfitResult with None.
2026-03-10 10:14:55,201 - root - ERROR - Chunk 121: No Data! Returning LmfitResult with None.
2026-03-10 10:14:55,202 - root - ERROR - Chunk 122: No Data! Returning LmfitResult with None.
2026-03-10 10:14:55,203 - root - ERROR - Chunk 123: No Data! Returning LmfitResult with None.
2026-03-10 10:14:55,204 - root - ERROR - Chunk 124: No Data! Returning LmfitResult with None.
2026-03-10 10:14:55,205 - root - ERROR - Chunk 125: No Data! Returning LmfitResult with None.
2026-03-10 10:14:55,206 - root - ERROR - Chunk 126: No Data! Returning LmfitResult with None.
2026-03-10 10:14:55,207 - root - ERROR - Chunk 127: No Data! Returning LmfitResult with None.
2026-03-10 10:14:55,208 - root - ERROR - Chunk 128: No Data! Returning LmfitResult with None.
2026-03-10 10:14:55,210 - root - ERROR - Chunk 129: No Data! Returning LmfitResult with None.
2026-03-10 10:14:55,211 - root - ERROR - Chunk 130: No Data! Returning LmfitResult with None.
2026-03-10 10:14:55,212 - root - ERROR - Chunk 131: No Data! Returning LmfitResult with None.
2026-03-10 10:14:55,213 - root - ERROR - Chunk 132: No Data! Returning LmfitResult with None.
2026-03-10 10:14:55,214 - root - ERROR - Chunk 133: No Data! Returning LmfitResult with None.
2026-03-10 10:14:55,215 - root - ERROR - Chunk 134: No Data! Returning LmfitResult with None.
2026-03-10 10:14:55,215 - root - ERROR - Chunk 135: No Data! Returning LmfitResult with None.
2026-03-10 10:14:55,217 - root - ERROR - Chunk 136: No Data! Returning LmfitResult with None.
2026-03-10 10:14:55,218 - root - ERROR - Chunk 137: No Data! Returning LmfitResult with None.
2026-03-10 10:14:55,219 - root - ERROR - Chunk 138: No Data! Returning LmfitResult with None.
2026-03-10 10:14:55,220 - root - ERROR - Chunk 139: No Data! Returning LmfitResult with None.
2026-03-10 10:14:55,221 - root - ERROR - Chunk 140: No Data! Returning LmfitResult with None.
2026-03-10 10:14:55,222 - root - ERROR - Chunk 141: No Data! Returning LmfitResult with None.
2026-03-10 10:14:55,224 - root - ERROR - Chunk 142: No Data! Returning LmfitResult with None.
2026-03-10 10:14:55,225 - root - ERROR - Chunk 143: No Data! Returning LmfitResult with None.
2026-03-10 10:14:55,226 - root - ERROR - Chunk 144: No Data! Returning LmfitResult with None.
2026-03-10 10:14:55,227 - root - ERROR - Chunk 145: No Data! Returning LmfitResult with None.
2026-03-10 10:14:55,228 - root - ERROR - Chunk 146: No Data! Returning LmfitResult with None.
2026-03-10 10:14:55,229 - root - ERROR - Chunk 147: No Data! Returning LmfitResult with None.
2026-03-10 10:14:55,230 - root - ERROR - Chunk 148: No Data! Returning LmfitResult with None.
2026-03-10 10:14:55,231 - root - ERROR - Chunk 149: No Data! Returning LmfitResult with None.
2026-03-10 10:14:55,232 - root - ERROR - Chunk 150: No Data! Returning LmfitResult with None.
2026-03-10 10:14:55,233 - root - ERROR - Chunk 151: No Data! Returning LmfitResult with None.
2026-03-10 10:14:55,234 - root - ERROR - Chunk 152: No Data! Returning LmfitResult with None.
2026-03-10 10:14:55,236 - root - ERROR - Chunk 153: No Data! Returning LmfitResult with None.
2026-03-10 10:14:55,237 - root - ERROR - Chunk 154: No Data! Returning LmfitResult with None.
2026-03-10 10:14:55,238 - root - ERROR - Chunk 155: No Data! Returning LmfitResult with None.
2026-03-10 10:14:55,239 - root - ERROR - Chunk 156: No Data! Returning LmfitResult with None.
2026-03-10 10:14:55,239 - root - ERROR - Chunk 157: No Data! Returning LmfitResult with None.
2026-03-10 10:14:55,240 - root - ERROR - Chunk 158: No Data! Returning LmfitResult with None.
2026-03-10 10:14:55,243 - root - ERROR - Chunk 159: No Data! Returning LmfitResult with None.
2026-03-10 10:14:55,286 - root - ERROR - Chunk 160: No Data! Returning LmfitResult with None.
2026-03-10 10:14:55,288 - root - ERROR - Chunk 161: No Data! Returning LmfitResult with None.
2026-03-10 10:14:55,289 - root - ERROR - Chunk 162: No Data! Returning LmfitResult with None.
2026-03-10 10:14:55,290 - root - ERROR - Chunk 163: No Data! Returning LmfitResult with None.
2026-03-10 10:14:55,291 - root - ERROR - Chunk 164: No Data! Returning LmfitResult with None.
2026-03-10 10:14:55,293 - root - ERROR - Chunk 165: No Data! Returning LmfitResult with None.
2026-03-10 10:14:55,294 - root - ERROR - Chunk 166: No Data! Returning LmfitResult with None.
2026-03-10 10:14:55,295 - root - ERROR - Chunk 167: No Data! Returning LmfitResult with None.
2026-03-10 10:14:55,303 - root - ERROR - Chunk 168: No Data! Returning LmfitResult with None.
2026-03-10 10:14:55,306 - root - ERROR - Chunk 169: No Data! Returning LmfitResult with None.
2026-03-10 10:14:55,308 - root - ERROR - Chunk 170: No Data! Returning LmfitResult with None.
2026-03-10 10:14:55,309 - root - ERROR - Chunk 171: No Data! Returning LmfitResult with None.
2026-03-10 10:14:55,310 - root - ERROR - Chunk 172: No Data! Returning LmfitResult with None.
2026-03-10 10:14:55,311 - root - ERROR - Chunk 173: No Data! Returning LmfitResult with None.
2026-03-10 10:14:55,312 - root - ERROR - Chunk 174: No Data! Returning LmfitResult with None.
2026-03-10 10:14:55,314 - root - ERROR - Chunk 175: No Data! Returning LmfitResult with None.
2026-03-10 10:14:55,315 - root - ERROR - Chunk 176: No Data! Returning LmfitResult with None.
2026-03-10 10:14:55,316 - root - ERROR - Chunk 177: No Data! Returning LmfitResult with None.
2026-03-10 10:14:55,317 - root - ERROR - Chunk 178: No Data! Returning LmfitResult with None.
2026-03-10 10:14:55,318 - root - ERROR - Chunk 179: No Data! Returning LmfitResult with None.
2026-03-10 10:14:55,319 - root - ERROR - Chunk 180: No Data! Returning LmfitResult with None.
2026-03-10 10:14:55,320 - root - ERROR - Chunk 181: No Data! Returning LmfitResult with None.
2026-03-10 10:14:55,321 - root - ERROR - Chunk 182: No Data! Returning LmfitResult with None.
2026-03-10 10:14:55,322 - root - ERROR - Chunk 183: No Data! Returning LmfitResult with None.
2026-03-10 10:14:55,323 - root - ERROR - Chunk 184: No Data! Returning LmfitResult with None.
2026-03-10 10:14:55,324 - root - ERROR - Chunk 185: No Data! Returning LmfitResult with None.
2026-03-10 10:14:55,325 - root - ERROR - Chunk 186: No Data! Returning LmfitResult with None.
2026-03-10 10:14:55,326 - root - ERROR - Chunk 187: No Data! Returning LmfitResult with None.
2026-03-10 10:14:55,327 - root - ERROR - Chunk 188: No Data! Returning LmfitResult with None.
2026-03-10 10:14:55,328 - root - ERROR - Chunk 189: No Data! Returning LmfitResult with None.
2026-03-10 10:14:55,329 - root - ERROR - Chunk 190: No Data! Returning LmfitResult with None.
2026-03-10 10:14:55,330 - root - ERROR - Chunk 191: No Data! Returning LmfitResult with None.
2026-03-10 10:14:55,331 - root - ERROR - Chunk 192: No Data! Returning LmfitResult with None.
2026-03-10 10:14:55,332 - root - ERROR - Chunk 193: No Data! Returning LmfitResult with None.
2026-03-10 10:14:55,333 - root - ERROR - Chunk 194: No Data! Returning LmfitResult with None.
2026-03-10 10:14:55,333 - root - ERROR - Chunk 195: No Data! Returning LmfitResult with None.
2026-03-10 10:14:55,334 - root - ERROR - Chunk 196: No Data! Returning LmfitResult with None.
2026-03-10 10:14:55,335 - root - ERROR - Chunk 197: No Data! Returning LmfitResult with None.
2026-03-10 10:14:55,336 - root - ERROR - Chunk 198: No Data! Returning LmfitResult with None.
2026-03-10 10:14:55,338 - root - ERROR - Chunk 199: No Data! Returning LmfitResult with None.
2026-03-10 10:14:55,339 - root - ERROR - Chunk 200: No Data! Returning LmfitResult with None.
2026-03-10 10:14:55,340 - root - ERROR - Chunk 201: No Data! Returning LmfitResult with None.
2026-03-10 10:14:55,341 - root - ERROR - Chunk 202: No Data! Returning LmfitResult with None.
2026-03-10 10:14:55,342 - root - ERROR - Chunk 203: No Data! Returning LmfitResult with None.
2026-03-10 10:14:55,343 - root - ERROR - Chunk 204: No Data! Returning LmfitResult with None.
2026-03-10 10:14:55,344 - root - ERROR - Chunk 205: No Data! Returning LmfitResult with None.
2026-03-10 10:14:55,345 - root - ERROR - Chunk 206: No Data! Returning LmfitResult with None.
2026-03-10 10:14:55,346 - root - ERROR - Chunk 207: No Data! Returning LmfitResult with None.
2026-03-10 10:14:55,347 - root - ERROR - Chunk 208: No Data! Returning LmfitResult with None.
2026-03-10 10:14:55,348 - root - ERROR - Chunk 209: No Data! Returning LmfitResult with None.
2026-03-10 10:14:55,349 - root - ERROR - Chunk 210: No Data! Returning LmfitResult with None.
2026-03-10 10:14:55,350 - root - ERROR - Chunk 211: No Data! Returning LmfitResult with None.
2026-03-10 10:14:55,351 - root - ERROR - Chunk 212: No Data! Returning LmfitResult with None.
2026-03-10 10:14:55,352 - root - ERROR - Chunk 213: No Data! Returning LmfitResult with None.
2026-03-10 10:14:55,353 - root - ERROR - Chunk 214: No Data! Returning LmfitResult with None.
2026-03-10 10:14:55,354 - root - ERROR - Chunk 215: No Data! Returning LmfitResult with None.
2026-03-10 10:14:55,355 - root - ERROR - Chunk 216: No Data! Returning LmfitResult with None.
2026-03-10 10:14:55,356 - root - ERROR - Chunk 217: No Data! Returning LmfitResult with None.
2026-03-10 10:14:55,357 - root - ERROR - Chunk 218: No Data! Returning LmfitResult with None.
2026-03-10 10:14:55,358 - root - ERROR - Chunk 219: No Data! Returning LmfitResult with None.
2026-03-10 10:14:55,359 - root - ERROR - Chunk 220: No Data! Returning LmfitResult with None.
2026-03-10 10:14:55,360 - root - ERROR - Chunk 221: No Data! Returning LmfitResult with None.
2026-03-10 10:14:55,361 - root - ERROR - Chunk 222: No Data! Returning LmfitResult with None.
2026-03-10 10:14:55,362 - root - ERROR - Chunk 223: No Data! Returning LmfitResult with None.
2026-03-10 10:14:55,363 - root - ERROR - Chunk 224: No Data! Returning LmfitResult with None.
2026-03-10 10:14:55,364 - root - ERROR - Chunk 225: No Data! Returning LmfitResult with None.
2026-03-10 10:14:55,365 - root - ERROR - Chunk 226: No Data! Returning LmfitResult with None.
2026-03-10 10:14:55,366 - root - ERROR - Chunk 227: No Data! Returning LmfitResult with None.
2026-03-10 10:14:55,367 - root - ERROR - Chunk 228: No Data! Returning LmfitResult with None.
2026-03-10 10:14:55,368 - root - ERROR - Chunk 229: No Data! Returning LmfitResult with None.
2026-03-10 10:14:55,369 - root - ERROR - Chunk 230: No Data! Returning LmfitResult with None.
2026-03-10 10:14:55,370 - root - ERROR - Chunk 231: No Data! Returning LmfitResult with None.
2026-03-10 10:14:55,371 - root - ERROR - Chunk 232: No Data! Returning LmfitResult with None.
2026-03-10 10:14:55,372 - root - ERROR - Chunk 233: No Data! Returning LmfitResult with None.
2026-03-10 10:14:55,373 - root - ERROR - Chunk 234: No Data! Returning LmfitResult with None.
2026-03-10 10:14:55,374 - root - ERROR - Chunk 235: No Data! Returning LmfitResult with None.
2026-03-10 10:14:55,375 - root - ERROR - Chunk 236: No Data! Returning LmfitResult with None.
2026-03-10 10:14:55,376 - root - ERROR - Chunk 237: No Data! Returning LmfitResult with None.
2026-03-10 10:14:55,377 - root - ERROR - Chunk 238: No Data! Returning LmfitResult with None.
2026-03-10 10:14:55,380 - root - ERROR - Chunk 239: No Data! Returning LmfitResult with None.
2026-03-10 10:14:55,381 - root - ERROR - Chunk 240: No Data! Returning LmfitResult with None.
2026-03-10 10:14:55,382 - root - ERROR - Chunk 241: No Data! Returning LmfitResult with None.
2026-03-10 10:14:55,383 - root - ERROR - Chunk 242: No Data! Returning LmfitResult with None.
2026-03-10 10:14:55,384 - root - ERROR - Chunk 243: No Data! Returning LmfitResult with None.
2026-03-10 10:14:55,385 - root - ERROR - Chunk 244: No Data! Returning LmfitResult with None.
2026-03-10 10:14:55,386 - root - ERROR - Chunk 245: No Data! Returning LmfitResult with None.
2026-03-10 10:14:55,387 - root - ERROR - Chunk 246: No Data! Returning LmfitResult with None.
2026-03-10 10:14:55,388 - root - ERROR - Chunk 247: No Data! Returning LmfitResult with None.
2026-03-10 10:14:55,389 - root - ERROR - Chunk 248: No Data! Returning LmfitResult with None.
2026-03-10 10:14:55,390 - root - ERROR - Chunk 249: No Data! Returning LmfitResult with None.
2026-03-10 10:14:55,391 - root - ERROR - Chunk 250: No Data! Returning LmfitResult with None.
2026-03-10 10:14:55,392 - root - ERROR - Chunk 251: No Data! Returning LmfitResult with None.
2026-03-10 10:14:55,393 - root - ERROR - Chunk 252: No Data! Returning LmfitResult with None.
2026-03-10 10:14:55,394 - root - ERROR - Chunk 253: No Data! Returning LmfitResult with None.
2026-03-10 10:14:55,395 - root - ERROR - Chunk 254: No Data! Returning LmfitResult with None.
2026-03-10 10:14:55,396 - root - ERROR - Chunk 255: No Data! Returning LmfitResult with None.
2026-03-10 10:14:55,397 - root - ERROR - Chunk 256: No Data! Returning LmfitResult with None.
2026-03-10 10:14:55,398 - root - ERROR - Chunk 257: No Data! Returning LmfitResult with None.
2026-03-10 10:14:55,399 - root - ERROR - Chunk 258: No Data! Returning LmfitResult with None.
2026-03-10 10:14:55,400 - root - ERROR - Chunk 259: No Data! Returning LmfitResult with None.
2026-03-10 10:14:55,401 - root - ERROR - Chunk 260: No Data! Returning LmfitResult with None.
2026-03-10 10:14:55,402 - root - ERROR - Chunk 261: No Data! Returning LmfitResult with None.
2026-03-10 10:14:55,403 - root - ERROR - Chunk 262: No Data! Returning LmfitResult with None.
2026-03-10 10:14:55,404 - root - ERROR - Chunk 263: No Data! Returning LmfitResult with None.
2026-03-10 10:14:55,405 - root - ERROR - Chunk 264: No Data! Returning LmfitResult with None.
2026-03-10 10:14:55,406 - root - ERROR - Chunk 265: No Data! Returning LmfitResult with None.
2026-03-10 10:14:55,407 - root - ERROR - Chunk 266: No Data! Returning LmfitResult with None.
2026-03-10 10:14:55,408 - root - ERROR - Chunk 267: No Data! Returning LmfitResult with None.
2026-03-10 10:14:55,409 - root - ERROR - Chunk 268: No Data! Returning LmfitResult with None.
2026-03-10 10:14:55,410 - root - ERROR - Chunk 269: No Data! Returning LmfitResult with None.
2026-03-10 10:14:55,411 - root - ERROR - Chunk 270: No Data! Returning LmfitResult with None.
2026-03-10 10:14:55,412 - root - ERROR - Chunk 271: No Data! Returning LmfitResult with None.
2026-03-10 10:14:55,413 - root - ERROR - Chunk 272: No Data! Returning LmfitResult with None.
2026-03-10 10:14:55,414 - root - ERROR - Chunk 273: No Data! Returning LmfitResult with None.
2026-03-10 10:14:55,416 - root - ERROR - Chunk 274: No Data! Returning LmfitResult with None.
2026-03-10 10:14:55,417 - root - ERROR - Chunk 275: No Data! Returning LmfitResult with None.
2026-03-10 10:14:55,418 - root - ERROR - Chunk 276: No Data! Returning LmfitResult with None.
2026-03-10 10:14:55,419 - root - ERROR - Chunk 277: No Data! Returning LmfitResult with None.
2026-03-10 10:14:55,420 - root - ERROR - Chunk 278: No Data! Returning LmfitResult with None.
2026-03-10 10:14:55,421 - root - ERROR - Chunk 279: No Data! Returning LmfitResult with None.
2026-03-10 10:14:55,422 - root - ERROR - Chunk 280: No Data! Returning LmfitResult with None.
2026-03-10 10:14:55,436 - root - ERROR - NaN value detected in oversampled model function.
2026-03-10 10:14:55,437 - root - ERROR - <ParameterSet (values: 17)>
    cont_intercept  =  26715.682379078644
    cont_slope      =  1.7186708124324517
    iod_depth       =  -0.24123483506910637
    lsf_left_1      =  6.3133237796151285
    lsf_left_2      =  -18.789825651055736
    lsf_left_3      =  1.8346951471784987
    lsf_left_4      =  -2.7696732271660416
    lsf_left_5      =  0.3275074074999257
    lsf_right1      =  3.103094946192539
    lsf_right2      =  -18.66503591314051
    lsf_right3      =  1.5415026353081607
    lsf_right4      =  -2.0450183403626756
    lsf_right5      =  0.4366143195429571
    tem_depth       =  1.0027315803527739
    velocity        =  -20682.169262698622
    wave_intercept  =  4982.25854764296
    wave_slope      =  0.013367925174120374
2026-03-10 10:14:55,438 - root - ERROR - Evaluated LSF:
2026-03-10 10:14:55,439 - root - ERROR - [nan nan nan nan nan nan nan nan nan nan nan nan nan nan nan nan nan nan
 nan nan nan nan nan nan nan nan nan nan nan nan nan nan nan nan nan nan
 nan nan nan nan nan nan nan nan nan nan nan nan nan nan nan nan nan nan
 nan nan nan nan nan nan nan nan nan nan nan nan nan nan nan nan nan nan
 nan]
2026-03-10 10:14:55,691 - root - ERROR - NaN value detected in oversampled model function.
2026-03-10 10:14:55,701 - root - ERROR - <ParameterSet (values: 17)>
    cont_intercept  =  33319.74661289507
    cont_slope      =  -15.510632776873493
    iod_depth       =  1.2888127886695186
    lsf_left_1      =  2.4547199461097295
    lsf_left_2      =  -12.251248179760438
    lsf_left_3      =  7.050438399558266
    lsf_left_4      =  -3.7164605757865057
    lsf_left_5      =  0.41770271232354106
    lsf_right1      =  6.29706169912765
    lsf_right2      =  -18.442767734394682
    lsf_right3      =  8.741287269685252
    lsf_right4      =  -3.667080634109285
    lsf_right5      =  0.14887195102766462
    tem_depth       =  0.9886622566340137
    velocity        =  -23211.767488128604
    wave_intercept  =  4986.964755718604
    wave_slope      =  0.01298454657836535
2026-03-10 10:14:55,702 - root - ERROR - Evaluated LSF:
2026-03-10 10:14:55,704 - root - ERROR - [nan nan nan nan nan nan nan nan nan nan nan nan nan nan nan nan nan nan
 nan nan nan nan nan nan nan nan nan nan nan nan nan nan nan nan nan nan
 nan nan nan nan nan nan nan nan nan nan nan nan nan nan nan nan nan nan
 nan nan nan nan nan nan nan nan nan nan nan nan nan nan nan nan nan nan
 nan]
2026-03-10 10:15:02,448 - root - ERROR - NaN value detected in oversampled model function.
2026-03-10 10:15:02,449 - root - ERROR - <ParameterSet (values: 17)>
    cont_intercept  =  10780.525479845643
    cont_slope      =  21.05810846947897
    iod_depth       =  0.947836858250711
    lsf_left_1      =  2.3648020284385893
    lsf_left_2      =  -8.630803075186074
    lsf_left_3      =  1.7871169798837236
    lsf_left_4      =  -3.1833393720012895
    lsf_left_5      =  0.1516435956243656
    lsf_right1      =  7.383313869990051
    lsf_right2      =  -16.97963869352428
    lsf_right3      =  9.3359713782977
    lsf_right4      =  -2.1462308190556176
    lsf_right5      =  0.19916954806994988
    tem_depth       =  0.993018804391028
    velocity        =  -22480.70250906189
    wave_intercept  =  5032.670930580113
    wave_slope      =  0.016057599764391042
2026-03-10 10:15:02,451 - root - ERROR - Evaluated LSF:
2026-03-10 10:15:02,452 - root - ERROR - [nan nan nan nan nan nan nan nan nan nan nan nan nan nan nan nan nan nan
 nan nan nan nan nan nan nan nan nan nan nan nan nan nan nan nan nan nan
 nan nan nan nan nan nan nan nan nan nan nan nan nan nan nan nan nan nan
 nan nan nan nan nan nan nan nan nan nan nan nan nan nan nan nan nan nan
 nan]
2026-03-10 10:15:24,628 - root - ERROR - NaN value detected in oversampled model function.
2026-03-10 10:15:24,630 - root - ERROR - <ParameterSet (values: 17)>
    cont_intercept  =  15941.42678906044
    cont_slope      =  16.410492718431563
    iod_depth       =  0.8932592215605635
    lsf_left_1      =  4.198089661157494
    lsf_left_2      =  -18.110499564868597
    lsf_left_3      =  4.577787309988695
    lsf_left_4      =  -0.6930381527532385
    lsf_left_5      =  0.1492314253506229
    lsf_right1      =  3.15427411074852
    lsf_right2      =  -18.4193919596002
    lsf_right3      =  5.856496677725133
    lsf_right4      =  -3.894859102620052
    lsf_right5      =  1.073475566747431
    tem_depth       =  0.9767775022847551
    velocity        =  -23100.76710630832
    wave_intercept  =  5249.624892344546
    wave_slope      =  0.01688433727449465
2026-03-10 10:15:24,632 - root - ERROR - Evaluated LSF:
2026-03-10 10:15:24,633 - root - ERROR - [nan nan nan nan nan nan nan nan nan nan nan nan nan nan nan nan nan nan
 nan nan nan nan nan nan nan nan nan nan nan nan nan nan nan nan nan nan
 nan nan nan nan nan nan nan nan nan nan nan nan nan nan nan nan nan nan
 nan nan nan nan nan nan nan nan nan nan nan nan nan nan nan nan nan nan
 nan]
2026-03-10 10:15:36,806 - root - ERROR - NaN value detected in oversampled model function.
2026-03-10 10:15:36,808 - root - ERROR - <ParameterSet (values: 17)>
    cont_intercept  =  25297.945363166247
    cont_slope      =  -23.012126925513304
    iod_depth       =  1.0361795801872546
    lsf_left_1      =  3.4289752124656676
    lsf_left_2      =  -13.706267041366765
    lsf_left_3      =  4.087080882128198
    lsf_left_4      =  -3.828241356740405
    lsf_left_5      =  1.0082711569218856
    lsf_right1      =  4.190845263180767
    lsf_right2      =  -8.082519651954422
    lsf_right3      =  2.879673493748954
    lsf_right4      =  -1.6298259710111314
    lsf_right5      =  0.44516681470205516
    tem_depth       =  0.985669534342001
    velocity        =  -23249.329727300577
    wave_intercept  =  5401.167690705159
    wave_slope      =  0.012360052384442953
2026-03-10 10:15:36,809 - root - ERROR - Evaluated LSF:
2026-03-10 10:15:36,810 - root - ERROR - [nan nan nan nan nan nan nan nan nan nan nan nan nan nan nan nan nan nan
 nan nan nan nan nan nan nan nan nan nan nan nan nan nan nan nan nan nan
 nan nan nan nan nan nan nan nan nan nan nan nan nan nan nan nan nan nan
 nan nan nan nan nan nan nan nan nan nan nan nan nan nan nan nan nan nan
 nan]
2026-03-10 10:15:56,482 - root - ERROR - NaN value detected in oversampled model function.
2026-03-10 10:15:56,484 - root - ERROR - <ParameterSet (values: 17)>
    cont_intercept  =  30627.278962545566
    cont_slope      =  29.734638053419786
    iod_depth       =  0.8831424185528747
    lsf_left_1      =  5.265450018914128
    lsf_left_2      =  -18.249402949973668
    lsf_left_3      =  5.827714308889797
    lsf_left_4      =  -1.196396929076518
    lsf_left_5      =  0.34738276631222953
    lsf_right1      =  3.7325148043342673
    lsf_right2      =  -14.842298020970446
    lsf_right3      =  2.5586692703089975
    lsf_right4      =  -2.078834247644092
    lsf_right5      =  0.15110858537238017
    tem_depth       =  1.017899328264634
    velocity        =  -22383.314790298497
    wave_intercept  =  5586.7839464483495
    wave_slope      =  0.01810648804535157
2026-03-10 10:15:56,485 - root - ERROR - Evaluated LSF:
2026-03-10 10:15:56,486 - root - ERROR - [nan nan nan nan nan nan nan nan nan nan nan nan nan nan nan nan nan nan
 nan nan nan nan nan nan nan nan nan nan nan nan nan nan nan nan nan nan
 nan nan nan nan nan nan nan nan nan nan nan nan nan nan nan nan nan nan
 nan nan nan nan nan nan nan nan nan nan nan nan nan nan nan nan nan nan
 nan]
2026-03-10 10:15:58,166 - root - ERROR - NaN value detected in oversampled model function.
2026-03-10 10:15:58,167 - root - ERROR - <ParameterSet (values: 17)>
    cont_intercept  =  91814.24864146621
    cont_slope      =  2.4377670588688938
    iod_depth       =  1.0399937692609496
    lsf_left_1      =  2.3330159773046413
    lsf_left_2      =  -18.734025918127102
    lsf_left_3      =  8.487523139471946
    lsf_left_4      =  -3.3765791862365213
    lsf_left_5      =  0.24199828360383244
    lsf_right1      =  2.817426707433541
    lsf_right2      =  -10.450649805709915
    lsf_right3      =  5.9470971622876805
    lsf_right4      =  -3.9213968645043593
    lsf_right5      =  1.2465059817851978
    tem_depth       =  0.9345048659014412
    velocity        =  -22747.977869200364
    wave_intercept  =  5618.485174862897
    wave_slope      =  0.015333799327852527
2026-03-10 10:15:58,168 - root - ERROR - Evaluated LSF:
2026-03-10 10:15:58,169 - root - ERROR - [nan nan nan nan nan nan nan nan nan nan nan nan nan nan nan nan nan nan
 nan nan nan nan nan nan nan nan nan nan nan nan nan nan nan nan nan nan
 nan nan nan nan nan nan nan nan nan nan nan nan nan nan nan nan nan nan
 nan nan nan nan nan nan nan nan nan nan nan nan nan nan nan nan nan nan
 nan]
2026-03-10 10:16:00,569 - root - ERROR - NaN value detected in oversampled model function.
2026-03-10 10:16:00,577 - root - ERROR - <ParameterSet (values: 17)>
    cont_intercept  =  19910.166427755696
    cont_slope      =  -24.836471709561884
    iod_depth       =  0.9332873692837682
    lsf_left_1      =  4.195901199563507
    lsf_left_2      =  -15.695364353382454
    lsf_left_3      =  3.6316019019894226
    lsf_left_4      =  -3.7812059828402456
    lsf_left_5      =  0.7779383432261672
    lsf_right1      =  2.341556630795462
    lsf_right2      =  -18.436430972244644
    lsf_right3      =  1.37093603022255
    lsf_right4      =  -2.460215426668356
    lsf_right5      =  0.21902001846454128
    tem_depth       =  1.0090124049145375
    velocity        =  -23177.33172386716
    wave_intercept  =  5654.954314643174
    wave_slope      =  0.012387646014172651
2026-03-10 10:16:00,585 - root - ERROR - Evaluated LSF:
2026-03-10 10:16:00,598 - root - ERROR - [nan nan nan nan nan nan nan nan nan nan nan nan nan nan nan nan nan nan
 nan nan nan nan nan nan nan nan nan nan nan nan nan nan nan nan nan nan
 nan nan nan nan nan nan nan nan nan nan nan nan nan nan nan nan nan nan
 nan nan nan nan nan nan nan nan nan nan nan nan nan nan nan nan nan nan
 nan]
2026-03-10 10:16:02,560 - root - ERROR - NaN value detected in oversampled model function.
2026-03-10 10:16:02,561 - root - ERROR - <ParameterSet (values: 17)>
    cont_intercept  =  102906.68051387274
    cont_slope      =  -2.6844120699544614
    iod_depth       =  1.0288771090982063
    lsf_left_1      =  10.47894649121895
    lsf_left_2      =  -17.89295621823323
    lsf_left_3      =  1.737379812608173
    lsf_left_4      =  -0.6609166898030829
    lsf_left_5      =  0.30754212981585183
    lsf_right1      =  4.259223033499869
    lsf_right2      =  -17.99607597305255
    lsf_right3      =  4.270199149008324
    lsf_right4      =  -1.760488173132762
    lsf_right5      =  0.2156943600864405
    tem_depth       =  0.9586280399231771
    velocity        =  -22876.61988646488
    wave_intercept  =  5668.626737756405
    wave_slope      =  0.015650695562840194
2026-03-10 10:16:02,563 - root - ERROR - Evaluated LSF:
2026-03-10 10:16:02,563 - root - ERROR - [nan nan nan nan nan nan nan nan nan nan nan nan nan nan nan nan nan nan
 nan nan nan nan nan nan nan nan nan nan nan nan nan nan nan nan nan nan
 nan nan nan nan nan nan nan nan nan nan nan nan nan nan nan nan nan nan
 nan nan nan nan nan nan nan nan nan nan nan nan nan nan nan nan nan nan
 nan]
2026-03-10 10:16:04,101 - root - ERROR - NaN value detected in oversampled model function.
2026-03-10 10:16:04,104 - root - ERROR - <ParameterSet (values: 17)>
    cont_intercept  =  78956.41784412513
    cont_slope      =  0.9198800487115262
    iod_depth       =  1.114814576603992
    lsf_left_1      =  4.4920798092889935
    lsf_left_2      =  -9.08982766002784
    lsf_left_3      =  4.772507165262608
    lsf_left_4      =  -1.8581331348587327
    lsf_left_5      =  0.5321374791598528
    lsf_right1      =  3.440868056222123
    lsf_right2      =  -16.48709194668807
    lsf_right3      =  1.6435670928925674
    lsf_right4      =  -3.8700157663544457
    lsf_right5      =  0.8216386389366607
    tem_depth       =  1.0436172107091766
    velocity        =  -23215.600090307125
    wave_intercept  =  5683.0748834811975
    wave_slope      =  0.014451787338015212
2026-03-10 10:16:04,105 - root - ERROR - Evaluated LSF:
2026-03-10 10:16:04,106 - root - ERROR - [nan nan nan nan nan nan nan nan nan nan nan nan nan nan nan nan nan nan
 nan nan nan nan nan nan nan nan nan nan nan nan nan nan nan nan nan nan
 nan nan nan nan nan nan nan nan nan nan nan nan nan nan nan nan nan nan
 nan nan nan nan nan nan nan nan nan nan nan nan nan nan nan nan nan nan
 nan]
2026-03-10 10:16:10,674 - root - ERROR - NaN value detected in oversampled model function.
2026-03-10 10:16:10,676 - root - ERROR - <ParameterSet (values: 17)>
    cont_intercept  =  42995.197448258696
    cont_slope      =  44.914091399482295
    iod_depth       =  1.0074298164493753
    lsf_left_1      =  2.3136824879055395
    lsf_left_2      =  -17.8069221846426
    lsf_left_3      =  6.2075780707956
    lsf_left_4      =  -1.9454500390159686
    lsf_left_5      =  0.4634457718628469
    lsf_right1      =  4.919363428537531
    lsf_right2      =  -16.509254217798254
    lsf_right3      =  4.4528207310047385
    lsf_right4      =  -3.8007233422023035
    lsf_right5      =  0.26350881912295343
    tem_depth       =  1.0122032724330505
    velocity        =  -23132.76915685864
    wave_intercept  =  5747.022982574991
    wave_slope      =  0.018170826201638172
2026-03-10 10:16:10,677 - root - ERROR - Evaluated LSF:
2026-03-10 10:16:10,678 - root - ERROR - [nan nan nan nan nan nan nan nan nan nan nan nan nan nan nan nan nan nan
 nan nan nan nan nan nan nan nan nan nan nan nan nan nan nan nan nan nan
 nan nan nan nan nan nan nan nan nan nan nan nan nan nan nan nan nan nan
 nan nan nan nan nan nan nan nan nan nan nan nan nan nan nan nan nan nan
 nan]
2026-03-10 10:16:13,461 - root - ERROR - NaN value detected in oversampled model function.
2026-03-10 10:16:13,467 - root - ERROR - <ParameterSet (values: 17)>
    cont_intercept  =  96337.58670003465
    cont_slope      =  -16.32057955704277
    iod_depth       =  1.1094286015418227
    lsf_left_1      =  5.0790189221006266
    lsf_left_2      =  -11.49138976346914
    lsf_left_3      =  3.198719288545722
    lsf_left_4      =  -0.7195870059226577
    lsf_left_5      =  0.1512113261585955
    lsf_right1      =  2.318585790387095
    lsf_right2      =  -18.643213441290733
    lsf_right3      =  1.257467397083407
    lsf_right4      =  -1.8383810041316742
    lsf_right5      =  1.3151299694537262
    tem_depth       =  1.0235848078233807
    velocity        =  -23113.571286996357
    wave_intercept  =  5786.686580490735
    wave_slope      =  0.015060778891874467
2026-03-10 10:16:13,468 - root - ERROR - Evaluated LSF:
2026-03-10 10:16:13,470 - root - ERROR - [nan nan nan nan nan nan nan nan nan nan nan nan nan nan nan nan nan nan
 nan nan nan nan nan nan nan nan nan nan nan nan nan nan nan nan nan nan
 nan nan nan nan nan nan nan nan nan nan nan nan nan nan nan nan nan nan
 nan nan nan nan nan nan nan nan nan nan nan nan nan nan nan nan nan nan
 nan]
2026-03-10 10:16:21,455 - root - ERROR - NaN value detected in oversampled model function.
2026-03-10 10:16:21,457 - root - ERROR - <ParameterSet (values: 17)>
    cont_intercept  =  123996.39588090437
    cont_slope      =  65.49314710100185
    iod_depth       =  1.0284829894227303
    lsf_left_1      =  7.548758583871792
    lsf_left_2      =  -18.794158839515205
    lsf_left_3      =  9.843385952092902
    lsf_left_4      =  -2.2960211066951928
    lsf_left_5      =  0.17652840933297204
    lsf_right1      =  3.8644798494250727
    lsf_right2      =  -17.18164239036249
    lsf_right3      =  2.8291700258051913
    lsf_right4      =  -2.7304736790752626
    lsf_right5      =  0.9817208803692936
    tem_depth       =  1.1706537671564174
    velocity        =  -24579.29623051391
    wave_intercept  =  5874.638292613804
    wave_slope      =  0.017213019618412095
2026-03-10 10:16:21,458 - root - ERROR - Evaluated LSF:
2026-03-10 10:16:21,459 - root - ERROR - [nan nan nan nan nan nan nan nan nan nan nan nan nan nan nan nan nan nan
 nan nan nan nan nan nan nan nan nan nan nan nan nan nan nan nan nan nan
 nan nan nan nan nan nan nan nan nan nan nan nan nan nan nan nan nan nan
 nan nan nan nan nan nan nan nan nan nan nan nan nan nan nan nan nan nan
 nan]
2026-03-10 10:16:24,392 - root - ERROR - NaN value detected in oversampled model function.
2026-03-10 10:16:24,393 - root - ERROR - <ParameterSet (values: 17)>
    cont_intercept  =  88151.57220332812
    cont_slope      =  -47.53744216246364
    iod_depth       =  1.0592374753559692
    lsf_left_1      =  2.3148170980164156
    lsf_left_2      =  -18.08673157202724
    lsf_left_3      =  2.7424263949530223
    lsf_left_4      =  -3.917472473938497
    lsf_left_5      =  0.1520574892540361
    lsf_right1      =  2.31785091243745
    lsf_right2      =  -18.58791480076648
    lsf_right3      =  2.303374061062913
    lsf_right4      =  -1.4145535467282957
    lsf_right5      =  0.6113095661507857
    tem_depth       =  1.0190557409354617
    velocity        =  -23547.11060280285
    wave_intercept  =  5908.716057501277
    wave_slope      =  0.01437119471320683
2026-03-10 10:16:24,395 - root - ERROR - Evaluated LSF:
2026-03-10 10:16:24,396 - root - ERROR - [nan nan nan nan nan nan nan nan nan nan nan nan nan nan nan nan nan nan
 nan nan nan nan nan nan nan nan nan nan nan nan nan nan nan nan nan nan
 nan nan nan nan nan nan nan nan nan nan nan nan nan nan nan nan nan nan
 nan nan nan nan nan nan nan nan nan nan nan nan nan nan nan nan nan nan
 nan]
2026-03-10 10:16:25,235 - root - ERROR - NaN value detected in oversampled model function.
2026-03-10 10:16:25,236 - root - ERROR - <ParameterSet (values: 17)>
    cont_intercept  =  58746.24103602021
    cont_slope      =  65.3450543016402
    iod_depth       =  1.1774858790669076
    lsf_left_1      =  3.525691294305977
    lsf_left_2      =  -18.140332544826396
    lsf_left_3      =  3.856080146568271
    lsf_left_4      =  -3.9229898555445897
    lsf_left_5      =  1.0065167983512342
    lsf_right1      =  8.762290652417308
    lsf_right2      =  -13.757978753306366
    lsf_right3      =  3.4202669332169817
    lsf_right4      =  -3.5013840250731794
    lsf_right5      =  0.8910420443682993
    tem_depth       =  0.28042719697241
    velocity        =  -27379.678336816793
    wave_intercept  =  5912.204586816624
    wave_slope      =  0.01889945919813994
2026-03-10 10:16:25,237 - root - ERROR - Evaluated LSF:
2026-03-10 10:16:25,238 - root - ERROR - [nan nan nan nan nan nan nan nan nan nan nan nan nan nan nan nan nan nan
 nan nan nan nan nan nan nan nan nan nan nan nan nan nan nan nan nan nan
 nan nan nan nan nan nan nan nan nan nan nan nan nan nan nan nan nan nan
 nan nan nan nan nan nan nan nan nan nan nan nan nan nan nan nan nan nan
 nan]
2026-03-10 10:16:32,388 - root - ERROR - NaN value detected in oversampled model function.
2026-03-10 10:16:32,389 - root - ERROR - <ParameterSet (values: 17)>
    cont_intercept  =  65280.51980294126
    cont_slope      =  87.00771461218929
    iod_depth       =  0.31198337360204453
    lsf_left_1      =  2.384233421418122
    lsf_left_2      =  -18.501173098816196
    lsf_left_3      =  6.731147438603155
    lsf_left_4      =  -3.8640015601583038
    lsf_left_5      =  0.19851449215275602
    lsf_right1      =  13.249013536757799
    lsf_right2      =  -18.791365434619294
    lsf_right3      =  1.4992984610084839
    lsf_right4      =  -3.9021548026159794
    lsf_right5      =  1.3163250843266125
    tem_depth       =  0.8131180218028752
    velocity        =  -22488.256652080538
    wave_intercept  =  6029.287951505007
    wave_slope      =  0.019308887434033906
2026-03-10 10:16:32,391 - root - ERROR - Evaluated LSF:
2026-03-10 10:16:32,392 - root - ERROR - [nan nan nan nan nan nan nan nan nan nan nan nan nan nan nan nan nan nan
 nan nan nan nan nan nan nan nan nan nan nan nan nan nan nan nan nan nan
 nan nan nan nan nan nan nan nan nan nan nan nan nan nan nan nan nan nan
 nan nan nan nan nan nan nan nan nan nan nan nan nan nan nan nan nan nan
 nan]
2026-03-10 10:16:34,124 - root - ERROR - NaN value detected in oversampled model function.
2026-03-10 10:16:34,126 - root - ERROR - <ParameterSet (values: 17)>
    cont_intercept  =  142825.25756108516
    cont_slope      =  16.691322162364145
    iod_depth       =  0.8576133609062508
    lsf_left_1      =  5.069436843888497
    lsf_left_2      =  -18.78815320905604
    lsf_left_3      =  5.214766951950752
    lsf_left_4      =  -3.0204805033897673
    lsf_left_5      =  1.3172193820094429
    lsf_right1      =  11.397106958210705
    lsf_right2      =  -18.788831224264644
    lsf_right3      =  1.3577277806172983
    lsf_right4      =  -2.8004016756384296
    lsf_right5      =  0.43635961718536415
    tem_depth       =  0.9892236207935099
    velocity        =  -22997.55273707496
    wave_intercept  =  6055.413606308703
    wave_slope      =  0.017257942523175807
2026-03-10 10:16:34,127 - root - ERROR - Evaluated LSF:
2026-03-10 10:16:34,128 - root - ERROR - [nan nan nan nan nan nan nan nan nan nan nan nan nan nan nan nan nan nan
 nan nan nan nan nan nan nan nan nan nan nan nan nan nan nan nan nan nan
 nan nan nan nan nan nan nan nan nan nan nan nan nan nan nan nan nan nan
 nan nan nan nan nan nan nan nan nan nan nan nan nan nan nan nan nan nan
 nan]
2026-03-10 10:16:40,584 - root - ERROR - NaN value detected in oversampled model function.
2026-03-10 10:16:40,591 - root - ERROR - <ParameterSet (values: 17)>
    cont_intercept  =  63712.34994180851
    cont_slope      =  73.67387097785104
    iod_depth       =  -0.16148486830631403
    lsf_left_1      =  8.199339411060475
    lsf_left_2      =  -18.691394321439
    lsf_left_3      =  1.2636240901623215
    lsf_left_4      =  -1.4893587935487824
    lsf_left_5      =  0.17534639234143745
    lsf_right1      =  6.111442839976068
    lsf_right2      =  -15.286451523064414
    lsf_right3      =  1.4800854163833292
    lsf_right4      =  -2.2292113862463134
    lsf_right5      =  0.17262839757614637
    tem_depth       =  1.0028127755796576
    velocity        =  -22101.990908121767
    wave_intercept  =  6151.111180988158
    wave_slope      =  0.02214455801753949
2026-03-10 10:16:40,593 - root - ERROR - Evaluated LSF:
2026-03-10 10:16:40,594 - root - ERROR - [nan nan nan nan nan nan nan nan nan nan nan nan nan nan nan nan nan nan
 nan nan nan nan nan nan nan nan nan nan nan nan nan nan nan nan nan nan
 nan nan nan nan nan nan nan nan nan nan nan nan nan nan nan nan nan nan
 nan nan nan nan nan nan nan nan nan nan nan nan nan nan nan nan nan nan
 nan]
2026-03-10 10:16:47,598 - root - ERROR - Polynomial fitting failed. Falling back to input values
Traceback (most recent call last):
  File "/Users/jaklusmeyer/SONG/pyodine/pyodine/lib/misc.py", line 529, in fit_polynomial
    pfit, stats = np.polynomial.Polynomial.fit(
  File "/Users/jaklusmeyer/miniconda/envs/pyodine_env/lib/python3.9/site-packages/numpy/polynomial/_polybase.py", line 1036, in fit
    xnew = pu.mapdomain(x, domain, window)
  File "/Users/jaklusmeyer/miniconda/envs/pyodine_env/lib/python3.9/site-packages/numpy/polynomial/polyutils.py", line 371, in mapdomain
    off, scl = mapparms(old, new)
  File "/Users/jaklusmeyer/miniconda/envs/pyodine_env/lib/python3.9/site-packages/numpy/polynomial/polyutils.py", line 303, in mapparms
    off = (old[1]*new[0] - old[0]*new[1])/oldlen
ZeroDivisionError: division by zero
2026-03-10 10:16:47,602 - root - ERROR - Polynomial fitting failed. Falling back to input values
Traceback (most recent call last):
  File "/Users/jaklusmeyer/SONG/pyodine/pyodine/lib/misc.py", line 529, in fit_polynomial
    pfit, stats = np.polynomial.Polynomial.fit(
  File "/Users/jaklusmeyer/miniconda/envs/pyodine_env/lib/python3.9/site-packages/numpy/polynomial/_polybase.py", line 1036, in fit
    xnew = pu.mapdomain(x, domain, window)
  File "/Users/jaklusmeyer/miniconda/envs/pyodine_env/lib/python3.9/site-packages/numpy/polynomial/polyutils.py", line 371, in mapdomain
    off, scl = mapparms(old, new)
  File "/Users/jaklusmeyer/miniconda/envs/pyodine_env/lib/python3.9/site-packages/numpy/polynomial/polyutils.py", line 303, in mapparms
    off = (old[1]*new[0] - old[0]*new[1])/oldlen
ZeroDivisionError: division by zero
2026-03-10 10:16:47,604 - root - ERROR - Polynomial fitting failed. Falling back to input values
Traceback (most recent call last):
  File "/Users/jaklusmeyer/SONG/pyodine/pyodine/lib/misc.py", line 529, in fit_polynomial
    pfit, stats = np.polynomial.Polynomial.fit(
  File "/Users/jaklusmeyer/miniconda/envs/pyodine_env/lib/python3.9/site-packages/numpy/polynomial/_polybase.py", line 1036, in fit
    xnew = pu.mapdomain(x, domain, window)
  File "/Users/jaklusmeyer/miniconda/envs/pyodine_env/lib/python3.9/site-packages/numpy/polynomial/polyutils.py", line 371, in mapdomain
    off, scl = mapparms(old, new)
  File "/Users/jaklusmeyer/miniconda/envs/pyodine_env/lib/python3.9/site-packages/numpy/polynomial/polyutils.py", line 303, in mapparms
    off = (old[1]*new[0] - old[0]*new[1])/oldlen
ZeroDivisionError: division by zero
2026-03-10 10:16:47,605 - root - ERROR - Polynomial fitting failed. Falling back to input values
Traceback (most recent call last):
  File "/Users/jaklusmeyer/SONG/pyodine/pyodine/lib/misc.py", line 529, in fit_polynomial
    pfit, stats = np.polynomial.Polynomial.fit(
  File "/Users/jaklusmeyer/miniconda/envs/pyodine_env/lib/python3.9/site-packages/numpy/polynomial/_polybase.py", line 1036, in fit
    xnew = pu.mapdomain(x, domain, window)
  File "/Users/jaklusmeyer/miniconda/envs/pyodine_env/lib/python3.9/site-packages/numpy/polynomial/polyutils.py", line 371, in mapdomain
    off, scl = mapparms(old, new)
  File "/Users/jaklusmeyer/miniconda/envs/pyodine_env/lib/python3.9/site-packages/numpy/polynomial/polyutils.py", line 303, in mapparms
    off = (old[1]*new[0] - old[0]*new[1])/oldlen
ZeroDivisionError: division by zero
2026-03-10 10:16:47,607 - root - ERROR - Polynomial fitting failed. Falling back to input values
Traceback (most recent call last):
  File "/Users/jaklusmeyer/SONG/pyodine/pyodine/lib/misc.py", line 529, in fit_polynomial
    pfit, stats = np.polynomial.Polynomial.fit(
  File "/Users/jaklusmeyer/miniconda/envs/pyodine_env/lib/python3.9/site-packages/numpy/polynomial/_polybase.py", line 1036, in fit
    xnew = pu.mapdomain(x, domain, window)
  File "/Users/jaklusmeyer/miniconda/envs/pyodine_env/lib/python3.9/site-packages/numpy/polynomial/polyutils.py", line 371, in mapdomain
    off, scl = mapparms(old, new)
  File "/Users/jaklusmeyer/miniconda/envs/pyodine_env/lib/python3.9/site-packages/numpy/polynomial/polyutils.py", line 303, in mapparms
    off = (old[1]*new[0] - old[0]*new[1])/oldlen
ZeroDivisionError: division by zero
2026-03-10 10:16:47,608 - root - ERROR - Polynomial fitting failed. Falling back to input values
Traceback (most recent call last):
  File "/Users/jaklusmeyer/SONG/pyodine/pyodine/lib/misc.py", line 529, in fit_polynomial
    pfit, stats = np.polynomial.Polynomial.fit(
  File "/Users/jaklusmeyer/miniconda/envs/pyodine_env/lib/python3.9/site-packages/numpy/polynomial/_polybase.py", line 1036, in fit
    xnew = pu.mapdomain(x, domain, window)
  File "/Users/jaklusmeyer/miniconda/envs/pyodine_env/lib/python3.9/site-packages/numpy/polynomial/polyutils.py", line 371, in mapdomain
    off, scl = mapparms(old, new)
  File "/Users/jaklusmeyer/miniconda/envs/pyodine_env/lib/python3.9/site-packages/numpy/polynomial/polyutils.py", line 303, in mapparms
    off = (old[1]*new[0] - old[0]*new[1])/oldlen
ZeroDivisionError: division by zero
2026-03-10 10:16:47,610 - root - ERROR - Polynomial fitting failed. Falling back to input values
Traceback (most recent call last):
  File "/Users/jaklusmeyer/SONG/pyodine/pyodine/lib/misc.py", line 529, in fit_polynomial
    pfit, stats = np.polynomial.Polynomial.fit(
  File "/Users/jaklusmeyer/miniconda/envs/pyodine_env/lib/python3.9/site-packages/numpy/polynomial/_polybase.py", line 1036, in fit
    xnew = pu.mapdomain(x, domain, window)
  File "/Users/jaklusmeyer/miniconda/envs/pyodine_env/lib/python3.9/site-packages/numpy/polynomial/polyutils.py", line 371, in mapdomain
    off, scl = mapparms(old, new)
  File "/Users/jaklusmeyer/miniconda/envs/pyodine_env/lib/python3.9/site-packages/numpy/polynomial/polyutils.py", line 303, in mapparms
    off = (old[1]*new[0] - old[0]*new[1])/oldlen
ZeroDivisionError: division by zero
2026-03-10 10:16:47,621 - root - ERROR - Polynomial fitting failed. Falling back to input values
Traceback (most recent call last):
  File "/Users/jaklusmeyer/SONG/pyodine/pyodine/lib/misc.py", line 529, in fit_polynomial
    pfit, stats = np.polynomial.Polynomial.fit(
  File "/Users/jaklusmeyer/miniconda/envs/pyodine_env/lib/python3.9/site-packages/numpy/polynomial/_polybase.py", line 1036, in fit
    xnew = pu.mapdomain(x, domain, window)
  File "/Users/jaklusmeyer/miniconda/envs/pyodine_env/lib/python3.9/site-packages/numpy/polynomial/polyutils.py", line 371, in mapdomain
    off, scl = mapparms(old, new)
  File "/Users/jaklusmeyer/miniconda/envs/pyodine_env/lib/python3.9/site-packages/numpy/polynomial/polyutils.py", line 303, in mapparms
    off = (old[1]*new[0] - old[0]*new[1])/oldlen
ZeroDivisionError: division by zero
2026-03-10 10:16:47,623 - root - ERROR - Polynomial fitting failed. Falling back to input values
Traceback (most recent call last):
  File "/Users/jaklusmeyer/SONG/pyodine/pyodine/lib/misc.py", line 529, in fit_polynomial
    pfit, stats = np.polynomial.Polynomial.fit(
  File "/Users/jaklusmeyer/miniconda/envs/pyodine_env/lib/python3.9/site-packages/numpy/polynomial/_polybase.py", line 1036, in fit
    xnew = pu.mapdomain(x, domain, window)
  File "/Users/jaklusmeyer/miniconda/envs/pyodine_env/lib/python3.9/site-packages/numpy/polynomial/polyutils.py", line 371, in mapdomain
    off, scl = mapparms(old, new)
  File "/Users/jaklusmeyer/miniconda/envs/pyodine_env/lib/python3.9/site-packages/numpy/polynomial/polyutils.py", line 303, in mapparms
    off = (old[1]*new[0] - old[0]*new[1])/oldlen
ZeroDivisionError: division by zero
2026-03-10 10:16:47,624 - root - ERROR - Polynomial fitting failed. Falling back to input values
Traceback (most recent call last):
  File "/Users/jaklusmeyer/SONG/pyodine/pyodine/lib/misc.py", line 529, in fit_polynomial
    pfit, stats = np.polynomial.Polynomial.fit(
  File "/Users/jaklusmeyer/miniconda/envs/pyodine_env/lib/python3.9/site-packages/numpy/polynomial/_polybase.py", line 1036, in fit
    xnew = pu.mapdomain(x, domain, window)
  File "/Users/jaklusmeyer/miniconda/envs/pyodine_env/lib/python3.9/site-packages/numpy/polynomial/polyutils.py", line 371, in mapdomain
    off, scl = mapparms(old, new)
  File "/Users/jaklusmeyer/miniconda/envs/pyodine_env/lib/python3.9/site-packages/numpy/polynomial/polyutils.py", line 303, in mapparms
    off = (old[1]*new[0] - old[0]*new[1])/oldlen
ZeroDivisionError: division by zero
2026-03-10 10:16:47,626 - root - ERROR - Polynomial fitting failed. Falling back to input values
Traceback (most recent call last):
  File "/Users/jaklusmeyer/SONG/pyodine/pyodine/lib/misc.py", line 529, in fit_polynomial
    pfit, stats = np.polynomial.Polynomial.fit(
  File "/Users/jaklusmeyer/miniconda/envs/pyodine_env/lib/python3.9/site-packages/numpy/polynomial/_polybase.py", line 1036, in fit
    xnew = pu.mapdomain(x, domain, window)
  File "/Users/jaklusmeyer/miniconda/envs/pyodine_env/lib/python3.9/site-packages/numpy/polynomial/polyutils.py", line 371, in mapdomain
    off, scl = mapparms(old, new)
  File "/Users/jaklusmeyer/miniconda/envs/pyodine_env/lib/python3.9/site-packages/numpy/polynomial/polyutils.py", line 303, in mapparms
    off = (old[1]*new[0] - old[0]*new[1])/oldlen
ZeroDivisionError: division by zero
2026-03-10 10:16:47,628 - root - ERROR - Polynomial fitting failed. Falling back to input values
Traceback (most recent call last):
  File "/Users/jaklusmeyer/SONG/pyodine/pyodine/lib/misc.py", line 529, in fit_polynomial
    pfit, stats = np.polynomial.Polynomial.fit(
  File "/Users/jaklusmeyer/miniconda/envs/pyodine_env/lib/python3.9/site-packages/numpy/polynomial/_polybase.py", line 1036, in fit
    xnew = pu.mapdomain(x, domain, window)
  File "/Users/jaklusmeyer/miniconda/envs/pyodine_env/lib/python3.9/site-packages/numpy/polynomial/polyutils.py", line 371, in mapdomain
    off, scl = mapparms(old, new)
  File "/Users/jaklusmeyer/miniconda/envs/pyodine_env/lib/python3.9/site-packages/numpy/polynomial/polyutils.py", line 303, in mapparms
    off = (old[1]*new[0] - old[0]*new[1])/oldlen
ZeroDivisionError: division by zero
2026-03-10 10:16:47,629 - root - ERROR - Polynomial fitting failed. Falling back to input values
Traceback (most recent call last):
  File "/Users/jaklusmeyer/SONG/pyodine/pyodine/lib/misc.py", line 529, in fit_polynomial
    pfit, stats = np.polynomial.Polynomial.fit(
  File "/Users/jaklusmeyer/miniconda/envs/pyodine_env/lib/python3.9/site-packages/numpy/polynomial/_polybase.py", line 1036, in fit
    xnew = pu.mapdomain(x, domain, window)
  File "/Users/jaklusmeyer/miniconda/envs/pyodine_env/lib/python3.9/site-packages/numpy/polynomial/polyutils.py", line 371, in mapdomain
    off, scl = mapparms(old, new)
  File "/Users/jaklusmeyer/miniconda/envs/pyodine_env/lib/python3.9/site-packages/numpy/polynomial/polyutils.py", line 303, in mapparms
    off = (old[1]*new[0] - old[0]*new[1])/oldlen
ZeroDivisionError: division by zero
2026-03-10 10:16:47,631 - root - ERROR - Polynomial fitting failed. Falling back to input values
Traceback (most recent call last):
  File "/Users/jaklusmeyer/SONG/pyodine/pyodine/lib/misc.py", line 529, in fit_polynomial
    pfit, stats = np.polynomial.Polynomial.fit(
  File "/Users/jaklusmeyer/miniconda/envs/pyodine_env/lib/python3.9/site-packages/numpy/polynomial/_polybase.py", line 1036, in fit
    xnew = pu.mapdomain(x, domain, window)
  File "/Users/jaklusmeyer/miniconda/envs/pyodine_env/lib/python3.9/site-packages/numpy/polynomial/polyutils.py", line 371, in mapdomain
    off, scl = mapparms(old, new)
  File "/Users/jaklusmeyer/miniconda/envs/pyodine_env/lib/python3.9/site-packages/numpy/polynomial/polyutils.py", line 303, in mapparms
    off = (old[1]*new[0] - old[0]*new[1])/oldlen
ZeroDivisionError: division by zero
2026-03-10 10:16:50,893 - root - ERROR - NaN value detected in iodine function.
2026-03-10 10:16:50,895 - root - ERROR - Chunk could not be plotted
Traceback (most recent call last):
  File "/Users/jaklusmeyer/SONG/pyodine/pyodine/plot_lib.py", line 62, in plot_chunkmodel
    sp = fit_results[chunk_nr].fitted_spectrum
  File "/Users/jaklusmeyer/SONG/pyodine/pyodine/fitters/base.py", line 45, in fitted_spectrum
    return self.model.eval_spectrum(self.chunk, self.params, chunk_ind=self.chunk_ind)
  File "/Users/jaklusmeyer/SONG/pyodine/pyodine/models/base.py", line 79, in eval_spectrum
    flux = self.eval(chunk, params, chunk_ind=chunk_ind, **kwargs)
  File "/Users/jaklusmeyer/SONG/pyodine/pyodine/models/spectrum.py", line 138, in eval
    tck = splrep(tem.wave * doppler, flux_tem, s=0)
  File "/Users/jaklusmeyer/miniconda/envs/pyodine_env/lib/python3.9/site-packages/scipy/interpolate/_fitpack_py.py", line 295, in splrep
    res = _impl.splrep(x, y, w, xb, xe, k, task, s, t, full_output, per, quiet)
  File "/Users/jaklusmeyer/miniconda/envs/pyodine_env/lib/python3.9/site-packages/scipy/interpolate/_fitpack_impl.py", line 276, in splrep
    n, c, fp, ier = dfitpack.curfit(task, x, y, w, t, wrk, iwrk,
dfitpack.error: (xb<=x[0]) failed for 1st keyword xb: curfit:xb=nan
2026-03-10 10:16:51,191 - root - ERROR - NaN value detected in iodine function.
2026-03-10 10:16:51,192 - root - ERROR - Chunk could not be plotted
Traceback (most recent call last):
  File "/Users/jaklusmeyer/SONG/pyodine/pyodine/plot_lib.py", line 62, in plot_chunkmodel
    sp = fit_results[chunk_nr].fitted_spectrum
  File "/Users/jaklusmeyer/SONG/pyodine/pyodine/fitters/base.py", line 45, in fitted_spectrum
    return self.model.eval_spectrum(self.chunk, self.params, chunk_ind=self.chunk_ind)
  File "/Users/jaklusmeyer/SONG/pyodine/pyodine/models/base.py", line 79, in eval_spectrum
    flux = self.eval(chunk, params, chunk_ind=chunk_ind, **kwargs)
  File "/Users/jaklusmeyer/SONG/pyodine/pyodine/models/spectrum.py", line 138, in eval
    tck = splrep(tem.wave * doppler, flux_tem, s=0)
  File "/Users/jaklusmeyer/miniconda/envs/pyodine_env/lib/python3.9/site-packages/scipy/interpolate/_fitpack_py.py", line 295, in splrep
    res = _impl.splrep(x, y, w, xb, xe, k, task, s, t, full_output, per, quiet)
  File "/Users/jaklusmeyer/miniconda/envs/pyodine_env/lib/python3.9/site-packages/scipy/interpolate/_fitpack_impl.py", line 276, in splrep
    n, c, fp, ier = dfitpack.curfit(task, x, y, w, t, wrk, iwrk,
dfitpack.error: (xb<=x[0]) failed for 1st keyword xb: curfit:xb=nan
