2026-03-26 12:30:01,244 - root - ERROR - NaN value detected in oversampled model function.
2026-03-26 12:30:01,247 - root - ERROR - <ParameterSet (values: 17)>
    cont_intercept  =  3068.0859245965385
    cont_slope      =  2.531598843962046
    iod_depth       =  0.7015537429832792
    lsf_left_1      =  2.879430075568623
    lsf_left_2      =  -4.356624477413735
    lsf_left_3      =  1.2859056274240737
    lsf_left_4      =  -2.816573357346677
    lsf_left_5      =  0.6783045988678207
    lsf_right1      =  3.2155109142255403
    lsf_right2      =  -19.290603310655793
    lsf_right3      =  8.181294066671693
    lsf_right4      =  -3.546186035136099
    lsf_right5      =  0.783903677294972
    tem_depth       =  0.8716549700802652
    velocity        =  -2038.737995650801
    wave_intercept  =  5117.605341653849
    wave_slope      =  0.016285111151049216
2026-03-26 12:30:01,248 - root - ERROR - Evaluated LSF:
2026-03-26 12:30:01,249 - root - ERROR - [nan nan nan nan nan nan nan nan nan nan nan nan nan nan nan nan nan nan
 nan nan nan nan nan nan nan nan nan nan nan nan nan nan nan nan nan nan
 nan nan nan nan nan nan nan nan nan nan nan nan nan nan nan nan nan nan
 nan nan nan nan nan nan nan nan nan nan nan nan nan nan nan nan nan nan
 nan]
2026-03-26 12:30:01,406 - root - ERROR - NaN value detected in oversampled model function.
2026-03-26 12:30:01,408 - root - ERROR - <ParameterSet (values: 17)>
    cont_intercept  =  3759.4280093344832
    cont_slope      =  3.518174967389384
    iod_depth       =  0.655846141213136
    lsf_left_1      =  3.7794489267370945
    lsf_left_2      =  -18.94607868931505
    lsf_left_3      =  1.7538473005149378
    lsf_left_4      =  -3.6490585897876304
    lsf_left_5      =  0.9349699340565822
    lsf_right1      =  7.72983324464466
    lsf_right2      =  -17.526435272716146
    lsf_right3      =  1.8389203425381204
    lsf_right4      =  -2.727184359934241
    lsf_right5      =  1.1259588009970276
    tem_depth       =  0.7222128913871461
    velocity        =  -2415.5599539384725
    wave_intercept  =  5121.809776565341
    wave_slope      =  0.015961441294548916
2026-03-26 12:30:01,428 - root - ERROR - Evaluated LSF:
2026-03-26 12:30:01,454 - root - ERROR - [nan nan nan nan nan nan nan nan nan nan nan nan nan nan nan nan nan nan
 nan nan nan nan nan nan nan nan nan nan nan nan nan nan nan nan nan nan
 nan nan nan nan nan nan nan nan nan nan nan nan nan nan nan nan nan nan
 nan nan nan nan nan nan nan nan nan nan nan nan nan nan nan nan nan nan
 nan]
2026-03-26 12:30:01,878 - root - ERROR - NaN value detected in oversampled model function.
2026-03-26 12:30:01,880 - root - ERROR - <ParameterSet (values: 17)>
    cont_intercept  =  5272.958494140749
    cont_slope      =  2.6719561997642955
    iod_depth       =  0.656560879087351
    lsf_left_1      =  6.9195037301329325
    lsf_left_2      =  -15.357588102472947
    lsf_left_3      =  5.849272461077166
    lsf_left_4      =  -1.579419507889269
    lsf_left_5      =  0.16237759161166423
    lsf_right1      =  4.521292632759291
    lsf_right2      =  -19.053941167561184
    lsf_right3      =  1.1848314249892289
    lsf_right4      =  -2.9719583540926973
    lsf_right5      =  0.9062325592352076
    tem_depth       =  0.9069608772395706
    velocity        =  -2731.7516551291997
    wave_intercept  =  5129.960501306915
    wave_slope      =  0.015384817702329724
2026-03-26 12:30:01,881 - root - ERROR - Evaluated LSF:
2026-03-26 12:30:01,882 - root - ERROR - [nan nan nan nan nan nan nan nan nan nan nan nan nan nan nan nan nan nan
 nan nan nan nan nan nan nan nan nan nan nan nan nan nan nan nan nan nan
 nan nan nan nan nan nan nan nan nan nan nan nan nan nan nan nan nan nan
 nan nan nan nan nan nan nan nan nan nan nan nan nan nan nan nan nan nan
 nan]
2026-03-26 12:30:06,079 - root - ERROR - Chunk 29: No Data! Returning LmfitResult with None.
2026-03-26 12:30:06,403 - root - ERROR - Chunk 32: No Data! Returning LmfitResult with None.
2026-03-26 12:30:06,688 - root - ERROR - NaN value detected in oversampled model function.
2026-03-26 12:30:06,690 - root - ERROR - <ParameterSet (values: 17)>
    cont_intercept  =  6872.836291504416
    cont_slope      =  0.8319825146565186
    iod_depth       =  0.8138275326577543
    lsf_left_1      =  2.341730373755503
    lsf_left_2      =  -14.781002219280268
    lsf_left_3      =  1.5435241429387077
    lsf_left_4      =  -2.751581131214442
    lsf_left_5      =  0.6181754112880601
    lsf_right1      =  2.677229291347577
    lsf_right2      =  -10.885680838327026
    lsf_right3      =  8.077374455392997
    lsf_right4      =  -3.910308014258064
    lsf_right5      =  1.0882150755624207
    tem_depth       =  0.8945111112203185
    velocity        =  -2621.3617867071566
    wave_intercept  =  5179.391233474062
    wave_slope      =  0.015039281132521882
2026-03-26 12:30:06,692 - root - ERROR - Evaluated LSF:
2026-03-26 12:30:06,693 - root - ERROR - [nan nan nan nan nan nan nan nan nan nan nan nan nan nan nan nan nan nan
 nan nan nan nan nan nan nan nan nan nan nan nan nan nan nan nan nan nan
 nan nan nan nan nan nan nan nan nan nan nan nan nan nan nan nan nan nan
 nan nan nan nan nan nan nan nan nan nan nan nan nan nan nan nan nan nan
 nan]
2026-03-26 12:30:07,016 - root - ERROR - NaN value detected in oversampled model function.
2026-03-26 12:30:07,018 - root - ERROR - <ParameterSet (values: 17)>
    cont_intercept  =  5117.2347689983
    cont_slope      =  28.98305960779847
    iod_depth       =  0.5132927130570853
    lsf_left_1      =  2.2511615940491074
    lsf_left_2      =  -12.974580422303003
    lsf_left_3      =  9.499217110915641
    lsf_left_4      =  -2.9917546123215635
    lsf_left_5      =  0.27277263901447246
    lsf_right1      =  2.480319626074634
    lsf_right2      =  -8.923500077323737
    lsf_right3      =  6.605210374432289
    lsf_right4      =  -2.874613407765912
    lsf_right5      =  0.3322859096744675
    tem_depth       =  0.10571132685647684
    velocity        =  -17738.390426048307
    wave_intercept  =  5185.23359870641
    wave_slope      =  0.01458167712639842
2026-03-26 12:30:07,020 - root - ERROR - Evaluated LSF:
2026-03-26 12:30:07,021 - root - ERROR - [nan nan nan nan nan nan nan nan nan nan nan nan nan nan nan nan nan nan
 nan nan nan nan nan nan nan nan nan nan nan nan nan nan nan nan nan nan
 nan nan nan nan nan nan nan nan nan nan nan nan nan nan nan nan nan nan
 nan nan nan nan nan nan nan nan nan nan nan nan nan nan nan nan nan nan
 nan]
2026-03-26 12:30:08,340 - root - ERROR - Chunk 47: No Data! Returning LmfitResult with None.
2026-03-26 12:30:08,355 - root - ERROR - NaN value detected in oversampled model function.
2026-03-26 12:30:08,357 - root - ERROR - <ParameterSet (values: 17)>
    cont_intercept  =  6218.0075800833165
    cont_slope      =  -1.8144678177961728
    iod_depth       =  0.7196523422378702
    lsf_left_1      =  5.828043768662661
    lsf_left_2      =  -16.605522255454055
    lsf_left_3      =  2.545629004185678
    lsf_left_4      =  -3.2618480754410153
    lsf_left_5      =  1.0764548171438888
    lsf_right1      =  3.568352281929876
    lsf_right2      =  -16.364935907367315
    lsf_right3      =  7.46881953638693
    lsf_right4      =  -3.3430372411035014
    lsf_right5      =  0.7850281449976526
    tem_depth       =  0.8798064943576286
    velocity        =  -2613.7102261129853
    wave_intercept  =  5204.881124728046
    wave_slope      =  0.01305228363895093
2026-03-26 12:30:08,358 - root - ERROR - Evaluated LSF:
2026-03-26 12:30:08,359 - root - ERROR - [nan nan nan nan nan nan nan nan nan nan nan nan nan nan nan nan nan nan
 nan nan nan nan nan nan nan nan nan nan nan nan nan nan nan nan nan nan
 nan nan nan nan nan nan nan nan nan nan nan nan nan nan nan nan nan nan
 nan nan nan nan nan nan nan nan nan nan nan nan nan nan nan nan nan nan
 nan]
2026-03-26 12:30:10,310 - root - ERROR - NaN value detected in oversampled model function.
2026-03-26 12:30:10,311 - root - ERROR - <ParameterSet (values: 17)>
    cont_intercept  =  6892.994404242268
    cont_slope      =  6.392180455512755
    iod_depth       =  1.1796263082923044
    lsf_left_1      =  3.132483150896199
    lsf_left_2      =  -9.558174604600657
    lsf_left_3      =  1.6960789342861333
    lsf_left_4      =  -3.4885984552046163
    lsf_left_5      =  0.2811792448953413
    lsf_right1      =  2.2264224870681177
    lsf_right2      =  -18.185231578328942
    lsf_right3      =  4.959738975478053
    lsf_right4      =  -3.672391864522759
    lsf_right5      =  0.16958469511027957
    tem_depth       =  -0.3203776424415107
    velocity        =  -17735.506926841284
    wave_intercept  =  5225.60510734493
    wave_slope      =  0.014120159272283665
2026-03-26 12:30:10,312 - root - ERROR - Evaluated LSF:
2026-03-26 12:30:10,313 - root - ERROR - [nan nan nan nan nan nan nan nan nan nan nan nan nan nan nan nan nan nan
 nan nan nan nan nan nan nan nan nan nan nan nan nan nan nan nan nan nan
 nan nan nan nan nan nan nan nan nan nan nan nan nan nan nan nan nan nan
 nan nan nan nan nan nan nan nan nan nan nan nan nan nan nan nan nan nan
 nan]
2026-03-26 12:30:14,399 - root - ERROR - Chunk 87: No Data! Returning LmfitResult with None.
2026-03-26 12:30:15,135 - root - ERROR - NaN value detected in oversampled model function.
2026-03-26 12:30:15,137 - root - ERROR - <ParameterSet (values: 17)>
    cont_intercept  =  9373.182235257398
    cont_slope      =  -2.72450672038259
    iod_depth       =  0.7904673177412096
    lsf_left_1      =  9.358113482162942
    lsf_left_2      =  -19.352858539187473
    lsf_left_3      =  8.546902695432316
    lsf_left_4      =  -3.2194035438879327
    lsf_left_5      =  0.54417454711214
    lsf_right1      =  2.1921183935701984
    lsf_right2      =  -13.170203287184528
    lsf_right3      =  1.1507113203637056
    lsf_right4      =  -3.9148084452704923
    lsf_right5      =  0.26417746243828977
    tem_depth       =  1.0280828716880799
    velocity        =  -3091.6707461133688
    wave_intercept  =  5285.781219488079
    wave_slope      =  0.013985512232765718
2026-03-26 12:30:15,138 - root - ERROR - Evaluated LSF:
2026-03-26 12:30:15,139 - root - ERROR - [nan nan nan nan nan nan nan nan nan nan nan nan nan nan nan nan nan nan
 nan nan nan nan nan nan nan nan nan nan nan nan nan nan nan nan nan nan
 nan nan nan nan nan nan nan nan nan nan nan nan nan nan nan nan nan nan
 nan nan nan nan nan nan nan nan nan nan nan nan nan nan nan nan nan nan
 nan]
2026-03-26 12:30:19,130 - root - ERROR - NaN value detected in oversampled model function.
2026-03-26 12:30:19,131 - root - ERROR - <ParameterSet (values: 17)>
    cont_intercept  =  9911.327947154605
    cont_slope      =  0.7614889153646749
    iod_depth       =  0.8472512781162076
    lsf_left_1      =  2.3984020377734954
    lsf_left_2      =  -15.630249791115038
    lsf_left_3      =  7.089789327162476
    lsf_left_4      =  -3.906967998219268
    lsf_left_5      =  0.44809049353434294
    lsf_right1      =  9.721554011681441
    lsf_right2      =  -18.96683809958604
    lsf_right3      =  2.6246476715603486
    lsf_right4      =  -2.3016861915641056
    lsf_right5      =  0.27432672446318646
    tem_depth       =  0.8880078985689115
    velocity        =  -2684.328548077941
    wave_intercept  =  5326.170547566463
    wave_slope      =  0.014533952529416189
2026-03-26 12:30:19,133 - root - ERROR - Evaluated LSF:
2026-03-26 12:30:19,134 - root - ERROR - [nan nan nan nan nan nan nan nan nan nan nan nan nan nan nan nan nan nan
 nan nan nan nan nan nan nan nan nan nan nan nan nan nan nan nan nan nan
 nan nan nan nan nan nan nan nan nan nan nan nan nan nan nan nan nan nan
 nan nan nan nan nan nan nan nan nan nan nan nan nan nan nan nan nan nan
 nan]
2026-03-26 12:30:23,726 - root - ERROR - NaN value detected in oversampled model function.
2026-03-26 12:30:23,727 - root - ERROR - <ParameterSet (values: 17)>
    cont_intercept  =  9066.988828402982
    cont_slope      =  -3.379887025352581
    iod_depth       =  0.8336942125702936
    lsf_left_1      =  2.134749794683386
    lsf_left_2      =  -19.29606799086769
    lsf_left_3      =  2.2602931225752596
    lsf_left_4      =  -2.360078551202654
    lsf_left_5      =  1.189407136672076
    lsf_right1      =  2.393504609769014
    lsf_right2      =  -19.106321601646027
    lsf_right3      =  1.192170684225924
    lsf_right4      =  -3.954083665397446
    lsf_right5      =  1.1283555523127549
    tem_depth       =  -0.025720849249517896
    velocity        =  -15455.307901391838
    wave_intercept  =  5385.73578506965
    wave_slope      =  0.013571319908211258
2026-03-26 12:30:23,729 - root - ERROR - Evaluated LSF:
2026-03-26 12:30:23,730 - root - ERROR - [nan nan nan nan nan nan nan nan nan nan nan nan nan nan nan nan nan nan
 nan nan nan nan nan nan nan nan nan nan nan nan nan nan nan nan nan nan
 nan nan nan nan nan nan nan nan nan nan nan nan nan nan nan nan nan nan
 nan nan nan nan nan nan nan nan nan nan nan nan nan nan nan nan nan nan
 nan]
2026-03-26 12:30:25,151 - root - ERROR - NaN value detected in oversampled model function.
2026-03-26 12:30:25,153 - root - ERROR - <ParameterSet (values: 17)>
    cont_intercept  =  7852.040812521927
    cont_slope      =  3.912313201868522
    iod_depth       =  0.8743314244047834
    lsf_left_1      =  2.7163189066610216
    lsf_left_2      =  -14.590100230512931
    lsf_left_3      =  9.280542400158364
    lsf_left_4      =  -3.766831260989603
    lsf_left_5      =  0.5044011599552645
    lsf_right1      =  6.627068029969454
    lsf_right2      =  -19.334013075407583
    lsf_right3      =  3.8887921276258166
    lsf_right4      =  -3.3315583162292195
    lsf_right5      =  0.24508198614549112
    tem_depth       =  0.8860143831143279
    velocity        =  -2523.1919283399816
    wave_intercept  =  5404.468217421521
    wave_slope      =  0.01604034710192583
2026-03-26 12:30:25,154 - root - ERROR - Evaluated LSF:
2026-03-26 12:30:25,155 - root - ERROR - [nan nan nan nan nan nan nan nan nan nan nan nan nan nan nan nan nan nan
 nan nan nan nan nan nan nan nan nan nan nan nan nan nan nan nan nan nan
 nan nan nan nan nan nan nan nan nan nan nan nan nan nan nan nan nan nan
 nan nan nan nan nan nan nan nan nan nan nan nan nan nan nan nan nan nan
 nan]
2026-03-26 12:30:30,213 - root - ERROR - NaN value detected in oversampled model function.
2026-03-26 12:30:30,215 - root - ERROR - <ParameterSet (values: 17)>
    cont_intercept  =  9865.749610684805
    cont_slope      =  2.40840370983625
    iod_depth       =  0.8221895784976053
    lsf_left_1      =  2.1480895177039376
    lsf_left_2      =  -6.670361471984528
    lsf_left_3      =  1.3135600465154598
    lsf_left_4      =  -3.935652891046189
    lsf_left_5      =  0.7347290498928721
    lsf_right1      =  2.9302331860210624
    lsf_right2      =  -17.806915868995567
    lsf_right3      =  9.508522248352392
    lsf_right4      =  -2.6668679699845903
    lsf_right5      =  0.18297681720200015
    tem_depth       =  0.9822538134915143
    velocity        =  -2987.2112533888694
    wave_intercept  =  5462.9351699980825
    wave_slope      =  0.015323471298425055
2026-03-26 12:30:30,217 - root - ERROR - Evaluated LSF:
2026-03-26 12:30:30,218 - root - ERROR - [nan nan nan nan nan nan nan nan nan nan nan nan nan nan nan nan nan nan
 nan nan nan nan nan nan nan nan nan nan nan nan nan nan nan nan nan nan
 nan nan nan nan nan nan nan nan nan nan nan nan nan nan nan nan nan nan
 nan nan nan nan nan nan nan nan nan nan nan nan nan nan nan nan nan nan
 nan]
2026-03-26 12:30:33,393 - root - ERROR - NaN value detected in oversampled model function.
2026-03-26 12:30:33,395 - root - ERROR - <ParameterSet (values: 17)>
    cont_intercept  =  7555.576540318028
    cont_slope      =  9.754581900374939
    iod_depth       =  1.0812559874932677
    lsf_left_1      =  4.913493137334097
    lsf_left_2      =  -15.379174930117967
    lsf_left_3      =  7.8540054382209625
    lsf_left_4      =  -3.7613385651380327
    lsf_left_5      =  0.6576218216606027
    lsf_right1      =  6.507009045736186
    lsf_right2      =  -15.55509301661076
    lsf_right3      =  10.055662867959946
    lsf_right4      =  -3.8190094762055975
    lsf_right5      =  0.48282935155445655
    tem_depth       =  -0.505264150623722
    velocity        =  -18706.999947623157
    wave_intercept  =  5495.353935940602
    wave_slope      =  0.01687183053508219
2026-03-26 12:30:33,396 - root - ERROR - Evaluated LSF:
2026-03-26 12:30:33,397 - root - ERROR - [nan nan nan nan nan nan nan nan nan nan nan nan nan nan nan nan nan nan
 nan nan nan nan nan nan nan nan nan nan nan nan nan nan nan nan nan nan
 nan nan nan nan nan nan nan nan nan nan nan nan nan nan nan nan nan nan
 nan nan nan nan nan nan nan nan nan nan nan nan nan nan nan nan nan nan
 nan]
2026-03-26 12:30:35,452 - root - ERROR - NaN value detected in oversampled model function.
2026-03-26 12:30:35,453 - root - ERROR - <ParameterSet (values: 17)>
    cont_intercept  =  11696.416926628652
    cont_slope      =  2.4534819175512816
    iod_depth       =  0.8443627464436104
    lsf_left_1      =  3.3872059090546354
    lsf_left_2      =  -14.247130574583
    lsf_left_3      =  8.493722807519507
    lsf_left_4      =  -3.8758770467811696
    lsf_left_5      =  1.1964318695391478
    lsf_right1      =  5.239345393218439
    lsf_right2      =  -13.58017096037102
    lsf_right3      =  1.4546501867979358
    lsf_right4      =  -3.513938328521637
    lsf_right5      =  0.14096694137528407
    tem_depth       =  0.18872268440041495
    velocity        =  -19558.077753135105
    wave_intercept  =  5516.142975227974
    wave_slope      =  0.015188654461623659
2026-03-26 12:30:35,455 - root - ERROR - Evaluated LSF:
2026-03-26 12:30:35,456 - root - ERROR - [nan nan nan nan nan nan nan nan nan nan nan nan nan nan nan nan nan nan
 nan nan nan nan nan nan nan nan nan nan nan nan nan nan nan nan nan nan
 nan nan nan nan nan nan nan nan nan nan nan nan nan nan nan nan nan nan
 nan nan nan nan nan nan nan nan nan nan nan nan nan nan nan nan nan nan
 nan]
2026-03-26 12:30:37,881 - root - ERROR - NaN value detected in oversampled model function.
2026-03-26 12:30:37,883 - root - ERROR - <ParameterSet (values: 17)>
    cont_intercept  =  6467.596282144183
    cont_slope      =  7.836361057621174
    iod_depth       =  1.1134790772187353
    lsf_left_1      =  3.2456741339537407
    lsf_left_2      =  -10.999656354000454
    lsf_left_3      =  3.0655395344669913
    lsf_left_4      =  -3.3676912355352218
    lsf_left_5      =  0.20060337469274375
    lsf_right1      =  4.383152878364264
    lsf_right2      =  -11.953113255155408
    lsf_right3      =  1.726185613105854
    lsf_right4      =  -3.29309650481281
    lsf_right5      =  0.17253455709024945
    tem_depth       =  -0.25801503699999195
    velocity        =  -12970.620979173913
    wave_intercept  =  5540.898619881045
    wave_slope      =  0.017379843791923807
2026-03-26 12:30:37,884 - root - ERROR - Evaluated LSF:
2026-03-26 12:30:37,886 - root - ERROR - [nan nan nan nan nan nan nan nan nan nan nan nan nan nan nan nan nan nan
 nan nan nan nan nan nan nan nan nan nan nan nan nan nan nan nan nan nan
 nan nan nan nan nan nan nan nan nan nan nan nan nan nan nan nan nan nan
 nan nan nan nan nan nan nan nan nan nan nan nan nan nan nan nan nan nan
 nan]
2026-03-26 12:30:38,047 - root - ERROR - NaN value detected in oversampled model function.
2026-03-26 12:30:38,049 - root - ERROR - <ParameterSet (values: 17)>
    cont_intercept  =  8033.557564192486
    cont_slope      =  3.359800727952658
    iod_depth       =  0.7994753685053693
    lsf_left_1      =  2.20466742137246
    lsf_left_2      =  -19.350877160775394
    lsf_left_3      =  6.239848838361371
    lsf_left_4      =  -2.3438611983515067
    lsf_left_5      =  0.8016948527937985
    lsf_right1      =  4.669251886847407
    lsf_right2      =  -10.823925351823133
    lsf_right3      =  5.273119899721464
    lsf_right4      =  -3.8108409994057855
    lsf_right5      =  0.9880881707233315
    tem_depth       =  0.9872407751290845
    velocity        =  -2863.6128080124085
    wave_intercept  =  5547.542800339379
    wave_slope      =  0.01676586994121662
2026-03-26 12:30:38,050 - root - ERROR - Evaluated LSF:
2026-03-26 12:30:38,052 - root - ERROR - [nan nan nan nan nan nan nan nan nan nan nan nan nan nan nan nan nan nan
 nan nan nan nan nan nan nan nan nan nan nan nan nan nan nan nan nan nan
 nan nan nan nan nan nan nan nan nan nan nan nan nan nan nan nan nan nan
 nan nan nan nan nan nan nan nan nan nan nan nan nan nan nan nan nan nan
 nan]
2026-03-26 12:30:41,667 - root - ERROR - NaN value detected in oversampled model function.
2026-03-26 12:30:41,669 - root - ERROR - <ParameterSet (values: 17)>
    cont_intercept  =  11587.080473357903
    cont_slope      =  3.8047737592680355
    iod_depth       =  0.87460516763325
    lsf_left_1      =  2.27706640290877
    lsf_left_2      =  -12.841056371657045
    lsf_left_3      =  1.2665908467736833
    lsf_left_4      =  -2.3533375324901398
    lsf_left_5      =  0.57337939036773
    lsf_right1      =  2.6885962529907874
    lsf_right2      =  -13.02846996446414
    lsf_right3      =  6.625784175370318
    lsf_right4      =  -2.2689408633289925
    lsf_right5      =  0.22965131917139264
    tem_depth       =  -0.10552793045288289
    velocity        =  -10556.827889763339
    wave_intercept  =  5607.051358243581
    wave_slope      =  0.016255489482168522
2026-03-26 12:30:41,671 - root - ERROR - Evaluated LSF:
2026-03-26 12:30:41,672 - root - ERROR - [nan nan nan nan nan nan nan nan nan nan nan nan nan nan nan nan nan nan
 nan nan nan nan nan nan nan nan nan nan nan nan nan nan nan nan nan nan
 nan nan nan nan nan nan nan nan nan nan nan nan nan nan nan nan nan nan
 nan nan nan nan nan nan nan nan nan nan nan nan nan nan nan nan nan nan
 nan]
2026-03-26 12:30:42,408 - root - ERROR - NaN value detected in oversampled model function.
2026-03-26 12:30:42,410 - root - ERROR - <ParameterSet (values: 17)>
    cont_intercept  =  12029.526923706962
    cont_slope      =  0.21035422197416626
    iod_depth       =  0.8332713092384691
    lsf_left_1      =  3.161437483983785
    lsf_left_2      =  -19.276556871032877
    lsf_left_3      =  1.1499406374556542
    lsf_left_4      =  -2.905324696354163
    lsf_left_5      =  0.5047574774541473
    lsf_right1      =  5.142084186208931
    lsf_right2      =  -10.182239674886674
    lsf_right3      =  6.25585981053087
    lsf_right4      =  -3.4736505852591546
    lsf_right5      =  1.1850711982519062
    tem_depth       =  0.9582435156728076
    velocity        =  -2856.710784948303
    wave_intercept  =  5619.347027524805
    wave_slope      =  0.0152890603405775
2026-03-26 12:30:42,411 - root - ERROR - Evaluated LSF:
2026-03-26 12:30:42,412 - root - ERROR - [nan nan nan nan nan nan nan nan nan nan nan nan nan nan nan nan nan nan
 nan nan nan nan nan nan nan nan nan nan nan nan nan nan nan nan nan nan
 nan nan nan nan nan nan nan nan nan nan nan nan nan nan nan nan nan nan
 nan nan nan nan nan nan nan nan nan nan nan nan nan nan nan nan nan nan
 nan]
2026-03-26 12:30:45,739 - root - ERROR - Chunk 286: No Data! Returning LmfitResult with None.
2026-03-26 12:30:46,354 - root - ERROR - NaN value detected in oversampled model function.
2026-03-26 12:30:46,356 - root - ERROR - <ParameterSet (values: 17)>
    cont_intercept  =  13132.036400606828
    cont_slope      =  -4.117292639386869
    iod_depth       =  0.9087501837495664
    lsf_left_1      =  5.763523280156568
    lsf_left_2      =  -12.530196401657683
    lsf_left_3      =  1.1854587896566642
    lsf_left_4      =  -3.8992196064165463
    lsf_left_5      =  1.1938186045098456
    lsf_right1      =  2.7520167041178367
    lsf_right2      =  -14.122981225864073
    lsf_right3      =  1.2643802542897715
    lsf_right4      =  -0.46913046962287863
    lsf_right5      =  0.4311347411296315
    tem_depth       =  0.9385317175907456
    velocity        =  -653.7662813255332
    wave_intercept  =  5671.394294548419
    wave_slope      =  0.015576453026588076
2026-03-26 12:30:46,357 - root - ERROR - Evaluated LSF:
2026-03-26 12:30:46,359 - root - ERROR - [nan nan nan nan nan nan nan nan nan nan nan nan nan nan nan nan nan nan
 nan nan nan nan nan nan nan nan nan nan nan nan nan nan nan nan nan nan
 nan nan nan nan nan nan nan nan nan nan nan nan nan nan nan nan nan nan
 nan nan nan nan nan nan nan nan nan nan nan nan nan nan nan nan nan nan
 nan]
2026-03-26 12:30:49,871 - root - ERROR - NaN value detected in oversampled model function.
2026-03-26 12:30:49,873 - root - ERROR - <ParameterSet (values: 17)>
    cont_intercept  =  12799.596801129537
    cont_slope      =  -2.6047112891460893
    iod_depth       =  0.9668944252383946
    lsf_left_1      =  3.9796612159668414
    lsf_left_2      =  -11.562202705255771
    lsf_left_3      =  1.3113704841058127
    lsf_left_4      =  -3.419252780185114
    lsf_left_5      =  0.19709499336585393
    lsf_right1      =  6.185798624335278
    lsf_right2      =  -14.654397903945586
    lsf_right3      =  1.9479417647997754
    lsf_right4      =  -3.9245116027265823
    lsf_right5      =  0.49433849988937045
    tem_depth       =  -0.5378169512747852
    velocity        =  -13276.018993085398
    wave_intercept  =  5720.291284560213
    wave_slope      =  0.015852223671830472
2026-03-26 12:30:49,874 - root - ERROR - Evaluated LSF:
2026-03-26 12:30:49,876 - root - ERROR - [nan nan nan nan nan nan nan nan nan nan nan nan nan nan nan nan nan nan
 nan nan nan nan nan nan nan nan nan nan nan nan nan nan nan nan nan nan
 nan nan nan nan nan nan nan nan nan nan nan nan nan nan nan nan nan nan
 nan nan nan nan nan nan nan nan nan nan nan nan nan nan nan nan nan nan
 nan]
2026-03-26 12:30:50,300 - root - ERROR - NaN value detected in oversampled model function.
2026-03-26 12:30:50,302 - root - ERROR - <ParameterSet (values: 17)>
    cont_intercept  =  12794.750584267356
    cont_slope      =  -1.601918249070053
    iod_depth       =  0.7417008580740351
    lsf_left_1      =  2.4914197624410535
    lsf_left_2      =  -6.000895232545897
    lsf_left_3      =  1.1506940061459403
    lsf_left_4      =  -2.3785739995002375
    lsf_left_5      =  0.6119946884781776
    lsf_right1      =  7.004671460431109
    lsf_right2      =  -17.486746274992342
    lsf_right3      =  2.5161295658630083
    lsf_right4      =  -3.575219150893515
    lsf_right5      =  0.8119892385916884
    tem_depth       =  1.0456563124009213
    velocity        =  -3034.6046009323154
    wave_intercept  =  5728.387979968106
    wave_slope      =  0.015275379034027196
2026-03-26 12:30:50,303 - root - ERROR - Evaluated LSF:
2026-03-26 12:30:50,304 - root - ERROR - [nan nan nan nan nan nan nan nan nan nan nan nan nan nan nan nan nan nan
 nan nan nan nan nan nan nan nan nan nan nan nan nan nan nan nan nan nan
 nan nan nan nan nan nan nan nan nan nan nan nan nan nan nan nan nan nan
 nan nan nan nan nan nan nan nan nan nan nan nan nan nan nan nan nan nan
 nan]
2026-03-26 12:30:54,470 - root - ERROR - Chunk 343: No Data! Returning LmfitResult with None.
2026-03-26 12:30:59,222 - root - ERROR - NaN value detected in oversampled model function.
2026-03-26 12:30:59,223 - root - ERROR - <ParameterSet (values: 17)>
    cont_intercept  =  12164.38796819034
    cont_slope      =  -5.880266426278149
    iod_depth       =  0.8094815801432801
    lsf_left_1      =  2.2317735207073435
    lsf_left_2      =  -15.620148002249254
    lsf_left_3      =  1.552610894919833
    lsf_left_4      =  -0.72062710202322
    lsf_left_5      =  0.1883214411974468
    lsf_right1      =  9.48263504039472
    lsf_right2      =  -16.398976791871064
    lsf_right3      =  1.1636974590234253
    lsf_right4      =  -3.6145163039890593
    lsf_right5      =  0.16125369966251535
    tem_depth       =  -0.39577436067690963
    velocity        =  -10885.178565119506
    wave_intercept  =  5845.4221826162475
    wave_slope      =  0.014959920511160942
2026-03-26 12:30:59,225 - root - ERROR - Evaluated LSF:
2026-03-26 12:30:59,226 - root - ERROR - [nan nan nan nan nan nan nan nan nan nan nan nan nan nan nan nan nan nan
 nan nan nan nan nan nan nan nan nan nan nan nan nan nan nan nan nan nan
 nan nan nan nan nan nan nan nan nan nan nan nan nan nan nan nan nan nan
 nan nan nan nan nan nan nan nan nan nan nan nan nan nan nan nan nan nan
 nan]
2026-03-26 12:30:59,514 - root - ERROR - NaN value detected in oversampled model function.
2026-03-26 12:30:59,516 - root - ERROR - <ParameterSet (values: 17)>
    cont_intercept  =  9767.209841645828
    cont_slope      =  -4.329108129666956
    iod_depth       =  0.7586022200163838
    lsf_left_1      =  5.384458592466983
    lsf_left_2      =  -19.35092246811046
    lsf_left_3      =  6.5538156328952395
    lsf_left_4      =  -3.4238712131007123
    lsf_left_5      =  1.0451888181225872
    lsf_right1      =  3.1630169520614713
    lsf_right2      =  -16.180143751122557
    lsf_right3      =  2.1757246598936337
    lsf_right4      =  -2.928678071056483
    lsf_right5      =  0.1907458682311043
    tem_depth       =  0.41155081423172923
    velocity        =  -24415.206352586694
    wave_intercept  =  5851.153894349935
    wave_slope      =  0.014503649619813519
2026-03-26 12:30:59,517 - root - ERROR - Evaluated LSF:
2026-03-26 12:30:59,518 - root - ERROR - [nan nan nan nan nan nan nan nan nan nan nan nan nan nan nan nan nan nan
 nan nan nan nan nan nan nan nan nan nan nan nan nan nan nan nan nan nan
 nan nan nan nan nan nan nan nan nan nan nan nan nan nan nan nan nan nan
 nan nan nan nan nan nan nan nan nan nan nan nan nan nan nan nan nan nan
 nan]
2026-03-26 12:31:00,387 - root - ERROR - NaN value detected in oversampled model function.
2026-03-26 12:31:00,391 - root - ERROR - <ParameterSet (values: 17)>
    cont_intercept  =  10974.048008972693
    cont_slope      =  5.167535905195855
    iod_depth       =  0.8078964538551703
    lsf_left_1      =  3.602444564288496
    lsf_left_2      =  -18.685098309992373
    lsf_left_3      =  3.4279015961513575
    lsf_left_4      =  -0.8259014427442999
    lsf_left_5      =  0.17165916086154417
    lsf_right1      =  2.568437931721219
    lsf_right2      =  -19.240561926183663
    lsf_right3      =  6.880136412884413
    lsf_right4      =  -2.7566193507750807
    lsf_right5      =  0.4520861030443555
    tem_depth       =  1.001141762178874
    velocity        =  -2717.0725111828665
    wave_intercept  =  5867.603749702695
    wave_slope      =  0.017685302835397456
2026-03-26 12:31:00,395 - root - ERROR - Evaluated LSF:
2026-03-26 12:31:00,404 - root - ERROR - [nan nan nan nan nan nan nan nan nan nan nan nan nan nan nan nan nan nan
 nan nan nan nan nan nan nan nan nan nan nan nan nan nan nan nan nan nan
 nan nan nan nan nan nan nan nan nan nan nan nan nan nan nan nan nan nan
 nan nan nan nan nan nan nan nan nan nan nan nan nan nan nan nan nan nan
 nan]
2026-03-26 12:31:00,431 - root - ERROR - NaN value detected in oversampled model function.
2026-03-26 12:31:00,433 - root - ERROR - <ParameterSet (values: 17)>
    cont_intercept  =  12074.795559733524
    cont_slope      =  5.110662612958579
    iod_depth       =  0.8699202991595533
    lsf_left_1      =  2.430544271374556
    lsf_left_2      =  -18.730404942388265
    lsf_left_3      =  9.82767830802258
    lsf_left_4      =  -3.847155234517309
    lsf_left_5      =  0.6423710931348928
    lsf_right1      =  12.123265086922569
    lsf_right2      =  -18.993361471395502
    lsf_right3      =  4.564132208128814
    lsf_right4      =  -3.4346885627655004
    lsf_right5      =  0.1971645577717786
    tem_depth       =  1.6685461924412195
    velocity        =  -964.5497554408554
    wave_intercept  =  5869.880672302703
    wave_slope      =  0.017562391043914834
2026-03-26 12:31:00,434 - root - ERROR - Evaluated LSF:
2026-03-26 12:31:00,435 - root - ERROR - [nan nan nan nan nan nan nan nan nan nan nan nan nan nan nan nan nan nan
 nan nan nan nan nan nan nan nan nan nan nan nan nan nan nan nan nan nan
 nan nan nan nan nan nan nan nan nan nan nan nan nan nan nan nan nan nan
 nan nan nan nan nan nan nan nan nan nan nan nan nan nan nan nan nan nan
 nan]
2026-03-26 12:31:08,956 - root - ERROR - NaN value detected in oversampled model function.
2026-03-26 12:31:08,957 - root - ERROR - <ParameterSet (values: 17)>
    cont_intercept  =  11997.735033206454
    cont_slope      =  5.878730396285892
    iod_depth       =  0.7972640395435009
    lsf_left_1      =  2.553139626982281
    lsf_left_2      =  -6.690315889081813
    lsf_left_3      =  1.1907842717668378
    lsf_left_4      =  -2.5936188818447183
    lsf_left_5      =  0.7083479579456423
    lsf_right1      =  3.943582972775147
    lsf_right2      =  -16.25152905427258
    lsf_right3      =  1.403471181561648
    lsf_right4      =  -1.6610634901013186
    lsf_right5      =  0.2038234092455123
    tem_depth       =  -0.27176888452891196
    velocity        =  -9224.437236145826
    wave_intercept  =  5982.62767071039
    wave_slope      =  0.018047200464648763
2026-03-26 12:31:08,958 - root - ERROR - Evaluated LSF:
2026-03-26 12:31:08,959 - root - ERROR - [nan nan nan nan nan nan nan nan nan nan nan nan nan nan nan nan nan nan
 nan nan nan nan nan nan nan nan nan nan nan nan nan nan nan nan nan nan
 nan nan nan nan nan nan nan nan nan nan nan nan nan nan nan nan nan nan
 nan nan nan nan nan nan nan nan nan nan nan nan nan nan nan nan nan nan
 nan]
2026-03-26 12:31:11,320 - root - ERROR - Chunk 444: No Data! Returning LmfitResult with None.
2026-03-26 12:31:13,571 - root - ERROR - NaN value detected in oversampled model function.
2026-03-26 12:31:13,573 - root - ERROR - <ParameterSet (values: 17)>
    cont_intercept  =  10974.027504526128
    cont_slope      =  1.871002247327375
    iod_depth       =  1.045881478304716
    lsf_left_1      =  4.2044490599134985
    lsf_left_2      =  -12.597283974868853
    lsf_left_3      =  10.15384610447962
    lsf_left_4      =  -3.6849371999422114
    lsf_left_5      =  0.2693078455471105
    lsf_right1      =  2.367632583416183
    lsf_right2      =  -12.023775046364978
    lsf_right3      =  2.819745144176975
    lsf_right4      =  -3.9586432446675115
    lsf_right5      =  0.4030239852050627
    tem_depth       =  -0.11102971655268112
    velocity        =  -11936.85809581589
    wave_intercept  =  6039.521531957352
    wave_slope      =  0.0186644416628577
2026-03-26 12:31:13,574 - root - ERROR - Evaluated LSF:
2026-03-26 12:31:13,576 - root - ERROR - [nan nan nan nan nan nan nan nan nan nan nan nan nan nan nan nan nan nan
 nan nan nan nan nan nan nan nan nan nan nan nan nan nan nan nan nan nan
 nan nan nan nan nan nan nan nan nan nan nan nan nan nan nan nan nan nan
 nan nan nan nan nan nan nan nan nan nan nan nan nan nan nan nan nan nan
 nan]
2026-03-26 12:31:14,225 - root - ERROR - NaN value detected in oversampled model function.
2026-03-26 12:31:14,227 - root - ERROR - <ParameterSet (values: 17)>
    cont_intercept  =  13543.227397273358
    cont_slope      =  4.709365739472183
    iod_depth       =  0.8543746966206293
    lsf_left_1      =  2.249099090741028
    lsf_left_2      =  -15.379752420038045
    lsf_left_3      =  1.1656352367907399
    lsf_left_4      =  -0.671129647141897
    lsf_left_5      =  0.3598204840716834
    lsf_right1      =  3.5564989916389926
    lsf_right2      =  -12.45462168686144
    lsf_right3      =  2.575888748860182
    lsf_right4      =  -3.2718182543607917
    lsf_right5      =  1.1960952426069902
    tem_depth       =  0.6912153259114427
    velocity        =  -10938.803882096736
    wave_intercept  =  6046.560627427487
    wave_slope      =  0.017872560356674356
2026-03-26 12:31:14,228 - root - ERROR - Evaluated LSF:
2026-03-26 12:31:14,230 - root - ERROR - [nan nan nan nan nan nan nan nan nan nan nan nan nan nan nan nan nan nan
 nan nan nan nan nan nan nan nan nan nan nan nan nan nan nan nan nan nan
 nan nan nan nan nan nan nan nan nan nan nan nan nan nan nan nan nan nan
 nan nan nan nan nan nan nan nan nan nan nan nan nan nan nan nan nan nan
 nan]
2026-03-26 12:31:16,233 - root - ERROR - NaN value detected in oversampled model function.
2026-03-26 12:31:16,235 - root - ERROR - <ParameterSet (values: 17)>
    cont_intercept  =  15293.412618004648
    cont_slope      =  -1.999310486808473
    iod_depth       =  0.5580388160846836
    lsf_left_1      =  2.831224982829541
    lsf_left_2      =  -16.500051094026684
    lsf_left_3      =  3.5483237137302073
    lsf_left_4      =  -3.3680673360211637
    lsf_left_5      =  0.14064965644598265
    lsf_right1      =  3.743180546076914
    lsf_right2      =  -18.907175700747054
    lsf_right3      =  6.747936402906075
    lsf_right4      =  -1.566591804954681
    lsf_right5      =  0.135052297301352
    tem_depth       =  1.0142535754290158
    velocity        =  -2711.162860050567
    wave_intercept  =  6066.572897611491
    wave_slope      =  0.016347891416213355
2026-03-26 12:31:16,236 - root - ERROR - Evaluated LSF:
2026-03-26 12:31:16,237 - root - ERROR - [nan nan nan nan nan nan nan nan nan nan nan nan nan nan nan nan nan nan
 nan nan nan nan nan nan nan nan nan nan nan nan nan nan nan nan nan nan
 nan nan nan nan nan nan nan nan nan nan nan nan nan nan nan nan nan nan
 nan nan nan nan nan nan nan nan nan nan nan nan nan nan nan nan nan nan
 nan]
2026-03-26 12:31:17,248 - root - ERROR - NaN value detected in oversampled model function.
2026-03-26 12:31:17,250 - root - ERROR - <ParameterSet (values: 17)>
    cont_intercept  =  11952.741326608482
    cont_slope      =  -4.345851576407544
    iod_depth       =  0.6388960126909324
    lsf_left_1      =  9.511234604895382
    lsf_left_2      =  -18.481834568779785
    lsf_left_3      =  3.3665083161665366
    lsf_left_4      =  -1.6150075272571107
    lsf_left_5      =  0.17628845958480535
    lsf_right1      =  6.008761372138681
    lsf_right2      =  -19.347529670146987
    lsf_right3      =  4.33990292967425
    lsf_right4      =  -2.5343792206413003
    lsf_right5      =  0.23069568013596276
    tem_depth       =  0.9760339148603256
    velocity        =  -2732.5819920060103
    wave_intercept  =  6078.9221128028175
    wave_slope      =  0.01535546396763812
2026-03-26 12:31:17,251 - root - ERROR - Evaluated LSF:
2026-03-26 12:31:17,252 - root - ERROR - [nan nan nan nan nan nan nan nan nan nan nan nan nan nan nan nan nan nan
 nan nan nan nan nan nan nan nan nan nan nan nan nan nan nan nan nan nan
 nan nan nan nan nan nan nan nan nan nan nan nan nan nan nan nan nan nan
 nan nan nan nan nan nan nan nan nan nan nan nan nan nan nan nan nan nan
 nan]
2026-03-26 12:31:22,226 - root - ERROR - NaN value detected in oversampled model function.
2026-03-26 12:31:22,228 - root - ERROR - <ParameterSet (values: 17)>
    cont_intercept  =  14783.370038151563
    cont_slope      =  -3.7030607214934106
    iod_depth       =  0.7422753477834585
    lsf_left_1      =  2.7356141834621654
    lsf_left_2      =  -18.52927922142428
    lsf_left_3      =  2.4995926357582494
    lsf_left_4      =  -1.3856560875610842
    lsf_left_5      =  0.15238697746110058
    lsf_right1      =  2.5298805108876605
    lsf_right2      =  -9.531783730966296
    lsf_right3      =  3.1756231005713818
    lsf_right4      =  -2.97531252160808
    lsf_right5      =  1.0339204200490353
    tem_depth       =  0.681350235403468
    velocity        =  -10010.746476231185
    wave_intercept  =  6133.569892663654
    wave_slope      =  0.016102273034774274
2026-03-26 12:31:22,230 - root - ERROR - Evaluated LSF:
2026-03-26 12:31:22,231 - root - ERROR - [nan nan nan nan nan nan nan nan nan nan nan nan nan nan nan nan nan nan
 nan nan nan nan nan nan nan nan nan nan nan nan nan nan nan nan nan nan
 nan nan nan nan nan nan nan nan nan nan nan nan nan nan nan nan nan nan
 nan nan nan nan nan nan nan nan nan nan nan nan nan nan nan nan nan nan
 nan]
2026-03-26 12:31:22,331 - root - ERROR - NaN value detected in oversampled model function.
2026-03-26 12:31:22,333 - root - ERROR - <ParameterSet (values: 17)>
    cont_intercept  =  14092.307611608894
    cont_slope      =  -10.831593978251064
    iod_depth       =  0.6085163360522667
    lsf_left_1      =  3.5099068900277954
    lsf_left_2      =  -17.110706072164657
    lsf_left_3      =  1.1797906413477073
    lsf_left_4      =  -1.8529808308404219
    lsf_left_5      =  0.23072396879971518
    lsf_right1      =  2.209324749279234
    lsf_right2      =  -14.77140522768861
    lsf_right3      =  9.494473934120201
    lsf_right4      =  -3.951588852271586
    lsf_right5      =  1.04667085797833
    tem_depth       =  -0.22903921851621098
    velocity        =  -12732.870078209688
    wave_intercept  =  6135.617170120341
    wave_slope      =  0.01568364999575089
2026-03-26 12:31:22,341 - root - ERROR - Evaluated LSF:
2026-03-26 12:31:22,349 - root - ERROR - [nan nan nan nan nan nan nan nan nan nan nan nan nan nan nan nan nan nan
 nan nan nan nan nan nan nan nan nan nan nan nan nan nan nan nan nan nan
 nan nan nan nan nan nan nan nan nan nan nan nan nan nan nan nan nan nan
 nan nan nan nan nan nan nan nan nan nan nan nan nan nan nan nan nan nan
 nan]
2026-03-26 12:31:25,203 - root - ERROR - NaN value detected in oversampled model function.
2026-03-26 12:31:25,204 - root - ERROR - <ParameterSet (values: 17)>
    cont_intercept  =  16235.362104601827
    cont_slope      =  -0.807720210338072
    iod_depth       =  0.5860709401166692
    lsf_left_1      =  2.447778457774452
    lsf_left_2      =  -18.558387296880564
    lsf_left_3      =  8.246909119898792
    lsf_left_4      =  -3.2901160530021447
    lsf_left_5      =  1.0019689923686408
    lsf_right1      =  6.492548311578669
    lsf_right2      =  -17.858231359055218
    lsf_right3      =  3.4042653461955794
    lsf_right4      =  -1.1439817600131037
    lsf_right5      =  0.1376841922373164
    tem_depth       =  -0.10018517104403739
    velocity        =  -15911.250006614393
    wave_intercept  =  6182.562493586264
    wave_slope      =  0.017126493798019053
2026-03-26 12:31:25,205 - root - ERROR - Evaluated LSF:
2026-03-26 12:31:25,206 - root - ERROR - [nan nan nan nan nan nan nan nan nan nan nan nan nan nan nan nan nan nan
 nan nan nan nan nan nan nan nan nan nan nan nan nan nan nan nan nan nan
 nan nan nan nan nan nan nan nan nan nan nan nan nan nan nan nan nan nan
 nan nan nan nan nan nan nan nan nan nan nan nan nan nan nan nan nan nan
 nan]
2026-03-26 12:31:25,862 - root - ERROR - Chunk 519: No Data! Returning LmfitResult with None.
2026-03-26 12:31:27,484 - root - ERROR - Chunk 529: No Data! Returning LmfitResult with None.
2026-03-26 12:31:28,032 - root - ERROR - NaN value detected in oversampled model function.
2026-03-26 12:31:28,033 - root - ERROR - <ParameterSet (values: 17)>
    cont_intercept  =  13917.315155014758
    cont_slope      =  -0.009274959975460087
    iod_depth       =  0.6496078840566719
    lsf_left_1      =  2.2575050160746644
    lsf_left_2      =  -19.04446505268673
    lsf_left_3      =  3.376706901658042
    lsf_left_4      =  -0.5365556936556071
    lsf_left_5      =  0.2641787103546221
    lsf_right1      =  3.2411031036457283
    lsf_right2      =  -12.340700580354847
    lsf_right3      =  3.8912736828435843
    lsf_right4      =  -3.925072005240639
    lsf_right5      =  0.9384827059107478
    tem_depth       =  1.0469283442491963
    velocity        =  -2195.271242021777
    wave_intercept  =  6234.058264493862
    wave_slope      =  0.01812725446269439
2026-03-26 12:31:28,035 - root - ERROR - Evaluated LSF:
2026-03-26 12:31:28,036 - root - ERROR - [nan nan nan nan nan nan nan nan nan nan nan nan nan nan nan nan nan nan
 nan nan nan nan nan nan nan nan nan nan nan nan nan nan nan nan nan nan
 nan nan nan nan nan nan nan nan nan nan nan nan nan nan nan nan nan nan
 nan nan nan nan nan nan nan nan nan nan nan nan nan nan nan nan nan nan
 nan]
2026-03-26 12:31:29,034 - root - ERROR - NaN value detected in oversampled model function.
2026-03-26 12:31:29,036 - root - ERROR - <ParameterSet (values: 17)>
    cont_intercept  =  14744.5151564396
    cont_slope      =  -0.6230910609010624
    iod_depth       =  1.1361552063153482
    lsf_left_1      =  2.1972581524547397
    lsf_left_2      =  -19.091224791369786
    lsf_left_3      =  2.851545977023325
    lsf_left_4      =  -2.687340478318106
    lsf_left_5      =  0.8069757023535811
    lsf_right1      =  2.236457735673151
    lsf_right2      =  -9.225664143407291
    lsf_right3      =  4.582251015248047
    lsf_right4      =  -3.956118861580862
    lsf_right5      =  0.3715720885841678
    tem_depth       =  1.0317004410867952
    velocity        =  -2959.878010602845
    wave_intercept  =  6245.612056629204
    wave_slope      =  0.01730779784156611
2026-03-26 12:31:29,037 - root - ERROR - Evaluated LSF:
2026-03-26 12:31:29,038 - root - ERROR - [nan nan nan nan nan nan nan nan nan nan nan nan nan nan nan nan nan nan
 nan nan nan nan nan nan nan nan nan nan nan nan nan nan nan nan nan nan
 nan nan nan nan nan nan nan nan nan nan nan nan nan nan nan nan nan nan
 nan nan nan nan nan nan nan nan nan nan nan nan nan nan nan nan nan nan
 nan]
2026-03-26 12:31:29,104 - root - ERROR - NaN value detected in oversampled model function.
2026-03-26 12:31:29,107 - root - ERROR - <ParameterSet (values: 17)>
    cont_intercept  =  15822.489763773749
    cont_slope      =  -0.4179924759941113
    iod_depth       =  0.8023765431358127
    lsf_left_1      =  3.592673565264531
    lsf_left_2      =  -19.10220370645978
    lsf_left_3      =  2.505555031549829
    lsf_left_4      =  -1.6809197422745195
    lsf_left_5      =  0.3243051020318218
    lsf_right1      =  9.646074117055957
    lsf_right2      =  -19.07028015914547
    lsf_right3      =  5.795228012844231
    lsf_right4      =  -3.9677803449748428
    lsf_right5      =  0.5875053526096081
    tem_depth       =  1.0809784071290118
    velocity        =  -3724.503096597046
    wave_intercept  =  6250.061340179092
    wave_slope      =  0.01705881720747547
2026-03-26 12:31:29,108 - root - ERROR - Evaluated LSF:
2026-03-26 12:31:29,109 - root - ERROR - [nan nan nan nan nan nan nan nan nan nan nan nan nan nan nan nan nan nan
 nan nan nan nan nan nan nan nan nan nan nan nan nan nan nan nan nan nan
 nan nan nan nan nan nan nan nan nan nan nan nan nan nan nan nan nan nan
 nan nan nan nan nan nan nan nan nan nan nan nan nan nan nan nan nan nan
 nan]
2026-03-26 12:31:29,754 - root - ERROR - NaN value detected in oversampled model function.
2026-03-26 12:31:29,756 - root - ERROR - <ParameterSet (values: 17)>
    cont_intercept  =  13898.933522962581
    cont_slope      =  -3.338474863003778
    iod_depth       =  0.21847013856607383
    lsf_left_1      =  6.341602186001569
    lsf_left_2      =  -12.698408528619256
    lsf_left_3      =  5.134740082408337
    lsf_left_4      =  -2.3858065577544068
    lsf_left_5      =  0.5567444060999117
    lsf_right1      =  4.91399621025966
    lsf_right2      =  -15.051592193693411
    lsf_right3      =  4.183152969052969
    lsf_right4      =  -2.505276580014316
    lsf_right5      =  0.5338925131862351
    tem_depth       =  0.9961020825771747
    velocity        =  -2856.187121366782
    wave_intercept  =  6258.720390622324
    wave_slope      =  0.017240596806285126
2026-03-26 12:31:29,757 - root - ERROR - Evaluated LSF:
2026-03-26 12:31:29,759 - root - ERROR - [nan nan nan nan nan nan nan nan nan nan nan nan nan nan nan nan nan nan
 nan nan nan nan nan nan nan nan nan nan nan nan nan nan nan nan nan nan
 nan nan nan nan nan nan nan nan nan nan nan nan nan nan nan nan nan nan
 nan nan nan nan nan nan nan nan nan nan nan nan nan nan nan nan nan nan
 nan]
2026-03-26 12:31:30,690 - root - ERROR - Chunk 549: No Data! Returning LmfitResult with None.
2026-03-26 12:31:30,705 - root - ERROR - NaN value detected in oversampled model function.
2026-03-26 12:31:30,707 - root - ERROR - <ParameterSet (values: 17)>
    cont_intercept  =  7665.883743280683
    cont_slope      =  8.012817614777699
    iod_depth       =  0.7377630108043978
    lsf_left_1      =  3.077404301209754
    lsf_left_2      =  -16.29295907608964
    lsf_left_3      =  2.2777353064276236
    lsf_left_4      =  -0.5583112735648736
    lsf_left_5      =  0.41549597181921877
    lsf_right1      =  8.157832478463344
    lsf_right2      =  -13.739436869796702
    lsf_right3      =  1.1734457654263877
    lsf_right4      =  -3.6032412505125806
    lsf_right5      =  0.4484136161863854
    tem_depth       =  0.9790534288563937
    velocity        =  -716.6488180025225
    wave_intercept  =  6278.383972171588
    wave_slope      =  0.020037447225580145
2026-03-26 12:31:30,708 - root - ERROR - Evaluated LSF:
2026-03-26 12:31:30,709 - root - ERROR - [nan nan nan nan nan nan nan nan nan nan nan nan nan nan nan nan nan nan
 nan nan nan nan nan nan nan nan nan nan nan nan nan nan nan nan nan nan
 nan nan nan nan nan nan nan nan nan nan nan nan nan nan nan nan nan nan
 nan nan nan nan nan nan nan nan nan nan nan nan nan nan nan nan nan nan
 nan]
2026-03-26 12:31:31,832 - root - ERROR - Chunk 557: No Data! Returning LmfitResult with None.
2026-03-26 12:31:33,617 - root - ERROR - NaN value detected in oversampled model function.
2026-03-26 12:31:33,619 - root - ERROR - <ParameterSet (values: 17)>
    cont_intercept  =  15371.735983549066
    cont_slope      =  -1.26486635387094
    iod_depth       =  0.6610819368252854
    lsf_left_1      =  2.201340189932425
    lsf_left_2      =  -13.938832276131969
    lsf_left_3      =  2.539613970351101
    lsf_left_4      =  -3.2859584840724807
    lsf_left_5      =  0.1387341515949891
    lsf_right1      =  6.032122885728251
    lsf_right2      =  -11.099648971047959
    lsf_right3      =  1.5108797445587818
    lsf_right4      =  -3.824361867208048
    lsf_right5      =  1.0670434820260746
    tem_depth       =  1.032249228396333
    velocity        =  -1802.4983234285357
    wave_intercept  =  6314.5399022272995
    wave_slope      =  0.01790463971730159
2026-03-26 12:31:33,620 - root - ERROR - Evaluated LSF:
2026-03-26 12:31:33,621 - root - ERROR - [nan nan nan nan nan nan nan nan nan nan nan nan nan nan nan nan nan nan
 nan nan nan nan nan nan nan nan nan nan nan nan nan nan nan nan nan nan
 nan nan nan nan nan nan nan nan nan nan nan nan nan nan nan nan nan nan
 nan nan nan nan nan nan nan nan nan nan nan nan nan nan nan nan nan nan
 nan]
2026-03-26 12:31:34,406 - root - ERROR - NaN value detected in oversampled model function.
2026-03-26 12:31:34,408 - root - ERROR - <ParameterSet (values: 17)>
    cont_intercept  =  13952.916860339275
    cont_slope      =  -4.925800889843712
    iod_depth       =  0.6741503029663174
    lsf_left_1      =  3.313192033192559
    lsf_left_2      =  -15.539529589409794
    lsf_left_3      =  3.0115841648539883
    lsf_left_4      =  -3.585215177828742
    lsf_left_5      =  0.6100908995529928
    lsf_right1      =  4.193218037616891
    lsf_right2      =  -17.260655719658857
    lsf_right3      =  1.2743922860974322
    lsf_right4      =  -3.3194766439681804
    lsf_right5      =  0.9220672498477877
    tem_depth       =  0.9114271690625169
    velocity        =  -3035.9006910211956
    wave_intercept  =  6323.257245288874
    wave_slope      =  0.01628910323973406
2026-03-26 12:31:34,410 - root - ERROR - Evaluated LSF:
2026-03-26 12:31:34,411 - root - ERROR - [nan nan nan nan nan nan nan nan nan nan nan nan nan nan nan nan nan nan
 nan nan nan nan nan nan nan nan nan nan nan nan nan nan nan nan nan nan
 nan nan nan nan nan nan nan nan nan nan nan nan nan nan nan nan nan nan
 nan nan nan nan nan nan nan nan nan nan nan nan nan nan nan nan nan nan
 nan]
2026-03-26 12:31:34,884 - root - ERROR - NaN value detected in oversampled model function.
2026-03-26 12:31:34,886 - root - ERROR - <ParameterSet (values: 17)>
    cont_intercept  =  13158.970143962344
    cont_slope      =  -2.8609062487368067
    iod_depth       =  0.17583894980751683
    lsf_left_1      =  2.632592658567686
    lsf_left_2      =  -10.130874050125017
    lsf_left_3      =  5.493064698095281
    lsf_left_4      =  -3.9642541395542263
    lsf_left_5      =  0.14260007621005003
    lsf_right1      =  9.960358682557828
    lsf_right2      =  -18.555877807022103
    lsf_right3      =  2.397101230415723
    lsf_right4      =  -2.2982867523340165
    lsf_right5      =  0.44995776550193406
    tem_depth       =  0.8525099302939211
    velocity        =  -5757.311327955068
    wave_intercept  =  6327.539300515308
    wave_slope      =  0.013435555823070995
2026-03-26 12:31:34,887 - root - ERROR - Evaluated LSF:
2026-03-26 12:31:34,888 - root - ERROR - [nan nan nan nan nan nan nan nan nan nan nan nan nan nan nan nan nan nan
 nan nan nan nan nan nan nan nan nan nan nan nan nan nan nan nan nan nan
 nan nan nan nan nan nan nan nan nan nan nan nan nan nan nan nan nan nan
 nan nan nan nan nan nan nan nan nan nan nan nan nan nan nan nan nan nan
 nan]
2026-03-26 12:31:35,389 - root - ERROR - NaN value detected in oversampled model function.
2026-03-26 12:31:35,391 - root - ERROR - <ParameterSet (values: 17)>
    cont_intercept  =  11717.951235651628
    cont_slope      =  -4.261183327266967
    iod_depth       =  0.26830454664114345
    lsf_left_1      =  2.5833695182825913
    lsf_left_2      =  -18.004340697062553
    lsf_left_3      =  5.288298382091838
    lsf_left_4      =  -2.727978547176435
    lsf_left_5      =  0.3479222448936138
    lsf_right1      =  2.1610419991766228
    lsf_right2      =  -7.950693778403355
    lsf_right3      =  1.866709942525762
    lsf_right4      =  -0.8068766241686105
    lsf_right5      =  0.30348770823364224
    tem_depth       =  0.8001767388538242
    velocity        =  -709.781407612393
    wave_intercept  =  6331.633725222694
    wave_slope      =  0.015262255246441573
2026-03-26 12:31:35,393 - root - ERROR - Evaluated LSF:
2026-03-26 12:31:35,394 - root - ERROR - [nan nan nan nan nan nan nan nan nan nan nan nan nan nan nan nan nan nan
 nan nan nan nan nan nan nan nan nan nan nan nan nan nan nan nan nan nan
 nan nan nan nan nan nan nan nan nan nan nan nan nan nan nan nan nan nan
 nan nan nan nan nan nan nan nan nan nan nan nan nan nan nan nan nan nan
 nan]
2026-03-26 13:17:06,056 - root - ERROR - NaN value detected in oversampled model function.
2026-03-26 13:17:06,059 - root - ERROR - <ParameterSet (values: 17)>
    cont_intercept  =  3068.0859245965385
    cont_slope      =  2.531598843962046
    iod_depth       =  0.7015537429832792
    lsf_left_1      =  2.879430075568623
    lsf_left_2      =  -4.356624477413735
    lsf_left_3      =  1.2859056274240737
    lsf_left_4      =  -2.816573357346677
    lsf_left_5      =  0.6783045988678207
    lsf_right1      =  3.2155109142255403
    lsf_right2      =  -19.290603310655793
    lsf_right3      =  8.181294066671693
    lsf_right4      =  -3.546186035136099
    lsf_right5      =  0.783903677294972
    tem_depth       =  0.8716549700802652
    velocity        =  -2038.737995650801
    wave_intercept  =  5117.605341653849
    wave_slope      =  0.016285111151049216
2026-03-26 13:17:06,060 - root - ERROR - Evaluated LSF:
2026-03-26 13:17:06,061 - root - ERROR - [nan nan nan nan nan nan nan nan nan nan nan nan nan nan nan nan nan nan
 nan nan nan nan nan nan nan nan nan nan nan nan nan nan nan nan nan nan
 nan nan nan nan nan nan nan nan nan nan nan nan nan nan nan nan nan nan
 nan nan nan nan nan nan nan nan nan nan nan nan nan nan nan nan nan nan
 nan]
2026-03-26 13:17:06,210 - root - ERROR - NaN value detected in oversampled model function.
2026-03-26 13:17:06,212 - root - ERROR - <ParameterSet (values: 17)>
    cont_intercept  =  3759.4280093344832
    cont_slope      =  3.518174967389384
    iod_depth       =  0.655846141213136
    lsf_left_1      =  3.7794489267370945
    lsf_left_2      =  -18.94607868931505
    lsf_left_3      =  1.7538473005149378
    lsf_left_4      =  -3.6490585897876304
    lsf_left_5      =  0.9349699340565822
    lsf_right1      =  7.72983324464466
    lsf_right2      =  -17.526435272716146
    lsf_right3      =  1.8389203425381204
    lsf_right4      =  -2.727184359934241
    lsf_right5      =  1.1259588009970276
    tem_depth       =  0.7222128913871461
    velocity        =  -2415.5599539384725
    wave_intercept  =  5121.809776565341
    wave_slope      =  0.015961441294548916
2026-03-26 13:17:06,214 - root - ERROR - Evaluated LSF:
2026-03-26 13:17:06,215 - root - ERROR - [nan nan nan nan nan nan nan nan nan nan nan nan nan nan nan nan nan nan
 nan nan nan nan nan nan nan nan nan nan nan nan nan nan nan nan nan nan
 nan nan nan nan nan nan nan nan nan nan nan nan nan nan nan nan nan nan
 nan nan nan nan nan nan nan nan nan nan nan nan nan nan nan nan nan nan
 nan]
2026-03-26 13:17:06,565 - root - ERROR - NaN value detected in oversampled model function.
2026-03-26 13:17:06,567 - root - ERROR - <ParameterSet (values: 17)>
    cont_intercept  =  5272.958494140749
    cont_slope      =  2.6719561997642955
    iod_depth       =  0.656560879087351
    lsf_left_1      =  6.9195037301329325
    lsf_left_2      =  -15.357588102472947
    lsf_left_3      =  5.849272461077166
    lsf_left_4      =  -1.579419507889269
    lsf_left_5      =  0.16237759161166423
    lsf_right1      =  4.521292632759291
    lsf_right2      =  -19.053941167561184
    lsf_right3      =  1.1848314249892289
    lsf_right4      =  -2.9719583540926973
    lsf_right5      =  0.9062325592352076
    tem_depth       =  0.9069608772395706
    velocity        =  -2731.7516551291997
    wave_intercept  =  5129.960501306915
    wave_slope      =  0.015384817702329724
2026-03-26 13:17:06,569 - root - ERROR - Evaluated LSF:
2026-03-26 13:17:06,570 - root - ERROR - [nan nan nan nan nan nan nan nan nan nan nan nan nan nan nan nan nan nan
 nan nan nan nan nan nan nan nan nan nan nan nan nan nan nan nan nan nan
 nan nan nan nan nan nan nan nan nan nan nan nan nan nan nan nan nan nan
 nan nan nan nan nan nan nan nan nan nan nan nan nan nan nan nan nan nan
 nan]
2026-03-26 13:17:10,361 - root - ERROR - Chunk 29: No Data! Returning LmfitResult with None.
2026-03-26 13:17:10,688 - root - ERROR - Chunk 32: No Data! Returning LmfitResult with None.
2026-03-26 13:17:10,918 - root - ERROR - NaN value detected in oversampled model function.
2026-03-26 13:17:10,920 - root - ERROR - <ParameterSet (values: 17)>
    cont_intercept  =  6872.836291504416
    cont_slope      =  0.8319825146565186
    iod_depth       =  0.8138275326577543
    lsf_left_1      =  2.341730373755503
    lsf_left_2      =  -14.781002219280268
    lsf_left_3      =  1.5435241429387077
    lsf_left_4      =  -2.751581131214442
    lsf_left_5      =  0.6181754112880601
    lsf_right1      =  2.677229291347577
    lsf_right2      =  -10.885680838327026
    lsf_right3      =  8.077374455392997
    lsf_right4      =  -3.910308014258064
    lsf_right5      =  1.0882150755624207
    tem_depth       =  0.8945111112203185
    velocity        =  -2621.3617867071566
    wave_intercept  =  5179.391233474062
    wave_slope      =  0.015039281132521882
2026-03-26 13:17:10,921 - root - ERROR - Evaluated LSF:
2026-03-26 13:17:10,922 - root - ERROR - [nan nan nan nan nan nan nan nan nan nan nan nan nan nan nan nan nan nan
 nan nan nan nan nan nan nan nan nan nan nan nan nan nan nan nan nan nan
 nan nan nan nan nan nan nan nan nan nan nan nan nan nan nan nan nan nan
 nan nan nan nan nan nan nan nan nan nan nan nan nan nan nan nan nan nan
 nan]
2026-03-26 13:17:11,230 - root - ERROR - NaN value detected in oversampled model function.
2026-03-26 13:17:11,232 - root - ERROR - <ParameterSet (values: 17)>
    cont_intercept  =  5117.2347689983
    cont_slope      =  28.98305960779847
    iod_depth       =  0.5132927130570853
    lsf_left_1      =  2.2511615940491074
    lsf_left_2      =  -12.974580422303003
    lsf_left_3      =  9.499217110915641
    lsf_left_4      =  -2.9917546123215635
    lsf_left_5      =  0.27277263901447246
    lsf_right1      =  2.480319626074634
    lsf_right2      =  -8.923500077323737
    lsf_right3      =  6.605210374432289
    lsf_right4      =  -2.874613407765912
    lsf_right5      =  0.3322859096744675
    tem_depth       =  0.10571132685647684
    velocity        =  -17738.390426048307
    wave_intercept  =  5185.23359870641
    wave_slope      =  0.01458167712639842
2026-03-26 13:17:11,233 - root - ERROR - Evaluated LSF:
2026-03-26 13:17:11,234 - root - ERROR - [nan nan nan nan nan nan nan nan nan nan nan nan nan nan nan nan nan nan
 nan nan nan nan nan nan nan nan nan nan nan nan nan nan nan nan nan nan
 nan nan nan nan nan nan nan nan nan nan nan nan nan nan nan nan nan nan
 nan nan nan nan nan nan nan nan nan nan nan nan nan nan nan nan nan nan
 nan]
2026-03-26 13:17:12,447 - root - ERROR - Chunk 47: No Data! Returning LmfitResult with None.
2026-03-26 13:17:12,461 - root - ERROR - NaN value detected in oversampled model function.
2026-03-26 13:17:12,463 - root - ERROR - <ParameterSet (values: 17)>
    cont_intercept  =  6218.0075800833165
    cont_slope      =  -1.8144678177961728
    iod_depth       =  0.7196523422378702
    lsf_left_1      =  5.828043768662661
    lsf_left_2      =  -16.605522255454055
    lsf_left_3      =  2.545629004185678
    lsf_left_4      =  -3.2618480754410153
    lsf_left_5      =  1.0764548171438888
    lsf_right1      =  3.568352281929876
    lsf_right2      =  -16.364935907367315
    lsf_right3      =  7.46881953638693
    lsf_right4      =  -3.3430372411035014
    lsf_right5      =  0.7850281449976526
    tem_depth       =  0.8798064943576286
    velocity        =  -2613.7102261129853
    wave_intercept  =  5204.881124728046
    wave_slope      =  0.01305228363895093
2026-03-26 13:17:12,464 - root - ERROR - Evaluated LSF:
2026-03-26 13:17:12,465 - root - ERROR - [nan nan nan nan nan nan nan nan nan nan nan nan nan nan nan nan nan nan
 nan nan nan nan nan nan nan nan nan nan nan nan nan nan nan nan nan nan
 nan nan nan nan nan nan nan nan nan nan nan nan nan nan nan nan nan nan
 nan nan nan nan nan nan nan nan nan nan nan nan nan nan nan nan nan nan
 nan]
2026-03-26 13:17:14,292 - root - ERROR - NaN value detected in oversampled model function.
2026-03-26 13:17:14,294 - root - ERROR - <ParameterSet (values: 17)>
    cont_intercept  =  6892.994404242268
    cont_slope      =  6.392180455512755
    iod_depth       =  1.1796263082923044
    lsf_left_1      =  3.132483150896199
    lsf_left_2      =  -9.558174604600657
    lsf_left_3      =  1.6960789342861333
    lsf_left_4      =  -3.4885984552046163
    lsf_left_5      =  0.2811792448953413
    lsf_right1      =  2.2264224870681177
    lsf_right2      =  -18.185231578328942
    lsf_right3      =  4.959738975478053
    lsf_right4      =  -3.672391864522759
    lsf_right5      =  0.16958469511027957
    tem_depth       =  -0.3203776424415107
    velocity        =  -17735.506926841284
    wave_intercept  =  5225.60510734493
    wave_slope      =  0.014120159272283665
2026-03-26 13:17:14,295 - root - ERROR - Evaluated LSF:
2026-03-26 13:17:14,296 - root - ERROR - [nan nan nan nan nan nan nan nan nan nan nan nan nan nan nan nan nan nan
 nan nan nan nan nan nan nan nan nan nan nan nan nan nan nan nan nan nan
 nan nan nan nan nan nan nan nan nan nan nan nan nan nan nan nan nan nan
 nan nan nan nan nan nan nan nan nan nan nan nan nan nan nan nan nan nan
 nan]
2026-03-26 13:17:18,005 - root - ERROR - Chunk 87: No Data! Returning LmfitResult with None.
2026-03-26 13:17:18,657 - root - ERROR - NaN value detected in oversampled model function.
2026-03-26 13:17:18,658 - root - ERROR - <ParameterSet (values: 17)>
    cont_intercept  =  9373.182235257398
    cont_slope      =  -2.72450672038259
    iod_depth       =  0.7904673177412096
    lsf_left_1      =  9.358113482162942
    lsf_left_2      =  -19.352858539187473
    lsf_left_3      =  8.546902695432316
    lsf_left_4      =  -3.2194035438879327
    lsf_left_5      =  0.54417454711214
    lsf_right1      =  2.1921183935701984
    lsf_right2      =  -13.170203287184528
    lsf_right3      =  1.1507113203637056
    lsf_right4      =  -3.9148084452704923
    lsf_right5      =  0.26417746243828977
    tem_depth       =  1.0280828716880799
    velocity        =  -3091.6707461133688
    wave_intercept  =  5285.781219488079
    wave_slope      =  0.013985512232765718
2026-03-26 13:17:18,660 - root - ERROR - Evaluated LSF:
2026-03-26 13:17:18,661 - root - ERROR - [nan nan nan nan nan nan nan nan nan nan nan nan nan nan nan nan nan nan
 nan nan nan nan nan nan nan nan nan nan nan nan nan nan nan nan nan nan
 nan nan nan nan nan nan nan nan nan nan nan nan nan nan nan nan nan nan
 nan nan nan nan nan nan nan nan nan nan nan nan nan nan nan nan nan nan
 nan]
2026-03-26 13:17:22,465 - root - ERROR - NaN value detected in oversampled model function.
2026-03-26 13:17:22,466 - root - ERROR - <ParameterSet (values: 17)>
    cont_intercept  =  9911.327947154605
    cont_slope      =  0.7614889153646749
    iod_depth       =  0.8472512781162076
    lsf_left_1      =  2.3984020377734954
    lsf_left_2      =  -15.630249791115038
    lsf_left_3      =  7.089789327162476
    lsf_left_4      =  -3.906967998219268
    lsf_left_5      =  0.44809049353434294
    lsf_right1      =  9.721554011681441
    lsf_right2      =  -18.96683809958604
    lsf_right3      =  2.6246476715603486
    lsf_right4      =  -2.3016861915641056
    lsf_right5      =  0.27432672446318646
    tem_depth       =  0.8880078985689115
    velocity        =  -2684.328548077941
    wave_intercept  =  5326.170547566463
    wave_slope      =  0.014533952529416189
2026-03-26 13:17:22,468 - root - ERROR - Evaluated LSF:
2026-03-26 13:17:22,469 - root - ERROR - [nan nan nan nan nan nan nan nan nan nan nan nan nan nan nan nan nan nan
 nan nan nan nan nan nan nan nan nan nan nan nan nan nan nan nan nan nan
 nan nan nan nan nan nan nan nan nan nan nan nan nan nan nan nan nan nan
 nan nan nan nan nan nan nan nan nan nan nan nan nan nan nan nan nan nan
 nan]
2026-03-26 13:17:26,914 - root - ERROR - NaN value detected in oversampled model function.
2026-03-26 13:17:26,916 - root - ERROR - <ParameterSet (values: 17)>
    cont_intercept  =  9066.988828402982
    cont_slope      =  -3.379887025352581
    iod_depth       =  0.8336942125702936
    lsf_left_1      =  2.134749794683386
    lsf_left_2      =  -19.29606799086769
    lsf_left_3      =  2.2602931225752596
    lsf_left_4      =  -2.360078551202654
    lsf_left_5      =  1.189407136672076
    lsf_right1      =  2.393504609769014
    lsf_right2      =  -19.106321601646027
    lsf_right3      =  1.192170684225924
    lsf_right4      =  -3.954083665397446
    lsf_right5      =  1.1283555523127549
    tem_depth       =  -0.025720849249517896
    velocity        =  -15455.307901391838
    wave_intercept  =  5385.73578506965
    wave_slope      =  0.013571319908211258
2026-03-26 13:17:26,918 - root - ERROR - Evaluated LSF:
2026-03-26 13:17:26,919 - root - ERROR - [nan nan nan nan nan nan nan nan nan nan nan nan nan nan nan nan nan nan
 nan nan nan nan nan nan nan nan nan nan nan nan nan nan nan nan nan nan
 nan nan nan nan nan nan nan nan nan nan nan nan nan nan nan nan nan nan
 nan nan nan nan nan nan nan nan nan nan nan nan nan nan nan nan nan nan
 nan]
2026-03-26 13:17:28,215 - root - ERROR - NaN value detected in oversampled model function.
2026-03-26 13:17:28,217 - root - ERROR - <ParameterSet (values: 17)>
    cont_intercept  =  7852.040812521927
    cont_slope      =  3.912313201868522
    iod_depth       =  0.8743314244047834
    lsf_left_1      =  2.7163189066610216
    lsf_left_2      =  -14.590100230512931
    lsf_left_3      =  9.280542400158364
    lsf_left_4      =  -3.766831260989603
    lsf_left_5      =  0.5044011599552645
    lsf_right1      =  6.627068029969454
    lsf_right2      =  -19.334013075407583
    lsf_right3      =  3.8887921276258166
    lsf_right4      =  -3.3315583162292195
    lsf_right5      =  0.24508198614549112
    tem_depth       =  0.8860143831143279
    velocity        =  -2523.1919283399816
    wave_intercept  =  5404.468217421521
    wave_slope      =  0.01604034710192583
2026-03-26 13:17:28,218 - root - ERROR - Evaluated LSF:
2026-03-26 13:17:28,219 - root - ERROR - [nan nan nan nan nan nan nan nan nan nan nan nan nan nan nan nan nan nan
 nan nan nan nan nan nan nan nan nan nan nan nan nan nan nan nan nan nan
 nan nan nan nan nan nan nan nan nan nan nan nan nan nan nan nan nan nan
 nan nan nan nan nan nan nan nan nan nan nan nan nan nan nan nan nan nan
 nan]
2026-03-26 13:17:32,726 - root - ERROR - NaN value detected in oversampled model function.
2026-03-26 13:17:32,728 - root - ERROR - <ParameterSet (values: 17)>
    cont_intercept  =  9865.749610684805
    cont_slope      =  2.40840370983625
    iod_depth       =  0.8221895784976053
    lsf_left_1      =  2.1480895177039376
    lsf_left_2      =  -6.670361471984528
    lsf_left_3      =  1.3135600465154598
    lsf_left_4      =  -3.935652891046189
    lsf_left_5      =  0.7347290498928721
    lsf_right1      =  2.9302331860210624
    lsf_right2      =  -17.806915868995567
    lsf_right3      =  9.508522248352392
    lsf_right4      =  -2.6668679699845903
    lsf_right5      =  0.18297681720200015
    tem_depth       =  0.9822538134915143
    velocity        =  -2987.2112533888694
    wave_intercept  =  5462.9351699980825
    wave_slope      =  0.015323471298425055
2026-03-26 13:17:32,730 - root - ERROR - Evaluated LSF:
2026-03-26 13:17:32,731 - root - ERROR - [nan nan nan nan nan nan nan nan nan nan nan nan nan nan nan nan nan nan
 nan nan nan nan nan nan nan nan nan nan nan nan nan nan nan nan nan nan
 nan nan nan nan nan nan nan nan nan nan nan nan nan nan nan nan nan nan
 nan nan nan nan nan nan nan nan nan nan nan nan nan nan nan nan nan nan
 nan]
2026-03-26 13:17:35,654 - root - ERROR - NaN value detected in oversampled model function.
2026-03-26 13:17:35,656 - root - ERROR - <ParameterSet (values: 17)>
    cont_intercept  =  7555.576540318028
    cont_slope      =  9.754581900374939
    iod_depth       =  1.0812559874932677
    lsf_left_1      =  4.913493137334097
    lsf_left_2      =  -15.379174930117967
    lsf_left_3      =  7.8540054382209625
    lsf_left_4      =  -3.7613385651380327
    lsf_left_5      =  0.6576218216606027
    lsf_right1      =  6.507009045736186
    lsf_right2      =  -15.55509301661076
    lsf_right3      =  10.055662867959946
    lsf_right4      =  -3.8190094762055975
    lsf_right5      =  0.48282935155445655
    tem_depth       =  -0.505264150623722
    velocity        =  -18706.999947623157
    wave_intercept  =  5495.353935940602
    wave_slope      =  0.01687183053508219
2026-03-26 13:17:35,657 - root - ERROR - Evaluated LSF:
2026-03-26 13:17:35,658 - root - ERROR - [nan nan nan nan nan nan nan nan nan nan nan nan nan nan nan nan nan nan
 nan nan nan nan nan nan nan nan nan nan nan nan nan nan nan nan nan nan
 nan nan nan nan nan nan nan nan nan nan nan nan nan nan nan nan nan nan
 nan nan nan nan nan nan nan nan nan nan nan nan nan nan nan nan nan nan
 nan]
2026-03-26 13:17:37,587 - root - ERROR - NaN value detected in oversampled model function.
2026-03-26 13:17:37,588 - root - ERROR - <ParameterSet (values: 17)>
    cont_intercept  =  11696.416926628652
    cont_slope      =  2.4534819175512816
    iod_depth       =  0.8443627464436104
    lsf_left_1      =  3.3872059090546354
    lsf_left_2      =  -14.247130574583
    lsf_left_3      =  8.493722807519507
    lsf_left_4      =  -3.8758770467811696
    lsf_left_5      =  1.1964318695391478
    lsf_right1      =  5.239345393218439
    lsf_right2      =  -13.58017096037102
    lsf_right3      =  1.4546501867979358
    lsf_right4      =  -3.513938328521637
    lsf_right5      =  0.14096694137528407
    tem_depth       =  0.18872268440041495
    velocity        =  -19558.077753135105
    wave_intercept  =  5516.142975227974
    wave_slope      =  0.015188654461623659
2026-03-26 13:17:37,590 - root - ERROR - Evaluated LSF:
2026-03-26 13:17:37,591 - root - ERROR - [nan nan nan nan nan nan nan nan nan nan nan nan nan nan nan nan nan nan
 nan nan nan nan nan nan nan nan nan nan nan nan nan nan nan nan nan nan
 nan nan nan nan nan nan nan nan nan nan nan nan nan nan nan nan nan nan
 nan nan nan nan nan nan nan nan nan nan nan nan nan nan nan nan nan nan
 nan]
2026-03-26 13:17:39,826 - root - ERROR - NaN value detected in oversampled model function.
2026-03-26 13:17:39,828 - root - ERROR - <ParameterSet (values: 17)>
    cont_intercept  =  6467.596282144183
    cont_slope      =  7.836361057621174
    iod_depth       =  1.1134790772187353
    lsf_left_1      =  3.2456741339537407
    lsf_left_2      =  -10.999656354000454
    lsf_left_3      =  3.0655395344669913
    lsf_left_4      =  -3.3676912355352218
    lsf_left_5      =  0.20060337469274375
    lsf_right1      =  4.383152878364264
    lsf_right2      =  -11.953113255155408
    lsf_right3      =  1.726185613105854
    lsf_right4      =  -3.29309650481281
    lsf_right5      =  0.17253455709024945
    tem_depth       =  -0.25801503699999195
    velocity        =  -12970.620979173913
    wave_intercept  =  5540.898619881045
    wave_slope      =  0.017379843791923807
2026-03-26 13:17:39,829 - root - ERROR - Evaluated LSF:
2026-03-26 13:17:39,830 - root - ERROR - [nan nan nan nan nan nan nan nan nan nan nan nan nan nan nan nan nan nan
 nan nan nan nan nan nan nan nan nan nan nan nan nan nan nan nan nan nan
 nan nan nan nan nan nan nan nan nan nan nan nan nan nan nan nan nan nan
 nan nan nan nan nan nan nan nan nan nan nan nan nan nan nan nan nan nan
 nan]
2026-03-26 13:17:39,980 - root - ERROR - NaN value detected in oversampled model function.
2026-03-26 13:17:39,982 - root - ERROR - <ParameterSet (values: 17)>
    cont_intercept  =  8033.557564192486
    cont_slope      =  3.359800727952658
    iod_depth       =  0.7994753685053693
    lsf_left_1      =  2.20466742137246
    lsf_left_2      =  -19.350877160775394
    lsf_left_3      =  6.239848838361371
    lsf_left_4      =  -2.3438611983515067
    lsf_left_5      =  0.8016948527937985
    lsf_right1      =  4.669251886847407
    lsf_right2      =  -10.823925351823133
    lsf_right3      =  5.273119899721464
    lsf_right4      =  -3.8108409994057855
    lsf_right5      =  0.9880881707233315
    tem_depth       =  0.9872407751290845
    velocity        =  -2863.6128080124085
    wave_intercept  =  5547.542800339379
    wave_slope      =  0.01676586994121662
2026-03-26 13:17:39,983 - root - ERROR - Evaluated LSF:
2026-03-26 13:17:39,984 - root - ERROR - [nan nan nan nan nan nan nan nan nan nan nan nan nan nan nan nan nan nan
 nan nan nan nan nan nan nan nan nan nan nan nan nan nan nan nan nan nan
 nan nan nan nan nan nan nan nan nan nan nan nan nan nan nan nan nan nan
 nan nan nan nan nan nan nan nan nan nan nan nan nan nan nan nan nan nan
 nan]
2026-03-26 13:17:43,274 - root - ERROR - NaN value detected in oversampled model function.
2026-03-26 13:17:43,276 - root - ERROR - <ParameterSet (values: 17)>
    cont_intercept  =  11587.080473357903
    cont_slope      =  3.8047737592680355
    iod_depth       =  0.87460516763325
    lsf_left_1      =  2.27706640290877
    lsf_left_2      =  -12.841056371657045
    lsf_left_3      =  1.2665908467736833
    lsf_left_4      =  -2.3533375324901398
    lsf_left_5      =  0.57337939036773
    lsf_right1      =  2.6885962529907874
    lsf_right2      =  -13.02846996446414
    lsf_right3      =  6.625784175370318
    lsf_right4      =  -2.2689408633289925
    lsf_right5      =  0.22965131917139264
    tem_depth       =  -0.10552793045288289
    velocity        =  -10556.827889763339
    wave_intercept  =  5607.051358243581
    wave_slope      =  0.016255489482168522
2026-03-26 13:17:43,278 - root - ERROR - Evaluated LSF:
2026-03-26 13:17:43,279 - root - ERROR - [nan nan nan nan nan nan nan nan nan nan nan nan nan nan nan nan nan nan
 nan nan nan nan nan nan nan nan nan nan nan nan nan nan nan nan nan nan
 nan nan nan nan nan nan nan nan nan nan nan nan nan nan nan nan nan nan
 nan nan nan nan nan nan nan nan nan nan nan nan nan nan nan nan nan nan
 nan]
2026-03-26 13:17:43,901 - root - ERROR - NaN value detected in oversampled model function.
2026-03-26 13:17:43,903 - root - ERROR - <ParameterSet (values: 17)>
    cont_intercept  =  12029.526923706962
    cont_slope      =  0.21035422197416626
    iod_depth       =  0.8332713092384691
    lsf_left_1      =  3.161437483983785
    lsf_left_2      =  -19.276556871032877
    lsf_left_3      =  1.1499406374556542
    lsf_left_4      =  -2.905324696354163
    lsf_left_5      =  0.5047574774541473
    lsf_right1      =  5.142084186208931
    lsf_right2      =  -10.182239674886674
    lsf_right3      =  6.25585981053087
    lsf_right4      =  -3.4736505852591546
    lsf_right5      =  1.1850711982519062
    tem_depth       =  0.9582435156728076
    velocity        =  -2856.710784948303
    wave_intercept  =  5619.347027524805
    wave_slope      =  0.0152890603405775
2026-03-26 13:17:43,904 - root - ERROR - Evaluated LSF:
2026-03-26 13:17:43,906 - root - ERROR - [nan nan nan nan nan nan nan nan nan nan nan nan nan nan nan nan nan nan
 nan nan nan nan nan nan nan nan nan nan nan nan nan nan nan nan nan nan
 nan nan nan nan nan nan nan nan nan nan nan nan nan nan nan nan nan nan
 nan nan nan nan nan nan nan nan nan nan nan nan nan nan nan nan nan nan
 nan]
2026-03-26 13:17:47,019 - root - ERROR - Chunk 286: No Data! Returning LmfitResult with None.
2026-03-26 13:17:47,573 - root - ERROR - NaN value detected in oversampled model function.
2026-03-26 13:17:47,575 - root - ERROR - <ParameterSet (values: 17)>
    cont_intercept  =  13132.036400606828
    cont_slope      =  -4.117292639386869
    iod_depth       =  0.9087501837495664
    lsf_left_1      =  5.763523280156568
    lsf_left_2      =  -12.530196401657683
    lsf_left_3      =  1.1854587896566642
    lsf_left_4      =  -3.8992196064165463
    lsf_left_5      =  1.1938186045098456
    lsf_right1      =  2.7520167041178367
    lsf_right2      =  -14.122981225864073
    lsf_right3      =  1.2643802542897715
    lsf_right4      =  -0.46913046962287863
    lsf_right5      =  0.4311347411296315
    tem_depth       =  0.9385317175907456
    velocity        =  -653.7662813255332
    wave_intercept  =  5671.394294548419
    wave_slope      =  0.015576453026588076
2026-03-26 13:17:47,576 - root - ERROR - Evaluated LSF:
2026-03-26 13:17:47,577 - root - ERROR - [nan nan nan nan nan nan nan nan nan nan nan nan nan nan nan nan nan nan
 nan nan nan nan nan nan nan nan nan nan nan nan nan nan nan nan nan nan
 nan nan nan nan nan nan nan nan nan nan nan nan nan nan nan nan nan nan
 nan nan nan nan nan nan nan nan nan nan nan nan nan nan nan nan nan nan
 nan]
2026-03-26 13:17:51,046 - root - ERROR - NaN value detected in oversampled model function.
2026-03-26 13:17:51,048 - root - ERROR - <ParameterSet (values: 17)>
    cont_intercept  =  12799.596801129537
    cont_slope      =  -2.6047112891460893
    iod_depth       =  0.9668944252383946
    lsf_left_1      =  3.9796612159668414
    lsf_left_2      =  -11.562202705255771
    lsf_left_3      =  1.3113704841058127
    lsf_left_4      =  -3.419252780185114
    lsf_left_5      =  0.19709499336585393
    lsf_right1      =  6.185798624335278
    lsf_right2      =  -14.654397903945586
    lsf_right3      =  1.9479417647997754
    lsf_right4      =  -3.9245116027265823
    lsf_right5      =  0.49433849988937045
    tem_depth       =  -0.5378169512747852
    velocity        =  -13276.018993085398
    wave_intercept  =  5720.291284560213
    wave_slope      =  0.015852223671830472
2026-03-26 13:17:51,049 - root - ERROR - Evaluated LSF:
2026-03-26 13:17:51,050 - root - ERROR - [nan nan nan nan nan nan nan nan nan nan nan nan nan nan nan nan nan nan
 nan nan nan nan nan nan nan nan nan nan nan nan nan nan nan nan nan nan
 nan nan nan nan nan nan nan nan nan nan nan nan nan nan nan nan nan nan
 nan nan nan nan nan nan nan nan nan nan nan nan nan nan nan nan nan nan
 nan]
2026-03-26 13:17:51,512 - root - ERROR - NaN value detected in oversampled model function.
2026-03-26 13:17:51,513 - root - ERROR - <ParameterSet (values: 17)>
    cont_intercept  =  12794.750584267356
    cont_slope      =  -1.601918249070053
    iod_depth       =  0.7417008580740351
    lsf_left_1      =  2.4914197624410535
    lsf_left_2      =  -6.000895232545897
    lsf_left_3      =  1.1506940061459403
    lsf_left_4      =  -2.3785739995002375
    lsf_left_5      =  0.6119946884781776
    lsf_right1      =  7.004671460431109
    lsf_right2      =  -17.486746274992342
    lsf_right3      =  2.5161295658630083
    lsf_right4      =  -3.575219150893515
    lsf_right5      =  0.8119892385916884
    tem_depth       =  1.0456563124009213
    velocity        =  -3034.6046009323154
    wave_intercept  =  5728.387979968106
    wave_slope      =  0.015275379034027196
2026-03-26 13:17:51,515 - root - ERROR - Evaluated LSF:
2026-03-26 13:17:51,516 - root - ERROR - [nan nan nan nan nan nan nan nan nan nan nan nan nan nan nan nan nan nan
 nan nan nan nan nan nan nan nan nan nan nan nan nan nan nan nan nan nan
 nan nan nan nan nan nan nan nan nan nan nan nan nan nan nan nan nan nan
 nan nan nan nan nan nan nan nan nan nan nan nan nan nan nan nan nan nan
 nan]
2026-03-26 13:17:55,355 - root - ERROR - Chunk 343: No Data! Returning LmfitResult with None.
2026-03-26 13:17:59,494 - root - ERROR - NaN value detected in oversampled model function.
2026-03-26 13:17:59,497 - root - ERROR - <ParameterSet (values: 17)>
    cont_intercept  =  12164.38796819034
    cont_slope      =  -5.880266426278149
    iod_depth       =  0.8094815801432801
    lsf_left_1      =  2.2317735207073435
    lsf_left_2      =  -15.620148002249254
    lsf_left_3      =  1.552610894919833
    lsf_left_4      =  -0.72062710202322
    lsf_left_5      =  0.1883214411974468
    lsf_right1      =  9.48263504039472
    lsf_right2      =  -16.398976791871064
    lsf_right3      =  1.1636974590234253
    lsf_right4      =  -3.6145163039890593
    lsf_right5      =  0.16125369966251535
    tem_depth       =  -0.39577436067690963
    velocity        =  -10885.178565119506
    wave_intercept  =  5845.4221826162475
    wave_slope      =  0.014959920511160942
2026-03-26 13:17:59,499 - root - ERROR - Evaluated LSF:
2026-03-26 13:17:59,500 - root - ERROR - [nan nan nan nan nan nan nan nan nan nan nan nan nan nan nan nan nan nan
 nan nan nan nan nan nan nan nan nan nan nan nan nan nan nan nan nan nan
 nan nan nan nan nan nan nan nan nan nan nan nan nan nan nan nan nan nan
 nan nan nan nan nan nan nan nan nan nan nan nan nan nan nan nan nan nan
 nan]
2026-03-26 13:17:59,789 - root - ERROR - NaN value detected in oversampled model function.
2026-03-26 13:17:59,791 - root - ERROR - <ParameterSet (values: 17)>
    cont_intercept  =  9767.209841645828
    cont_slope      =  -4.329108129666956
    iod_depth       =  0.7586022200163838
    lsf_left_1      =  5.384458592466983
    lsf_left_2      =  -19.35092246811046
    lsf_left_3      =  6.5538156328952395
    lsf_left_4      =  -3.4238712131007123
    lsf_left_5      =  1.0451888181225872
    lsf_right1      =  3.1630169520614713
    lsf_right2      =  -16.180143751122557
    lsf_right3      =  2.1757246598936337
    lsf_right4      =  -2.928678071056483
    lsf_right5      =  0.1907458682311043
    tem_depth       =  0.41155081423172923
    velocity        =  -24415.206352586694
    wave_intercept  =  5851.153894349935
    wave_slope      =  0.014503649619813519
2026-03-26 13:17:59,792 - root - ERROR - Evaluated LSF:
2026-03-26 13:17:59,793 - root - ERROR - [nan nan nan nan nan nan nan nan nan nan nan nan nan nan nan nan nan nan
 nan nan nan nan nan nan nan nan nan nan nan nan nan nan nan nan nan nan
 nan nan nan nan nan nan nan nan nan nan nan nan nan nan nan nan nan nan
 nan nan nan nan nan nan nan nan nan nan nan nan nan nan nan nan nan nan
 nan]
2026-03-26 13:18:00,644 - root - ERROR - NaN value detected in oversampled model function.
2026-03-26 13:18:00,646 - root - ERROR - <ParameterSet (values: 17)>
    cont_intercept  =  10974.048008972693
    cont_slope      =  5.167535905195855
    iod_depth       =  0.8078964538551703
    lsf_left_1      =  3.602444564288496
    lsf_left_2      =  -18.685098309992373
    lsf_left_3      =  3.4279015961513575
    lsf_left_4      =  -0.8259014427442999
    lsf_left_5      =  0.17165916086154417
    lsf_right1      =  2.568437931721219
    lsf_right2      =  -19.240561926183663
    lsf_right3      =  6.880136412884413
    lsf_right4      =  -2.7566193507750807
    lsf_right5      =  0.4520861030443555
    tem_depth       =  1.001141762178874
    velocity        =  -2717.0725111828665
    wave_intercept  =  5867.603749702695
    wave_slope      =  0.017685302835397456
2026-03-26 13:18:00,648 - root - ERROR - Evaluated LSF:
2026-03-26 13:18:00,649 - root - ERROR - [nan nan nan nan nan nan nan nan nan nan nan nan nan nan nan nan nan nan
 nan nan nan nan nan nan nan nan nan nan nan nan nan nan nan nan nan nan
 nan nan nan nan nan nan nan nan nan nan nan nan nan nan nan nan nan nan
 nan nan nan nan nan nan nan nan nan nan nan nan nan nan nan nan nan nan
 nan]
2026-03-26 13:18:00,666 - root - ERROR - NaN value detected in oversampled model function.
2026-03-26 13:18:00,667 - root - ERROR - <ParameterSet (values: 17)>
    cont_intercept  =  12074.795559733524
    cont_slope      =  5.110662612958579
    iod_depth       =  0.8699202991595533
    lsf_left_1      =  2.430544271374556
    lsf_left_2      =  -18.730404942388265
    lsf_left_3      =  9.82767830802258
    lsf_left_4      =  -3.847155234517309
    lsf_left_5      =  0.6423710931348928
    lsf_right1      =  12.123265086922569
    lsf_right2      =  -18.993361471395502
    lsf_right3      =  4.564132208128814
    lsf_right4      =  -3.4346885627655004
    lsf_right5      =  0.1971645577717786
    tem_depth       =  1.6685461924412195
    velocity        =  -964.5497554408554
    wave_intercept  =  5869.880672302703
    wave_slope      =  0.017562391043914834
2026-03-26 13:18:00,668 - root - ERROR - Evaluated LSF:
2026-03-26 13:18:00,670 - root - ERROR - [nan nan nan nan nan nan nan nan nan nan nan nan nan nan nan nan nan nan
 nan nan nan nan nan nan nan nan nan nan nan nan nan nan nan nan nan nan
 nan nan nan nan nan nan nan nan nan nan nan nan nan nan nan nan nan nan
 nan nan nan nan nan nan nan nan nan nan nan nan nan nan nan nan nan nan
 nan]
2026-03-26 13:18:09,034 - root - ERROR - NaN value detected in oversampled model function.
2026-03-26 13:18:09,036 - root - ERROR - <ParameterSet (values: 17)>
    cont_intercept  =  11997.735033206454
    cont_slope      =  5.878730396285892
    iod_depth       =  0.7972640395435009
    lsf_left_1      =  2.553139626982281
    lsf_left_2      =  -6.690315889081813
    lsf_left_3      =  1.1907842717668378
    lsf_left_4      =  -2.5936188818447183
    lsf_left_5      =  0.7083479579456423
    lsf_right1      =  3.943582972775147
    lsf_right2      =  -16.25152905427258
    lsf_right3      =  1.403471181561648
    lsf_right4      =  -1.6610634901013186
    lsf_right5      =  0.2038234092455123
    tem_depth       =  -0.27176888452891196
    velocity        =  -9224.437236145826
    wave_intercept  =  5982.62767071039
    wave_slope      =  0.018047200464648763
2026-03-26 13:18:09,038 - root - ERROR - Evaluated LSF:
2026-03-26 13:18:09,038 - root - ERROR - [nan nan nan nan nan nan nan nan nan nan nan nan nan nan nan nan nan nan
 nan nan nan nan nan nan nan nan nan nan nan nan nan nan nan nan nan nan
 nan nan nan nan nan nan nan nan nan nan nan nan nan nan nan nan nan nan
 nan nan nan nan nan nan nan nan nan nan nan nan nan nan nan nan nan nan
 nan]
2026-03-26 13:18:11,264 - root - ERROR - Chunk 444: No Data! Returning LmfitResult with None.
2026-03-26 13:18:13,458 - root - ERROR - NaN value detected in oversampled model function.
2026-03-26 13:18:13,460 - root - ERROR - <ParameterSet (values: 17)>
    cont_intercept  =  10974.027504526128
    cont_slope      =  1.871002247327375
    iod_depth       =  1.045881478304716
    lsf_left_1      =  4.2044490599134985
    lsf_left_2      =  -12.597283974868853
    lsf_left_3      =  10.15384610447962
    lsf_left_4      =  -3.6849371999422114
    lsf_left_5      =  0.2693078455471105
    lsf_right1      =  2.367632583416183
    lsf_right2      =  -12.023775046364978
    lsf_right3      =  2.819745144176975
    lsf_right4      =  -3.9586432446675115
    lsf_right5      =  0.4030239852050627
    tem_depth       =  -0.11102971655268112
    velocity        =  -11936.85809581589
    wave_intercept  =  6039.521531957352
    wave_slope      =  0.0186644416628577
2026-03-26 13:18:13,462 - root - ERROR - Evaluated LSF:
2026-03-26 13:18:13,463 - root - ERROR - [nan nan nan nan nan nan nan nan nan nan nan nan nan nan nan nan nan nan
 nan nan nan nan nan nan nan nan nan nan nan nan nan nan nan nan nan nan
 nan nan nan nan nan nan nan nan nan nan nan nan nan nan nan nan nan nan
 nan nan nan nan nan nan nan nan nan nan nan nan nan nan nan nan nan nan
 nan]
2026-03-26 13:18:14,094 - root - ERROR - NaN value detected in oversampled model function.
2026-03-26 13:18:14,096 - root - ERROR - <ParameterSet (values: 17)>
    cont_intercept  =  13543.227397273358
    cont_slope      =  4.709365739472183
    iod_depth       =  0.8543746966206293
    lsf_left_1      =  2.249099090741028
    lsf_left_2      =  -15.379752420038045
    lsf_left_3      =  1.1656352367907399
    lsf_left_4      =  -0.671129647141897
    lsf_left_5      =  0.3598204840716834
    lsf_right1      =  3.5564989916389926
    lsf_right2      =  -12.45462168686144
    lsf_right3      =  2.575888748860182
    lsf_right4      =  -3.2718182543607917
    lsf_right5      =  1.1960952426069902
    tem_depth       =  0.6912153259114427
    velocity        =  -10938.803882096736
    wave_intercept  =  6046.560627427487
    wave_slope      =  0.017872560356674356
2026-03-26 13:18:14,098 - root - ERROR - Evaluated LSF:
2026-03-26 13:18:14,099 - root - ERROR - [nan nan nan nan nan nan nan nan nan nan nan nan nan nan nan nan nan nan
 nan nan nan nan nan nan nan nan nan nan nan nan nan nan nan nan nan nan
 nan nan nan nan nan nan nan nan nan nan nan nan nan nan nan nan nan nan
 nan nan nan nan nan nan nan nan nan nan nan nan nan nan nan nan nan nan
 nan]
2026-03-26 13:18:15,683 - root - ERROR - NaN value detected in oversampled model function.
2026-03-26 13:18:15,685 - root - ERROR - <ParameterSet (values: 17)>
    cont_intercept  =  15293.412618004648
    cont_slope      =  -1.999310486808473
    iod_depth       =  0.5580388160846836
    lsf_left_1      =  2.831224982829541
    lsf_left_2      =  -16.500051094026684
    lsf_left_3      =  3.5483237137302073
    lsf_left_4      =  -3.3680673360211637
    lsf_left_5      =  0.14064965644598265
    lsf_right1      =  3.743180546076914
    lsf_right2      =  -18.907175700747054
    lsf_right3      =  6.747936402906075
    lsf_right4      =  -1.566591804954681
    lsf_right5      =  0.135052297301352
    tem_depth       =  1.0142535754290158
    velocity        =  -2711.162860050567
    wave_intercept  =  6066.572897611491
    wave_slope      =  0.016347891416213355
2026-03-26 13:18:15,686 - root - ERROR - Evaluated LSF:
2026-03-26 13:18:15,691 - root - ERROR - [nan nan nan nan nan nan nan nan nan nan nan nan nan nan nan nan nan nan
 nan nan nan nan nan nan nan nan nan nan nan nan nan nan nan nan nan nan
 nan nan nan nan nan nan nan nan nan nan nan nan nan nan nan nan nan nan
 nan nan nan nan nan nan nan nan nan nan nan nan nan nan nan nan nan nan
 nan]
2026-03-26 13:18:16,608 - root - ERROR - NaN value detected in oversampled model function.
2026-03-26 13:18:16,609 - root - ERROR - <ParameterSet (values: 17)>
    cont_intercept  =  11952.741326608482
    cont_slope      =  -4.345851576407544
    iod_depth       =  0.6388960126909324
    lsf_left_1      =  9.511234604895382
    lsf_left_2      =  -18.481834568779785
    lsf_left_3      =  3.3665083161665366
    lsf_left_4      =  -1.6150075272571107
    lsf_left_5      =  0.17628845958480535
    lsf_right1      =  6.008761372138681
    lsf_right2      =  -19.347529670146987
    lsf_right3      =  4.33990292967425
    lsf_right4      =  -2.5343792206413003
    lsf_right5      =  0.23069568013596276
    tem_depth       =  0.9760339148603256
    velocity        =  -2732.5819920060103
    wave_intercept  =  6078.9221128028175
    wave_slope      =  0.01535546396763812
2026-03-26 13:18:16,611 - root - ERROR - Evaluated LSF:
2026-03-26 13:18:16,612 - root - ERROR - [nan nan nan nan nan nan nan nan nan nan nan nan nan nan nan nan nan nan
 nan nan nan nan nan nan nan nan nan nan nan nan nan nan nan nan nan nan
 nan nan nan nan nan nan nan nan nan nan nan nan nan nan nan nan nan nan
 nan nan nan nan nan nan nan nan nan nan nan nan nan nan nan nan nan nan
 nan]
2026-03-26 13:18:21,235 - root - ERROR - NaN value detected in oversampled model function.
2026-03-26 13:18:21,238 - root - ERROR - <ParameterSet (values: 17)>
    cont_intercept  =  14783.370038151563
    cont_slope      =  -3.7030607214934106
    iod_depth       =  0.7422753477834585
    lsf_left_1      =  2.7356141834621654
    lsf_left_2      =  -18.52927922142428
    lsf_left_3      =  2.4995926357582494
    lsf_left_4      =  -1.3856560875610842
    lsf_left_5      =  0.15238697746110058
    lsf_right1      =  2.5298805108876605
    lsf_right2      =  -9.531783730966296
    lsf_right3      =  3.1756231005713818
    lsf_right4      =  -2.97531252160808
    lsf_right5      =  1.0339204200490353
    tem_depth       =  0.681350235403468
    velocity        =  -10010.746476231185
    wave_intercept  =  6133.569892663654
    wave_slope      =  0.016102273034774274
2026-03-26 13:18:21,239 - root - ERROR - Evaluated LSF:
2026-03-26 13:18:21,241 - root - ERROR - [nan nan nan nan nan nan nan nan nan nan nan nan nan nan nan nan nan nan
 nan nan nan nan nan nan nan nan nan nan nan nan nan nan nan nan nan nan
 nan nan nan nan nan nan nan nan nan nan nan nan nan nan nan nan nan nan
 nan nan nan nan nan nan nan nan nan nan nan nan nan nan nan nan nan nan
 nan]
2026-03-26 13:18:21,278 - root - ERROR - NaN value detected in oversampled model function.
2026-03-26 13:18:21,280 - root - ERROR - <ParameterSet (values: 17)>
    cont_intercept  =  14092.307611608894
    cont_slope      =  -10.831593978251064
    iod_depth       =  0.6085163360522667
    lsf_left_1      =  3.5099068900277954
    lsf_left_2      =  -17.110706072164657
    lsf_left_3      =  1.1797906413477073
    lsf_left_4      =  -1.8529808308404219
    lsf_left_5      =  0.23072396879971518
    lsf_right1      =  2.209324749279234
    lsf_right2      =  -14.77140522768861
    lsf_right3      =  9.494473934120201
    lsf_right4      =  -3.951588852271586
    lsf_right5      =  1.04667085797833
    tem_depth       =  -0.22903921851621098
    velocity        =  -12732.870078209688
    wave_intercept  =  6135.617170120341
    wave_slope      =  0.01568364999575089
2026-03-26 13:18:21,281 - root - ERROR - Evaluated LSF:
2026-03-26 13:18:21,282 - root - ERROR - [nan nan nan nan nan nan nan nan nan nan nan nan nan nan nan nan nan nan
 nan nan nan nan nan nan nan nan nan nan nan nan nan nan nan nan nan nan
 nan nan nan nan nan nan nan nan nan nan nan nan nan nan nan nan nan nan
 nan nan nan nan nan nan nan nan nan nan nan nan nan nan nan nan nan nan
 nan]
2026-03-26 13:18:23,983 - root - ERROR - NaN value detected in oversampled model function.
2026-03-26 13:18:23,984 - root - ERROR - <ParameterSet (values: 17)>
    cont_intercept  =  16235.362104601827
    cont_slope      =  -0.807720210338072
    iod_depth       =  0.5860709401166692
    lsf_left_1      =  2.447778457774452
    lsf_left_2      =  -18.558387296880564
    lsf_left_3      =  8.246909119898792
    lsf_left_4      =  -3.2901160530021447
    lsf_left_5      =  1.0019689923686408
    lsf_right1      =  6.492548311578669
    lsf_right2      =  -17.858231359055218
    lsf_right3      =  3.4042653461955794
    lsf_right4      =  -1.1439817600131037
    lsf_right5      =  0.1376841922373164
    tem_depth       =  -0.10018517104403739
    velocity        =  -15911.250006614393
    wave_intercept  =  6182.562493586264
    wave_slope      =  0.017126493798019053
2026-03-26 13:18:23,985 - root - ERROR - Evaluated LSF:
2026-03-26 13:18:23,986 - root - ERROR - [nan nan nan nan nan nan nan nan nan nan nan nan nan nan nan nan nan nan
 nan nan nan nan nan nan nan nan nan nan nan nan nan nan nan nan nan nan
 nan nan nan nan nan nan nan nan nan nan nan nan nan nan nan nan nan nan
 nan nan nan nan nan nan nan nan nan nan nan nan nan nan nan nan nan nan
 nan]
2026-03-26 13:18:24,575 - root - ERROR - Chunk 519: No Data! Returning LmfitResult with None.
2026-03-26 13:18:26,026 - root - ERROR - Chunk 529: No Data! Returning LmfitResult with None.
2026-03-26 13:18:26,538 - root - ERROR - NaN value detected in oversampled model function.
2026-03-26 13:18:26,539 - root - ERROR - <ParameterSet (values: 17)>
    cont_intercept  =  13917.315155014758
    cont_slope      =  -0.009274959975460087
    iod_depth       =  0.6496078840566719
    lsf_left_1      =  2.2575050160746644
    lsf_left_2      =  -19.04446505268673
    lsf_left_3      =  3.376706901658042
    lsf_left_4      =  -0.5365556936556071
    lsf_left_5      =  0.2641787103546221
    lsf_right1      =  3.2411031036457283
    lsf_right2      =  -12.340700580354847
    lsf_right3      =  3.8912736828435843
    lsf_right4      =  -3.925072005240639
    lsf_right5      =  0.9384827059107478
    tem_depth       =  1.0469283442491963
    velocity        =  -2195.271242021777
    wave_intercept  =  6234.058264493862
    wave_slope      =  0.01812725446269439
2026-03-26 13:18:26,540 - root - ERROR - Evaluated LSF:
2026-03-26 13:18:26,542 - root - ERROR - [nan nan nan nan nan nan nan nan nan nan nan nan nan nan nan nan nan nan
 nan nan nan nan nan nan nan nan nan nan nan nan nan nan nan nan nan nan
 nan nan nan nan nan nan nan nan nan nan nan nan nan nan nan nan nan nan
 nan nan nan nan nan nan nan nan nan nan nan nan nan nan nan nan nan nan
 nan]
2026-03-26 13:18:27,339 - root - ERROR - NaN value detected in oversampled model function.
2026-03-26 13:18:27,341 - root - ERROR - <ParameterSet (values: 17)>
    cont_intercept  =  14744.5151564396
    cont_slope      =  -0.6230910609010624
    iod_depth       =  1.1361552063153482
    lsf_left_1      =  2.1972581524547397
    lsf_left_2      =  -19.091224791369786
    lsf_left_3      =  2.851545977023325
    lsf_left_4      =  -2.687340478318106
    lsf_left_5      =  0.8069757023535811
    lsf_right1      =  2.236457735673151
    lsf_right2      =  -9.225664143407291
    lsf_right3      =  4.582251015248047
    lsf_right4      =  -3.956118861580862
    lsf_right5      =  0.3715720885841678
    tem_depth       =  1.0317004410867952
    velocity        =  -2959.878010602845
    wave_intercept  =  6245.612056629204
    wave_slope      =  0.01730779784156611
2026-03-26 13:18:27,342 - root - ERROR - Evaluated LSF:
2026-03-26 13:18:27,344 - root - ERROR - [nan nan nan nan nan nan nan nan nan nan nan nan nan nan nan nan nan nan
 nan nan nan nan nan nan nan nan nan nan nan nan nan nan nan nan nan nan
 nan nan nan nan nan nan nan nan nan nan nan nan nan nan nan nan nan nan
 nan nan nan nan nan nan nan nan nan nan nan nan nan nan nan nan nan nan
 nan]
2026-03-26 13:18:27,408 - root - ERROR - NaN value detected in oversampled model function.
2026-03-26 13:18:27,409 - root - ERROR - <ParameterSet (values: 17)>
    cont_intercept  =  15822.489763773749
    cont_slope      =  -0.4179924759941113
    iod_depth       =  0.8023765431358127
    lsf_left_1      =  3.592673565264531
    lsf_left_2      =  -19.10220370645978
    lsf_left_3      =  2.505555031549829
    lsf_left_4      =  -1.6809197422745195
    lsf_left_5      =  0.3243051020318218
    lsf_right1      =  9.646074117055957
    lsf_right2      =  -19.07028015914547
    lsf_right3      =  5.795228012844231
    lsf_right4      =  -3.9677803449748428
    lsf_right5      =  0.5875053526096081
    tem_depth       =  1.0809784071290118
    velocity        =  -3724.503096597046
    wave_intercept  =  6250.061340179092
    wave_slope      =  0.01705881720747547
2026-03-26 13:18:27,411 - root - ERROR - Evaluated LSF:
2026-03-26 13:18:27,412 - root - ERROR - [nan nan nan nan nan nan nan nan nan nan nan nan nan nan nan nan nan nan
 nan nan nan nan nan nan nan nan nan nan nan nan nan nan nan nan nan nan
 nan nan nan nan nan nan nan nan nan nan nan nan nan nan nan nan nan nan
 nan nan nan nan nan nan nan nan nan nan nan nan nan nan nan nan nan nan
 nan]
2026-03-26 13:18:27,994 - root - ERROR - NaN value detected in oversampled model function.
2026-03-26 13:18:27,996 - root - ERROR - <ParameterSet (values: 17)>
    cont_intercept  =  13898.933522962581
    cont_slope      =  -3.338474863003778
    iod_depth       =  0.21847013856607383
    lsf_left_1      =  6.341602186001569
    lsf_left_2      =  -12.698408528619256
    lsf_left_3      =  5.134740082408337
    lsf_left_4      =  -2.3858065577544068
    lsf_left_5      =  0.5567444060999117
    lsf_right1      =  4.91399621025966
    lsf_right2      =  -15.051592193693411
    lsf_right3      =  4.183152969052969
    lsf_right4      =  -2.505276580014316
    lsf_right5      =  0.5338925131862351
    tem_depth       =  0.9961020825771747
    velocity        =  -2856.187121366782
    wave_intercept  =  6258.720390622324
    wave_slope      =  0.017240596806285126
2026-03-26 13:18:27,997 - root - ERROR - Evaluated LSF:
2026-03-26 13:18:27,998 - root - ERROR - [nan nan nan nan nan nan nan nan nan nan nan nan nan nan nan nan nan nan
 nan nan nan nan nan nan nan nan nan nan nan nan nan nan nan nan nan nan
 nan nan nan nan nan nan nan nan nan nan nan nan nan nan nan nan nan nan
 nan nan nan nan nan nan nan nan nan nan nan nan nan nan nan nan nan nan
 nan]
2026-03-26 13:18:28,921 - root - ERROR - Chunk 549: No Data! Returning LmfitResult with None.
2026-03-26 13:18:28,935 - root - ERROR - NaN value detected in oversampled model function.
2026-03-26 13:18:28,936 - root - ERROR - <ParameterSet (values: 17)>
    cont_intercept  =  7665.883743280683
    cont_slope      =  8.012817614777699
    iod_depth       =  0.7377630108043978
    lsf_left_1      =  3.077404301209754
    lsf_left_2      =  -16.29295907608964
    lsf_left_3      =  2.2777353064276236
    lsf_left_4      =  -0.5583112735648736
    lsf_left_5      =  0.41549597181921877
    lsf_right1      =  8.157832478463344
    lsf_right2      =  -13.739436869796702
    lsf_right3      =  1.1734457654263877
    lsf_right4      =  -3.6032412505125806
    lsf_right5      =  0.4484136161863854
    tem_depth       =  0.9790534288563937
    velocity        =  -716.6488180025225
    wave_intercept  =  6278.383972171588
    wave_slope      =  0.020037447225580145
2026-03-26 13:18:28,938 - root - ERROR - Evaluated LSF:
2026-03-26 13:18:28,939 - root - ERROR - [nan nan nan nan nan nan nan nan nan nan nan nan nan nan nan nan nan nan
 nan nan nan nan nan nan nan nan nan nan nan nan nan nan nan nan nan nan
 nan nan nan nan nan nan nan nan nan nan nan nan nan nan nan nan nan nan
 nan nan nan nan nan nan nan nan nan nan nan nan nan nan nan nan nan nan
 nan]
2026-03-26 13:18:30,049 - root - ERROR - Chunk 557: No Data! Returning LmfitResult with None.
2026-03-26 13:18:31,754 - root - ERROR - NaN value detected in oversampled model function.
2026-03-26 13:18:31,756 - root - ERROR - <ParameterSet (values: 17)>
    cont_intercept  =  15371.735983549066
    cont_slope      =  -1.26486635387094
    iod_depth       =  0.6610819368252854
    lsf_left_1      =  2.201340189932425
    lsf_left_2      =  -13.938832276131969
    lsf_left_3      =  2.539613970351101
    lsf_left_4      =  -3.2859584840724807
    lsf_left_5      =  0.1387341515949891
    lsf_right1      =  6.032122885728251
    lsf_right2      =  -11.099648971047959
    lsf_right3      =  1.5108797445587818
    lsf_right4      =  -3.824361867208048
    lsf_right5      =  1.0670434820260746
    tem_depth       =  1.032249228396333
    velocity        =  -1802.4983234285357
    wave_intercept  =  6314.5399022272995
    wave_slope      =  0.01790463971730159
2026-03-26 13:18:31,757 - root - ERROR - Evaluated LSF:
2026-03-26 13:18:31,758 - root - ERROR - [nan nan nan nan nan nan nan nan nan nan nan nan nan nan nan nan nan nan
 nan nan nan nan nan nan nan nan nan nan nan nan nan nan nan nan nan nan
 nan nan nan nan nan nan nan nan nan nan nan nan nan nan nan nan nan nan
 nan nan nan nan nan nan nan nan nan nan nan nan nan nan nan nan nan nan
 nan]
2026-03-26 13:18:32,491 - root - ERROR - NaN value detected in oversampled model function.
2026-03-26 13:18:32,492 - root - ERROR - <ParameterSet (values: 17)>
    cont_intercept  =  13952.916860339275
    cont_slope      =  -4.925800889843712
    iod_depth       =  0.6741503029663174
    lsf_left_1      =  3.313192033192559
    lsf_left_2      =  -15.539529589409794
    lsf_left_3      =  3.0115841648539883
    lsf_left_4      =  -3.585215177828742
    lsf_left_5      =  0.6100908995529928
    lsf_right1      =  4.193218037616891
    lsf_right2      =  -17.260655719658857
    lsf_right3      =  1.2743922860974322
    lsf_right4      =  -3.3194766439681804
    lsf_right5      =  0.9220672498477877
    tem_depth       =  0.9114271690625169
    velocity        =  -3035.9006910211956
    wave_intercept  =  6323.257245288874
    wave_slope      =  0.01628910323973406
2026-03-26 13:18:32,493 - root - ERROR - Evaluated LSF:
2026-03-26 13:18:32,494 - root - ERROR - [nan nan nan nan nan nan nan nan nan nan nan nan nan nan nan nan nan nan
 nan nan nan nan nan nan nan nan nan nan nan nan nan nan nan nan nan nan
 nan nan nan nan nan nan nan nan nan nan nan nan nan nan nan nan nan nan
 nan nan nan nan nan nan nan nan nan nan nan nan nan nan nan nan nan nan
 nan]
2026-03-26 13:18:32,945 - root - ERROR - NaN value detected in oversampled model function.
2026-03-26 13:18:32,947 - root - ERROR - <ParameterSet (values: 17)>
    cont_intercept  =  13158.970143962344
    cont_slope      =  -2.8609062487368067
    iod_depth       =  0.17583894980751683
    lsf_left_1      =  2.632592658567686
    lsf_left_2      =  -10.130874050125017
    lsf_left_3      =  5.493064698095281
    lsf_left_4      =  -3.9642541395542263
    lsf_left_5      =  0.14260007621005003
    lsf_right1      =  9.960358682557828
    lsf_right2      =  -18.555877807022103
    lsf_right3      =  2.397101230415723
    lsf_right4      =  -2.2982867523340165
    lsf_right5      =  0.44995776550193406
    tem_depth       =  0.8525099302939211
    velocity        =  -5757.311327955068
    wave_intercept  =  6327.539300515308
    wave_slope      =  0.013435555823070995
2026-03-26 13:18:32,948 - root - ERROR - Evaluated LSF:
2026-03-26 13:18:32,949 - root - ERROR - [nan nan nan nan nan nan nan nan nan nan nan nan nan nan nan nan nan nan
 nan nan nan nan nan nan nan nan nan nan nan nan nan nan nan nan nan nan
 nan nan nan nan nan nan nan nan nan nan nan nan nan nan nan nan nan nan
 nan nan nan nan nan nan nan nan nan nan nan nan nan nan nan nan nan nan
 nan]
2026-03-26 13:18:33,418 - root - ERROR - NaN value detected in oversampled model function.
2026-03-26 13:18:33,419 - root - ERROR - <ParameterSet (values: 17)>
    cont_intercept  =  11717.951235651628
    cont_slope      =  -4.261183327266967
    iod_depth       =  0.26830454664114345
    lsf_left_1      =  2.5833695182825913
    lsf_left_2      =  -18.004340697062553
    lsf_left_3      =  5.288298382091838
    lsf_left_4      =  -2.727978547176435
    lsf_left_5      =  0.3479222448936138
    lsf_right1      =  2.1610419991766228
    lsf_right2      =  -7.950693778403355
    lsf_right3      =  1.866709942525762
    lsf_right4      =  -0.8068766241686105
    lsf_right5      =  0.30348770823364224
    tem_depth       =  0.8001767388538242
    velocity        =  -709.781407612393
    wave_intercept  =  6331.633725222694
    wave_slope      =  0.015262255246441573
2026-03-26 13:18:33,420 - root - ERROR - Evaluated LSF:
2026-03-26 13:18:33,421 - root - ERROR - [nan nan nan nan nan nan nan nan nan nan nan nan nan nan nan nan nan nan
 nan nan nan nan nan nan nan nan nan nan nan nan nan nan nan nan nan nan
 nan nan nan nan nan nan nan nan nan nan nan nan nan nan nan nan nan nan
 nan nan nan nan nan nan nan nan nan nan nan nan nan nan nan nan nan nan
 nan]
